Timestamp,PM2.5 (µg/m³),PM10 (µg/m³),NO (µg/m³),NO2 (µg/m³),NOx (ppb),NH3 (µg/m³),SO2 (µg/m³),CO (mg/m³),Ozone (µg/m³),Benzene (µg/m³),Toluene (µg/m³),Xylene (µg/m³),O Xylene (µg/m³),Eth-Benzene (µg/m³),MP-Xylene (µg/m³),AT (°C),RH (%),WS (m/s),WD (deg),RF (mm),TOT-RF (mm),SR (W/mt2),BP (mmHg),VWS (m/s)
2016-01-01 00:00:00,389.33,912.0,378.41,105.58,492.8,118.86,16.83,2.88,7.66,5.1,11.72,,,,,12.42,65.42,0.3,210.92,,0.0,12.84,740.0,
2016-01-01 01:00:00,376.0,,384.07,89.06,,122.08,16.42,4.13,11.37,2.77,5.35,,,,,11.43,69.0,0.3,216.25,,0.0,12.25,740.0,
2016-01-01 02:00:00,480.5,997.0,379.49,91.96,431.27,132.15,16.38,3.3,11.97,2.12,3.53,,,,,11.28,71.5,0.35,230.92,,0.0,12.58,740.0,
2016-01-01 03:00:00,486.67,918.17,243.92,79.14,403.62,142.15,12.9,1.93,13.97,1.95,3.18,,,,,11.71,71.83,0.31,203.25,,0.0,12.33,740.0,
2016-01-01 04:00:00,441.17,824.0,274.63,91.56,451.96,176.31,14.25,2.64,14.9,1.9,2.83,,,,,11.12,73.08,0.3,126.92,,0.0,12.75,740.0,
2016-01-01 05:00:00,594.83,824.0,296.48,104.95,431.03,167.42,17.43,2.32,8.22,6.91,5.72,,,,,11.01,74.75,0.3,196.42,,0.0,12.58,740.0,
2016-01-01 06:00:00,441.33,778.0,196.18,81.68,285.8,151.08,14.03,1.22,7.48,3.69,3.98,,,,,11.49,74.17,0.37,80.58,,0.0,13.83,740.0,
2016-01-01 07:00:00,360.0,550.0,213.45,90.47,372.12,141.98,22.16,2.58,8.51,2.92,2.94,,,,,11.63,73.17,0.48,96.92,,0.0,213.0,740.0,
2016-01-01 08:00:00,394.5,579.17,109.8,102.64,241.44,111.16,30.28,2.22,7.74,3.06,2.43,,,,,14.9,63.91,0.49,181.58,,0.0,423.08,740.0,
2016-01-01 09:00:00,379.5,659.17,62.31,106.92,180.35,93.48,30.76,1.85,8.98,1.22,0.58,,,,,18.45,50.17,0.85,145.33,,0.0,444.08,740.0,
2016-01-01 10:00:00,303.83,564.5,39.33,113.25,153.75,183.12,28.14,1.08,21.06,0.98,0.57,,,,,20.42,43.5,1.05,193.75,,0.0,446.42,740.0,
2016-01-01 11:00:00,237.5,493.67,92.05,129.54,241.18,111.04,87.07,1.54,21.54,0.85,0.38,,,,,22.19,39.08,0.91,252.0,,0.0,448.0,740.0,
2016-01-01 12:00:00,232.17,517.33,67.99,133.81,212.04,93.98,106.64,1.2,27.83,0.46,2.88,,,,,23.39,34.92,1.12,193.92,,0.0,445.5,740.0,
2016-01-01 13:00:00,206.67,476.67,102.62,128.39,254.53,80.63,46.96,1.05,27.74,0.42,2.62,,,,,24.8,26.66,1.1,189.92,,0.0,446.58,740.0,
2016-01-01 14:00:00,148.67,491.17,53.45,109.36,170.44,73.14,31.97,0.6,33.29,0.39,0.68,,,,,24.72,26.33,1.06,203.84,,0.0,428.58,740.0,
2016-01-01 15:00:00,140.17,389.17,107.38,131.49,263.68,59.58,23.77,0.48,21.42,0.27,0.48,,,,,24.4,22.75,0.78,266.83,,0.0,416.42,740.0,
2016-01-01 16:00:00,132.0,516.17,135.93,145.37,315.41,57.59,27.46,0.98,15.33,0.2,0.36,,,,,22.78,24.5,0.55,274.75,,0.0,364.25,740.0,
2016-01-01 17:00:00,166.67,755.5,247.48,167.68,262.21,80.35,36.81,2.44,9.74,0.25,0.25,,,,,19.8,39.75,0.65,134.58,,0.0,73.08,740.0,
2016-01-01 18:00:00,342.5,923.0,454.83,196.16,,104.15,36.94,4.62,12.85,0.78,1.34,,,,,17.48,49.42,0.31,239.42,,0.0,12.42,740.0,
2016-01-01 19:00:00,480.0,923.0,496.53,195.54,,111.67,33.97,8.41,13.62,2.11,4.46,,,,,16.32,53.58,0.34,201.33,,0.0,12.67,740.0,
2016-01-01 20:00:00,480.0,923.0,,227.31,,133.57,30.38,9.3,11.72,4.42,12.88,,,,,15.75,56.17,0.32,198.92,,0.0,12.42,740.0,
2016-01-01 21:00:00,480.0,923.0,,249.34,,156.29,47.08,9.57,9.38,9.4,28.58,,,,,14.73,59.59,0.3,252.17,,0.0,12.67,740.0,
2016-01-01 22:00:00,480.0,923.0,,210.32,,156.48,49.54,4.26,9.98,10.82,33.68,,,,,14.04,61.91,0.3,136.67,,0.0,12.58,740.0,
2016-01-01 23:00:00,480.0,923.0,,166.94,,156.88,43.94,3.58,13.13,10.08,32.46,,,,,13.54,64.0,0.3,97.17,,0.0,12.66,740.0,
2016-01-02 00:00:00,480.0,923.0,312.2,129.57,,122.48,17.12,2.16,17.23,9.39,25.94,,,,,13.4,62.67,0.3,73.17,,0.0,12.42,740.0,
2016-01-02 01:00:00,449.5,840.17,73.58,91.38,181.92,94.71,4.24,,10.5,2.83,5.82,,,,,13.23,57.17,0.31,104.92,,0.0,12.33,740.0,
2016-01-02 02:00:00,295.83,422.5,73.11,85.59,176.11,95.05,3.57,,11.72,0.75,0.6,,,,,12.68,58.25,0.3,88.25,,0.0,12.5,740.0,
2016-01-02 03:00:00,287.83,421.33,99.74,82.13,209.37,90.15,3.53,,12.52,0.78,0.43,,,,,12.09,60.17,0.3,70.75,,0.0,12.42,740.0,
2016-01-02 04:00:00,275.33,494.67,123.9,77.14,237.92,101.72,14.26,,17.52,0.49,0.38,,,,,11.32,62.67,0.3,83.42,,0.0,12.5,740.0,
2016-01-02 05:00:00,273.33,474.17,128.21,74.59,241.51,117.15,9.65,,9.48,1.23,0.78,,,,,11.01,65.5,0.3,133.67,,0.0,12.84,740.0,
2016-01-02 06:00:00,350.17,580.0,136.17,70.27,248.56,124.24,,1.97,10.76,1.74,0.9,,,,,11.29,65.67,0.32,79.42,,0.0,13.58,740.0,
2016-01-02 07:00:00,576.0,580.0,262.58,87.36,320.82,124.7,15.3,3.32,14.98,2.66,0.92,,,,,11.42,65.67,0.3,84.92,,0.0,150.42,740.0,
2016-01-02 08:00:00,576.0,580.0,195.51,126.58,381.31,111.86,99.6,3.97,15.36,3.95,1.36,,,,,13.82,61.34,0.38,133.75,,0.0,407.75,740.0,
2016-01-02 09:00:00,561.0,580.0,107.48,125.09,258.22,76.71,149.83,1.32,15.32,2.11,0.58,,,,,17.46,47.17,1.1,146.92,,0.0,441.0,740.0,
2016-01-02 10:00:00,471.83,580.0,45.42,108.65,158.38,146.51,117.51,0.45,15.58,1.24,0.64,,,,,20.02,41.75,0.98,211.42,,0.0,449.5,740.0,
2016-01-02 11:00:00,394.83,606.67,73.32,135.18,220.58,108.36,89.4,0.41,23.06,1.2,1.17,,,,,21.93,36.5,1.15,261.67,,0.0,450.75,740.0,
2016-01-02 12:00:00,335.0,705.5,63.47,113.21,187.5,83.16,36.34,0.6,32.49,0.86,0.92,,,,,22.68,33.58,1.25,257.84,,0.0,451.0,740.0,
2016-01-02 13:00:00,195.0,527.33,50.49,119.29,175.24,87.88,35.67,,36.03,0.54,0.52,,,,,22.46,35.34,1.46,262.91,,0.0,446.08,740.0,
2016-01-02 14:00:00,214.0,497.17,59.68,115.42,184.27,81.04,35.75,1.5,37.12,0.44,0.56,,,,,22.53,32.0,1.82,278.0,,0.0,433.67,740.0,
2016-01-02 15:00:00,178.0,492.67,119.82,123.78,273.96,65.59,28.79,1.64,29.82,0.35,0.42,,,,,22.48,29.08,1.99,284.75,,0.0,425.16,740.0,
2016-01-02 16:00:00,146.5,517.83,129.93,116.48,280.89,62.48,31.72,1.79,23.95,0.25,0.36,,,,,20.98,30.84,1.87,285.5,,0.0,353.67,740.0,
2016-01-02 17:00:00,145.83,542.67,142.12,122.09,302.83,65.83,32.41,2.17,23.5,0.24,0.25,,,,,18.84,37.92,1.34,288.41,,0.0,67.92,740.0,
2016-01-02 18:00:00,190.17,620.67,189.82,130.58,312.79,76.41,37.94,2.78,14.69,0.68,1.11,,,,,17.39,46.0,0.74,287.16,,0.0,12.34,740.0,
2016-01-02 19:00:00,242.0,603.67,97.38,104.04,225.67,85.82,33.17,2.61,19.27,0.91,1.38,,,,,16.85,50.92,0.81,277.84,,0.0,12.58,740.0,
2016-01-02 20:00:00,251.75,532.67,123.73,109.1,266.43,102.72,28.92,2.79,18.62,0.64,0.8,,,,,16.14,54.75,0.79,266.5,,0.0,12.5,740.0,
2016-01-02 21:00:00,291.67,641.5,276.57,138.16,400.9,117.19,,3.16,9.45,1.68,2.46,,,,,15.24,59.17,0.64,282.83,,0.0,12.75,740.0,
2016-01-02 22:00:00,330.67,,318.46,144.92,489.47,115.06,14.67,3.89,8.38,2.78,4.45,,,,,14.56,61.42,0.41,263.42,,0.0,12.42,740.0,
2016-01-02 23:00:00,358.67,985.17,302.94,141.99,450.58,117.29,14.13,3.32,23.36,3.19,7.22,,,,,13.82,64.25,0.32,251.08,,0.0,12.5,740.0,
2016-01-03 00:00:00,367.83,941.0,378.41,134.54,,101.91,14.6,2.84,17.08,2.92,4.69,,,,,12.48,68.25,0.31,218.0,,0.0,12.58,740.0,
2016-01-03 01:00:00,417.0,891.0,191.85,103.54,354.23,101.61,13.6,2.15,10.38,1.49,1.5,,,,,12.48,70.58,0.6,228.17,,0.0,12.5,740.0,
2016-01-03 02:00:00,403.0,656.67,194.11,93.67,348.62,114.45,49.74,2.02,13.68,2.11,1.62,,,,,12.07,72.08,1.32,232.33,,0.0,12.58,740.0,
2016-01-03 03:00:00,453.33,721.17,240.4,89.22,365.49,113.31,51.02,1.48,12.25,2.29,1.92,,,,,11.66,73.17,0.5,243.58,,0.0,12.25,740.0,
2016-01-03 04:00:00,421.0,647.67,127.66,92.3,256.44,109.48,13.82,0.56,11.5,1.58,1.06,,,,,11.99,73.08,0.52,283.83,,0.0,12.67,740.0,
2016-01-03 05:00:00,376.17,629.0,159.1,96.45,303.74,120.74,13.59,0.42,7.53,1.75,1.57,,,,,11.85,73.08,0.47,275.67,,0.0,12.75,740.0,
2016-01-03 06:00:00,373.33,628.17,197.0,82.08,342.24,121.57,13.89,1.14,7.08,1.52,1.54,,,,,11.66,73.67,0.52,281.59,,0.0,13.42,740.0,
2016-01-03 07:00:00,357.5,569.0,323.74,109.33,449.7,110.98,15.89,2.52,7.21,1.97,0.95,,,,,11.85,74.25,0.91,284.25,,0.0,120.67,740.0,
2016-01-03 08:00:00,363.33,655.0,224.42,100.14,395.76,95.79,16.32,2.22,6.05,2.08,0.68,,,,,13.48,70.5,1.25,284.59,,0.0,283.41,740.0,
2016-01-03 09:00:00,325.83,568.83,150.82,85.02,281.7,77.37,16.38,1.76,12.34,0.99,0.24,,,,,15.59,62.75,1.62,288.84,,0.0,441.16,740.0,
2016-01-03 10:00:00,304.5,511.67,148.56,97.69,288.25,136.46,19.6,1.58,16.66,0.78,0.35,,,,,18.23,53.25,1.47,282.0,,0.0,450.42,740.0,
2016-01-03 11:00:00,295.33,615.5,69.97,97.91,182.75,98.84,22.12,1.45,23.22,0.8,0.26,,,,,20.31,42.34,1.68,282.33,,0.0,454.16,740.0,
2016-01-03 12:00:00,256.5,537.33,54.19,101.85,164.75,77.61,23.47,1.28,35.43,0.5,,,,,,21.65,36.84,1.85,275.67,,0.0,452.33,740.0,
2016-01-03 13:00:00,222.0,500.5,90.55,121.94,232.24,74.4,23.63,1.21,29.82,0.48,0.52,,,,,23.14,31.16,1.64,271.34,,0.0,445.17,740.0,
2016-01-03 14:00:00,184.33,466.83,82.78,114.84,215.3,72.38,20.32,1.22,36.25,0.38,0.47,,,,,23.19,29.75,2.1,274.83,,0.0,430.75,740.0,
2016-01-03 15:00:00,171.0,517.0,121.05,128.52,279.88,73.08,19.19,1.25,29.16,0.38,0.25,,,,,22.97,29.83,1.79,282.0,,0.0,418.08,740.0,
2016-01-03 16:00:00,172.5,550.0,143.99,139.79,321.28,71.21,22.9,1.47,22.68,0.5,0.56,,,,,21.63,33.08,1.48,280.25,,0.0,321.0,740.0,
2016-01-03 17:00:00,187.67,594.17,225.54,146.76,438.74,63.48,25.05,2.26,14.42,0.35,0.42,,,,,19.47,37.5,0.94,265.75,,0.0,69.0,740.0,
2016-01-03 18:00:00,262.67,740.0,367.41,158.23,492.83,80.81,27.71,3.86,10.45,0.76,0.63,,,,,17.06,45.75,0.52,228.67,,0.0,12.58,740.0,
2016-01-03 19:00:00,446.0,740.0,,191.24,,98.49,30.67,6.1,12.22,1.78,1.88,,,,,15.85,51.0,0.31,214.0,,0.0,12.66,740.0,
2016-01-03 20:00:00,446.0,740.0,,214.36,,107.54,23.72,7.23,11.36,3.98,7.4,,,,,14.89,55.58,0.3,210.25,,0.0,12.42,740.0,
2016-01-03 21:00:00,446.0,740.0,,207.17,,132.33,25.48,8.15,9.15,7.22,16.11,,,,,14.66,58.09,0.3,225.58,,0.0,12.67,740.0,
2016-01-03 22:00:00,452.5,740.0,,205.92,,128.72,23.96,3.48,8.34,9.33,19.31,,,,,14.03,60.75,0.3,229.75,,0.0,12.5,740.0,
2016-01-03 23:00:00,485.0,740.0,,179.33,,126.28,20.56,3.88,8.45,7.33,15.82,,,,,13.07,64.58,0.3,100.5,,0.0,12.67,740.0,
2016-01-04 00:00:00,485.0,740.0,,149.72,,111.52,19.5,4.66,9.39,7.43,17.18,,,,,12.55,67.33,0.39,172.75,,0.0,12.84,740.0,
2016-01-04 01:00:00,485.0,740.0,,117.82,,117.43,15.71,4.92,28.71,5.56,14.22,,,,,12.21,69.67,0.38,91.17,,0.0,12.5,740.0,
2016-01-04 02:00:00,485.0,740.0,,103.09,,127.79,16.07,4.94,21.78,6.6,13.99,,,,,11.62,72.08,0.54,225.42,,0.0,12.25,740.0,
2016-01-04 03:00:00,485.0,740.0,448.37,86.79,,132.65,12.24,2.65,37.96,7.06,12.38,,,,,11.19,73.0,0.38,166.83,,0.0,12.33,740.0,
2016-01-04 04:00:00,501.17,740.0,412.63,101.8,,145.99,11.62,1.82,52.21,5.64,8.59,,,,,11.11,74.33,0.86,211.58,,0.0,12.42,740.0,
2016-01-04 05:00:00,568.67,740.0,,110.39,,149.08,12.77,0.44,21.94,5.94,8.82,,,,,11.09,74.34,0.45,229.5,,0.0,12.67,740.0,
2016-01-04 06:00:00,499.17,740.0,,106.01,,140.56,14.15,2.47,16.37,5.62,7.1,,,,,10.88,75.0,0.3,140.92,,0.0,13.5,740.0,
2016-01-04 07:00:00,496.17,740.0,,137.42,,156.05,19.91,5.7,18.65,6.54,7.68,,,,,11.58,74.92,0.3,120.92,,0.0,139.33,740.0,
2016-01-04 08:00:00,552.0,740.0,499.27,142.7,,153.81,13.04,4.33,21.87,7.25,11.08,,,,,13.75,71.17,0.3,208.25,,0.0,399.42,740.0,
2016-01-04 09:00:00,572.5,740.0,211.17,168.41,319.66,127.6,32.4,1.27,210.5,5.16,7.87,,,,,17.05,59.75,0.79,150.42,,0.0,431.25,740.0,
2016-01-04 10:00:00,641.17,730.17,31.59,165.18,189.85,163.79,55.78,0.2,75.61,3.38,5.97,,,,,19.57,47.83,1.38,137.25,,0.0,440.5,740.0,
2016-01-04 11:00:00,487.17,717.67,19.16,177.28,184.1,133.77,43.58,0.34,37.64,2.9,2.88,,,,,20.86,43.16,1.65,122.16,,0.0,441.66,740.0,
2016-01-04 12:00:00,526.17,860.33,23.69,149.04,165.17,108.95,63.4,,30.34,1.98,2.09,,,,,22.35,35.16,1.62,131.33,,0.0,439.5,740.0,
2016-01-04 13:00:00,335.17,629.83,20.15,132.96,145.99,98.14,48.12,,37.58,1.22,1.7,,,,,23.05,31.42,1.31,172.0,,0.0,426.5,740.0,
2016-01-04 14:00:00,298.83,495.67,6.34,130.53,124.96,91.09,46.74,2.0,50.99,0.97,1.46,,,,,23.52,29.25,1.36,147.0,,0.0,418.17,740.0,
2016-01-04 15:00:00,287.83,532.83,7.04,142.28,136.34,85.24,45.34,2.0,46.24,1.16,2.51,,,,,22.57,29.17,1.58,114.92,,0.0,393.58,740.0,
2016-01-04 16:00:00,288.5,673.17,82.43,168.82,262.94,82.05,50.58,2.52,18.08,0.93,1.21,,,,,21.54,35.66,1.06,147.0,,0.0,304.58,740.0,
2016-01-04 17:00:00,322.83,654.0,319.23,197.29,451.57,83.84,47.76,3.66,10.16,1.15,2.76,,,,,19.21,42.66,0.48,201.92,,0.0,46.08,740.0,
2016-01-04 18:00:00,472.17,654.0,,199.32,,102.07,42.95,4.64,10.08,2.4,8.25,,,,,17.58,49.67,0.3,165.5,,0.0,12.67,740.0,
2016-01-04 19:00:00,548.0,654.0,,193.47,,116.88,37.32,5.67,9.63,3.31,12.4,,,,,17.52,51.25,0.61,159.25,,0.0,12.58,740.0,
2016-01-04 20:00:00,548.0,654.0,,193.15,,147.48,28.55,6.45,14.28,4.52,19.81,,,,,16.9,54.83,0.51,204.58,,0.0,12.84,740.0,
2016-01-04 21:00:00,548.0,654.0,,197.26,,169.18,31.53,4.31,9.63,7.98,29.88,,,,,16.85,57.0,0.31,181.25,,0.0,12.5,740.0,
2016-01-04 22:00:00,548.0,654.0,489.07,177.5,,168.68,28.2,3.93,20.72,8.34,35.75,,,,,16.92,57.75,0.38,172.33,,0.0,12.67,740.0,
2016-01-04 23:00:00,541.5,654.0,274.98,142.49,422.48,164.19,21.54,1.74,15.46,6.97,36.94,,,,,17.14,58.66,1.29,81.09,,0.0,12.5,740.0,
2016-01-05 00:00:00,494.83,667.17,104.52,115.38,245.54,126.93,34.54,0.83,22.98,3.92,16.63,,,,,16.97,58.5,1.85,133.25,,0.0,12.33,740.0,
2016-01-05 01:00:00,420.83,708.0,62.5,107.18,180.84,104.61,49.36,1.61,24.67,1.37,11.92,,,,,16.7,57.33,1.18,125.25,,0.0,12.58,740.0,
2016-01-05 02:00:00,403.0,605.83,128.34,101.13,265.59,109.6,42.11,1.72,12.69,0.79,7.49,,,,,15.7,59.25,0.76,208.92,,0.0,12.42,740.0,
2016-01-05 03:00:00,392.5,723.83,189.47,96.62,344.84,103.72,23.25,1.69,11.68,0.93,2.53,,,,,14.2,64.91,0.44,210.17,,0.0,12.33,740.0,
2016-01-05 04:00:00,389.0,725.67,170.74,92.86,316.0,129.41,21.56,1.83,18.67,1.06,2.41,,,,,14.07,67.92,0.84,103.92,,0.0,12.5,740.0,
2016-01-05 05:00:00,395.17,669.0,329.07,107.38,498.83,152.57,27.07,2.86,24.16,2.1,7.52,,,,,13.62,69.33,0.32,122.58,,0.0,12.58,740.0,
2016-01-05 06:00:00,451.0,819.0,,112.44,,164.12,29.89,3.95,84.04,3.35,14.74,,,,,13.08,71.75,0.3,141.17,,0.0,13.08,740.0,
2016-01-05 07:00:00,468.0,819.0,395.4,118.99,,155.1,31.32,4.37,88.76,4.12,20.89,,,,,13.45,72.0,0.34,92.42,,0.0,135.92,740.0,
2016-01-05 08:00:00,553.0,819.0,354.91,149.84,,143.82,65.59,4.76,153.61,4.9,18.89,,,,,15.64,67.75,0.34,134.33,,0.0,392.33,740.0,
2016-01-05 09:00:00,559.0,819.0,95.92,153.8,268.01,114.06,84.83,3.46,17.22,3.73,15.68,,,,,18.53,56.0,1.24,114.42,,0.0,423.58,740.0,
2016-01-05 10:00:00,570.83,819.0,36.15,149.88,182.88,172.36,75.8,2.12,14.95,2.23,6.47,,,,,21.14,44.58,1.6,134.25,,0.0,435.58,740.0,
2016-01-05 11:00:00,455.33,819.0,18.18,138.27,148.0,150.98,69.47,1.55,23.22,1.72,4.16,,,,,23.14,37.33,1.93,127.42,,0.0,438.17,740.0,
2016-01-05 12:00:00,327.83,791.12,8.31,112.06,111.18,121.68,,1.4,33.31,1.22,2.11,,,,,24.38,35.17,1.98,110.92,,0.0,435.25,740.0,
2016-01-05 13:00:00,310.0,596.0,5.63,99.82,96.62,106.78,,2.08,47.08,0.49,0.56,,,,,24.93,35.0,1.92,109.5,,0.0,427.42,740.0,
2016-01-05 14:00:00,330.33,602.67,4.52,111.24,105.3,107.02,,2.3,47.27,0.35,0.32,,,,,25.1,35.66,2.0,100.92,,0.0,411.08,740.0,
2016-01-05 15:00:00,357.67,657.67,8.67,149.74,145.27,111.56,28.06,1.99,30.6,0.48,0.79,,,,,24.48,38.75,2.25,98.08,,0.0,393.58,740.0,
2016-01-05 16:00:00,358.0,775.17,23.56,168.48,182.24,125.68,45.28,2.2,20.65,0.74,1.51,,,,,23.48,41.33,1.24,102.58,,0.0,308.67,740.0,
2016-01-05 17:00:00,343.17,838.83,109.75,181.2,297.2,139.35,40.09,3.6,10.03,1.12,3.2,,,,,21.68,45.92,0.44,166.42,,0.0,44.17,740.0,
2016-01-05 18:00:00,350.17,928.0,411.18,188.85,,142.37,37.97,4.09,7.46,4.12,9.6,,,,,19.77,53.83,0.31,177.25,,0.0,12.75,740.0,
2016-01-05 19:00:00,393.17,,,190.13,,147.37,35.09,4.4,8.43,6.67,14.36,,,,,18.47,59.42,0.3,228.42,,0.0,12.67,740.0,
2016-01-05 20:00:00,458.33,,,167.24,,136.93,22.54,5.68,12.42,9.62,26.12,,,,,17.74,63.75,0.3,225.58,,0.0,12.84,740.0,
2016-01-05 21:00:00,490.83,,,167.97,,142.56,23.5,7.79,10.63,7.29,23.42,,,,,17.93,64.67,0.3,201.08,,0.0,12.33,740.0,
2016-01-05 22:00:00,550.5,,,161.51,,161.75,22.37,9.96,11.78,7.64,37.12,,,,,17.86,65.67,0.3,174.0,,0.0,12.83,740.0,
2016-01-05 23:00:00,578.0,,,146.73,,177.46,21.09,8.36,15.4,7.21,26.19,,,,,17.39,65.25,0.3,115.92,,0.0,12.42,740.0,
2016-01-06 00:00:00,598.75,,396.8,128.17,,198.39,24.88,1.2,58.35,6.5,19.73,,,,,16.84,65.0,0.3,78.17,,0.0,12.84,740.0,
2016-01-06 01:00:00,337.83,808.67,232.1,112.75,417.44,186.58,24.13,,36.17,6.22,17.57,,,,,16.68,64.92,0.3,110.58,,0.0,12.67,740.0,
2016-01-06 02:00:00,449.17,959.0,232.82,99.55,406.65,174.18,26.63,1.7,59.46,4.36,11.82,,,,,15.73,67.17,0.3,140.5,,0.0,12.75,740.0,
2016-01-06 03:00:00,435.0,959.0,370.02,98.61,468.4,175.52,18.2,,74.39,4.94,11.02,,,,,14.88,70.84,0.3,167.08,,0.0,12.75,740.0,
2016-01-06 04:00:00,439.83,959.0,329.12,93.23,475.06,151.84,15.31,,74.32,5.72,14.99,,,,,14.7,72.84,0.3,173.17,,0.0,12.83,740.0,
2016-01-06 05:00:00,473.5,959.0,438.2,94.54,,141.48,15.92,,31.43,3.2,8.57,,,,,14.45,73.0,0.3,125.75,,0.0,12.08,740.0,
2016-01-06 06:00:00,519.5,959.0,451.22,89.92,,151.2,16.65,,28.6,2.27,4.76,,,,,14.49,73.0,0.45,157.08,,0.0,13.0,740.0,
2016-01-06 07:00:00,517.17,950.67,368.27,101.22,498.73,152.46,36.76,3.1,92.22,2.64,4.89,,,,,14.9,71.09,0.8,120.58,,0.0,168.0,740.0,
2016-01-06 08:00:00,552.0,851.5,358.35,134.63,385.07,166.59,66.66,2.85,44.52,3.49,7.81,,,,,16.41,67.42,1.02,133.42,,0.0,357.34,740.0,
2016-01-06 09:00:00,553.0,719.5,94.11,141.87,254.93,152.31,93.98,1.2,1.47,3.21,8.31,,,,,18.61,57.5,2.49,92.16,,0.0,419.92,740.0,
2016-01-06 10:00:00,418.0,322.0,47.38,253.48,304.27,129.62,61.17,,3.8,1.87,4.85,,,,,20.38,50.42,2.75,107.58,,0.0,433.34,740.0,
2016-01-06 11:00:00,,,15.15,106.7,119.9,103.5,46.1,,9.6,0.8,1.8,,,,,,,,,,0.0,,,
2016-01-06 12:00:00,,,12.98,100.94,107.65,100.21,41.2,,11.28,0.64,1.43,,,,,,,,,,0.0,,,
2016-01-06 13:00:00,209.33,565.17,12.06,84.34,91.65,96.18,24.94,,19.97,0.33,0.69,,,,,24.4,39.83,2.07,134.44,,0.0,431.83,740.0,
2016-01-06 14:00:00,167.67,427.62,6.23,77.7,77.72,100.25,23.37,1.73,24.13,0.29,0.47,,,,,23.81,42.08,2.78,90.75,,0.0,410.0,740.0,
2016-01-06 15:00:00,176.67,439.0,5.91,71.39,71.68,103.44,20.83,1.77,26.29,0.26,0.42,,,,,23.29,43.25,2.64,85.25,,0.0,396.75,740.0,
2016-01-06 16:00:00,161.17,474.75,20.47,109.94,125.91,130.0,33.15,2.1,20.57,0.34,0.36,,,,,22.58,46.92,2.51,81.25,,0.0,314.17,740.0,
2016-01-06 17:00:00,199.17,551.12,54.12,128.5,188.39,138.82,43.26,2.78,6.98,0.87,10.44,,,,,21.55,51.58,1.68,94.34,,0.0,56.17,740.0,
2016-01-06 18:00:00,244.67,596.62,206.82,132.22,399.95,134.58,37.93,3.84,6.8,1.2,4.92,,,,,20.36,55.83,0.75,163.17,,0.0,12.5,740.0,
2016-01-06 19:00:00,300.88,860.0,272.95,138.28,256.97,131.13,38.1,4.81,7.62,2.12,9.54,,,,,19.73,58.58,1.02,133.08,,0.0,12.67,740.0,
2016-01-06 20:00:00,346.0,813.33,57.14,114.19,179.76,117.1,27.23,4.05,7.72,1.66,4.51,,,,,20.1,57.17,1.92,78.41,,0.0,12.67,740.0,
2016-01-06 21:00:00,289.33,621.5,259.71,118.41,338.28,111.79,31.43,4.67,9.22,1.14,1.21,,,,,19.08,60.75,0.63,156.58,,0.0,12.25,740.0,
2016-01-06 22:00:00,366.33,829.0,417.9,133.24,,119.4,27.43,5.26,10.84,1.29,1.39,,,,,17.69,65.25,0.49,189.75,,0.0,12.42,740.0,
2016-01-06 23:00:00,423.83,829.0,402.62,132.42,,122.98,25.12,5.94,9.98,2.18,3.42,,,,,16.75,69.5,0.39,150.25,,0.0,12.42,740.0,
2016-01-07 00:00:00,453.67,829.0,378.83,118.48,,172.46,18.74,2.87,11.85,3.35,7.11,,,,,15.86,72.41,0.37,59.66,,0.0,12.42,740.0,
2016-01-07 01:00:00,453.0,829.0,263.88,100.87,418.71,194.12,17.11,1.81,9.34,4.38,20.03,,,,,15.59,74.0,0.4,149.58,,0.0,12.67,740.0,
2016-01-07 02:00:00,434.0,829.0,234.87,80.88,392.82,176.79,15.83,2.37,22.08,4.09,12.15,,,,,15.2,75.5,0.58,128.42,,0.0,12.42,740.0,
2016-01-07 03:00:00,435.67,829.0,169.94,73.32,297.4,165.14,11.12,1.57,15.62,3.58,8.44,,,,,14.7,76.75,0.32,105.0,,0.0,12.75,740.0,
2016-01-07 04:00:00,407.0,807.17,294.01,69.52,431.87,131.12,16.52,2.01,39.12,2.57,5.09,,,,,14.25,77.17,0.3,208.92,,0.0,12.75,740.0,
2016-01-07 05:00:00,404.0,699.0,277.57,70.17,433.42,116.8,17.28,2.99,18.87,1.62,2.32,,,,,14.08,78.5,0.3,103.58,,0.0,12.33,740.0,
2016-01-07 06:00:00,450.67,704.0,402.87,78.97,472.9,143.81,21.28,3.03,29.27,1.58,2.84,,,,,14.36,78.0,0.54,60.0,,0.0,13.0,740.0,
2016-01-07 07:00:00,520.17,704.0,273.72,81.08,408.72,150.12,50.43,3.16,155.76,2.41,4.3,,,,,14.94,77.58,0.64,86.17,,0.0,119.92,740.0,
2016-01-07 08:00:00,557.83,707.5,192.12,94.67,346.89,161.91,55.61,2.74,108.43,1.72,5.5,,,,,15.94,75.66,0.48,186.5,,0.0,366.92,740.0,
2016-01-07 09:00:00,460.5,720.5,70.58,105.01,189.92,160.43,68.13,2.48,10.92,2.15,6.38,,,,,17.32,70.75,2.02,94.0,,0.0,415.83,740.0,
2016-01-07 10:00:00,428.0,701.67,39.61,121.78,162.58,262.76,102.84,1.85,8.34,1.59,3.2,,,,,20.26,60.67,1.66,106.78,,0.0,434.0,740.0,
2016-01-07 11:00:00,465.44,679.33,63.75,119.09,193.15,147.9,46.3,1.55,11.28,1.25,2.62,,,,,22.82,52.09,1.21,170.75,,0.0,432.83,740.0,
2016-01-07 12:00:00,392.0,543.33,22.18,120.41,137.56,125.44,40.34,1.25,17.76,0.58,1.78,,,,,24.3,46.0,1.29,149.75,,0.0,430.34,740.0,
2016-01-07 13:00:00,337.0,616.17,33.91,146.09,176.48,147.07,52.88,1.41,22.9,0.54,3.24,,,,,25.25,44.25,0.92,208.67,,0.0,419.5,740.0,
2016-01-07 14:00:00,359.83,706.5,68.92,168.52,244.26,160.94,48.23,1.49,29.82,0.96,4.87,,,,,25.6,43.0,0.63,228.92,,0.0,405.0,740.0,
2016-01-07 15:00:00,347.83,874.67,68.08,127.94,206.92,143.75,46.29,1.29,28.45,,,,,,,23.83,49.08,0.73,230.92,,0.0,355.84,740.0,
2016-01-07 16:00:00,449.17,853.0,49.12,120.22,174.22,135.24,34.8,1.3,11.93,0.7,0.7,,,,,22.58,52.33,0.52,164.17,,0.0,273.16,740.0,
2016-01-07 17:00:00,887.83,,268.5,136.98,268.83,127.49,29.26,2.88,13.57,1.16,3.73,,,,,20.96,56.75,0.51,174.08,,0.0,52.25,740.0,
2016-01-07 18:00:00,412.67,,389.12,137.54,,138.7,27.71,4.77,9.44,2.03,4.54,,,,,19.54,62.33,0.3,221.92,,0.0,12.34,740.0,
2016-01-07 19:00:00,469.17,,332.61,135.0,421.07,147.44,26.11,7.2,10.7,5.42,11.02,,,,,18.98,66.33,0.3,155.0,,0.0,12.75,740.0,
2016-01-07 20:00:00,488.67,,287.85,121.89,465.2,126.02,17.69,7.66,10.47,9.26,22.98,,,,,18.92,67.33,0.3,176.58,,0.0,12.5,740.0,
2016-01-07 21:00:00,514.17,,272.66,113.95,415.5,136.71,14.38,7.25,9.95,5.92,14.44,,,,,18.63,68.08,0.3,151.5,,0.0,12.58,740.0,
2016-01-07 22:00:00,550.0,,482.0,133.44,,159.62,18.4,7.67,12.56,4.87,10.36,,,,,17.54,71.42,0.3,217.33,,0.0,12.75,740.0,
2016-01-07 23:00:00,550.0,,488.7,121.83,,170.44,18.61,7.63,12.54,4.96,10.82,,,,,16.92,73.92,0.3,221.75,,0.0,12.58,740.0,
2016-01-08 00:00:00,550.0,,220.62,93.23,325.13,218.6,14.76,1.59,17.91,5.27,14.32,,,,,16.43,76.75,0.41,122.83,,0.0,12.58,740.0,
2016-01-08 01:00:00,556.5,814.0,194.54,73.64,331.3,207.1,16.91,1.92,13.75,5.39,13.86,,,,,15.69,78.58,0.31,140.17,,0.0,12.67,740.0,
2016-01-08 02:00:00,590.83,811.5,230.36,73.93,324.21,186.28,15.65,2.11,15.52,4.61,9.88,,,,,15.69,80.08,0.32,157.34,,0.0,12.42,740.0,
2016-01-08 03:00:00,599.67,799.0,224.35,64.39,363.72,173.68,13.81,1.86,12.5,4.26,8.29,,,,,15.11,80.59,0.41,142.34,,0.0,12.58,740.0,
2016-01-08 04:00:00,606.0,799.0,344.2,61.73,394.8,142.51,15.08,1.93,12.29,4.02,6.9,,,,,14.81,81.25,0.32,166.42,,0.0,12.58,740.0,
2016-01-08 05:00:00,641.67,807.17,358.41,55.97,440.48,127.06,14.64,2.17,13.53,1.89,2.24,,,,,14.52,81.92,0.3,154.0,,0.0,12.5,740.0,
2016-01-08 06:00:00,610.17,862.0,306.37,61.49,356.95,146.87,13.58,2.1,12.98,1.39,1.36,,,,,14.63,82.08,0.3,167.75,,0.0,12.67,740.0,
2016-01-08 07:00:00,555.33,907.5,326.78,68.72,359.23,160.1,13.92,2.46,10.91,1.45,1.2,,,,,14.88,82.0,0.32,231.08,,0.0,113.92,740.0,
2016-01-08 08:00:00,516.5,767.0,304.27,97.23,475.46,190.62,13.19,2.62,18.47,1.53,1.18,,,,,15.48,81.16,0.89,274.58,,0.0,371.5,740.0,
2016-01-08 09:00:00,492.5,720.83,343.4,126.55,,194.34,16.36,3.04,10.82,2.93,3.75,,,,,16.84,78.58,1.0,269.83,,0.0,417.92,740.0,
2016-01-08 10:00:00,633.33,938.17,210.5,122.58,393.66,394.56,16.27,1.26,12.64,4.99,7.14,,,,,18.08,73.42,1.49,247.75,,0.0,425.17,740.0,
2016-01-08 11:00:00,625.0,905.17,137.85,135.07,308.62,206.98,17.08,1.22,8.79,3.96,3.81,,,,,19.13,68.92,1.41,255.25,,0.0,435.83,740.0,
2016-01-08 12:00:00,625.0,807.83,180.21,145.31,375.41,143.98,15.48,0.86,7.31,3.18,2.54,,,,,21.29,56.33,1.43,286.83,,0.0,433.58,740.0,
2016-01-08 13:00:00,625.0,875.5,95.92,110.72,229.42,100.47,9.08,1.06,9.09,1.13,0.93,,,,,22.47,44.33,1.68,282.0,,0.0,433.42,740.0,
2016-01-08 14:00:00,543.33,661.33,132.48,111.92,280.67,94.28,9.0,1.03,11.87,0.42,0.27,,,,,22.17,43.5,1.79,283.08,,0.0,422.58,740.0,
2016-01-08 15:00:00,506.17,606.5,125.46,96.82,257.4,90.28,,0.88,14.79,0.27,0.33,,,,,21.86,40.5,1.82,285.67,,0.0,411.83,740.0,
2016-01-08 16:00:00,492.42,512.67,175.5,107.82,335.7,108.26,,0.72,18.84,0.32,0.4,,,,,20.35,50.92,1.91,288.67,,0.0,347.67,740.0,
2016-01-08 17:00:00,390.0,565.83,153.3,108.43,305.81,125.02,,0.73,8.3,0.52,0.65,,,,,18.93,55.25,1.52,287.17,,0.0,71.5,740.0,
2016-01-08 18:00:00,366.0,532.67,199.75,109.9,370.94,115.9,19.58,1.32,7.16,1.16,1.66,,,,,17.78,58.25,1.25,271.75,,0.0,12.33,740.0,
2016-01-08 19:00:00,369.17,746.0,178.27,107.95,339.42,113.48,17.5,1.8,6.86,1.89,2.97,,,,,17.28,61.67,1.51,278.0,,0.0,12.5,740.0,
2016-01-08 20:00:00,861.67,548.0,164.38,97.56,311.42,89.03,11.53,1.67,9.76,2.11,3.11,,,,,16.91,63.58,1.55,279.67,,0.0,12.42,740.0,
2016-01-08 21:00:00,249.83,559.83,172.45,102.4,326.74,83.52,10.78,1.55,10.26,1.09,1.69,,,,,16.43,64.42,1.49,272.58,,0.0,12.58,740.0,
2016-01-08 22:00:00,266.17,607.17,145.33,93.16,281.42,79.36,10.36,0.68,10.06,0.62,0.53,,,,,16.28,63.83,1.76,278.42,,0.0,12.42,740.0,
2016-01-08 23:00:00,222.67,525.33,75.51,75.67,170.25,76.61,8.82,0.49,11.09,0.37,,,,,,15.45,64.33,1.42,282.25,,0.0,12.42,740.0,
2016-01-09 00:00:00,202.17,404.33,50.44,65.49,127.24,87.81,12.32,1.46,15.43,0.31,,,,,,14.81,66.17,1.76,284.34,,0.0,12.16,740.0,
2016-01-09 01:00:00,211.67,353.17,24.14,51.74,79.09,99.38,12.28,1.44,8.49,0.53,,,,,,14.2,68.17,1.66,282.25,,0.0,12.34,740.0,
2016-01-09 02:00:00,224.17,289.83,36.07,55.54,98.75,87.42,11.86,1.65,8.64,0.62,0.35,,,,,13.68,68.91,1.55,283.08,,0.0,12.33,740.0,
2016-01-09 03:00:00,189.83,288.17,31.54,55.28,92.32,79.22,11.99,1.51,8.66,0.52,0.22,,,,,13.4,67.75,1.78,285.25,,0.0,12.84,740.0,
2016-01-09 04:00:00,161.17,255.33,41.55,52.23,103.1,64.25,13.48,1.55,11.57,0.42,,,,,,13.12,66.84,1.8,287.0,,0.0,12.33,740.0,
2016-01-09 05:00:00,148.0,237.5,116.72,63.67,216.1,51.23,14.31,1.82,9.4,0.32,,,,,,12.71,66.58,1.5,280.08,,0.0,12.42,740.0,
2016-01-09 06:00:00,160.33,273.33,234.08,71.14,383.04,59.66,16.49,2.26,7.46,0.26,,,,,,12.42,67.83,1.69,273.91,,0.0,13.25,740.0,
2016-01-09 07:00:00,196.5,439.33,236.86,75.79,391.14,53.54,16.49,2.71,13.48,0.3,,,,,,12.77,66.34,1.5,268.84,,0.0,148.17,740.0,
2016-01-09 08:00:00,197.5,437.0,279.67,85.29,420.01,54.75,17.97,2.81,14.27,0.46,,,,,,15.23,60.0,1.82,275.75,,0.0,405.25,740.0,
2016-01-09 09:00:00,233.25,464.33,199.43,96.23,358.1,67.21,23.43,3.02,7.54,0.68,0.34,,,,,17.93,48.16,2.03,279.67,,0.0,434.92,740.0,
2016-01-09 10:00:00,328.67,553.67,212.52,88.82,366.81,259.67,22.54,1.98,14.18,0.67,0.32,,,,,19.46,41.58,2.23,284.83,,0.0,445.58,740.0,
2016-01-09 11:00:00,162.83,468.83,114.32,83.77,230.72,118.68,21.3,1.96,14.94,0.62,0.44,,,,,20.62,40.25,2.64,284.75,,0.0,450.5,740.0,
2016-01-09 12:00:00,134.83,601.17,161.38,92.57,302.85,75.96,18.76,1.74,13.79,0.38,0.44,,,,,21.8,37.08,2.85,279.84,,0.0,450.16,740.0,
2016-01-09 13:00:00,97.17,592.17,127.6,87.11,251.92,62.52,15.12,1.54,21.91,,,,,,,22.37,34.25,3.1,279.58,,0.0,446.92,740.0,
2016-01-09 14:00:00,87.5,593.0,85.28,75.69,183.39,50.18,15.0,1.27,26.24,,,,,,,22.3,31.5,3.45,281.67,,0.0,425.25,740.0,
2016-01-09 15:00:00,83.17,505.0,68.72,76.49,161.97,55.57,15.29,1.19,29.18,,,,,,,22.0,33.0,3.08,285.33,,0.0,421.66,740.0,
2016-01-09 16:00:00,73.83,490.83,102.59,89.08,219.49,61.27,16.27,1.38,31.47,,,,,,,21.12,35.92,2.45,286.75,,0.0,372.75,740.0,
2016-01-09 17:00:00,77.5,416.0,126.33,96.35,258.26,70.32,17.99,1.66,18.4,0.24,0.36,,,,,19.37,40.34,2.01,283.0,,0.0,81.67,740.0,
2016-01-09 18:00:00,105.67,426.33,216.36,114.43,397.24,69.21,20.18,2.47,10.05,0.58,0.64,,,,,18.04,46.0,1.22,277.59,,0.0,12.5,740.0,
2016-01-09 19:00:00,145.67,591.67,230.18,122.65,423.29,77.5,13.72,3.93,7.05,1.98,1.94,,,,,17.12,50.83,1.11,274.91,,0.0,12.67,740.0,
2016-01-09 20:00:00,198.0,636.67,218.13,110.43,396.18,63.36,15.64,3.4,8.55,2.65,3.26,,,,,16.59,51.75,1.04,283.33,,0.0,12.67,740.0,
2016-01-09 21:00:00,179.0,559.5,305.27,120.69,474.47,60.53,16.42,3.74,9.51,1.3,1.64,,,,,15.84,54.58,0.78,268.08,,0.0,12.33,740.0,
2016-01-09 22:00:00,236.17,804.75,264.85,116.23,396.8,52.6,15.15,3.23,11.14,1.02,0.79,,,,,15.4,56.33,0.75,253.84,,0.0,12.34,740.0,
2016-01-09 23:00:00,236.83,873.83,197.57,106.38,364.63,56.8,13.76,2.84,11.92,0.7,0.45,,,,,14.52,59.5,0.81,226.25,,0.0,12.16,740.0,
2016-01-10 00:00:00,196.67,549.5,282.62,107.06,405.82,73.32,13.15,2.9,15.64,1.07,0.56,,,,,13.55,63.25,0.78,239.5,,0.0,12.33,740.0,
2016-01-10 01:00:00,257.5,745.5,199.75,90.22,353.11,87.8,12.11,2.6,9.53,2.18,2.06,,,,,12.76,67.25,1.12,244.5,,0.0,12.17,740.0,
2016-01-10 02:00:00,291.5,551.67,201.22,88.66,353.79,87.95,21.49,2.08,8.63,1.51,1.49,,,,,12.22,69.42,0.81,233.67,,0.0,12.75,740.0,
2016-01-10 03:00:00,279.17,495.0,165.51,77.68,295.3,87.4,28.94,1.71,10.34,1.76,1.01,,,,,12.28,70.75,1.06,227.5,,0.0,12.5,740.0,
2016-01-10 04:00:00,310.67,509.5,181.04,76.06,315.01,78.24,14.88,1.26,9.35,2.14,0.71,,,,,11.84,71.34,1.26,230.83,,0.0,12.34,740.0,
2016-01-10 05:00:00,343.0,584.83,335.88,83.22,441.87,62.61,16.69,1.65,11.92,1.1,0.3,,,,,11.36,72.92,0.77,232.92,,0.0,12.17,740.0,
2016-01-10 06:00:00,371.17,599.0,434.54,91.42,,68.3,19.86,2.79,13.39,0.79,,,,,,11.18,73.5,0.5,225.5,,0.0,12.92,740.0,
2016-01-10 07:00:00,414.0,599.0,,115.8,,70.92,22.22,2.88,13.88,1.11,,,,,,11.9,73.33,0.48,230.58,,0.0,143.25,740.0,
2016-01-10 08:00:00,422.33,599.0,405.13,99.73,495.17,74.74,15.18,2.99,14.96,1.37,0.59,,,,,14.18,68.59,0.75,252.75,,0.0,387.0,740.0,
2016-01-10 09:00:00,410.83,611.5,147.78,109.88,299.69,82.82,19.3,1.8,4.52,1.49,0.43,,,,,17.48,57.34,1.33,256.25,,0.0,428.33,740.0,
2016-01-10 10:00:00,380.62,653.83,105.18,113.59,243.88,361.86,26.84,1.0,13.35,1.09,0.34,,,,,20.52,47.91,1.52,268.84,,0.0,436.5,740.0,
2016-01-10 11:00:00,267.83,533.17,131.1,133.88,298.27,146.88,20.62,1.22,13.14,0.82,0.38,,,,,22.47,41.5,1.51,258.75,,0.0,438.08,740.0,
2016-01-10 12:00:00,207.0,428.33,79.31,124.28,219.08,92.15,17.5,1.03,17.76,0.67,0.45,,,,,23.69,37.58,1.42,260.33,,0.0,437.84,740.0,
2016-01-10 13:00:00,188.33,404.67,51.92,105.88,165.31,67.95,11.77,0.81,25.75,0.5,,,,,,24.54,33.33,1.65,275.59,,0.0,434.5,740.0,
2016-01-10 14:00:00,96.83,434.0,101.74,125.79,250.91,61.15,13.96,0.77,26.75,,,,,,,24.73,33.17,1.74,274.42,,0.0,415.75,740.0,
2016-01-10 15:00:00,104.83,455.33,121.81,118.77,272.38,62.32,15.79,0.68,26.97,,,,,,,24.11,34.67,1.44,287.67,,0.0,407.25,740.0,
2016-01-10 16:00:00,103.17,426.67,114.18,116.86,259.97,72.22,21.4,0.57,26.03,,,,,,,22.52,37.42,1.21,287.66,,0.0,340.0,740.0,
2016-01-10 17:00:00,115.67,490.5,54.3,111.34,173.34,87.18,21.12,0.98,11.11,0.26,0.4,,,,,20.09,46.42,0.73,134.58,,0.0,71.33,740.0,
2016-01-10 18:00:00,96.83,448.0,79.46,106.48,203.44,89.59,19.59,1.72,9.87,0.54,0.6,,,,,18.34,53.42,0.53,112.25,,0.0,12.58,740.0,
2016-01-10 19:00:00,230.67,473.0,317.65,133.38,489.48,91.28,21.94,3.76,9.18,1.18,0.98,,,,,16.86,59.42,0.37,53.75,,0.0,12.5,740.0,
2016-01-10 20:00:00,350.0,473.0,449.27,132.62,,86.09,18.34,6.17,11.02,1.85,2.28,,,,,16.26,63.0,0.4,95.75,,0.0,12.42,740.0,
2016-01-10 21:00:00,452.67,473.0,,126.74,,78.22,19.6,5.51,11.24,1.87,1.77,,,,,15.33,65.92,0.52,227.92,,0.0,12.33,740.0,
2016-01-10 22:00:00,440.5,473.0,478.48,120.22,,75.44,16.62,5.44,21.48,1.63,1.34,,,,,15.05,68.0,0.45,56.25,,0.0,12.25,740.0,
2016-01-10 23:00:00,428.67,473.0,401.22,104.73,,81.21,14.51,3.86,21.18,1.13,0.88,,,,,14.51,69.16,0.42,64.59,,0.0,12.42,740.0,
2016-01-11 00:00:00,377.5,495.0,272.43,93.01,405.98,92.03,39.19,1.61,186.3,1.2,2.28,,,,,13.63,71.58,0.4,113.67,,0.0,12.33,740.0,
2016-01-11 01:00:00,351.5,605.0,247.29,76.63,405.99,107.84,19.71,1.63,179.65,1.77,3.94,,,,,12.57,73.91,0.32,188.42,,0.0,12.75,740.0,
2016-01-11 02:00:00,372.5,595.5,238.96,68.18,387.07,103.13,12.76,1.68,96.34,1.99,3.16,,,,,12.1,75.92,0.32,104.17,,0.0,12.67,740.0,
2016-01-11 03:00:00,353.75,553.5,316.13,65.26,491.04,105.72,12.09,2.11,43.64,1.84,1.83,,,,,12.14,76.83,0.37,77.58,,0.0,12.5,740.0,
2016-01-11 04:00:00,382.83,588.33,383.1,63.86,,96.06,14.15,1.98,34.22,1.6,1.05,,,,,11.5,77.67,0.3,79.0,,0.0,12.75,740.0,
2016-01-11 05:00:00,328.33,625.0,,91.36,,84.26,20.18,2.73,58.71,1.45,6.86,,,,,11.86,78.0,0.36,215.08,,0.0,12.42,740.0,
2016-01-11 06:00:00,367.67,625.0,,90.02,,85.9,21.63,3.56,72.18,1.6,10.38,,,,,11.76,78.16,0.3,138.58,,0.0,13.25,740.0,
2016-01-11 07:00:00,406.17,650.25,,100.63,,98.72,22.58,4.53,60.72,1.92,11.19,,,,,12.23,78.5,0.3,151.33,,0.0,145.67,740.0,
2016-01-11 08:00:00,410.33,827.0,421.12,164.98,,121.88,11.22,3.13,43.87,1.98,8.01,,,,,15.58,73.0,0.32,239.83,,0.0,391.42,740.0,
2016-01-11 09:00:00,444.0,827.0,152.4,176.14,307.39,153.7,28.78,3.04,18.08,2.42,5.99,,,,,18.19,60.92,1.18,126.5,,0.0,424.75,740.0,
2016-01-11 10:00:00,489.33,770.17,26.86,119.06,142.58,369.75,43.0,0.76,19.27,1.68,2.64,,,,,20.87,49.67,1.42,146.0,,0.0,437.17,740.0,
2016-01-11 11:00:00,291.0,476.17,40.82,133.26,174.47,182.12,27.98,0.38,16.13,0.82,1.91,,,,,23.67,42.17,1.4,192.25,,0.0,437.0,740.0,
2016-01-11 12:00:00,291.0,429.0,53.76,152.04,209.03,116.53,27.16,0.62,18.04,0.68,2.02,,,,,25.06,38.92,1.31,226.33,,0.0,434.25,740.0,
2016-01-11 13:00:00,406.67,430.5,100.0,167.94,286.35,95.12,14.2,0.87,17.02,0.35,0.38,,,,,25.55,35.75,1.18,233.33,,0.0,427.34,740.0,
2016-01-11 14:00:00,985.0,419.5,92.46,155.01,264.36,79.32,15.43,0.24,22.69,0.29,0.6,,,,,25.63,33.08,1.21,257.92,,0.0,410.84,740.0,
2016-01-11 15:00:00,,605.5,69.58,149.52,228.38,81.36,19.27,0.28,22.08,0.18,0.43,,,,,24.13,38.17,0.99,253.33,,0.0,398.83,740.0,
2016-01-11 16:00:00,,714.0,91.67,134.24,244.98,81.98,24.37,1.29,19.72,0.18,0.52,,,,,23.42,36.92,0.71,270.25,,0.0,358.08,740.0,
2016-01-11 17:00:00,,541.83,208.11,120.35,344.07,84.06,23.65,2.13,11.09,0.32,0.62,,,,,20.74,38.33,0.58,268.75,,0.0,82.08,740.0,
2016-01-11 18:00:00,229.0,608.67,232.41,126.51,380.58,84.86,22.96,3.26,7.4,0.63,2.2,,,,,18.15,47.25,0.3,263.09,,0.0,12.66,740.0,
2016-01-11 19:00:00,245.0,997.0,358.57,148.19,,96.92,24.9,5.44,8.76,2.19,7.3,,,,,16.52,56.75,0.3,152.83,,0.0,12.5,740.0,
2016-01-11 20:00:00,342.5,997.0,304.53,138.02,,93.47,20.98,7.06,10.28,4.28,10.65,,,,,15.68,62.66,0.3,174.5,,0.0,12.58,740.0,
2016-01-11 21:00:00,446.67,997.0,,160.37,,86.79,23.68,8.57,11.54,4.58,10.82,,,,,15.13,65.58,0.3,166.08,,0.0,12.16,740.0,
2016-01-11 22:00:00,530.0,997.0,,166.12,,99.39,31.57,9.92,53.18,4.91,25.44,,,,,14.36,68.92,0.32,195.08,,0.0,12.42,740.0,
2016-01-11 23:00:00,539.17,997.0,,145.21,,107.73,24.37,6.94,218.14,4.62,27.98,,,,,14.0,71.08,0.3,145.33,,0.0,12.42,740.0,
2016-01-12 00:00:00,591.0,997.0,,122.2,,120.59,20.89,2.8,,3.82,22.09,,,,,13.3,73.08,0.3,137.0,,0.0,12.5,740.0,
2016-01-12 01:00:00,592.83,997.0,343.45,99.32,,134.54,16.4,0.73,,3.36,19.67,,,,,12.62,74.42,0.3,81.33,,0.0,12.42,740.0,
2016-01-12 02:00:00,451.5,997.0,247.74,93.62,421.74,128.78,11.92,0.39,184.2,3.21,12.64,,,,,12.48,74.33,0.3,73.0,,0.0,12.75,740.0,
2016-01-12 03:00:00,449.0,945.25,287.43,97.03,436.94,115.26,16.05,0.35,99.34,3.16,16.48,,,,,12.22,72.0,0.32,49.75,,0.0,12.5,740.0,
2016-01-12 04:00:00,435.33,580.25,137.63,91.18,269.22,99.16,33.83,,70.19,1.96,11.62,,,,,12.62,70.17,0.86,65.83,,0.0,12.16,740.0,
2016-01-12 05:00:00,362.17,575.38,275.85,87.94,346.42,83.89,45.17,,60.32,1.23,5.18,,,,,12.34,68.75,0.48,106.67,,0.0,12.25,740.0,
2016-01-12 06:00:00,347.67,676.0,,118.34,,81.55,37.88,1.74,31.55,1.08,5.28,,,,,11.73,71.16,0.31,162.92,,0.0,13.0,740.0,
2016-01-12 07:00:00,391.83,716.0,361.2,111.05,474.03,86.58,35.85,1.36,14.42,0.94,4.41,,,,,12.78,68.92,0.34,64.25,,0.0,126.92,740.0,
2016-01-12 08:00:00,378.0,712.88,167.14,114.45,330.22,95.1,44.68,2.34,14.14,1.03,3.22,,,,,15.3,62.42,0.92,98.84,,0.0,384.75,740.0,
2016-01-12 09:00:00,418.0,675.75,47.26,115.42,167.38,107.2,65.18,1.16,9.1,1.27,5.88,,,,,17.27,56.58,2.54,107.5,,0.0,428.42,740.0,
2016-01-12 10:00:00,339.75,557.5,17.01,93.32,106.22,351.02,61.36,0.34,12.34,0.86,1.53,,,,,19.88,52.25,2.25,111.17,,0.0,438.5,740.0,
2016-01-12 11:00:00,218.88,463.75,12.08,78.08,86.05,153.77,40.92,0.15,13.44,0.36,0.55,,,,,21.84,45.84,2.93,108.92,,0.0,444.08,740.0,
2016-01-12 12:00:00,114.88,358.5,8.23,65.29,69.41,103.12,27.76,1.59,18.36,0.28,0.4,,,,,23.18,41.5,2.95,124.08,,0.0,444.25,740.0,
2016-01-12 13:00:00,79.0,296.33,7.06,62.25,65.12,80.18,16.73,1.65,23.26,,,,,,,23.67,39.5,3.31,109.58,,0.0,439.16,740.0,
2016-01-12 14:00:00,79.0,310.67,6.36,63.75,65.47,74.05,14.59,1.61,27.91,,,,,,,23.78,38.75,3.58,103.08,,0.0,420.42,740.0,
2016-01-12 15:00:00,79.0,359.67,5.76,61.4,62.53,72.82,14.2,1.59,28.65,,,,,,,23.64,38.5,3.28,108.75,,0.0,414.0,740.0,
2016-01-12 16:00:00,79.0,290.0,8.73,78.31,81.69,77.42,20.52,1.65,25.8,,,,,,,22.83,39.67,2.47,110.58,,0.0,359.33,740.0,
2016-01-12 17:00:00,86.25,308.33,42.39,107.32,153.52,92.73,24.15,2.09,10.52,,0.38,,,,,21.4,45.25,2.0,102.25,,0.0,84.08,740.0,
2016-01-12 18:00:00,141.25,360.83,87.24,112.65,219.52,103.57,23.25,2.58,6.96,0.29,0.48,,,,,20.02,56.67,2.08,97.92,,0.0,12.5,740.0,
2016-01-12 19:00:00,177.17,414.83,31.21,104.71,135.92,106.08,20.55,2.8,7.34,0.41,0.5,,,,,19.2,59.67,2.22,92.58,,0.0,12.58,740.0,
2016-01-12 20:00:00,214.17,420.5,27.48,98.07,124.9,91.18,15.74,2.98,8.0,0.46,0.57,,,,,18.41,62.67,1.99,91.5,,0.0,12.5,740.0,
2016-01-12 21:00:00,247.17,441.17,23.03,85.57,107.7,83.76,12.96,2.82,8.93,0.32,0.37,,,,,17.76,64.66,1.53,85.16,,0.0,12.58,740.0,
2016-01-12 22:00:00,270.0,443.5,163.88,93.52,307.12,86.27,15.26,3.42,10.29,0.31,4.05,,,,,16.67,67.66,0.45,68.17,,0.0,12.33,740.0,
2016-01-12 23:00:00,326.17,722.12,89.86,82.53,196.26,85.92,13.31,2.88,8.48,0.32,2.1,,,,,16.27,69.17,0.77,76.0,,0.0,12.25,740.0,
2016-01-13 00:00:00,308.0,525.33,80.23,84.38,184.74,95.9,14.32,1.86,10.48,0.38,0.54,,,,,15.64,71.0,0.85,80.0,,0.0,12.42,740.0,
2016-01-13 01:00:00,310.67,524.67,15.41,77.2,89.83,119.78,15.35,1.23,6.78,0.35,0.52,,,,,15.52,71.0,1.57,85.17,,0.0,12.67,740.0,
2016-01-13 02:00:00,295.0,382.17,6.16,60.42,62.26,108.74,15.16,0.98,8.42,0.33,0.39,,,,,15.52,70.58,2.02,90.58,,0.0,12.42,740.0,
2016-01-13 03:00:00,273.33,355.5,4.68,56.36,56.62,99.52,14.02,0.9,10.48,0.3,,,,,,15.6,70.0,1.98,84.25,,0.0,12.42,740.0,
2016-01-13 04:00:00,261.33,360.5,4.28,51.73,51.93,84.83,15.06,0.88,12.23,0.3,,,,,,15.4,70.17,2.28,90.58,,0.0,12.42,740.0,
2016-01-13 05:00:00,243.67,328.38,6.66,55.29,58.38,71.32,13.66,0.99,11.6,,,,,,,14.84,71.75,2.37,83.42,,0.0,12.16,740.0,
2016-01-13 06:00:00,251.17,364.5,7.96,57.88,62.44,70.66,13.79,0.98,14.96,,,,,,,15.17,70.08,2.42,89.58,,0.0,12.5,740.0,
2016-01-13 07:00:00,276.0,368.5,23.63,74.06,98.25,69.38,14.02,1.35,12.51,,,,,,,15.24,69.0,1.98,106.42,,0.0,129.83,740.0,
2016-01-13 08:00:00,302.83,445.83,40.83,91.0,136.84,81.07,17.11,1.83,13.49,0.23,,,,,,15.87,68.34,2.42,96.42,,0.0,362.58,740.0,
2016-01-13 09:00:00,337.83,532.0,26.54,91.18,117.46,93.96,23.82,1.78,8.56,0.46,1.1,,,,,17.28,64.33,2.85,118.92,,0.0,421.0,740.0,
2016-01-13 10:00:00,329.0,466.17,17.32,76.76,92.08,311.02,30.63,1.05,20.8,0.45,0.72,,,,,19.3,57.25,2.52,126.83,,0.0,432.5,740.0,
2016-01-13 11:00:00,264.0,455.83,17.83,81.47,96.94,129.12,27.0,1.18,20.62,0.35,1.07,,,,,21.29,50.92,1.86,145.92,,0.0,430.42,740.0,
2016-01-13 12:00:00,264.0,409.67,9.42,62.07,68.16,87.91,22.06,0.95,29.25,0.26,1.92,,,,,21.84,48.0,1.76,119.25,,0.0,429.58,740.0,
2016-01-13 13:00:00,264.0,333.83,9.52,63.16,69.26,76.47,16.9,0.98,33.07,,0.3,,,,,22.54,45.92,1.58,130.25,,0.0,426.0,740.0,
2016-01-13 14:00:00,264.0,346.5,54.62,95.14,159.45,70.32,18.83,0.95,22.48,,,,,,,23.95,42.5,1.52,171.83,,0.0,420.0,740.0,
2016-01-13 15:00:00,264.0,399.17,28.59,90.28,119.5,73.23,20.74,1.06,32.34,,,,,,,23.25,44.08,0.96,153.92,,0.0,389.33,740.0,
2016-01-13 16:00:00,242.0,518.33,124.76,125.72,282.35,87.43,20.94,2.06,19.98,0.2,0.35,,,,,21.4,53.92,1.3,266.5,,0.0,303.41,740.0,
2016-01-13 17:00:00,173.0,859.88,197.98,124.32,381.29,106.53,20.17,2.76,8.21,1.79,2.64,,,,,19.2,63.42,0.98,271.5,,0.0,68.67,740.0,
2016-01-13 18:00:00,451.67,859.17,212.33,123.7,400.14,107.4,17.35,3.2,7.24,2.21,2.82,,,,,18.23,66.25,1.02,281.84,,0.0,12.42,740.0,
2016-01-13 19:00:00,414.33,838.5,168.48,97.28,316.75,103.62,15.57,2.97,9.57,2.11,3.44,,,,,17.47,69.42,1.3,286.59,,0.0,12.42,740.0,
2016-01-13 20:00:00,439.83,727.0,155.85,94.23,296.8,91.66,12.27,3.14,10.78,1.68,2.16,,,,,16.96,72.25,1.52,282.67,,0.0,12.58,740.0,
2016-01-13 21:00:00,457.67,692.67,124.1,86.37,246.65,80.15,10.88,2.91,10.38,1.02,0.95,,,,,16.71,73.0,1.8,281.0,,0.0,12.5,740.0,
2016-01-13 22:00:00,445.33,611.83,97.92,84.33,208.87,86.66,10.43,2.28,10.48,0.6,0.42,,,,,16.12,73.83,1.89,285.42,,0.0,12.67,740.0,
2016-01-13 23:00:00,393.83,543.62,54.32,59.64,127.3,85.96,9.24,1.57,9.98,0.42,,,,,,15.18,76.33,1.58,290.5,,0.0,12.25,740.0,
2016-01-14 00:00:00,271.67,377.83,26.28,48.6,79.24,95.92,11.63,1.45,13.79,0.25,,,,,,14.3,79.0,1.42,277.5,,0.0,12.42,740.0,
2016-01-14 01:00:00,239.67,321.17,14.07,39.91,54.78,110.12,11.01,1.16,7.74,0.27,,,,,,14.16,80.92,1.02,234.92,,0.0,12.67,740.0,
2016-01-14 02:00:00,234.33,268.83,9.81,38.59,47.77,103.39,10.43,1.19,9.7,,,,,,,14.53,80.92,1.12,266.75,,0.0,12.5,740.0,
2016-01-14 03:00:00,220.5,284.5,23.22,43.36,70.32,92.4,9.88,1.18,9.82,0.2,,,,,,14.55,80.0,1.19,283.33,,0.0,12.58,740.0,
2016-01-14 04:00:00,243.0,316.17,37.01,48.78,94.01,81.28,11.44,1.24,9.31,0.24,,,,,,14.31,79.25,1.12,268.42,,0.0,12.25,740.0,
2016-01-14 05:00:00,236.67,314.33,126.15,57.1,223.15,65.08,12.73,1.44,11.06,,,,,,,14.02,79.0,1.68,273.25,,0.0,12.33,740.0,
2016-01-14 06:00:00,210.0,348.5,157.26,63.64,271.5,59.94,12.94,1.72,9.23,,,,,,,13.77,78.0,1.3,274.67,,0.0,12.58,740.0,
2016-01-14 07:00:00,234.67,452.5,241.35,66.81,389.34,68.91,14.63,2.53,10.61,0.18,,,,,,13.76,76.75,1.56,269.08,,0.0,106.0,740.0,
2016-01-14 08:00:00,231.5,411.17,202.78,71.06,340.22,67.88,12.34,1.84,14.68,0.12,,,,,,14.22,74.66,1.2,263.92,,0.0,343.33,740.0,
2016-01-14 09:00:00,232.67,416.67,125.47,73.1,236.43,83.84,10.84,1.79,6.34,0.22,,,,,,15.32,70.66,0.85,255.08,,0.0,406.58,740.0,
2016-01-14 10:00:00,270.67,431.83,139.44,81.32,261.14,280.68,11.39,1.8,9.04,0.38,0.2,,,,,15.94,67.0,0.92,261.67,,0.0,422.92,740.0,
2016-01-14 11:00:00,246.33,514.17,95.02,89.06,209.11,129.28,13.42,1.98,9.83,0.53,0.39,,,,,17.46,61.92,0.9,250.5,,0.0,428.42,740.0,
2016-01-14 12:00:00,258.17,501.0,68.87,94.22,178.0,88.49,14.08,1.98,12.35,0.75,0.61,,,,,18.7,57.58,0.98,255.83,,0.0,437.58,740.0,
2016-01-14 13:00:00,259.83,501.33,56.68,93.42,160.63,71.64,12.84,1.99,14.4,0.57,0.4,,,,,18.28,57.25,0.99,244.25,,0.0,412.33,740.0,
2016-01-14 14:00:00,266.17,604.83,62.26,88.42,163.79,64.24,13.58,1.77,13.33,0.35,0.28,,,,,18.42,58.17,1.0,242.33,,0.0,419.67,740.0,
2016-01-14 15:00:00,277.5,643.25,68.37,88.75,172.42,63.9,13.82,1.62,14.65,0.29,0.25,,,,,18.61,56.75,0.95,232.0,,0.0,398.83,740.0,
2016-01-14 16:00:00,277.33,728.33,85.78,87.08,194.68,74.52,15.66,1.5,16.74,2.53,0.34,,,,,17.24,60.84,0.94,222.08,,0.0,342.0,740.0,
2016-01-14 17:00:00,263.67,674.67,81.98,72.26,176.44,84.19,16.1,1.5,8.03,0.27,0.3,,,,,16.09,65.0,0.82,212.83,,0.0,66.0,740.0,
2016-01-14 18:00:00,268.5,484.83,79.82,72.78,173.86,86.2,15.65,1.99,8.38,0.45,0.35,,,,,15.44,67.58,0.69,225.75,,0.0,12.58,740.0,
2016-01-14 19:00:00,304.83,553.83,109.03,76.85,217.36,85.12,19.41,2.47,6.9,1.04,0.86,,,,,15.25,68.83,0.54,218.08,,0.0,12.33,740.0,
2016-01-14 20:00:00,321.17,612.67,119.28,69.83,225.12,73.33,17.79,2.58,9.07,1.32,1.5,,,,,14.62,70.67,0.44,238.67,,0.0,12.67,740.0,
2016-01-14 21:00:00,301.83,627.5,131.68,71.17,243.24,59.36,16.99,2.31,8.92,0.68,0.76,,,,,13.84,72.58,0.32,226.66,,0.0,12.58,740.0,
2016-01-14 22:00:00,277.33,492.0,157.9,65.81,274.39,57.2,17.52,2.5,8.75,0.54,0.68,,,,,13.13,74.58,0.31,152.92,,0.0,12.75,740.0,
2016-01-14 23:00:00,283.83,641.0,164.37,69.26,286.2,61.94,18.17,2.28,10.76,0.58,0.85,,,,,12.88,76.08,0.49,275.66,,0.0,12.33,740.0,
2016-01-15 00:00:00,283.5,571.33,110.99,72.58,215.94,65.84,15.13,1.76,16.35,0.66,1.67,,,,,12.61,76.92,0.44,260.84,,0.0,12.67,740.0,
2016-01-15 01:00:00,283.17,476.67,67.63,62.22,147.75,83.75,13.49,1.37,9.23,0.85,0.86,,,,,12.28,77.75,0.36,286.75,,0.0,12.5,740.0,
2016-01-15 02:00:00,255.67,356.67,34.61,49.98,91.82,82.89,12.17,0.89,9.27,0.7,0.5,,,,,12.18,77.25,0.8,289.84,,0.0,12.42,740.0,
2016-01-15 03:00:00,194.67,292.83,30.3,50.54,86.43,79.15,12.64,1.04,7.41,0.51,0.3,,,,,11.73,77.75,0.52,287.42,,0.0,12.58,740.0,
2016-01-15 04:00:00,225.83,313.33,41.73,42.11,94.44,67.82,15.22,1.04,7.3,0.58,,,,,,11.01,79.75,0.75,269.92,,0.0,12.58,740.0,
2016-01-15 05:00:00,225.17,326.67,63.28,39.46,121.61,52.05,15.45,0.9,6.81,0.27,,,,,,10.96,81.75,0.99,276.16,,0.0,12.5,740.0,
2016-01-15 06:00:00,158.17,255.83,100.15,48.12,179.64,53.29,16.52,1.01,9.6,,,,,,,11.62,81.67,0.94,276.08,,0.0,12.42,740.0,
2016-01-15 07:00:00,193.0,353.0,166.26,56.97,277.99,57.3,18.89,1.21,12.01,,,,,,,11.78,79.92,1.36,261.75,,0.0,33.34,740.0,
2016-01-15 08:00:00,183.33,312.83,158.4,55.32,265.59,54.05,16.42,1.23,11.73,,,,,,,11.62,78.84,1.23,269.92,,0.0,147.34,740.0,
2016-01-15 09:00:00,161.83,286.17,83.98,55.64,164.38,73.59,14.24,1.14,7.34,,,,,,,12.09,75.67,1.22,267.33,,0.0,336.25,740.0,
2016-01-15 10:00:00,170.33,284.33,183.71,56.44,298.77,239.01,15.32,1.52,8.9,,,,,,,12.52,73.58,1.32,283.66,,0.0,381.08,740.0,
2016-01-15 11:00:00,169.83,321.33,165.22,62.0,280.92,117.17,14.98,1.98,7.26,0.22,,,,,,12.83,72.58,1.47,292.25,,0.0,381.33,740.0,
2016-01-15 12:00:00,182.0,438.5,172.58,72.62,300.16,82.4,12.27,2.1,7.36,0.28,0.25,,,,,13.38,69.5,1.34,279.92,,0.0,415.08,740.0,
2016-01-15 13:00:00,158.17,337.33,128.35,68.84,236.5,60.26,11.45,1.58,12.73,0.19,,,,,,14.54,63.08,1.82,280.41,,0.0,439.08,740.0,
2016-01-15 14:00:00,151.83,374.67,110.38,67.36,210.73,52.98,10.58,1.45,11.99,,,,,,,15.69,58.33,1.59,271.42,,0.0,442.16,740.0,
2016-01-15 15:00:00,163.5,453.0,86.34,65.08,175.9,54.89,10.27,1.32,11.74,,,,,,,15.42,57.66,1.69,282.33,,0.0,434.21,740.0,
2016-01-15 16:00:00,150.0,385.0,111.43,63.82,208.75,137.67,13.56,0.79,16.46,,0.38,,,,,14.63,60.08,1.72,285.34,,0.0,393.08,740.0,
2016-01-15 17:00:00,149.83,405.17,99.55,60.46,189.8,90.12,10.78,1.12,11.54,0.3,0.44,,,,,13.57,63.17,1.51,287.17,,0.0,99.75,740.0,
2016-01-15 18:00:00,168.67,322.33,85.41,59.14,169.34,74.59,10.69,0.99,11.51,0.3,0.32,,,,,13.37,64.0,1.78,287.42,,0.0,12.92,740.0,
2016-01-15 19:00:00,144.33,280.0,83.14,58.32,165.48,66.94,10.12,1.02,11.39,0.26,0.39,,,,,13.09,64.75,1.74,280.41,,0.0,12.58,740.0,
2016-01-15 20:00:00,150.5,278.17,78.9,58.88,160.1,54.74,12.3,1.14,12.35,0.24,,,,,,12.12,65.5,1.71,286.5,,0.0,12.5,740.0,
2016-01-15 21:00:00,127.83,250.5,116.57,70.17,222.12,45.74,13.12,1.35,10.96,0.3,,,,,,11.86,67.0,1.67,284.75,,0.0,12.16,740.0,
2016-01-15 22:00:00,157.0,289.33,90.91,69.95,186.52,43.12,12.84,0.84,10.88,0.23,,,,,,12.02,66.59,1.82,288.5,,0.0,12.33,740.0,
2016-01-15 23:00:00,178.33,322.17,57.14,55.2,127.18,43.49,12.58,0.54,16.05,0.24,,,,,,12.63,64.5,1.7,287.75,,0.0,12.42,740.0,
2016-01-16 00:00:00,160.17,323.5,35.52,51.09,94.0,46.67,14.19,0.77,18.62,,,,,,,12.32,64.25,1.58,288.33,,0.0,12.25,740.0,
2016-01-16 01:00:00,161.83,292.5,54.26,58.56,126.29,53.52,14.18,0.78,9.36,,,,,,,11.22,67.34,1.12,272.91,,0.0,12.5,740.0,
2016-01-16 02:00:00,165.0,254.0,38.2,59.2,104.86,57.12,14.93,0.85,7.8,,,,,,,11.12,70.08,1.44,282.67,,0.0,12.33,740.0,
2016-01-16 03:00:00,161.0,266.67,23.02,48.65,74.75,54.58,14.06,0.61,10.14,0.3,,,,,,11.41,72.09,1.91,288.59,,0.0,12.33,740.0,
2016-01-16 04:00:00,160.83,243.67,23.33,38.88,66.63,46.44,12.74,0.56,12.6,0.18,,,,,,11.19,71.83,2.36,286.42,,0.0,12.5,740.0,
2016-01-16 05:00:00,131.5,296.0,66.25,39.72,125.87,40.35,13.06,0.83,16.78,,,,,,,11.12,73.0,1.92,286.25,,0.0,12.25,740.0,
2016-01-16 06:00:00,116.5,214.17,72.65,45.77,139.71,38.16,13.0,0.91,15.51,,,,,,,11.39,72.66,1.73,290.09,,0.0,12.5,740.0,
2016-01-16 07:00:00,131.5,212.17,149.48,62.25,259.62,37.72,14.96,1.28,12.32,,,,,,,11.56,71.67,2.16,286.33,,0.0,59.25,740.0,
2016-01-16 08:00:00,143.17,255.83,122.93,57.9,219.42,43.08,15.06,1.11,13.99,,,,,,,11.65,69.75,1.94,285.5,,0.0,278.0,740.0,
2016-01-16 09:00:00,145.0,297.33,111.21,60.96,206.17,47.22,14.85,0.88,8.16,,,,,,,12.11,67.75,2.06,293.25,,0.0,413.25,740.0,
2016-01-16 10:00:00,168.83,311.83,81.98,49.05,155.54,264.61,15.54,0.99,12.39,,,,,,,12.67,65.42,2.32,286.83,,0.0,438.75,740.0,
2016-01-16 11:00:00,138.83,326.5,93.05,58.38,179.02,115.87,19.25,0.86,11.91,0.14,,,,,,13.63,62.58,2.22,285.34,,0.0,454.83,740.0,
2016-01-16 12:00:00,141.0,327.5,73.49,58.74,152.65,76.77,17.86,0.91,12.34,0.19,,,,,,15.03,58.08,2.02,282.58,,0.0,457.66,740.0,
2016-01-16 13:00:00,129.5,330.67,68.06,63.51,149.45,61.84,17.73,0.86,17.65,,,,,,,16.2,54.58,2.23,282.58,,0.0,458.42,740.0,
2016-01-16 14:00:00,124.67,376.17,83.14,73.76,179.24,54.79,18.44,0.92,17.8,,,,,,,16.77,53.5,1.97,281.5,,0.0,446.92,740.0,
2016-01-16 15:00:00,138.67,347.5,75.05,72.51,167.13,50.58,18.53,0.8,16.58,,,,,,,16.69,54.0,1.71,282.08,,0.0,433.34,740.0,
2016-01-16 16:00:00,141.17,394.67,79.97,77.82,178.62,52.47,19.58,0.73,18.43,,,,,,,15.82,56.5,1.66,290.0,,0.0,382.08,740.0,
2016-01-16 17:00:00,138.33,354.17,115.95,82.95,232.33,58.26,,0.84,12.32,,,,,,,14.56,61.0,1.63,287.67,,0.0,113.67,740.0,
2016-01-16 18:00:00,145.5,300.67,112.95,74.96,221.1,62.82,,1.0,10.82,0.38,0.37,,,,,13.65,64.75,1.22,287.5,,0.0,12.5,740.0,
2016-01-16 19:00:00,148.5,365.17,103.79,75.55,209.24,62.1,,1.26,10.8,0.48,0.52,,,,,13.34,66.5,1.31,284.67,,0.0,12.42,740.0,
2016-01-16 20:00:00,149.67,297.0,91.53,66.86,184.53,54.86,,1.06,11.5,0.5,0.57,,,,,13.38,65.92,1.32,290.0,,0.0,12.25,740.0,
2016-01-16 21:00:00,138.17,285.33,54.98,60.62,129.13,45.42,,0.95,13.67,0.3,0.27,,,,,12.68,67.33,0.82,262.66,,0.0,12.5,740.0,
2016-01-16 22:00:00,118.17,215.0,68.31,61.12,147.72,43.62,,0.87,15.13,0.2,,,,,,13.01,67.08,0.74,244.42,,0.0,12.33,740.0,
2016-01-16 23:00:00,140.17,277.83,32.55,49.0,88.12,41.06,,0.75,16.44,,,,,,,12.79,67.0,0.89,247.92,,0.0,12.33,740.0,
2016-01-17 00:00:00,145.67,259.5,8.65,36.07,43.94,43.17,,0.68,25.94,,,,,,,12.21,67.17,0.99,201.08,,0.0,12.17,740.0,
2016-01-17 01:00:00,148.0,216.5,4.85,31.84,34.97,51.85,,0.53,20.89,,,,,,,11.73,68.33,0.8,211.08,,0.0,12.66,740.0,
2016-01-17 02:00:00,167.33,193.33,7.29,34.93,41.1,52.14,,0.52,18.91,,,,,,,11.66,67.75,0.84,208.5,,0.0,12.42,740.0,
2016-01-17 03:00:00,164.5,216.0,9.8,36.33,45.74,48.82,,0.52,17.69,,,,,,,11.3,67.66,0.72,193.92,,0.0,12.58,740.0,
2016-01-17 04:00:00,166.5,226.5,24.18,42.48,70.89,43.82,,0.63,10.68,,,,,,,11.28,68.0,0.64,165.08,,0.0,12.33,740.0,
2016-01-17 05:00:00,161.0,250.0,38.74,49.88,97.22,36.62,,0.82,13.86,,,,,,,11.17,67.5,0.83,152.75,,0.0,12.5,740.0,
2016-01-17 06:00:00,144.0,230.83,56.35,58.64,129.16,36.94,,0.86,12.28,,,,,,,10.71,68.75,0.86,107.0,,0.0,12.58,740.0,
2016-01-17 07:00:00,132.33,244.0,68.19,57.51,144.37,34.08,,0.89,13.79,,,,,,,11.21,67.5,0.89,130.0,,0.0,101.0,740.0,
2016-01-17 08:00:00,127.0,280.5,17.41,48.28,66.78,35.96,,0.7,20.12,,,,,,,11.68,65.41,1.67,109.33,,0.0,381.17,740.0,
2016-01-17 09:00:00,148.33,246.5,13.86,49.04,62.6,41.41,,0.71,8.56,,,,,,,12.83,61.75,2.28,97.34,,0.0,441.75,740.0,
2016-01-17 10:00:00,180.33,304.5,8.22,43.56,50.05,218.25,,0.65,16.62,0.19,,,,,,14.33,57.58,2.38,100.42,,0.0,456.25,740.0,
2016-01-17 11:00:00,181.0,372.17,12.76,50.92,62.82,106.09,,0.76,19.73,,,,,,,15.68,53.34,2.18,129.42,,0.0,459.92,740.0,
2016-01-17 12:00:00,174.5,323.17,23.89,65.93,91.35,68.07,,0.71,13.78,,,,,,,16.58,50.42,2.34,116.42,,0.0,460.5,740.0,
2016-01-17 13:00:00,167.0,320.83,21.86,70.51,92.67,57.53,,0.8,16.28,,,,,,,17.75,47.34,1.86,138.67,,0.0,452.5,740.0,
2016-01-17 14:00:00,171.83,323.67,36.02,77.56,118.3,52.11,,0.86,17.96,,,,,,,18.41,45.92,1.68,164.92,,0.0,440.67,740.0,
2016-01-17 15:00:00,195.67,419.83,35.06,87.15,125.56,48.03,31.02,0.92,22.2,,,,,,,18.59,44.66,1.08,179.75,,0.0,425.08,740.0,
2016-01-17 16:00:00,197.33,448.67,32.6,105.91,138.89,48.76,28.74,1.04,22.15,0.2,0.3,,,,,17.67,46.5,1.14,155.83,,0.0,368.5,740.0,
2016-01-17 17:00:00,221.0,523.5,39.5,107.56,149.73,56.64,21.12,1.34,8.91,0.31,0.38,,,,,15.88,52.59,1.14,82.17,,0.0,89.5,740.0,
2016-01-17 18:00:00,256.67,543.17,44.87,101.96,152.1,59.3,15.02,1.71,8.1,0.32,0.48,,,,,14.82,57.75,1.38,92.5,,0.0,12.58,740.0,
2016-01-17 19:00:00,264.5,593.17,128.95,102.39,267.32,56.12,13.79,2.11,8.15,0.57,0.6,,,,,13.84,61.58,0.61,161.0,,0.0,12.58,740.0,
2016-01-17 20:00:00,295.67,539.0,284.51,105.94,447.32,53.14,18.35,2.88,7.89,0.84,0.87,,,,,12.49,66.16,0.35,244.08,,0.0,12.42,740.0,
2016-01-17 21:00:00,329.83,550.0,256.98,97.26,410.33,45.54,18.18,2.58,10.46,0.95,0.55,,,,,11.57,70.0,0.31,248.83,,0.0,12.58,740.0,
2016-01-17 22:00:00,296.83,670.17,316.75,91.76,411.14,47.95,19.13,3.4,10.28,0.59,0.33,,,,,11.32,71.75,0.31,151.0,,0.0,12.67,740.0,
2016-01-17 23:00:00,367.67,996.0,416.19,90.58,,45.92,21.5,4.17,12.59,0.9,1.52,,,,,10.84,73.42,0.3,82.92,,0.0,12.67,740.0,
2016-01-18 00:00:00,412.83,996.0,,110.26,,48.53,21.15,2.88,14.32,1.22,3.99,,,,,10.08,74.5,0.3,142.67,,0.0,12.58,740.0,
2016-01-18 01:00:00,469.17,959.83,452.85,76.15,,61.59,18.66,2.49,14.22,1.78,2.98,,,,,9.68,76.09,0.3,114.33,,0.0,12.58,740.0,
2016-01-18 02:00:00,450.33,779.33,458.58,62.52,,70.8,19.28,2.75,18.83,2.09,2.73,,,,,9.38,77.5,0.3,83.34,,0.0,12.58,740.0,
2016-01-18 03:00:00,430.67,781.0,,58.68,,74.55,21.74,3.05,21.12,2.44,3.65,,,,,8.96,78.08,0.3,69.0,,0.0,12.67,740.0,
2016-01-18 04:00:00,446.33,781.0,,62.22,,68.22,23.18,2.34,12.76,2.74,3.68,,,,,8.65,79.0,0.3,197.25,,0.0,12.92,740.0,
2016-01-18 05:00:00,416.5,766.17,476.85,56.51,,53.9,22.77,1.52,10.04,1.91,1.78,,,,,8.93,79.84,0.36,221.33,,0.0,12.5,740.0,
2016-01-18 06:00:00,331.67,692.0,,59.28,,54.82,26.52,2.28,13.69,1.18,0.88,,,,,9.02,80.0,0.3,215.42,,0.0,13.0,740.0,
2016-01-18 07:00:00,326.33,710.33,,81.47,,61.88,,2.97,14.81,1.26,0.77,,,,,9.31,80.25,0.3,205.75,,0.0,137.67,740.0,
2016-01-18 08:00:00,355.83,788.17,,100.33,,76.09,,2.87,16.7,1.38,0.75,,,,,11.36,79.41,0.34,256.08,,0.0,406.34,740.0,
2016-01-18 09:00:00,346.67,702.83,303.6,250.72,487.87,95.55,,1.26,6.86,1.82,1.48,,,,,14.48,72.08,0.3,274.5,,0.0,434.17,740.0,
2016-01-18 10:00:00,353.17,628.33,84.4,151.91,249.96,248.94,6.12,0.1,8.86,1.83,1.48,,,,,17.06,59.92,0.65,241.58,,0.0,440.75,740.0,
2016-01-18 11:00:00,381.17,660.0,95.68,164.99,277.67,139.69,14.62,0.8,18.42,1.25,1.02,,,,,17.96,53.5,0.91,211.92,,0.0,439.42,740.0,
2016-01-18 12:00:00,523.67,652.33,28.64,101.81,130.12,92.86,16.76,,14.3,0.48,0.45,,,,,19.28,47.25,1.12,200.08,,0.0,446.0,740.0,
2016-01-18 13:00:00,292.0,594.17,38.55,104.02,145.3,74.12,15.8,0.86,23.06,0.21,,,,,,20.37,42.0,1.12,226.75,,0.0,443.83,740.0,
2016-01-18 14:00:00,213.88,486.75,22.19,90.64,111.03,64.08,16.5,0.72,25.7,,,,,,,20.55,38.58,1.26,233.12,,0.0,431.5,740.0,
2016-01-18 15:00:00,190.67,443.34,67.05,112.86,192.15,58.25,14.9,0.8,17.48,,,,,,,19.58,39.17,1.3,284.0,,0.0,416.67,740.0,
2016-01-18 16:00:00,185.33,484.83,111.82,121.93,261.48,59.04,16.26,0.74,19.67,,,,,,,18.53,39.0,0.91,286.75,,0.0,363.25,740.0,
2016-01-18 17:00:00,177.67,563.83,216.77,134.7,353.07,64.52,16.92,1.41,12.81,0.3,0.4,,,,,16.48,42.67,0.71,290.25,,0.0,104.0,740.0,
2016-01-18 18:00:00,216.33,638.0,276.61,135.12,394.35,65.63,17.69,2.47,8.22,1.02,1.17,,,,,14.63,49.25,0.46,260.59,,0.0,12.75,740.0,
2016-01-18 19:00:00,268.0,564.0,99.16,100.91,225.32,79.82,12.75,1.69,8.06,1.25,2.12,,,,,13.96,63.25,0.48,199.5,,0.0,12.66,740.0,
2016-01-18 20:00:00,278.17,580.83,110.59,85.4,227.15,75.09,13.39,2.33,7.0,1.39,1.88,,,,,13.12,69.83,0.36,139.67,,0.0,12.58,740.0,
2016-01-18 21:00:00,329.67,634.17,47.09,68.14,125.04,69.43,12.92,1.36,8.27,0.8,0.71,,,,,12.68,74.25,0.4,162.08,,0.0,12.42,740.0,
2016-01-18 22:00:00,330.5,479.67,66.33,59.14,143.25,67.98,13.46,1.15,10.23,0.48,0.35,,,,,11.94,77.0,0.4,153.25,,0.0,12.25,740.0,
2016-01-18 23:00:00,332.0,493.17,70.91,48.05,139.67,72.33,13.84,1.31,12.15,0.43,,,,,,11.1,78.58,0.4,114.83,,0.0,12.58,740.0,
2016-01-19 00:00:00,386.5,557.67,27.07,48.99,80.59,73.5,11.17,0.68,12.86,0.52,0.37,,,,,10.37,80.0,0.57,226.67,,0.0,12.58,740.0,
2016-01-19 01:00:00,298.17,476.67,24.61,50.08,77.97,81.04,9.88,0.49,7.91,0.5,0.22,,,,,9.94,81.0,0.57,257.0,,0.0,12.67,740.0,
2016-01-19 02:00:00,243.5,366.83,38.57,54.89,101.58,82.74,10.08,0.63,7.2,0.52,0.46,,,,,9.93,82.0,0.56,277.75,,0.0,12.75,740.0,
2016-01-19 03:00:00,235.17,411.67,30.61,53.67,89.58,77.93,9.36,0.95,5.92,0.62,0.55,,,,,9.88,82.0,0.63,254.42,,0.0,12.58,740.0,
2016-01-19 04:00:00,204.83,343.17,48.76,55.9,116.49,64.94,11.83,1.03,7.25,0.57,0.34,,,,,9.85,82.0,0.8,277.75,,0.0,12.58,740.0,
2016-01-19 05:00:00,196.67,362.33,110.19,53.39,198.12,54.98,12.35,1.1,10.76,0.24,,,,,,9.75,82.0,1.04,280.58,,0.0,12.58,740.0,
2016-01-19 06:00:00,190.33,385.17,97.28,52.82,174.86,53.29,12.88,1.14,9.99,,,,,,,9.76,82.0,0.96,270.42,,0.0,12.5,740.0,
2016-01-19 07:00:00,220.5,420.0,98.18,54.47,182.62,54.9,12.58,1.21,11.14,0.26,,,,,,10.1,82.0,0.98,210.92,,0.0,39.25,740.0,
2016-01-19 08:00:00,243.33,443.0,146.41,59.78,253.21,58.31,13.07,1.56,12.5,0.2,,,,,,10.46,81.92,0.89,233.58,,0.0,86.0,740.0,
2016-01-19 09:00:00,277.17,459.33,189.78,67.26,255.92,74.81,14.49,1.56,4.72,0.25,,,,,,11.0,80.58,0.94,222.25,,0.0,296.58,740.0,
2016-01-19 10:00:00,315.67,488.83,60.67,53.96,130.48,257.68,12.53,1.14,10.28,0.46,,,,,,11.56,78.75,0.68,229.33,,0.0,358.25,740.0,
2016-01-19 11:00:00,332.0,604.83,75.11,59.76,155.88,125.78,15.18,1.33,10.28,0.65,0.34,,,,,12.32,76.75,0.73,241.25,,0.0,415.25,740.0,
2016-01-19 12:00:00,354.17,623.67,109.31,70.87,212.41,92.34,15.39,1.59,8.2,0.88,0.3,,,,,13.38,72.91,0.92,224.17,,0.0,416.16,740.0,
2016-01-19 13:00:00,386.67,656.33,64.03,69.07,148.96,72.36,14.72,1.22,10.53,0.69,0.3,,,,,13.63,71.25,0.88,191.0,,0.0,416.5,740.0,
2016-01-19 14:00:00,366.5,584.83,29.68,65.55,98.92,62.88,14.96,0.85,11.93,0.37,,,,,,14.58,67.58,1.04,159.08,,0.0,411.67,740.0,
2016-01-19 15:00:00,355.0,625.67,79.3,79.78,179.32,60.68,15.32,1.1,10.42,0.28,,,,,,14.55,67.08,0.51,216.83,,0.0,362.0,740.0,
2016-01-19 16:00:00,386.83,678.0,97.8,90.73,214.37,69.25,16.54,1.23,12.9,0.23,0.1,,,,,14.46,66.33,0.48,244.42,,0.0,327.41,740.0,
2016-01-19 17:00:00,400.83,773.67,150.88,84.62,281.6,79.86,15.98,1.57,8.08,0.82,0.5,,,,,13.23,69.83,0.41,282.08,,0.0,80.83,740.0,
2016-01-19 18:00:00,418.67,770.33,136.81,80.11,258.22,79.53,14.09,1.8,8.06,1.47,1.31,,,,,12.12,73.33,0.38,188.33,,0.0,12.58,740.0,
2016-01-19 19:00:00,384.0,743.0,248.88,78.81,409.98,75.02,15.55,2.16,6.96,1.39,1.54,,,,,11.42,75.58,0.3,286.5,,0.0,12.58,740.0,
2016-01-19 20:00:00,369.5,767.83,214.14,86.31,369.3,67.45,12.93,2.44,9.38,1.96,2.0,,,,,11.57,76.0,0.46,271.33,,0.0,12.58,740.0,
2016-01-19 21:00:00,375.5,732.17,162.69,81.46,294.76,59.58,11.47,2.86,10.09,1.44,1.73,,,,,11.22,77.0,0.38,204.5,,0.0,12.42,740.0,
2016-01-19 22:00:00,395.17,679.83,196.6,96.72,354.53,55.38,11.94,2.24,11.56,1.42,1.71,,,,,10.94,76.5,0.75,287.09,,0.0,12.67,740.0,
2016-01-19 23:00:00,393.0,639.17,67.02,64.61,149.11,51.9,9.36,1.12,11.6,0.59,0.42,,,,,10.42,77.0,0.92,256.59,,0.0,12.5,740.0,
2016-01-20 00:00:00,317.67,499.67,20.32,42.95,66.01,52.08,11.58,0.84,11.58,0.29,,,,,,9.96,78.75,0.57,213.08,,0.0,12.58,740.0,
2016-01-20 01:00:00,284.5,441.5,9.19,43.37,51.2,64.86,12.4,0.81,9.11,0.27,,,,,,10.11,80.0,0.75,197.34,,0.0,12.83,740.0,
2016-01-20 02:00:00,359.0,517.33,12.98,43.55,56.53,67.15,13.15,0.72,7.89,0.28,,,,,,10.26,80.0,0.65,216.34,,0.0,12.67,740.0,
2016-01-20 03:00:00,277.75,434.33,18.43,41.38,62.05,65.02,13.57,1.09,7.9,0.31,,,,,,9.98,80.0,0.67,183.25,,0.0,12.33,740.0,
2016-01-20 04:00:00,329.83,433.83,24.59,44.65,73.36,56.58,12.66,1.16,8.54,0.35,,,,,,9.96,80.0,0.86,130.0,,0.0,12.42,740.0,
2016-01-20 05:00:00,292.0,428.33,46.88,41.04,100.57,46.12,12.76,1.06,9.8,0.26,,,,,,10.16,80.0,0.61,190.58,,0.0,12.33,740.0,
2016-01-20 06:00:00,323.5,460.17,189.57,73.22,324.44,45.97,14.72,1.39,11.06,0.3,,,,,,10.56,79.25,1.23,269.59,,0.0,12.5,740.0,
2016-01-20 07:00:00,283.17,502.67,303.83,79.22,410.55,49.05,16.75,1.86,10.88,0.24,,,,,,10.86,77.33,1.3,278.0,,0.0,37.0,740.0,
2016-01-20 08:00:00,302.5,586.17,178.91,72.76,309.17,46.65,11.97,1.39,10.21,0.27,,,,,,10.61,77.0,1.31,290.5,,0.0,107.5,740.0,
2016-01-20 09:00:00,340.5,580.67,154.11,85.18,286.28,58.34,12.3,1.04,9.3,0.3,,,,,,10.89,75.58,1.28,284.83,,0.0,274.84,740.0,
2016-01-20 10:00:00,320.0,554.17,135.79,77.04,254.45,209.51,14.07,1.05,10.07,0.39,0.3,,,,,11.79,72.0,1.19,282.58,,0.0,387.25,740.0,
2016-01-20 11:00:00,328.67,590.17,80.63,87.34,187.88,113.01,13.32,1.12,8.61,0.39,0.33,,,,,12.92,67.25,1.12,281.34,,0.0,430.08,740.0,
2016-01-20 12:00:00,322.33,638.17,74.41,99.85,190.57,76.47,12.68,1.26,10.44,0.55,0.29,,,,,14.76,60.0,1.49,257.58,,0.0,444.08,740.0,
2016-01-20 13:00:00,323.33,628.33,66.17,112.48,190.58,60.33,11.86,1.15,13.98,0.5,0.31,,,,,15.55,56.0,1.54,283.67,,0.0,441.0,740.0,
2016-01-20 14:00:00,319.5,648.67,60.13,105.88,176.47,54.72,11.39,0.94,18.03,0.38,0.27,,,,,15.4,56.0,1.5,282.25,,0.0,436.0,740.0,
2016-01-20 15:00:00,315.83,652.5,74.93,107.15,197.82,49.09,10.93,0.76,16.35,0.22,0.3,,,,,14.87,57.0,1.37,281.17,,0.0,421.66,740.0,
2016-01-20 16:00:00,310.0,687.17,67.71,105.72,186.64,55.1,11.69,0.63,16.08,0.3,0.32,,,,,13.92,59.66,1.06,291.08,,0.0,356.25,740.0,
2016-01-20 17:00:00,313.67,596.33,133.29,100.91,271.97,64.21,12.34,0.76,9.28,0.56,0.53,,,,,12.64,63.75,0.97,293.75,,0.0,88.5,740.0,
2016-01-20 18:00:00,322.17,559.25,93.33,81.42,200.03,64.63,11.02,0.94,7.76,0.61,0.77,,,,,11.59,67.75,0.7,256.5,,0.0,12.83,740.0,
2016-01-20 19:00:00,275.67,477.0,121.85,79.84,237.55,57.32,11.28,1.37,8.41,0.59,0.98,,,,,11.26,69.17,1.15,288.17,,0.0,12.66,740.0,
2016-01-20 20:00:00,288.5,500.67,100.57,72.03,201.58,52.94,12.56,1.83,8.34,0.92,1.24,,,,,10.66,71.67,0.58,288.75,,0.0,12.33,740.0,
2016-01-20 21:00:00,284.0,508.25,76.94,62.71,160.94,46.9,11.97,1.9,9.74,0.73,0.85,,,,,9.99,73.75,0.45,137.5,,0.0,12.58,740.0,
2016-01-20 22:00:00,274.83,439.33,90.84,60.85,178.27,42.28,12.06,1.08,9.64,0.59,0.84,,,,,9.48,75.33,0.38,148.58,,0.0,12.58,740.0,
2016-01-20 23:00:00,275.33,460.83,43.08,56.62,109.28,40.13,11.41,0.7,11.0,0.44,0.52,,,,,9.24,76.67,0.51,155.25,,0.0,12.5,740.0,
2016-01-21 00:00:00,255.67,408.33,32.09,60.72,97.93,43.05,12.82,0.85,11.88,0.28,0.31,,,,,9.31,77.42,0.66,230.17,,0.0,12.25,740.0,
2016-01-21 01:00:00,248.0,392.33,19.85,54.68,75.84,51.01,12.82,0.6,9.01,0.47,0.4,,,,,9.18,77.66,0.97,228.17,,0.0,12.75,740.0,
2016-01-21 02:00:00,236.33,342.83,10.82,39.42,49.88,53.77,12.2,0.42,8.91,0.29,,,,,,8.82,78.42,1.19,265.83,,0.0,12.5,740.0,
2016-01-21 03:00:00,202.5,289.75,18.98,42.81,64.09,53.69,12.22,0.63,8.34,0.2,,,,,,8.82,78.5,1.23,273.92,,0.0,12.75,740.0,
2016-01-21 04:00:00,198.0,308.67,44.31,41.42,97.41,49.11,12.18,0.89,9.61,,,,,,,8.62,77.92,1.45,266.0,,0.0,12.58,740.0,
2016-01-21 05:00:00,183.0,292.67,75.48,48.62,146.09,37.12,12.32,0.93,11.8,,,,,,,8.18,76.75,1.38,283.0,,0.0,12.42,740.0,
2016-01-21 06:00:00,162.33,238.5,73.32,49.73,144.48,37.82,12.38,0.84,12.04,,,,,,,8.05,75.17,1.35,284.67,,0.0,12.67,740.0,
2016-01-21 07:00:00,183.5,327.5,125.56,58.03,223.2,38.54,13.1,0.89,11.15,,,,,,,7.79,74.08,1.38,287.75,,0.0,105.0,740.0,
2016-01-21 08:00:00,186.17,345.5,239.83,72.32,392.23,32.48,13.63,1.49,13.16,,,,,,,8.57,72.25,1.39,286.0,,0.0,363.34,740.0,
2016-01-21 09:00:00,215.17,401.83,170.13,77.93,301.88,39.25,13.01,1.44,5.56,,,,,,,9.93,67.75,1.47,281.08,,0.0,436.42,740.0,
2016-01-21 10:00:00,232.5,416.33,127.48,74.46,238.66,160.38,13.71,1.21,10.68,0.22,,,,,,11.74,61.33,1.59,280.42,,0.0,455.08,740.0,
2016-01-21 11:00:00,240.0,406.17,70.41,82.04,169.23,86.81,13.95,0.98,11.51,0.24,,,,,,13.78,55.0,1.42,267.75,,0.0,456.75,740.0,
2016-01-21 12:00:00,236.83,472.83,60.2,92.12,164.31,60.87,13.63,1.08,11.47,0.32,0.26,,,,,15.38,49.42,1.54,261.41,,0.0,455.92,740.0,
2016-01-21 13:00:00,217.83,464.83,55.61,95.68,161.18,47.47,12.93,1.02,15.04,0.26,,,,,,16.21,45.59,1.61,265.58,,0.0,452.67,740.0,
2016-01-21 14:00:00,201.83,416.67,131.4,111.05,278.39,42.52,14.26,1.27,14.84,,,,,,,16.87,43.0,1.75,284.42,,0.0,439.92,740.0,
2016-01-21 15:00:00,200.83,481.0,89.56,107.1,217.71,42.04,14.28,1.01,15.61,,,,,,,17.01,44.17,1.46,278.25,,0.0,428.33,740.0,
2016-01-21 16:00:00,198.33,483.17,64.98,97.29,175.46,44.82,14.79,0.76,18.48,,0.33,,,,,15.89,47.0,1.26,272.91,,0.0,380.58,740.0,
2016-01-21 17:00:00,193.33,455.0,88.51,85.26,196.85,48.82,14.28,0.91,12.88,0.2,0.21,,,,,13.97,53.58,0.84,271.17,,0.0,110.0,740.0,
2016-01-21 18:00:00,210.67,397.33,84.49,82.98,189.35,50.69,13.74,1.47,11.54,0.3,0.38,,,,,12.3,60.84,0.52,173.58,,0.0,12.5,740.0,
2016-01-21 19:00:00,237.83,492.5,98.36,79.94,205.54,63.46,14.91,2.15,11.73,0.93,1.12,,,,,11.27,66.66,0.58,152.08,,0.0,12.75,740.0,
2016-01-21 20:00:00,352.33,640.67,82.43,80.68,184.36,58.34,13.1,1.06,8.98,1.17,0.77,,,,,10.51,69.67,0.98,142.92,,0.0,12.5,740.0,
2016-01-21 21:00:00,332.17,545.5,79.72,56.6,159.3,51.32,12.52,1.11,10.78,0.62,0.38,,,,,9.33,72.75,1.23,78.75,,0.0,12.42,740.0,
2016-01-21 22:00:00,346.67,549.67,70.73,47.86,139.24,47.46,11.96,1.02,10.85,0.78,0.18,,,,,8.57,75.08,0.8,71.08,,0.0,12.33,740.0,
2016-01-21 23:00:00,349.83,562.17,149.76,40.73,240.83,46.6,15.3,1.49,11.19,0.68,1.78,,,,,8.05,76.42,0.33,50.42,,0.0,12.33,740.0,
2016-01-22 00:00:00,388.83,688.17,195.31,45.55,307.34,43.27,14.61,1.21,11.99,0.68,1.03,,,,,7.77,77.25,0.31,78.5,,0.0,12.25,740.0,
2016-01-22 01:00:00,334.0,579.83,141.44,42.7,231.19,54.34,13.16,0.69,14.39,0.73,1.2,,,,,7.32,78.0,0.37,75.09,,0.0,12.58,740.0,
2016-01-22 02:00:00,312.33,522.83,52.87,40.21,108.02,54.93,9.89,0.25,8.78,0.61,0.48,,,,,6.77,79.0,0.36,85.83,,0.0,12.75,740.0,
2016-01-22 03:00:00,304.0,446.5,41.32,36.89,89.3,49.12,8.93,0.1,7.8,0.4,,,,,,6.22,79.92,0.64,61.75,,0.0,12.34,740.0,
2016-01-22 04:00:00,304.0,322.17,30.97,29.7,68.75,45.34,10.69,0.1,7.56,0.34,,,,,,5.4,80.58,1.25,77.42,,0.0,12.5,740.0,
2016-01-22 05:00:00,278.67,215.83,130.56,34.14,208.68,38.35,14.61,0.18,13.23,0.23,0.6,,,,,5.77,81.66,0.43,176.33,,0.0,12.67,740.0,
2016-01-22 06:00:00,155.83,247.5,128.09,41.78,212.16,37.17,16.27,0.18,12.11,0.5,0.69,,,,,5.83,82.0,0.46,204.92,,0.0,12.58,740.0,
2016-01-22 07:00:00,174.33,325.83,104.82,45.85,184.01,36.77,16.22,0.2,12.58,0.28,0.44,,,,,6.0,82.67,0.98,178.25,,0.0,55.0,740.0,
2016-01-22 08:00:00,176.5,297.0,78.05,51.23,152.23,39.05,14.68,0.4,12.61,0.28,0.25,,,,,7.04,82.92,1.37,128.75,,0.0,253.42,740.0,
2016-01-22 09:00:00,220.67,413.5,64.42,91.79,169.78,50.26,16.63,0.74,5.75,0.48,0.7,,,,,7.91,82.0,1.53,123.84,,0.0,430.08,740.0,
2016-01-22 10:00:00,313.0,573.67,47.54,93.25,147.95,146.14,21.82,0.77,10.76,0.49,0.48,,,,,10.14,78.38,1.84,120.29,,0.0,455.29,740.0,
2016-01-22 11:00:00,359.33,582.5,32.36,98.39,131.86,108.24,26.52,0.74,13.32,0.57,0.59,,,,,12.72,66.33,2.43,123.42,,0.0,461.75,740.0,
2016-01-22 12:00:00,352.83,543.0,23.78,88.8,111.62,70.08,21.67,0.48,13.87,0.62,1.11,,,,,13.59,60.17,3.05,97.5,,0.0,464.25,740.0,
2016-01-22 13:00:00,286.67,455.5,12.27,82.49,90.22,60.38,20.07,0.41,21.1,0.24,0.58,,,,,15.06,55.75,2.88,98.67,,0.0,457.08,740.0,
2016-01-22 14:00:00,288.5,450.83,7.83,81.74,83.55,52.78,19.88,0.52,27.58,0.28,0.24,,,,,16.12,53.17,2.88,103.25,,0.0,440.67,740.0,
2016-01-22 15:00:00,304.33,494.5,6.66,84.86,84.69,54.59,19.01,0.46,28.04,0.29,0.27,,,,,16.14,53.5,2.37,108.25,,0.0,427.66,740.0,
2016-01-22 16:00:00,291.33,507.67,7.09,87.35,87.52,55.96,18.15,0.3,24.24,0.1,0.2,,,,,15.42,55.42,2.29,105.84,,0.0,379.92,740.0,
2016-01-22 17:00:00,272.17,463.33,17.87,100.08,113.57,67.63,16.63,0.46,13.83,0.25,0.33,,,,,14.02,59.33,1.64,120.75,,0.0,111.58,740.0,
2016-01-22 18:00:00,296.83,474.17,36.65,165.14,197.18,63.31,14.82,0.95,8.4,25.51,38.88,,,,,12.68,66.25,1.19,123.0,,0.0,12.92,740.0,
2016-01-22 19:00:00,327.5,491.67,79.56,112.81,209.18,83.93,16.0,1.94,8.06,36.77,60.4,,,,,11.93,70.41,0.78,137.34,,0.0,12.42,740.0,
2016-01-22 20:00:00,380.67,588.33,84.63,93.62,199.0,97.68,14.28,2.04,9.56,40.06,67.19,,,,,11.61,72.17,1.12,146.83,,0.0,12.58,740.0,
2016-01-22 21:00:00,362.33,525.17,83.89,85.9,191.09,81.48,13.41,1.9,9.74,41.28,60.3,,,,,11.21,73.5,1.01,139.75,,0.0,12.42,740.0,
2016-01-22 22:00:00,378.0,504.17,66.58,79.87,162.08,77.6,11.95,1.58,12.3,38.72,52.72,,,,,10.69,74.58,0.73,125.25,,0.0,12.67,740.0,
2016-01-22 23:00:00,369.67,515.33,119.59,68.37,224.24,77.16,12.72,1.68,11.08,35.28,51.32,,,,,9.87,75.5,0.33,101.75,,0.0,12.58,740.0,
2016-01-23 00:00:00,362.5,523.33,261.27,64.83,382.38,79.67,15.8,2.16,11.78,37.58,99.64,,,,,8.99,77.5,0.3,82.67,,0.0,12.33,740.0,
2016-01-23 01:00:00,407.17,663.33,192.82,57.85,314.88,88.72,15.82,1.91,12.42,37.95,204.1,,,,,8.43,78.67,0.3,138.08,,0.0,12.58,740.0,
2016-01-23 02:00:00,406.0,592.0,168.13,51.78,275.75,88.48,18.88,2.05,15.91,41.29,187.7,,,,,8.3,79.58,0.33,106.16,,0.0,12.75,740.0,
2016-01-23 03:00:00,464.33,643.33,166.82,48.29,270.84,86.8,19.22,1.94,12.1,44.64,151.59,,,,,8.24,80.5,0.5,71.16,,0.0,12.5,740.0,
2016-01-23 04:00:00,422.33,593.83,160.66,46.52,260.85,73.89,15.36,1.51,10.11,38.48,121.24,,,,,7.91,80.75,0.36,74.08,,0.0,12.58,740.0,
2016-01-23 05:00:00,387.83,563.0,204.98,40.66,316.14,64.64,15.1,1.88,13.86,36.85,136.03,,,,,7.42,81.0,0.42,68.33,,0.0,12.33,740.0,
2016-01-23 06:00:00,449.67,563.0,323.78,39.58,407.67,61.93,21.1,2.62,16.96,48.71,182.52,,,,,6.67,81.17,0.34,78.75,,0.0,12.92,740.0,
2016-01-23 07:00:00,508.0,559.33,219.8,46.48,258.09,62.69,19.0,1.88,12.92,47.92,203.2,,,,,7.18,81.92,0.88,119.17,,0.0,108.58,740.0,
2016-01-23 08:00:00,343.83,512.83,58.12,52.46,126.12,61.49,13.22,1.0,14.57,36.29,96.27,,,,,7.55,82.0,1.63,120.08,,0.0,373.67,740.0,
2016-01-23 09:00:00,274.33,379.0,45.24,68.61,122.87,75.12,14.1,1.0,6.7,34.3,65.17,,,,,10.07,79.84,2.07,124.75,,0.0,451.58,740.0,
2016-01-23 10:00:00,296.5,430.17,23.42,84.6,107.16,182.12,13.52,1.05,12.47,31.63,47.75,,,,,12.47,71.5,2.46,119.08,,0.0,456.67,740.0,
2016-01-23 11:00:00,368.5,515.33,23.58,90.57,112.93,116.23,19.25,0.84,16.45,31.65,62.52,,,,,16.23,58.34,1.99,163.67,,0.0,454.67,740.0,
2016-01-23 12:00:00,319.17,505.5,7.15,67.67,70.05,84.59,17.57,0.33,20.78,27.5,49.54,,,,,18.46,49.83,1.85,153.67,,0.0,453.0,740.0,
2016-01-23 13:00:00,209.67,355.5,7.32,70.91,73.2,67.36,14.88,0.42,25.22,25.04,45.1,,,,,19.97,43.42,2.07,123.42,,0.0,443.58,740.0,
2016-01-23 14:00:00,205.17,396.0,6.09,65.56,66.72,59.22,14.65,0.21,32.28,23.78,40.15,,,,,20.49,40.25,1.94,128.58,,0.0,426.5,740.0,
2016-01-23 15:00:00,189.33,406.17,4.36,68.93,67.37,56.92,15.37,0.18,33.52,20.37,39.93,,,,,19.91,40.5,2.22,118.25,,0.0,413.75,740.0,
2016-01-23 16:00:00,181.67,390.5,11.48,96.49,101.64,61.3,20.41,0.24,24.58,20.87,65.15,,,,,19.23,41.84,1.66,106.75,,0.0,348.0,740.0,
2016-01-23 17:00:00,187.83,457.67,46.85,104.08,156.7,75.2,22.2,0.72,13.17,24.43,80.5,,,,,17.62,48.25,0.97,115.42,,0.0,89.92,740.0,
2016-01-23 18:00:00,218.33,581.0,303.74,112.4,459.28,78.62,26.27,2.01,9.0,40.25,127.68,,,,,15.56,55.75,0.41,239.17,,0.0,12.75,740.0,
2016-01-23 19:00:00,329.83,,255.28,100.83,416.58,85.06,10.14,3.64,10.0,52.88,164.28,,,,,14.11,66.25,0.31,199.08,,0.0,12.67,740.0,
2016-01-23 20:00:00,495.5,859.0,128.38,80.66,247.17,76.82,16.55,3.61,12.53,58.93,167.15,,,,,13.46,71.92,0.5,151.25,,0.0,12.42,740.0,
2016-01-23 21:00:00,580.83,844.83,59.31,62.69,136.87,66.39,16.65,2.31,10.7,50.48,94.48,,,,,12.6,74.5,0.62,200.5,,0.0,12.42,740.0,
2016-01-23 22:00:00,578.83,765.33,54.06,55.84,123.57,59.69,15.75,1.29,12.04,42.98,54.96,,,,,11.66,76.25,0.38,125.42,,0.0,12.58,740.0,
2016-01-23 23:00:00,507.67,738.5,,,,,17.9,1.32,11.29,41.57,50.22,,,,,10.86,77.83,0.3,218.42,,0.0,12.75,740.0,
2016-01-24 00:00:00,557.5,808.67,,,,,20.08,1.46,13.56,43.23,56.68,,,,,10.44,79.0,0.38,127.92,,0.0,12.5,740.0,
2016-01-24 01:00:00,570.0,747.33,,,,,28.02,1.7,10.36,45.19,62.86,,,,,9.9,79.92,0.38,81.5,,0.0,12.42,740.0,
2016-01-24 02:00:00,589.0,737.5,,,,,44.05,1.44,9.12,45.52,56.05,,,,,9.42,80.66,0.52,107.25,,0.0,12.5,740.0,
2016-01-24 03:00:00,574.67,701.33,,,,,48.24,1.45,7.63,46.82,54.39,,,,,8.99,81.25,0.75,104.42,,0.0,12.5,740.0,
2016-01-24 04:00:00,603.33,753.67,,,,,14.7,1.09,10.09,40.85,64.53,,,,,8.74,82.0,0.52,234.5,,0.0,12.75,740.0,
2016-01-24 05:00:00,336.17,451.67,,,,,14.92,1.17,10.2,38.03,57.61,,,,,7.88,82.0,0.94,289.25,,0.0,12.58,740.0,
2016-01-24 06:00:00,247.67,317.83,,,,,15.42,1.4,10.46,37.61,56.56,,,,,7.44,82.5,0.76,284.34,,0.0,12.67,740.0,
2016-01-24 07:00:00,279.75,419.38,,,,,16.27,1.39,11.28,41.13,59.5,,,,,7.75,83.0,0.49,281.83,,0.0,54.58,740.0,
2016-01-24 08:00:00,305.38,508.62,,,,,20.91,1.48,12.44,40.01,51.23,,,,,8.0,83.0,0.62,251.25,,0.0,233.08,740.0,
2016-01-24 09:00:00,306.75,533.0,,,,,,1.62,7.06,42.14,47.74,,,,,8.98,82.33,0.6,283.17,,0.0,394.84,740.0,
2016-01-24 10:00:00,358.0,569.83,,,,,,1.42,9.74,42.42,41.72,,,,,10.73,79.58,0.64,250.67,,0.0,439.34,740.0,
2016-01-24 11:00:00,439.38,623.67,,,,,,1.88,9.33,44.95,53.44,,,,,13.67,69.33,0.89,244.58,,0.0,450.58,740.0,
2016-01-24 12:00:00,464.25,709.5,,,,,,1.94,10.28,48.05,67.28,,,,,15.35,58.25,1.08,248.5,,0.0,449.5,740.0,
2016-01-24 13:00:00,420.25,643.5,,,,,,1.06,13.89,45.55,69.22,,,,,15.48,55.59,1.16,262.41,,0.0,446.92,740.0,
2016-01-24 14:00:00,389.88,636.67,,,,,,0.65,16.19,40.62,66.43,,,,,15.46,56.42,1.19,248.92,,0.0,438.5,740.0,
2016-01-24 15:00:00,358.83,676.83,,,,,,0.53,15.84,37.1,70.15,,,,,15.78,56.42,1.09,257.5,,0.0,425.5,740.0,
2016-01-24 16:00:00,338.33,604.83,,,,,,0.41,14.86,34.38,68.66,,,,,14.86,59.17,1.04,283.0,,0.0,379.17,740.0,
2016-01-24 17:00:00,296.17,577.0,,,,,,0.57,10.25,35.72,68.99,,,,,12.82,65.33,1.04,286.67,,0.0,113.17,740.0,
2016-01-24 18:00:00,327.17,586.0,,,,,,1.32,7.7,35.6,74.52,,,,,10.74,71.92,0.93,275.5,,0.0,12.92,740.0,
2016-01-24 19:00:00,329.5,551.17,,,,,,1.47,6.7,35.52,73.49,,,,,10.11,75.83,1.14,267.41,,0.0,12.33,740.0,
2016-01-24 20:00:00,334.67,521.17,,,,,,1.32,7.47,35.64,62.71,,,,,9.64,77.42,1.08,239.66,,0.0,12.25,740.0,
2016-01-24 21:00:00,323.67,490.0,,,,,,1.11,10.61,34.68,58.95,,,,,9.29,78.16,0.94,216.83,,0.0,12.5,740.0,
2016-01-24 22:00:00,317.17,469.17,,,,,,0.94,9.82,31.02,44.53,,,,,8.83,79.0,0.68,276.41,,0.0,12.58,740.0,
2016-01-24 23:00:00,265.17,411.33,,,,,,0.75,10.68,28.87,40.25,,,,,8.59,79.0,0.61,236.58,,0.0,12.75,740.0,
2016-01-25 00:00:00,247.17,388.5,,,,,,1.03,12.81,27.88,39.62,,,,,8.29,79.0,0.89,263.66,,0.0,12.33,740.0,
2016-01-25 01:00:00,227.17,356.0,,,,,,0.8,9.03,26.89,39.16,,,,,7.94,79.0,0.89,283.16,,0.0,12.58,740.0,
2016-01-25 02:00:00,224.33,306.83,,,,,,0.75,7.45,25.37,32.26,,,,,7.44,79.58,0.77,245.59,,0.0,12.66,740.0,
2016-01-25 03:00:00,224.5,307.33,,,,,,0.65,6.59,21.21,28.77,,,,,7.4,79.33,0.55,217.58,,0.0,12.34,740.0,
2016-01-25 04:00:00,190.5,286.17,,,,,,0.59,8.02,19.04,25.2,,,,,6.93,79.08,0.88,268.5,,0.0,12.33,740.0,
2016-01-25 05:00:00,181.67,270.0,,,,,,0.88,9.46,18.32,22.44,,,,,6.71,79.0,0.86,270.17,,0.0,12.08,740.0,
2016-01-25 06:00:00,180.33,278.83,,,,,,1.41,10.47,18.42,26.4,,,,,6.83,78.33,1.18,282.83,,0.0,12.67,740.0,
2016-01-25 07:00:00,205.5,376.33,,,,,,1.18,10.94,18.4,24.38,,,,,6.52,77.66,1.02,254.58,,0.0,83.17,740.0,
2016-01-25 08:00:00,199.5,395.38,,,,,,1.36,12.48,18.71,19.52,,,,,7.2,76.08,0.98,240.83,,0.0,309.91,740.0,
2016-01-25 09:00:00,216.88,420.17,,,,,,1.43,5.66,22.98,23.32,,,,,8.54,71.67,1.01,208.75,,0.0,433.5,740.0,
2016-01-25 10:00:00,270.67,465.33,154.88,131.66,328.78,330.52,15.75,1.27,11.59,24.98,28.36,,,,,10.94,63.08,1.48,269.66,,0.0,458.5,740.0,
2016-01-25 11:00:00,304.25,497.88,60.68,92.69,165.46,183.0,12.98,1.08,10.58,28.13,41.84,,,,,13.56,53.75,1.12,219.42,,0.0,457.5,740.0,
2016-01-25 12:00:00,319.25,582.67,36.99,103.08,142.38,118.0,12.78,1.31,13.56,34.0,55.78,,,,,15.64,45.84,1.31,218.67,,0.0,455.58,740.0,
2016-01-25 13:00:00,314.75,631.33,63.33,133.35,205.3,96.49,,1.39,14.2,36.22,62.71,,,,,16.92,43.0,1.26,275.92,,0.0,444.58,740.0,
2016-01-25 14:00:00,322.88,669.5,36.14,142.03,175.89,88.98,,1.49,16.85,39.23,70.38,,,,,17.53,42.17,1.02,240.83,,0.0,426.58,740.0,
2016-01-25 15:00:00,339.0,710.5,59.95,160.38,224.79,78.61,,1.54,17.42,38.99,82.78,,,,,18.59,37.16,1.22,253.75,,0.0,415.92,740.0,
2016-01-25 16:00:00,311.0,626.5,137.32,165.79,335.23,76.75,,1.31,14.04,37.92,79.99,,,,,17.28,36.58,1.24,288.66,,0.0,382.08,740.0,
2016-01-25 17:00:00,311.0,636.83,186.11,154.26,391.57,88.62,18.43,1.57,8.58,41.32,96.11,,,,,15.12,43.67,0.75,286.25,,0.0,126.08,740.0,
2016-01-25 18:00:00,308.17,706.33,123.34,111.76,268.02,95.73,16.27,1.68,6.44,44.38,98.47,,,,,12.62,54.25,0.59,206.58,,0.0,12.67,740.0,
2016-01-25 19:00:00,303.33,639.5,88.3,91.79,202.36,100.52,15.62,2.08,7.73,44.28,104.31,,,,,11.29,61.75,0.57,162.0,,0.0,12.33,740.0,
2016-01-25 20:00:00,364.83,800.5,114.52,84.15,231.43,90.38,15.94,2.24,9.97,49.83,119.31,,,,,10.86,65.92,0.79,133.58,,0.0,12.42,740.0,
2016-01-25 21:00:00,420.0,777.67,89.73,78.94,192.89,76.64,13.96,0.62,10.18,43.83,101.01,,,,,10.22,69.66,1.02,141.17,,0.0,12.67,740.0,
2016-01-25 22:00:00,324.5,569.5,56.43,64.24,134.31,75.66,12.56,0.16,10.48,33.51,44.76,,,,,9.33,73.66,1.28,92.08,,0.0,12.25,740.0,
2016-01-25 23:00:00,323.0,526.67,62.82,61.34,140.43,77.18,14.26,0.35,11.82,30.23,36.24,,,,,8.93,76.91,1.65,92.0,,0.0,12.42,740.0,
2016-01-26 00:00:00,336.17,488.0,72.85,64.5,156.95,85.3,24.32,1.33,12.94,30.9,37.34,,,,,9.1,79.42,1.33,96.33,,0.0,12.5,740.0,
2016-01-26 01:00:00,375.5,541.17,27.22,62.7,93.02,100.22,22.76,1.32,7.94,31.02,75.6,,,,,9.16,80.0,0.73,107.34,,0.0,12.5,740.0,
2016-01-26 02:00:00,362.67,479.5,18.87,57.48,76.98,99.78,20.74,1.21,6.92,30.55,54.05,,,,,9.01,80.42,0.43,154.25,,0.0,12.5,740.0,
2016-01-26 03:00:00,336.0,470.17,25.44,56.03,84.66,98.24,21.71,1.31,8.18,31.36,56.78,,,,,9.04,81.0,0.32,168.5,,0.0,12.92,740.0,
2016-01-26 04:00:00,336.0,495.5,56.69,56.45,127.73,84.3,22.16,1.24,9.68,30.68,62.76,,,,,9.0,81.0,0.58,134.5,,0.0,12.58,740.0,
2016-01-26 05:00:00,335.33,546.5,46.82,48.41,107.07,73.24,19.14,1.2,10.35,30.93,46.17,,,,,8.9,81.0,0.56,116.5,,0.0,12.84,740.0,
2016-01-26 06:00:00,332.83,563.83,81.84,46.67,153.33,69.67,18.78,1.24,11.08,30.56,47.25,,,,,8.76,81.0,0.67,137.5,,0.0,12.5,740.0,
2016-01-26 07:00:00,334.67,560.0,74.12,46.64,142.76,68.8,17.33,1.26,10.5,30.7,44.06,,,,,8.52,81.0,0.84,145.42,,0.0,56.08,740.0,
2016-01-26 08:00:00,329.83,565.0,117.52,56.08,210.47,71.34,24.3,1.35,12.24,31.96,47.93,,,,,9.01,81.0,0.61,204.08,,0.0,285.34,740.0,
2016-01-26 09:00:00,379.83,666.0,78.15,79.39,177.44,92.41,38.99,1.58,7.46,33.8,49.04,,,,,10.4,79.75,1.35,101.08,,0.0,425.58,740.0,
2016-01-26 10:00:00,461.5,668.33,20.25,92.78,110.2,176.88,25.91,1.42,9.43,33.06,49.33,,,,,13.14,72.0,1.43,127.42,,0.0,434.0,740.0,
2016-01-26 11:00:00,476.83,658.33,12.09,105.91,110.88,142.61,24.0,1.45,14.45,35.11,52.86,,,,,16.86,57.67,1.48,120.42,,0.0,447.17,740.0,
2016-01-26 12:00:00,480.83,675.33,22.81,110.36,129.45,104.88,28.16,1.35,13.0,36.11,50.55,,,,,18.5,48.17,2.07,128.92,,0.0,446.08,740.0,
2016-01-26 13:00:00,430.0,653.17,7.47,90.96,91.24,74.12,24.86,0.92,19.58,31.14,40.48,,,,,18.96,43.83,2.52,128.67,,0.0,441.67,740.0,
2016-01-26 14:00:00,430.0,528.33,4.95,77.54,75.83,67.02,19.58,0.63,25.84,25.04,31.0,,,,,19.7,41.92,2.64,113.08,,0.0,429.42,740.0,
2016-01-26 15:00:00,430.0,484.5,3.64,62.28,60.47,64.35,18.12,0.42,28.48,20.73,24.95,,,,,19.69,42.58,2.56,115.58,,0.0,417.75,740.0,
2016-01-26 16:00:00,390.83,406.83,4.54,75.69,73.64,63.48,20.37,0.39,25.99,19.6,23.02,,,,,18.82,43.16,2.38,109.75,,0.0,374.58,740.0,
2016-01-26 17:00:00,201.83,414.0,18.14,110.46,123.18,78.88,20.58,0.75,11.81,21.22,31.48,,,,,17.38,48.91,1.78,96.75,,0.0,123.75,740.0,
2016-01-26 18:00:00,248.33,480.5,54.48,119.34,180.71,91.36,19.61,1.6,7.61,28.9,43.22,,,,,15.79,60.0,1.64,88.84,,0.0,12.83,740.0,
2016-01-26 19:00:00,322.88,619.38,63.78,116.6,190.96,99.02,20.11,2.02,7.68,36.55,52.95,,,,,14.78,65.0,1.16,84.92,,0.0,12.67,740.0,
2016-01-26 20:00:00,410.5,652.38,33.91,104.93,139.79,90.98,12.88,1.55,7.88,36.93,49.12,,,,,14.12,67.25,1.36,86.67,,0.0,12.42,740.0,
2016-01-26 21:00:00,398.5,578.33,114.82,88.14,235.36,80.54,12.96,1.97,8.45,37.26,50.08,,,,,13.16,70.0,0.46,64.17,,0.0,12.58,740.0,
2016-01-26 22:00:00,439.25,654.33,201.53,90.96,356.27,83.02,14.91,2.34,10.94,39.86,55.06,,,,,12.76,72.41,0.48,88.92,,0.0,12.42,740.0,
2016-01-26 23:00:00,452.12,828.0,227.62,93.46,250.22,79.74,14.36,2.01,9.92,37.86,57.97,,,,,12.38,72.5,0.33,64.42,,0.0,12.75,740.0,
2016-01-27 00:00:00,428.33,709.67,218.5,106.38,317.31,86.64,13.91,1.11,12.75,38.72,61.22,,,,,12.31,72.09,0.64,100.83,,0.0,12.16,740.0,
2016-01-27 01:00:00,407.83,667.17,75.43,94.51,187.18,99.12,11.2,0.83,13.56,35.85,64.28,,,,,11.98,71.09,0.48,66.09,,0.0,12.75,740.0,
2016-01-27 02:00:00,402.33,558.5,162.73,88.44,301.06,102.79,13.68,1.98,15.5,37.86,73.16,,,,,11.35,73.17,0.3,169.58,,0.0,12.5,740.0,
2016-01-27 03:00:00,426.5,657.33,212.08,82.53,363.14,100.92,12.84,2.55,12.31,39.14,74.22,,,,,10.95,74.67,0.3,156.25,,0.0,12.42,740.0,
2016-01-27 04:00:00,409.83,629.5,227.83,78.12,380.76,85.98,14.02,1.82,9.56,38.5,73.97,,,,,10.96,74.92,0.3,117.16,,0.0,12.58,740.0,
2016-01-27 05:00:00,386.67,586.67,233.12,71.88,382.36,74.75,14.55,1.57,13.51,38.62,79.85,,,,,10.81,74.91,0.3,74.75,,0.0,12.42,740.0,
2016-01-27 06:00:00,369.67,594.0,191.14,71.22,324.45,70.82,14.18,1.38,14.85,38.24,83.89,,,,,10.75,75.17,0.66,91.75,,0.0,13.08,740.0,
2016-01-27 07:00:00,348.17,520.67,223.94,88.91,385.04,72.29,14.01,1.54,9.79,34.52,69.32,,,,,11.26,74.0,0.81,138.75,,0.0,119.67,740.0,
2016-01-27 08:00:00,370.67,552.17,75.28,108.34,199.32,77.95,12.98,1.15,13.8,35.83,51.15,,,,,13.06,67.59,1.66,116.66,,0.0,373.17,740.0,
2016-01-27 09:00:00,348.67,528.33,38.11,110.22,150.22,92.96,13.12,0.92,9.34,32.37,40.71,,,,,15.42,60.08,1.64,126.42,,0.0,421.17,740.0,
2016-01-27 10:00:00,297.33,429.83,6.54,68.44,69.91,139.49,13.75,0.6,18.49,26.28,34.19,,,,,17.58,53.33,2.58,121.0,,0.0,438.08,740.0,
2016-01-27 11:00:00,182.17,330.17,12.72,93.59,100.76,136.18,35.2,0.72,24.21,24.52,46.65,,,,,19.96,48.42,2.12,137.25,,0.0,439.92,740.0,
2016-01-27 12:00:00,217.33,449.67,7.89,92.93,93.55,99.16,26.85,0.73,17.1,25.82,48.67,,,,,22.23,41.5,1.83,171.08,,0.0,436.17,740.0,
2016-01-27 13:00:00,181.0,375.67,5.23,74.62,73.62,77.99,16.36,0.92,25.46,22.0,51.42,,,,,22.99,38.34,2.11,142.92,,0.0,432.34,740.0,
2016-01-27 14:00:00,145.33,303.5,6.1,75.02,75.18,77.18,16.52,0.86,27.98,18.84,33.54,,,,,23.32,37.84,1.91,144.16,,0.0,417.58,740.0,
2016-01-27 15:00:00,165.33,381.17,5.52,78.29,77.26,72.24,16.69,0.83,25.92,17.49,42.87,,,,,23.27,37.58,1.57,135.83,,0.0,404.83,740.0,
2016-01-27 16:00:00,164.5,419.33,6.88,95.49,94.47,85.5,21.01,1.1,25.61,18.41,37.48,,,,,21.88,43.25,1.85,107.16,,0.0,346.25,740.0,
2016-01-27 17:00:00,211.67,494.33,49.53,136.46,189.23,113.93,23.11,1.75,9.27,23.78,64.57,,,,,20.2,50.25,1.26,84.34,,0.0,108.5,740.0,
2016-01-27 18:00:00,264.67,577.17,135.38,125.37,296.59,122.1,26.49,1.88,7.6,38.21,124.71,,,,,18.28,57.66,0.51,77.09,,0.0,13.17,740.0,
2016-01-27 19:00:00,311.33,658.0,215.77,132.56,412.78,125.25,42.53,3.04,10.66,44.27,240.58,,,,,17.72,60.0,0.47,82.67,,0.0,12.42,740.0,
2016-01-27 20:00:00,431.67,658.0,364.83,123.95,,105.88,21.35,4.51,7.64,44.1,343.27,,,,,16.71,63.0,0.3,145.34,,0.0,12.5,740.0,
2016-01-27 21:00:00,458.67,658.0,394.35,118.98,,88.76,19.31,4.53,10.38,57.03,338.99,,,,,15.79,66.25,0.31,183.0,,0.0,12.5,740.0,
2016-01-27 22:00:00,509.33,,365.9,110.18,,88.78,19.63,2.65,12.89,58.59,323.63,,,,,14.98,69.0,0.3,80.08,,0.0,12.5,740.0,
2016-01-27 23:00:00,537.17,,429.93,117.18,,87.12,18.39,1.55,11.85,55.46,235.96,,,,,14.36,69.5,0.3,112.34,,0.0,12.42,740.0,
2016-01-28 00:00:00,498.33,,412.76,106.41,,94.67,14.46,2.29,14.93,52.88,172.7,,,,,13.29,71.58,0.3,213.92,,0.0,12.75,740.0,
2016-01-28 01:00:00,524.0,732.0,242.92,92.92,414.64,118.54,10.72,1.78,9.36,53.71,150.29,,,,,12.96,73.08,0.3,64.5,,0.0,12.5,740.0,
2016-01-28 02:00:00,502.0,710.33,156.72,86.09,290.76,115.81,9.09,0.92,7.62,48.01,118.22,,,,,12.34,74.33,0.3,141.92,,0.0,12.84,740.0,
2016-01-28 03:00:00,417.0,602.0,98.02,75.86,201.44,113.04,7.76,1.21,8.2,41.05,90.18,,,,,11.89,76.16,0.3,100.58,,0.0,12.58,740.0,
2016-01-28 04:00:00,426.33,602.5,108.1,64.54,205.17,92.39,14.23,0.87,9.75,43.81,72.96,,,,,11.94,76.92,0.32,82.5,,0.0,12.33,740.0,
2016-01-28 05:00:00,469.83,631.83,374.77,52.52,365.27,73.25,17.43,1.87,10.75,46.24,76.7,,,,,11.2,77.75,0.3,183.17,,0.0,12.25,740.0,
2016-01-28 06:00:00,447.33,771.33,361.92,56.02,452.63,66.89,19.96,2.29,10.12,43.43,67.92,,,,,11.01,78.17,0.3,218.17,,0.0,13.16,740.0,
2016-01-28 07:00:00,428.67,822.17,437.75,62.32,,71.76,21.16,2.82,12.36,45.16,75.97,,,,,11.45,78.83,0.31,217.08,,0.0,143.08,740.0,
2016-01-28 08:00:00,498.67,912.17,314.3,148.78,,85.79,14.18,2.7,14.53,50.58,85.09,,,,,14.39,74.25,0.38,273.5,,0.0,389.25,740.0,
2016-01-28 09:00:00,483.0,751.83,227.04,262.82,433.78,100.66,15.09,2.09,6.55,48.43,92.06,,,,,18.09,57.42,1.31,261.25,,0.0,423.58,740.0,
2016-01-28 10:00:00,479.17,720.67,133.58,180.86,341.82,176.38,15.49,0.76,9.42,41.04,71.81,,,,,20.71,44.75,1.72,263.5,,0.0,432.5,740.0,
2016-01-28 11:00:00,411.83,720.17,84.29,171.41,267.86,128.72,17.6,0.13,9.24,38.65,59.93,,,,,22.58,33.58,1.78,284.5,,0.0,436.33,740.0,
2016-01-28 12:00:00,296.0,687.33,69.37,160.23,237.5,87.82,19.79,1.03,7.92,32.88,54.16,,,,,23.39,28.58,2.06,287.33,,0.0,439.42,740.0,
2016-01-28 13:00:00,296.0,506.5,81.38,140.74,236.53,54.81,14.58,1.18,9.92,24.97,45.14,,,,,24.32,27.67,1.85,276.75,,0.0,434.08,740.0,
2016-01-28 14:00:00,265.67,570.17,89.46,134.73,242.2,54.81,15.22,0.88,9.26,21.37,41.92,,,,,24.39,29.33,1.94,279.66,,0.0,419.33,740.0,
2016-01-28 15:00:00,116.5,537.5,77.69,127.13,219.39,59.38,14.73,0.8,14.27,18.58,33.35,,,,,23.94,31.67,1.64,287.58,,0.0,410.0,740.0,
2016-01-28 16:00:00,127.5,362.67,106.9,126.56,258.72,69.79,17.85,0.77,15.03,20.52,41.75,,,,,22.52,34.0,1.71,288.25,,0.0,369.66,740.0,
2016-01-28 17:00:00,127.33,441.5,134.14,126.44,295.84,89.12,20.61,1.03,10.02,22.47,53.68,,,,,20.52,39.08,1.28,287.75,,0.0,118.42,740.0,
2016-01-28 18:00:00,167.83,445.83,176.99,127.7,355.35,84.4,18.45,1.96,8.51,37.71,91.75,,,,,18.82,46.88,0.49,282.38,,0.0,13.38,740.0,
2016-01-28 19:00:00,187.0,712.58,270.18,126.22,440.99,90.94,19.22,3.08,10.38,47.84,121.35,,,,,17.53,53.0,0.48,261.91,,0.0,12.58,740.0,
2016-01-28 20:00:00,187.0,796.0,328.21,122.78,480.5,90.46,15.13,3.89,8.37,57.12,165.0,,,,,16.62,57.17,0.37,267.08,,0.0,12.58,740.0,
2016-01-28 21:00:00,220.33,,275.43,114.32,466.1,80.97,15.56,2.7,10.72,52.46,174.11,,,,,15.59,61.67,0.34,197.75,,0.0,12.5,740.0,
2016-01-28 22:00:00,399.0,,,132.04,,76.62,20.92,3.85,10.44,56.46,191.14,,,,,14.95,64.42,0.3,206.75,,0.0,12.42,740.0,
2016-01-28 23:00:00,465.17,,,144.93,,82.27,22.76,3.82,11.72,60.74,199.6,,,,,14.26,67.08,0.32,197.0,,0.0,12.75,740.0,
2016-01-29 00:00:00,487.5,,486.9,118.85,,97.76,14.9,2.13,11.91,62.84,192.53,,,,,14.01,68.83,0.44,185.75,,0.0,12.75,740.0,
2016-01-29 01:00:00,446.0,860.0,416.48,103.45,,121.67,12.98,2.02,9.68,65.82,179.84,,,,,13.84,70.75,0.32,187.08,,0.0,12.75,740.0,
2016-01-29 02:00:00,446.83,858.5,352.89,104.03,,120.24,11.13,1.35,10.0,66.86,168.48,,,,,14.34,70.75,0.35,193.75,,0.0,12.67,740.0,
2016-01-29 03:00:00,435.33,851.0,329.09,90.08,,120.78,10.24,1.46,11.3,71.61,153.29,,,,,14.42,71.0,0.37,217.75,,0.0,12.67,740.0,
2016-01-29 04:00:00,463.67,851.0,440.7,89.47,,102.28,14.75,1.45,10.5,73.16,145.52,,,,,14.38,71.33,0.3,209.83,,0.0,12.67,740.0,
2016-01-29 05:00:00,374.17,813.83,467.71,86.19,,82.88,15.55,1.87,9.71,66.29,140.26,,,,,13.87,72.33,0.41,226.67,,0.0,12.58,740.0,
2016-01-29 06:00:00,392.0,628.0,,90.46,,83.82,17.29,1.9,11.64,58.68,113.96,,,,,13.46,73.5,0.66,218.58,,0.0,12.75,740.0,
2016-01-29 07:00:00,440.5,628.0,448.77,86.53,,90.28,14.95,1.6,10.35,56.36,102.66,,,,,13.49,74.17,0.54,216.5,,0.0,125.0,740.0,
2016-01-29 08:00:00,447.83,666.5,415.67,121.92,,113.56,11.82,1.65,15.61,62.76,103.94,,,,,15.5,70.58,0.46,231.58,,0.0,367.92,740.0,
2016-01-29 09:00:00,497.0,837.0,148.31,141.08,328.22,132.83,13.11,0.53,6.36,54.89,89.14,,,,,18.66,59.16,1.42,156.0,,0.0,417.42,740.0,
2016-01-29 10:00:00,466.17,712.67,104.29,151.51,276.33,204.78,14.37,,9.18,40.22,63.22,,,,,21.28,49.92,1.25,247.58,,0.0,423.34,740.0,
2016-01-29 11:00:00,305.75,673.62,68.45,154.04,230.71,151.47,16.1,0.94,8.52,34.48,63.5,,,,,23.68,42.5,1.22,224.17,,0.0,427.0,740.0,
2016-01-29 12:00:00,262.0,895.5,16.24,108.52,118.87,97.3,19.3,0.74,10.0,27.12,72.59,,,,,25.02,37.67,1.31,207.25,,0.0,424.42,740.0,
2016-01-29 13:00:00,244.5,862.17,23.64,120.96,140.06,69.22,13.19,1.02,11.16,24.17,56.87,,,,,26.02,35.75,1.11,225.08,,0.0,417.83,740.0,
2016-01-29 14:00:00,184.83,837.83,22.19,160.9,173.68,80.95,13.02,1.63,10.54,26.68,55.58,,,,,24.66,39.42,1.93,119.16,,0.0,399.5,740.0,
2016-01-29 15:00:00,324.0,717.0,22.86,149.55,164.48,85.06,13.48,1.31,15.91,32.27,75.56,,,,,24.16,38.25,0.91,185.75,,0.0,389.67,740.0,
2016-01-29 16:00:00,324.0,617.5,29.94,144.93,169.98,98.12,18.73,1.03,14.18,28.37,64.67,,,,,23.47,37.67,0.64,155.33,,0.0,332.58,740.0,
2016-01-29 17:00:00,316.17,624.0,58.86,138.48,203.78,122.14,20.85,1.96,11.36,27.35,68.04,,,,,21.56,43.41,0.86,123.25,,0.0,101.0,740.0,
2016-01-29 18:00:00,285.67,644.0,330.09,148.96,425.92,123.95,26.54,3.28,9.99,34.2,120.21,,,,,19.71,49.34,0.32,95.66,,0.0,13.0,740.0,
2016-01-29 19:00:00,344.0,,,156.32,,123.42,31.84,4.74,8.34,44.11,295.93,,,,,18.6,53.34,0.3,131.0,,0.0,12.66,740.0,
2016-01-29 20:00:00,430.17,,,141.41,,101.75,23.55,6.86,8.78,53.2,359.57,,,,,18.1,58.0,0.3,179.75,,0.0,12.67,740.0,
2016-01-29 21:00:00,495.17,,,144.55,,91.74,20.03,5.62,8.64,65.48,331.92,,,,,17.9,62.58,0.3,229.08,,0.0,12.34,740.0,
2016-01-29 22:00:00,534.33,973.0,269.6,129.88,409.33,96.9,16.35,4.08,9.44,64.96,256.42,,,,,18.03,65.0,0.99,144.83,,0.0,12.5,740.0,
2016-01-29 23:00:00,478.83,913.5,252.38,116.1,416.7,97.42,9.65,2.11,8.36,45.76,124.42,,,,,18.0,64.59,0.75,160.75,,0.0,12.25,740.0,
2016-01-30 00:00:00,373.33,621.33,352.01,110.72,,123.85,14.57,1.87,14.46,45.72,99.88,,,,,16.95,67.66,0.31,199.75,,0.0,12.42,740.0,
2016-01-30 01:00:00,407.0,652.83,373.58,101.59,,149.68,15.78,1.82,11.21,49.78,101.92,,,,,16.2,70.41,0.3,188.92,,0.0,12.33,740.0,
2016-01-30 02:00:00,436.33,677.0,418.77,101.0,,141.38,15.63,1.76,10.72,48.94,128.92,,,,,15.83,72.33,0.32,153.0,,0.0,12.42,740.0,
2016-01-30 03:00:00,399.5,671.83,416.11,88.56,,139.02,15.66,2.12,13.56,49.42,181.66,,,,,15.38,73.75,0.31,227.75,,0.0,12.25,740.0,
2016-01-30 04:00:00,350.17,622.5,351.06,80.34,462.3,113.09,13.32,0.92,13.98,52.5,175.92,,,,,15.28,74.25,0.38,213.0,,0.0,12.5,740.0,
2016-01-30 05:00:00,316.0,506.67,320.71,72.88,466.6,100.24,12.14,2.14,14.42,44.54,106.09,,,,,15.05,74.75,0.34,184.42,,0.0,12.58,740.0,
2016-01-30 06:00:00,322.0,542.0,,87.28,,99.02,16.92,2.74,15.55,48.14,112.48,,,,,14.94,75.08,0.45,178.5,,0.0,13.34,740.0,
2016-01-30 07:00:00,358.83,664.17,452.14,92.95,,104.77,15.6,2.77,16.64,44.97,119.08,,,,,15.44,74.42,0.69,119.0,,0.0,129.67,740.0,
2016-01-30 08:00:00,399.5,592.33,194.52,105.75,359.87,124.54,15.79,1.94,21.6,42.49,141.39,,,,,15.96,72.5,1.92,80.67,,0.0,374.5,740.0,
2016-01-30 09:00:00,431.33,546.33,58.33,112.85,180.2,145.06,23.32,1.1,9.87,40.47,139.28,,,,,18.13,66.83,2.25,96.92,,0.0,421.83,740.0,
2016-01-30 10:00:00,428.0,508.0,16.92,100.6,112.7,164.6,26.28,3.62,11.36,33.8,85.48,,,,,20.68,57.39,2.28,108.94,,0.0,432.22,740.0,
2016-01-30 11:00:00,314.5,458.67,7.12,91.78,91.5,151.08,25.42,0.18,20.39,28.86,57.31,,,,,23.66,48.34,2.35,125.66,,0.0,436.08,740.0,
2016-01-30 12:00:00,266.25,427.0,7.7,69.65,72.57,121.32,26.88,0.9,50.85,25.84,47.62,,,,,25.53,43.29,2.09,122.37,,0.0,433.54,740.0,
2016-01-30 13:00:00,222.33,368.0,12.48,68.74,78.32,77.89,11.64,0.98,49.07,19.28,53.04,,,,,27.02,39.92,1.47,161.17,,0.0,424.92,740.0,
2016-01-30 14:00:00,172.5,395.17,37.78,110.68,150.15,89.44,13.07,1.1,43.53,18.01,61.25,,,,,28.34,37.67,0.81,242.42,,0.0,405.25,740.0,
2016-01-30 15:00:00,222.0,525.67,32.26,118.15,149.28,106.96,18.42,1.39,64.66,20.83,67.52,,,,,27.35,39.58,0.92,194.58,,0.0,372.08,740.0,
2016-01-30 16:00:00,270.33,525.12,43.28,152.76,195.28,134.38,36.98,1.62,38.26,27.29,68.6,,,,,25.72,45.33,0.54,209.17,,0.0,282.0,740.0,
2016-01-30 17:00:00,338.67,718.17,189.19,174.48,364.99,137.41,35.32,1.92,11.73,32.53,67.23,,,,,23.74,51.17,0.31,302.58,,0.0,96.25,740.0,
2016-01-30 18:00:00,352.33,769.0,336.03,176.35,451.2,137.66,30.2,3.25,9.24,44.12,115.76,,,,,21.7,57.84,0.32,239.25,,0.0,13.34,740.0,
2016-01-30 19:00:00,396.67,,403.13,211.35,,142.6,29.45,4.86,12.06,54.86,152.34,,,,,20.44,62.58,0.31,230.5,,0.0,12.42,740.0,
2016-01-30 20:00:00,482.33,,,198.08,,115.82,21.79,7.49,10.43,62.61,196.22,,,,,19.49,66.33,0.3,231.58,,0.0,12.42,740.0,
2016-01-30 21:00:00,469.0,,,174.52,,103.7,21.27,9.02,7.08,73.54,242.1,,,,,19.06,68.34,0.3,209.0,,0.0,12.5,740.0,
2016-01-30 22:00:00,,,,,,,,,,,,,,,,,,,,,0.0,,,
2016-01-30 23:00:00,,,,,,,,,,,,,,,,,,,,,0.0,,,
2016-01-31 00:00:00,,,,,,,,,,,,,,,,,,,,,0.0,,,
2016-01-31 01:00:00,,,,,,,,,,,,,,,,,,,,,0.0,,,
2016-01-31 02:00:00,,,,,,,,,,,,,,,,,,,,,0.0,,,
2016-01-31 03:00:00,,,,,,,,,,,,,,,,,,,,,0.0,,,
2016-01-31 04:00:00,,,,,,,,,,,,,,,,,,,,,0.0,,,
2016-01-31 05:00:00,,,,,,,,,,,,,,,,,,,,,0.0,,,
2016-01-31 06:00:00,,,,,,,,,,,,,,,,,,,,,0.0,,,
2016-01-31 07:00:00,,,,,,,,,,,,,,,,,,,,,0.0,,,
2016-01-31 08:00:00,,,,,,,,,,,,,,,,,,,,,0.0,,,
2016-01-31 09:00:00,,,,,,,,,,,,,,,,,,,,,0.0,,,
2016-01-31 10:00:00,,,,,,,,,,,,,,,,,,,,,0.0,,,
2016-01-31 11:00:00,,,,,,,,,,,,,,,,,,,,,0.0,,,
2016-01-31 12:00:00,,,,,,,,,,,,,,,,,,,,,0.0,,,
2016-01-31 13:00:00,,,,,,,,,,,,,,,,,,,,,0.0,,,
2016-01-31 14:00:00,,,,,,,,,,,,,,,,,,,,,0.0,,,
2016-01-31 15:00:00,,,,,,,,,,,,,,,,,,,,,0.0,,,
2016-01-31 16:00:00,,,,,,,,,,,,,,,,,,,,,0.0,,,
2016-01-31 17:00:00,,,,,,,,,,,,,,,,,,,,,0.0,,,
2016-01-31 18:00:00,,,,,,,,,,,,,,,,,,,,,0.0,,,
2016-01-31 19:00:00,,,,,,,,,,,,,,,,,,,,,0.0,,,
2016-01-31 20:00:00,,,,,,,,,,,,,,,,,,,,,0.0,,,
2016-01-31 21:00:00,,,,,,,,,,,,,,,,,,,,,0.0,,,
2016-01-31 22:00:00,,,,,,,,,,,,,,,,,,,,,0.0,,,
2016-01-31 23:00:00,,,,,,,,,,,,,,,,,,,,,0.0,,,
2016-02-01 00:00:00,,,,,,,,,,,,,,,,,,,,,0.0,,,
2016-02-01 01:00:00,,,,,,,,,,,,,,,,,,,,,0.0,,,
2016-02-01 02:00:00,,,,,,,,,,,,,,,,,,,,,0.0,,,
2016-02-01 03:00:00,,,,,,,,,,,,,,,,,,,,,0.0,,,
2016-02-01 04:00:00,,,,,,,,,,,,,,,,,,,,,0.0,,,
2016-02-01 05:00:00,,,,,,,,,,,,,,,,,,,,,0.0,,,
2016-02-01 06:00:00,,,,,,,,,,,,,,,,,,,,,0.0,,,
2016-02-01 07:00:00,,,,,,,,,,,,,,,,,,,,,0.0,,,
2016-02-01 08:00:00,,,,,,,,,,,,,,,,,,,,,0.0,,,
2016-02-01 09:00:00,,,,,,,,,,,,,,,,,,,,,0.0,,,
2016-02-01 10:00:00,,,,,,,,,,,,,,,,,,,,,0.0,,,
2016-02-01 11:00:00,,,,,,,,,,,,,,,,,,,,,0.0,,,
2016-02-01 12:00:00,,,,,,,,,,,,,,,,,,,,,0.0,,,
2016-02-01 13:00:00,,,,,,,,,,,,,,,,,,,,,0.0,,,
2016-02-01 14:00:00,,,,,,,,,,,,,,,,,,,,,0.0,,,
2016-02-01 15:00:00,,,,,,,,,,,,,,,,,,,,,0.0,,,
2016-02-01 16:00:00,,,,,,,,,,,,,,,,,,,,,0.0,,,
2016-02-01 17:00:00,,,,,,,,,,,,,,,,,,,,,0.0,,,
2016-02-01 18:00:00,,,,,,,,,,,,,,,,,,,,,0.0,,,
2016-02-01 19:00:00,,,,,,,,,,,,,,,,,,,,,0.0,,,
2016-02-01 20:00:00,,,,,,,,,,,,,,,,,,,,,0.0,,,
2016-02-01 21:00:00,,,,,,,,,,,,,,,,,,,,,0.0,,,
2016-02-01 22:00:00,,,,,,,,,,,,,,,,,,,,,0.0,,,
2016-02-01 23:00:00,,,,,,,,,,,,,,,,,,,,,0.0,,,
2016-02-02 00:00:00,,,,,,,,,,,,,,,,,,,,,0.0,,,
2016-02-02 01:00:00,,,,,,,,,,,,,,,,,,,,,0.0,,,
2016-02-02 02:00:00,,,,,,,,,,,,,,,,,,,,,0.0,,,
2016-02-02 03:00:00,,,,,,,,,,,,,,,,,,,,,0.0,,,
2016-02-02 04:00:00,,,,,,,,,,,,,,,,,,,,,0.0,,,
2016-02-02 05:00:00,,,,,,,,,,,,,,,,,,,,,0.0,,,
2016-02-02 06:00:00,,,,,,,,,,,,,,,,,,,,,0.0,,,
2016-02-02 07:00:00,,,,,,,,,,,,,,,,,,,,,0.0,,,
2016-02-02 08:00:00,,,,,,,,,,,,,,,,,,,,,0.0,,,
2016-02-02 09:00:00,,,,,,,,,,,,,,,,,,,,,0.0,,,
2016-02-02 10:00:00,,,,,,,,,,,,,,,,,,,,,0.0,,,
2016-02-02 11:00:00,,,,,,,,,,,,,,,,,,,,,0.0,,,
2016-02-02 12:00:00,,,,,,,,,,,,,,,,,,,,,0.0,,,
2016-02-02 13:00:00,,,,,,,,,,,,,,,,,,,,,0.0,,,
2016-02-02 14:00:00,,,,,,,,,,,,,,,,,,,,,0.0,,,
2016-02-02 15:00:00,,,,,,,,,,,,,,,,,,,,,0.0,,,
2016-02-02 16:00:00,,,,,,,,,,,,,,,,,,,,,0.0,,,
2016-02-02 17:00:00,,,,,,,,,,,,,,,,,,,,,0.0,,,
2016-02-02 18:00:00,,,,,,,,,,,,,,,,,,,,,0.0,,,
2016-02-02 19:00:00,,,,,,,,,,,,,,,,,,,,,0.0,,,
2016-02-02 20:00:00,,,,,,,,,,,,,,,,,,,,,0.0,,,
2016-02-02 21:00:00,,,,,,,,,,,,,,,,,,,,,0.0,,,
2016-02-02 22:00:00,,,,,,,,,,,,,,,,,,,,,0.0,,,
2016-02-02 23:00:00,,,,,,,,,,,,,,,,,,,,,0.0,,,
2016-02-03 00:00:00,,,,,,,,,,,,,,,,,,,,,0.0,,,
2016-02-03 01:00:00,,,,,,,,,,,,,,,,,,,,,0.0,,,
2016-02-03 02:00:00,,,,,,,,,,,,,,,,,,,,,0.0,,,
2016-02-03 03:00:00,,,,,,,,,,,,,,,,,,,,,0.0,,,
2016-02-03 04:00:00,,,,,,,,,,,,,,,,,,,,,0.0,,,
2016-02-03 05:00:00,,,,,,,,,,,,,,,,,,,,,0.0,,,
2016-02-03 06:00:00,,,,,,,,,,,,,,,,,,,,,0.0,,,
2016-02-03 07:00:00,,,,,,,,,,,,,,,,,,,,,0.0,,,
2016-02-03 08:00:00,,,,,,,,,,,,,,,,,,,,,0.0,,,
2016-02-03 09:00:00,,,,,,,,,,,,,,,,,,,,,0.0,,,
2016-02-03 10:00:00,,,,,,,,,,,,,,,,,,,,,0.0,,,
2016-02-03 11:00:00,,,,,,,,,,,,,,,,,,,,,0.0,,,
2016-02-03 12:00:00,,,,,,,,,,,,,,,,,,,,,0.0,,,
2016-02-03 13:00:00,,,,,,,,,,,,,,,,,,,,,0.0,,,
2016-02-03 14:00:00,,,,,,,,,,,,,,,,,,,,,0.0,,,
2016-02-03 15:00:00,,,,,,,,,,,,,,,,,,,,,0.0,,,
2016-02-03 16:00:00,,,,,,,,,,,,,,,,,,,,,0.0,,,
2016-02-03 17:00:00,,,,,,,,,,,,,,,,,,,,,0.0,,,
2016-02-03 18:00:00,,,,,,,,,,,,,,,,,,,,,0.0,,,
2016-02-03 19:00:00,98.67,253.75,123.82,114.16,270.59,44.64,22.9,2.22,18.34,29.12,62.44,,,,,16.81,42.33,1.61,282.33,,0.0,12.25,740.0,
2016-02-03 20:00:00,116.0,276.38,97.97,103.3,225.44,40.94,23.89,2.25,7.95,30.16,55.82,,,,,16.24,44.17,1.5,286.42,,0.0,12.17,740.0,
2016-02-03 21:00:00,112.5,252.5,132.72,111.92,280.96,30.91,21.28,2.05,5.74,30.42,55.31,,,,,15.69,46.58,1.62,285.67,,0.0,12.58,740.0,
2016-02-03 22:00:00,120.0,271.25,125.43,86.86,248.55,32.49,20.63,1.69,10.97,25.7,44.03,,,,,15.24,47.67,1.68,287.17,,0.0,12.08,740.0,
2016-02-03 23:00:00,123.25,326.0,66.92,80.84,163.38,29.71,20.45,1.42,17.53,28.48,40.87,,,,,14.55,49.08,1.78,288.66,,0.0,12.33,740.0,
2016-02-04 00:00:00,145.17,295.5,47.38,69.26,126.51,32.94,16.35,1.71,26.53,27.07,36.84,,,,,14.01,52.0,1.63,285.91,,0.0,12.08,740.0,
2016-02-04 01:00:00,144.88,225.25,31.57,60.76,97.38,39.83,15.24,1.31,36.49,21.98,24.59,,,,,13.59,53.84,1.46,284.25,,0.0,12.42,740.0,
2016-02-04 02:00:00,164.33,197.75,36.86,64.07,107.4,40.15,15.69,1.35,38.62,20.59,25.12,,,,,13.24,54.5,1.39,279.25,,0.0,12.42,740.0,
2016-02-04 03:00:00,125.75,192.5,71.22,83.54,171.85,37.33,16.12,1.47,24.25,18.37,25.78,,,,,12.9,54.58,1.35,275.09,,0.0,12.25,740.0,
2016-02-04 04:00:00,120.0,219.25,96.89,84.74,208.3,33.06,17.34,1.38,12.02,18.66,23.84,,,,,12.49,54.83,1.47,267.83,,0.0,12.42,740.0,
2016-02-04 05:00:00,98.17,228.88,176.7,74.09,306.81,25.03,18.56,1.66,12.09,16.83,22.06,,,,,12.13,55.08,1.32,272.92,,0.0,12.42,740.0,
2016-02-04 06:00:00,95.17,196.12,229.75,91.22,327.31,34.66,20.13,1.99,12.87,18.04,17.43,,,,,12.0,56.0,1.34,282.0,,0.0,13.92,740.0,
2016-02-04 07:00:00,128.88,273.88,222.53,99.32,343.12,25.48,19.43,2.19,10.05,19.66,16.54,,,,,12.31,56.59,1.44,268.08,,0.0,156.83,740.0,
2016-02-04 08:00:00,165.5,329.62,336.18,129.36,465.2,29.32,20.7,3.03,13.88,28.99,31.36,,,,,14.46,52.58,1.66,255.5,,0.0,393.84,740.0,
2016-02-04 09:00:00,246.12,386.38,221.37,111.35,310.52,42.46,29.46,2.36,26.84,32.22,37.49,,,,,17.31,43.0,1.92,282.16,,0.0,424.83,740.0,
2016-02-04 10:00:00,225.0,411.25,81.68,87.72,188.79,39.42,22.98,0.92,40.35,28.68,32.36,,,,,19.42,37.67,2.05,279.58,,0.0,434.5,740.0,
2016-02-04 11:00:00,177.83,414.12,79.51,102.15,199.65,59.82,28.42,0.95,55.78,25.67,38.38,,,,,21.29,33.33,2.25,283.83,,0.0,437.42,740.0,
2016-02-04 12:00:00,134.33,373.75,59.1,85.88,157.2,40.97,4.64,0.84,54.95,22.14,36.03,,,,,23.02,28.0,2.19,284.17,,0.0,437.08,740.0,
2016-02-04 13:00:00,85.0,367.12,32.9,64.92,102.77,24.17,,0.59,80.39,15.94,29.88,,,,,24.01,24.0,2.06,270.67,,0.0,433.16,740.0,
2016-02-04 14:00:00,35.5,303.88,53.54,69.15,134.58,22.65,,0.56,67.94,9.63,22.04,,,,,24.34,22.33,2.36,270.42,,0.0,408.75,740.0,
2016-02-04 15:00:00,63.33,417.75,65.2,81.99,162.1,29.77,,0.57,65.68,8.74,14.16,,,,,24.14,24.58,2.1,278.59,,0.0,411.67,740.0,
2016-02-04 16:00:00,64.17,247.0,112.87,83.57,227.98,29.87,14.96,0.52,61.88,10.36,19.46,,,,,22.45,27.58,1.78,280.0,,0.0,336.83,740.0,
2016-02-04 17:00:00,64.0,277.75,109.25,84.04,224.2,33.06,14.48,0.64,55.18,12.6,30.62,,,,,20.95,28.17,1.24,287.0,,0.0,184.0,740.0,
2016-02-04 18:00:00,91.0,297.0,278.04,133.24,370.77,34.92,17.66,2.02,14.89,26.94,58.64,,,,,18.98,31.95,0.94,278.61,,0.0,15.78,740.0,
2016-02-04 19:00:00,118.0,581.38,383.12,138.76,484.63,40.02,20.86,3.31,8.74,42.03,100.31,,,,,17.36,38.42,0.62,277.33,,0.0,12.67,740.0,
2016-02-04 20:00:00,158.67,539.75,363.77,131.05,470.93,39.59,23.63,3.82,6.7,51.28,124.54,,,,,16.49,42.5,0.3,252.92,,0.0,12.67,740.0,
2016-02-04 21:00:00,223.67,720.0,447.65,133.76,,35.56,42.01,3.21,5.2,50.33,146.14,,,,,15.2,48.34,0.3,242.33,,0.0,12.5,740.0,
2016-02-04 22:00:00,283.67,856.0,391.09,122.0,,36.22,40.66,2.51,6.21,50.64,149.33,,,,,14.54,50.25,0.3,231.67,,0.0,12.58,740.0,
2016-02-04 23:00:00,314.83,856.0,,180.23,,32.53,44.49,3.49,6.21,48.41,126.31,,,,,13.26,55.09,0.3,211.25,,0.0,12.42,740.0,
2016-02-05 00:00:00,422.0,856.0,475.17,131.12,,39.4,8.9,1.76,13.73,55.36,132.36,,,,,12.16,58.75,0.3,219.33,,0.0,12.42,740.0,
2016-02-05 01:00:00,384.67,819.17,284.12,105.06,412.68,57.13,4.15,1.33,16.52,56.24,119.01,,,,,12.49,60.16,0.32,248.17,,0.0,12.42,740.0,
2016-02-05 02:00:00,367.5,604.83,137.06,92.7,269.81,65.85,4.83,0.9,15.28,59.99,104.58,,,,,12.95,58.58,0.64,268.17,,0.0,12.33,740.0,
2016-02-05 03:00:00,327.33,431.83,75.85,83.42,177.86,57.58,6.23,1.0,10.16,48.03,71.03,,,,,12.88,58.92,0.79,282.17,,0.0,12.25,740.0,
2016-02-05 04:00:00,266.33,334.67,150.78,83.19,280.04,43.75,21.66,1.18,5.87,41.54,70.18,,,,,12.12,61.0,0.78,249.42,,0.0,12.33,740.0,
2016-02-05 05:00:00,274.33,407.33,270.8,83.32,368.3,36.31,19.3,1.75,6.03,35.54,68.03,,,,,11.08,64.59,0.46,230.75,,0.0,12.58,740.0,
2016-02-05 06:00:00,266.83,456.17,370.12,85.2,469.03,31.67,22.06,2.62,4.72,36.65,57.13,,,,,10.85,66.17,0.35,222.25,,0.0,13.83,740.0,
2016-02-05 07:00:00,326.5,587.17,343.4,74.58,464.07,36.74,20.29,2.94,7.6,41.32,57.49,,,,,11.54,65.75,0.62,220.75,,0.0,145.75,740.0,
2016-02-05 08:00:00,354.67,546.5,,,,,17.6,3.01,16.6,46.34,64.5,,,,,15.71,55.83,0.98,252.08,,0.0,386.08,740.0,
2016-02-05 09:00:00,352.17,464.0,,,,,49.96,1.84,19.58,46.36,65.68,,,,,19.33,44.25,1.04,274.67,,0.0,416.58,740.0,
2016-02-05 10:00:00,305.67,438.89,46.78,104.2,156.74,80.89,41.84,0.6,28.93,34.22,50.57,,,,,21.72,35.33,1.3,269.56,,0.0,426.56,740.0,
2016-02-05 11:00:00,206.83,344.67,83.37,112.73,214.31,63.05,60.72,0.55,38.47,27.89,46.83,,,,,23.69,29.58,1.4,251.16,,0.0,429.17,740.0,
2016-02-05 12:00:00,144.67,314.83,75.31,113.49,203.89,56.68,46.97,0.78,48.89,24.96,36.88,,,,,24.94,25.92,1.44,254.84,,0.0,427.33,740.0,
2016-02-05 13:00:00,133.83,318.0,45.4,105.91,156.19,32.45,32.32,0.91,66.27,24.51,39.24,,,,,25.34,23.25,1.36,265.92,,0.0,424.58,740.0,
2016-02-05 14:00:00,113.83,289.33,43.08,97.3,145.53,28.82,27.28,0.7,70.7,19.32,43.71,,,,,25.34,22.66,1.43,262.84,,0.0,407.08,740.0,
2016-02-05 15:00:00,111.5,283.67,41.96,82.82,131.13,30.52,23.44,0.5,72.94,13.31,31.33,,,,,24.83,22.75,1.41,250.92,,0.0,403.83,740.0,
2016-02-05 16:00:00,80.0,230.67,75.5,96.41,189.14,38.0,24.98,0.4,66.23,11.9,23.99,,,,,23.59,25.17,1.33,260.25,,0.0,374.17,740.0,
2016-02-05 17:00:00,88.5,260.17,83.25,100.36,203.14,46.24,27.9,0.51,57.23,14.68,30.64,,,,,21.21,29.67,1.08,281.17,,0.0,142.83,740.0,
2016-02-05 18:00:00,110.33,232.0,246.71,116.56,412.79,38.88,31.57,1.6,21.97,25.42,52.57,,,,,19.0,35.79,0.82,284.38,,0.0,13.88,740.0,
2016-02-05 19:00:00,139.17,450.67,278.54,148.27,471.35,44.26,31.06,2.99,13.5,51.18,98.22,,,,,17.3,40.08,0.57,246.17,,0.0,12.33,740.0,
2016-02-05 20:00:00,207.83,519.0,,161.27,,45.72,27.48,5.86,13.5,62.86,142.13,,,,,15.49,46.92,0.43,223.0,,0.0,12.33,740.0,
2016-02-05 21:00:00,388.17,519.0,,193.41,,41.75,31.14,6.94,10.59,64.97,175.48,,,,,14.65,51.66,0.39,224.5,,0.0,12.08,740.0,
2016-02-05 22:00:00,469.0,519.0,,210.08,,38.04,32.77,7.55,7.86,66.53,198.91,,,,,13.98,55.33,0.52,227.75,,0.0,12.84,740.0,
2016-02-05 23:00:00,469.0,519.0,,161.35,,42.23,28.64,7.14,7.94,76.34,222.95,,,,,13.38,58.42,0.46,216.42,,0.0,12.34,740.0,
2016-02-06 00:00:00,469.0,519.0,,161.72,,41.12,17.08,4.89,13.14,81.6,244.58,,,,,12.43,62.25,0.33,228.5,,0.0,12.58,740.0,
2016-02-06 01:00:00,469.0,519.0,,,,,13.64,5.23,17.91,88.28,255.91,,,,,11.69,65.83,0.32,229.0,,0.0,12.16,740.0,
2016-02-06 02:00:00,469.0,519.0,,97.07,,63.22,13.32,5.31,22.01,81.94,254.64,,,,,11.72,67.83,0.35,139.83,,0.0,12.67,740.0,
2016-02-06 03:00:00,469.0,519.0,423.48,89.94,,65.36,,3.52,28.79,78.24,256.98,,,,,11.41,69.34,0.4,60.42,,0.0,12.58,740.0,
2016-02-06 04:00:00,469.0,519.0,,,,,15.04,2.42,24.93,70.78,329.5,,,,,11.16,69.91,0.34,126.92,,0.0,12.5,740.0,
2016-02-06 05:00:00,469.0,519.0,,,,,16.61,2.38,15.52,64.61,233.68,,,,,10.82,70.83,0.3,214.0,,0.0,12.5,740.0,
2016-02-06 06:00:00,466.33,524.12,,,,,18.92,1.15,12.88,56.62,172.4,,,,,10.62,71.42,0.3,232.5,,0.0,13.42,740.0,
2016-02-06 07:00:00,468.0,565.62,,,,,19.13,1.71,12.19,53.43,138.56,,,,,11.35,72.5,0.46,101.0,,0.0,153.17,740.0,
2016-02-06 08:00:00,515.33,580.12,,,,,36.38,,15.35,47.21,167.2,,,,,15.3,62.42,1.77,90.08,,0.0,390.84,740.0,
2016-02-06 09:00:00,370.12,399.88,,,,,112.47,,16.58,37.99,115.61,,,,,17.66,53.08,2.52,105.58,,0.0,424.83,740.0,
2016-02-06 10:00:00,299.67,353.38,11.0,80.0,86.3,99.0,62.49,1.1,27.0,27.5,65.08,,,,,19.58,45.5,3.55,103.46,,0.0,436.17,740.0,
2016-02-06 11:00:00,185.0,331.25,5.12,84.01,79.46,94.28,52.51,0.82,55.01,24.43,65.91,,,,,21.68,37.58,3.29,108.92,,0.0,438.75,740.0,
2016-02-06 12:00:00,170.0,354.0,4.44,63.9,63.0,91.9,41.94,0.48,64.15,19.34,54.64,,,,,22.56,34.84,3.3,121.66,,0.0,438.66,740.0,
2016-02-06 13:00:00,,,,,,,,,,,,,,,,,,,,,0.0,,,
2016-02-06 14:00:00,,,,,,,,,,,,,,,,,,,,,0.0,,,
2016-02-06 15:00:00,,,,,,,,,,,,,,,,,,,,,0.0,,,
2016-02-06 16:00:00,,,,,,,,,,,,,,,,,,,,,0.0,,,
2016-02-06 17:00:00,,,,,,,,,,,,,,,,,,,,,0.0,,,
2016-02-06 18:00:00,,,,,,,,,,,,,,,,,,,,,0.0,,,
2016-02-06 19:00:00,,,,,,,,,,,,,,,,,,,,,0.0,,,
2016-02-06 20:00:00,,,,,,,,,,,,,,,,,,,,,0.0,,,
2016-02-06 21:00:00,,,,,,,,,,,,,,,,,,,,,0.0,,,
2016-02-06 22:00:00,,,,,,,,,,,,,,,,,,,,,0.0,,,
2016-02-06 23:00:00,,,,,,,,,,,,,,,,,,,,,0.0,,,
2016-02-07 00:00:00,,,,,,,,,,,,,,,,,,,,,0.0,,,
2016-02-07 01:00:00,,,,,,,,,,,,,,,,,,,,,0.0,,,
2016-02-07 02:00:00,,,,,,,,,,,,,,,,,,,,,0.0,,,
2016-02-07 03:00:00,,,,,,,,,,,,,,,,,,,,,0.0,,,
2016-02-07 04:00:00,,,,,,,,,,,,,,,,,,,,,0.0,,,
2016-02-07 05:00:00,,,,,,,,,,,,,,,,,,,,,0.0,,,
2016-02-07 06:00:00,,,,,,,,,,,,,,,,,,,,,0.0,,,
2016-02-07 07:00:00,,,,,,,,,,,,,,,,,,,,,0.0,,,
2016-02-07 08:00:00,,,,,,,,,,,,,,,,,,,,,0.0,,,
2016-02-07 09:00:00,,,,,,,,,,,,,,,,,,,,,0.0,,,
2016-02-07 10:00:00,217.5,294.25,,,,,,,,,,,,,,18.87,56.34,2.34,70.0,,0.0,405.0,740.0,
2016-02-07 11:00:00,199.38,259.0,53.03,62.19,127.82,98.88,73.12,1.16,27.36,18.0,21.53,,,,,19.41,56.5,1.18,211.17,,0.0,405.75,740.0,
2016-02-07 12:00:00,176.25,268.88,67.34,68.6,153.32,82.4,44.69,1.56,17.23,32.08,51.68,,,,,20.36,55.5,1.88,172.42,,0.0,426.58,740.0,
2016-02-07 13:00:00,228.12,334.0,20.23,53.61,75.4,58.08,27.87,1.0,14.7,19.8,21.14,,,,,21.75,50.33,2.74,126.5,,0.0,425.0,740.0,
2016-02-07 14:00:00,136.38,302.75,21.02,60.02,82.23,60.86,28.04,0.71,17.67,13.28,11.93,,,,,22.02,47.08,2.01,140.33,,0.0,413.34,740.0,
2016-02-07 15:00:00,123.5,275.38,17.6,50.74,69.22,68.88,24.83,0.55,19.39,10.58,9.66,,,,,21.82,48.92,1.74,165.5,,0.0,408.83,740.0,
2016-02-07 16:00:00,118.12,246.75,41.68,64.47,114.4,79.72,27.52,0.52,24.22,12.55,14.41,,,,,20.33,53.58,1.7,170.42,,0.0,371.92,740.0,
2016-02-07 17:00:00,150.75,260.38,30.25,53.85,89.32,82.53,23.35,0.36,28.01,13.22,15.77,,,,,18.67,57.5,1.07,182.83,,0.0,147.17,740.0,
2016-02-07 18:00:00,128.33,177.12,62.6,73.19,150.65,75.66,19.77,0.97,17.38,14.93,24.7,,,,,17.22,61.17,0.48,192.25,,0.0,14.08,740.0,
2016-02-07 19:00:00,137.83,217.5,60.02,73.74,147.8,75.67,19.54,1.43,15.13,25.89,48.39,,,,,16.62,62.75,0.66,192.67,,0.0,12.25,740.0,
2016-02-07 20:00:00,173.75,243.5,40.11,62.36,110.32,70.66,17.46,1.11,11.25,23.94,37.23,,,,,15.88,63.16,0.97,194.08,,0.0,12.33,740.0,
2016-02-07 21:00:00,164.83,213.5,46.02,61.49,117.64,65.73,18.81,1.26,8.63,23.15,32.68,,,,,14.89,66.58,0.69,160.17,,0.0,12.33,740.0,
2016-02-07 22:00:00,230.62,268.0,43.99,54.63,108.77,56.24,17.55,1.02,8.26,21.84,27.68,,,,,14.33,70.0,0.72,181.08,,0.0,12.42,740.0,
2016-02-07 23:00:00,195.75,222.12,35.11,50.62,92.98,56.63,16.18,0.77,10.15,18.19,21.68,,,,,13.88,71.5,0.7,162.42,,0.0,12.5,740.0,
2016-02-08 00:00:00,116.62,144.25,39.76,49.14,98.02,58.61,18.6,1.0,15.62,18.71,26.28,,,,,13.25,72.33,0.65,185.42,,0.0,12.33,740.0,
2016-02-08 01:00:00,114.25,129.75,16.8,42.09,60.42,65.7,17.59,0.83,17.75,19.62,24.62,,,,,12.93,73.41,0.72,173.25,,0.0,12.25,740.0,
2016-02-08 02:00:00,113.5,113.0,57.24,45.96,119.15,63.02,18.35,0.79,16.1,20.06,21.83,,,,,12.4,73.92,0.49,279.42,,0.0,12.5,740.0,
2016-02-08 03:00:00,93.75,104.12,55.72,41.8,113.36,60.27,16.06,0.75,18.52,20.1,22.49,,,,,11.86,74.25,0.4,206.08,,0.0,12.42,740.0,
2016-02-08 04:00:00,78.88,91.5,47.55,43.5,103.5,58.06,13.62,0.85,11.22,20.02,26.68,,,,,11.35,75.0,0.34,209.08,,0.0,12.25,740.0,
2016-02-08 05:00:00,82.38,91.88,153.94,50.19,255.12,42.51,14.08,1.23,8.23,18.91,24.94,,,,,11.16,74.0,0.38,252.08,,0.0,12.5,740.0,
2016-02-08 06:00:00,69.12,81.0,316.16,70.66,278.37,51.72,17.79,2.9,10.42,20.83,31.61,,,,,11.17,73.34,0.32,273.33,,0.0,14.25,740.0,
2016-02-08 07:00:00,109.88,171.5,256.47,64.5,332.4,53.86,17.06,2.06,7.05,24.81,35.75,,,,,11.84,72.16,0.46,239.17,,0.0,166.58,740.0,
2016-02-08 08:00:00,152.38,266.88,243.1,81.1,404.12,62.05,17.77,2.34,11.89,31.07,42.73,,,,,14.52,64.0,1.66,286.67,,0.0,392.42,740.0,
2016-02-08 09:00:00,215.0,278.62,119.61,80.78,235.12,76.18,32.57,1.58,16.86,35.21,39.66,,,,,16.68,55.0,1.62,280.34,,0.0,424.5,740.0,
2016-02-08 10:00:00,228.83,318.0,73.56,73.21,165.67,60.19,36.42,0.83,22.97,31.24,39.35,,,,,19.02,47.5,1.76,280.59,,0.0,434.5,740.0,
2016-02-08 11:00:00,151.83,364.0,58.91,70.38,143.14,68.93,33.4,2.18,29.14,23.34,39.79,,,,,21.58,42.0,1.47,264.22,,0.0,435.67,740.0,
2016-02-08 12:00:00,111.33,623.75,47.78,73.87,131.07,64.92,29.41,0.64,19.64,17.55,37.55,,,,,23.8,36.58,1.78,263.83,,0.0,432.75,740.0,
2016-02-08 13:00:00,60.12,181.5,36.39,66.16,108.62,44.74,20.52,0.59,25.67,12.78,27.8,,,,,23.9,36.5,1.87,281.92,,0.0,431.08,740.0,
2016-02-08 14:00:00,42.17,138.38,61.12,79.35,154.17,44.82,21.36,0.57,26.9,9.69,18.44,,,,,24.24,35.5,1.66,268.41,,0.0,410.67,740.0,
2016-02-08 15:00:00,56.75,159.25,71.27,89.28,176.88,53.6,26.22,0.59,23.65,10.05,15.44,,,,,23.89,37.25,1.38,249.33,,0.0,405.58,740.0,
2016-02-08 16:00:00,82.38,187.88,56.74,84.9,153.12,63.73,34.52,0.38,37.86,10.05,20.14,,,,,22.81,39.84,1.36,246.34,,0.0,369.75,740.0,
2016-02-08 17:00:00,82.38,183.38,80.04,86.87,186.62,72.74,37.79,0.48,25.23,15.48,36.82,,,,,20.81,46.91,1.01,244.66,,0.0,154.75,740.0,
2016-02-08 18:00:00,108.25,201.38,134.11,77.6,252.87,63.85,27.47,1.03,22.54,19.08,46.28,,,,,19.16,53.33,1.11,291.59,,0.0,14.25,740.0,
2016-02-08 19:00:00,78.12,166.67,144.97,94.19,281.86,68.09,22.18,1.64,19.3,34.49,81.47,,,,,18.3,56.84,1.03,289.0,,0.0,12.5,740.0,
2016-02-08 20:00:00,106.75,212.67,183.55,103.13,342.67,67.86,19.7,2.38,8.66,42.68,132.65,,,,,17.55,61.08,0.8,284.08,,0.0,12.42,740.0,
2016-02-08 21:00:00,158.25,322.5,203.06,104.02,369.99,66.62,18.67,2.42,6.02,41.92,126.08,,,,,17.02,64.0,0.98,283.5,,0.0,12.58,740.0,
2016-02-08 22:00:00,193.0,303.5,199.64,102.66,363.81,69.02,18.29,2.46,9.33,39.61,106.84,,,,,16.64,65.42,1.09,285.33,,0.0,12.5,740.0,
2016-02-08 23:00:00,229.25,291.5,179.62,104.97,275.14,62.42,18.12,2.12,12.39,41.03,102.68,,,,,16.04,66.5,0.82,287.91,,0.0,12.5,740.0,
2016-02-09 00:00:00,232.62,261.5,80.47,89.4,189.56,66.68,15.34,1.59,29.1,37.17,74.4,,,,,15.58,67.0,0.94,284.75,,0.0,12.25,740.0,
2016-02-09 01:00:00,193.25,206.83,36.33,59.39,102.58,73.15,13.4,0.92,30.38,31.84,57.25,,,,,15.12,67.75,0.86,289.59,,0.0,12.42,740.0,
2016-02-09 02:00:00,172.38,119.33,37.44,58.62,103.35,71.78,15.58,0.77,21.98,23.34,39.44,,,,,14.74,67.75,0.85,289.0,,0.0,12.5,740.0,
2016-02-09 03:00:00,112.62,112.17,94.57,72.44,193.72,71.78,17.22,0.76,22.16,23.63,39.35,,,,,14.15,68.5,0.56,276.33,,0.0,12.5,740.0,
2016-02-09 04:00:00,118.5,122.17,121.82,73.5,231.78,60.21,16.08,0.95,17.1,26.41,39.29,,,,,13.54,71.17,0.58,278.58,,0.0,12.33,740.0,
2016-02-09 05:00:00,133.0,142.5,175.86,79.22,311.03,59.56,15.64,1.47,7.95,22.34,36.01,,,,,13.0,73.42,0.89,256.91,,0.0,12.58,740.0,
2016-02-09 06:00:00,162.5,156.83,237.54,80.38,396.27,64.54,16.63,1.82,9.44,25.45,37.1,,,,,12.83,74.0,0.65,260.58,,0.0,14.5,740.0,
2016-02-09 07:00:00,217.33,255.33,309.75,89.26,462.55,60.42,18.15,2.34,12.78,33.44,39.05,,,,,13.33,73.25,0.76,266.84,,0.0,174.08,740.0,
2016-02-09 08:00:00,254.67,320.0,216.44,101.35,347.66,66.93,17.35,2.38,15.0,37.74,49.04,,,,,15.96,65.42,1.49,277.58,,0.0,394.25,740.0,
2016-02-09 09:00:00,259.83,289.33,217.79,120.59,405.17,77.78,32.36,2.36,33.76,33.38,48.23,,,,,18.33,56.75,1.73,281.29,,0.0,424.71,740.0,
2016-02-09 10:00:00,247.83,294.33,76.72,96.38,190.71,87.05,38.72,0.74,45.4,27.25,45.36,,,,,20.74,49.0,1.61,286.67,,0.0,434.58,740.0,
2016-02-09 11:00:00,137.17,218.5,114.54,109.99,254.39,91.82,49.27,0.77,34.42,23.1,39.16,,,,,22.22,42.75,1.94,283.58,,0.0,438.75,740.0,
2016-02-09 12:00:00,117.0,262.5,61.06,97.62,182.34,67.53,35.37,0.8,21.68,24.35,45.51,,,,,23.61,39.58,1.84,278.42,,0.0,436.58,740.0,
2016-02-09 13:00:00,128.33,291.5,43.66,88.76,138.72,41.72,19.62,1.62,9.38,22.28,46.2,,,,,24.61,37.33,1.74,276.33,,0.0,431.75,740.0,
2016-02-09 14:00:00,87.67,265.33,50.04,95.24,153.14,43.46,17.89,1.46,13.66,16.25,38.94,,,,,25.28,33.5,1.59,280.66,,0.0,412.58,740.0,
2016-02-09 15:00:00,98.17,230.5,56.72,95.36,162.41,41.71,18.12,1.42,,12.99,31.45,,,,,25.09,32.75,1.6,276.17,,0.0,407.92,740.0,
2016-02-09 16:00:00,85.17,265.67,86.71,113.99,219.92,64.24,21.31,1.46,,14.42,32.34,,,,,23.92,34.33,1.62,289.42,,0.0,378.5,740.0,
2016-02-09 17:00:00,96.0,226.33,122.44,98.94,255.41,68.59,24.09,1.52,,17.02,45.63,,,,,21.96,39.58,1.6,287.08,,0.0,163.5,740.0,
2016-02-09 18:00:00,120.33,216.17,148.42,108.74,298.92,70.89,23.68,2.24,,22.94,50.93,,,,,19.98,46.66,0.99,288.16,,0.0,14.5,740.0,
2016-02-09 19:00:00,127.33,265.5,284.16,129.99,421.91,73.95,21.97,3.49,,38.66,97.36,,,,,18.38,53.25,0.45,264.25,,0.0,12.25,740.0,
2016-02-09 20:00:00,190.33,441.5,362.78,128.72,,79.52,20.23,4.61,,44.32,126.26,,,,,17.83,58.25,0.3,273.09,,0.0,12.5,740.0,
2016-02-09 21:00:00,247.5,479.67,296.74,128.71,470.62,64.18,19.04,2.97,,49.23,152.03,,,,,16.89,62.75,0.3,239.0,,0.0,12.16,740.0,
2016-02-09 22:00:00,264.0,502.5,464.2,149.29,,61.38,21.13,3.32,,55.57,161.3,,,,,16.04,66.41,0.3,233.08,,0.0,12.5,740.0,
2016-02-09 23:00:00,330.0,681.17,414.46,137.96,,63.72,18.49,1.97,,47.84,133.48,,,,,15.62,68.33,0.3,247.58,,0.0,12.5,740.0,
2016-02-10 00:00:00,313.5,461.83,415.08,122.4,,72.31,15.14,3.38,,44.38,112.14,,,,,14.88,70.58,0.3,219.08,,0.0,12.33,740.0,
2016-02-10 01:00:00,332.25,432.33,288.02,88.6,405.22,84.16,12.47,2.6,,45.68,103.69,,,,,14.18,73.08,0.3,230.75,,0.0,12.16,740.0,
2016-02-10 02:00:00,285.12,280.67,208.65,75.81,352.49,91.6,10.7,1.91,,43.48,91.86,,,,,13.63,74.67,0.3,235.0,,0.0,12.67,740.0,
2016-02-10 03:00:00,238.38,240.67,232.44,68.32,378.33,87.98,10.3,2.56,,44.97,81.37,,,,,12.89,75.83,0.3,200.17,,0.0,12.58,740.0,
2016-02-10 04:00:00,246.12,256.83,373.13,75.32,474.9,79.56,16.49,3.06,,42.21,72.12,,,,,12.84,76.84,0.3,193.58,,0.0,12.58,740.0,
2016-02-10 05:00:00,236.62,291.5,427.85,78.18,,76.96,18.94,2.41,,39.18,85.01,,,,,12.71,77.5,0.3,110.0,,0.0,12.5,740.0,
2016-02-10 06:00:00,270.25,295.0,385.83,91.16,,84.48,23.95,2.96,,36.27,150.12,,,,,12.47,78.17,0.3,208.58,,0.0,14.42,740.0,
2016-02-10 07:00:00,332.5,409.67,326.31,94.15,416.08,93.75,17.46,2.34,,36.33,102.61,,,,,13.12,78.08,0.3,98.08,,0.0,178.83,740.0,
2016-02-10 08:00:00,359.88,335.12,288.22,175.4,492.62,100.68,11.63,2.13,,40.97,71.06,,,,,16.45,72.88,0.62,263.17,,0.0,388.58,740.0,
2016-02-10 09:00:00,324.56,340.83,47.72,98.18,152.62,111.92,14.05,0.52,44.8,32.47,52.41,,,,,20.54,56.5,0.95,169.42,,0.0,418.42,740.0,
2016-02-10 10:00:00,296.0,297.12,124.04,163.68,314.6,140.51,24.31,2.02,2.01,31.0,51.32,,,,,22.52,49.91,0.99,237.75,,0.0,419.67,740.0,
2016-02-10 11:00:00,266.17,324.75,101.42,177.01,296.22,134.86,27.62,2.12,8.88,33.36,54.88,,,,,23.72,43.5,1.48,248.08,,0.0,425.33,740.0,
2016-02-10 12:00:00,252.83,387.12,37.98,126.34,164.5,91.84,24.05,1.21,10.95,27.68,59.95,,,,,25.49,35.17,1.33,213.83,,0.0,425.58,740.0,
2016-02-10 13:00:00,172.17,209.38,53.31,127.6,186.52,48.9,15.46,1.86,8.58,22.09,46.05,,,,,26.78,30.0,1.29,264.42,,0.0,419.42,740.0,
2016-02-10 14:00:00,124.33,272.62,39.89,119.48,160.91,46.08,14.92,1.48,14.54,17.44,30.43,,,,,26.95,25.08,1.02,190.58,,0.0,404.75,740.0,
2016-02-10 15:00:00,129.17,202.12,26.79,112.7,137.02,48.5,16.01,1.49,24.3,15.68,32.25,,,,,26.32,25.25,0.81,184.25,,0.0,390.92,740.0,
2016-02-10 16:00:00,140.17,203.67,33.66,135.59,166.72,82.94,35.68,1.9,29.97,21.84,47.28,,,,,24.17,37.67,1.64,135.66,,0.0,314.0,740.0,
2016-02-10 17:00:00,243.25,383.5,43.03,176.97,216.45,94.96,38.24,2.01,20.71,30.8,63.72,,,,,22.38,39.25,1.4,89.5,,0.0,108.83,740.0,
2016-02-10 18:00:00,255.0,393.67,45.76,144.94,191.64,83.88,52.61,2.4,28.81,34.4,140.93,,,,,21.3,42.67,1.38,95.33,,0.0,13.83,740.0,
2016-02-10 19:00:00,229.33,376.33,79.66,130.34,224.96,79.68,25.35,2.85,8.77,30.5,94.63,,,,,20.39,46.83,1.29,118.42,,0.0,12.5,740.0,
2016-02-10 20:00:00,200.17,296.5,115.4,121.22,263.36,65.26,20.71,3.42,7.79,31.98,87.76,,,,,19.14,50.34,0.55,91.67,,0.0,12.25,740.0,
2016-02-10 21:00:00,225.5,289.0,,173.21,,58.93,28.88,4.06,10.11,38.33,135.46,,,,,17.29,57.0,0.47,212.92,,0.0,12.5,740.0,
2016-02-10 22:00:00,375.17,289.0,,173.63,,59.78,30.58,5.06,12.54,47.68,182.94,,,,,15.94,61.42,0.31,244.58,,0.0,12.67,740.0,
2016-02-10 23:00:00,391.0,289.0,,155.85,,65.45,30.85,5.32,9.12,47.41,351.1,,,,,15.0,64.42,0.32,133.17,,0.0,12.5,740.0,
2016-02-11 00:00:00,408.12,317.83,427.84,118.62,,82.05,9.3,1.6,19.88,47.33,464.4,,,,,14.46,67.0,0.65,55.33,,0.0,12.33,740.0,
2016-02-11 01:00:00,339.0,421.33,110.4,99.25,239.15,108.05,6.2,0.6,13.75,40.18,368.03,,,,,15.58,62.34,1.48,86.42,,0.0,12.67,740.0,
2016-02-11 02:00:00,233.88,210.17,13.35,80.85,90.25,107.86,,,13.48,28.92,147.46,,,,,15.76,58.66,1.78,97.16,,0.0,12.42,740.0,
2016-02-11 03:00:00,189.62,176.83,25.48,79.59,105.74,101.77,,1.98,14.95,27.12,109.46,,,,,14.74,62.83,1.07,111.5,,0.0,12.34,740.0,
2016-02-11 04:00:00,232.38,211.67,27.02,76.92,105.44,87.34,15.64,1.94,11.84,27.02,96.98,,,,,14.33,65.83,1.63,110.66,,0.0,12.33,740.0,
2016-02-11 05:00:00,252.5,238.0,84.09,80.21,186.27,70.98,15.1,1.85,17.07,24.14,81.63,,,,,13.98,66.66,0.92,134.42,,0.0,12.67,740.0,
2016-02-11 06:00:00,225.75,221.33,64.96,83.79,163.36,68.95,,1.85,16.89,25.68,94.33,,,,,13.92,67.34,1.84,112.92,,0.0,14.34,740.0,
2016-02-11 07:00:00,207.75,189.5,30.14,81.17,113.5,64.31,,1.74,13.98,24.03,38.43,,,,,14.5,63.75,2.64,112.42,,0.0,154.08,740.0,
2016-02-11 08:00:00,195.12,206.83,26.78,91.18,117.81,73.22,33.38,1.7,17.04,24.56,33.78,,,,,16.33,57.25,2.61,109.84,,0.0,374.58,740.0,
2016-02-11 09:00:00,211.5,264.5,11.46,74.4,81.93,93.06,47.9,1.4,18.15,22.96,33.94,,,,,18.5,51.41,3.11,112.42,,0.0,415.17,740.0,
2016-02-11 10:00:00,179.5,301.5,20.76,72.85,92.66,103.0,41.98,1.48,24.16,19.77,30.52,,,,,19.94,48.41,2.86,117.5,,0.0,417.08,740.0,
2016-02-11 11:00:00,150.67,285.0,7.91,68.54,71.86,94.65,43.8,1.58,27.38,16.28,25.4,,,,,21.95,44.58,3.39,110.75,,0.0,437.0,740.0,
2016-02-11 12:00:00,117.88,334.25,8.77,61.43,66.71,73.29,29.71,1.53,33.52,14.43,25.43,,,,,24.6,38.67,2.09,136.67,,0.0,431.92,740.0,
2016-02-11 13:00:00,108.33,290.33,4.25,53.85,53.68,48.39,18.6,1.72,50.7,13.72,23.85,,,,,25.4,34.08,2.13,123.92,,0.0,425.67,740.0,
2016-02-11 14:00:00,102.0,268.17,13.62,72.7,83.37,48.98,20.29,1.68,51.63,12.68,23.5,,,,,26.15,31.58,1.81,119.71,,0.0,408.38,740.0,
2016-02-11 15:00:00,113.67,252.33,26.51,81.95,109.22,55.32,21.99,1.49,56.68,13.66,24.96,,,,,26.12,29.25,1.32,183.25,,0.0,396.83,740.0,
2016-02-11 16:00:00,126.75,336.5,51.15,116.34,173.5,64.38,41.61,1.48,25.75,13.98,55.07,,,,,25.14,33.46,2.52,146.29,,0.0,373.54,740.0,
2016-02-11 17:00:00,138.83,487.5,21.16,99.1,117.21,71.83,50.91,1.72,14.51,13.28,160.8,,,,,22.82,42.25,2.41,83.25,,0.0,169.25,740.0,
2016-02-11 18:00:00,131.67,240.67,54.51,110.02,172.47,70.46,44.75,2.46,10.55,16.46,224.21,,,,,21.57,45.25,1.76,82.25,,0.0,14.92,740.0,
2016-02-11 19:00:00,156.83,302.17,228.85,127.07,326.88,75.59,46.42,3.5,9.1,25.82,221.44,,,,,20.18,49.59,0.33,103.84,,0.0,12.33,740.0,
2016-02-11 20:00:00,223.0,343.0,,140.21,,66.56,31.49,4.66,14.49,32.78,223.95,,,,,18.76,55.25,0.33,240.0,,0.0,12.42,740.0,
2016-02-11 21:00:00,384.33,343.0,272.01,111.78,343.46,77.12,21.9,6.16,59.89,40.67,249.79,,,,,18.27,59.17,0.59,151.08,,0.0,12.58,740.0,
2016-02-11 22:00:00,401.0,343.0,200.19,106.44,368.32,69.64,20.72,4.56,12.01,52.14,148.51,,,,,17.57,56.92,0.32,186.33,,0.0,12.58,740.0,
2016-02-11 23:00:00,419.5,346.17,105.52,93.83,227.76,59.46,21.5,2.65,8.67,36.47,76.86,,,,,16.73,53.17,0.4,84.92,,0.0,12.17,740.0,
2016-02-12 00:00:00,249.88,340.83,55.32,83.99,150.36,62.66,22.46,1.1,10.71,28.05,54.58,,,,,16.14,51.75,0.92,96.0,,0.0,12.5,740.0,
2016-02-12 01:00:00,163.0,225.5,9.53,60.54,66.97,76.59,22.02,1.25,10.92,22.19,37.24,,,,,15.85,50.34,1.65,94.25,,0.0,12.67,740.0,
2016-02-12 02:00:00,142.88,172.17,10.78,50.49,59.72,65.88,20.71,1.42,13.99,16.98,23.94,,,,,15.39,51.58,1.59,109.42,,0.0,12.42,740.0,
2016-02-12 03:00:00,102.38,142.17,14.05,55.58,68.68,64.62,14.52,1.46,10.72,16.98,20.37,,,,,14.57,54.83,1.08,146.58,,0.0,12.58,740.0,
2016-02-12 04:00:00,121.88,143.0,20.9,46.64,70.02,57.76,18.42,1.68,9.67,18.37,18.94,,,,,13.91,56.42,0.72,161.83,,0.0,12.25,740.0,
2016-02-12 05:00:00,143.75,177.33,171.73,68.0,295.11,48.8,19.49,2.16,9.84,19.6,18.23,,,,,13.33,58.84,0.41,158.67,,0.0,12.16,740.0,
2016-02-12 06:00:00,164.12,270.0,215.26,75.56,299.58,51.72,18.74,2.5,11.25,21.68,26.22,,,,,12.9,61.25,0.3,166.92,,0.0,14.75,740.0,
2016-02-12 07:00:00,228.38,526.5,386.44,93.86,,51.74,29.13,3.71,11.07,26.42,32.01,,,,,13.66,61.08,0.3,95.17,,0.0,168.0,740.0,
2016-02-12 08:00:00,278.0,607.17,205.23,101.8,371.1,64.09,73.38,3.66,23.83,39.06,46.34,,,,,17.07,53.92,0.49,181.16,,0.0,383.5,740.0,
2016-02-12 09:00:00,281.5,362.0,164.0,150.61,358.17,88.41,,2.98,,40.72,95.51,,,,,20.88,44.83,0.81,183.58,,0.0,409.08,740.0,
2016-02-12 10:00:00,329.83,410.17,21.65,111.54,128.94,79.66,130.55,0.88,83.78,36.42,126.54,,,,,22.89,42.83,1.38,133.58,,0.0,421.25,740.0,
2016-02-12 11:00:00,237.67,338.5,48.74,139.56,190.88,80.54,112.04,1.36,18.47,30.39,65.49,,,,,25.04,37.33,1.42,164.33,,0.0,420.5,740.0,
2016-02-12 12:00:00,235.33,516.67,11.58,94.16,99.69,58.29,50.78,1.12,31.63,26.9,70.75,,,,,26.36,26.16,1.64,171.17,,0.0,422.25,740.0,
2016-02-12 13:00:00,126.5,447.83,24.17,86.33,109.92,40.09,30.51,1.37,43.27,18.22,52.0,,,,,26.89,23.08,1.77,200.83,,0.0,415.08,740.0,
2016-02-12 14:00:00,99.0,337.0,52.64,115.91,175.17,40.75,33.22,1.41,36.58,14.69,35.8,,,,,26.76,24.08,1.24,234.84,,0.0,400.58,740.0,
2016-02-12 15:00:00,,,,,,,,,,,,,,,,,,,,,0.0,,,
2016-02-12 16:00:00,,,,,,,,,,,,,,,,,,,,,0.0,,,
2016-02-12 17:00:00,,,,,,,,,,,,,,,,,,,,,0.0,,,
2016-02-12 18:00:00,,,,,,,,,,,,,,,,,,,,,0.0,,,
2016-02-12 19:00:00,,,,,,,,,,,,,,,,,,,,,0.0,,,
2016-02-12 20:00:00,,,,,,,,,,,,,,,,,,,,,0.0,,,
2016-02-12 21:00:00,,,,,,,,,,,,,,,,,,,,,0.0,,,
2016-02-12 22:00:00,,,,,,,,,,,,,,,,,,,,,0.0,,,
2016-02-12 23:00:00,,,,,,,,,,,,,,,,,,,,,0.0,,,
2016-02-13 00:00:00,,,,,,,,,,,,,,,,,,,,,0.0,,,
2016-02-13 01:00:00,,,,,,,,,,,,,,,,,,,,,0.0,,,
2016-02-13 02:00:00,,,,,,,,,,,,,,,,,,,,,0.0,,,
2016-02-13 03:00:00,,,,,,,,,,,,,,,,,,,,,0.0,,,
2016-02-13 04:00:00,,,,,,,,,,,,,,,,,,,,,0.0,,,
2016-02-13 05:00:00,,,,,,,,,,,,,,,,,,,,,0.0,,,
2016-02-13 06:00:00,,,,,,,,,,,,,,,,,,,,,0.0,,,
2016-02-13 07:00:00,,,,,,,,,,,,,,,,,,,,,0.0,,,
2016-02-13 08:00:00,,,,,,,,,,,,,,,,,,,,,0.0,,,
2016-02-13 09:00:00,199.5,307.0,30.3,66.0,100.1,46.5,82.5,1.5,15.1,24.5,32.9,,,,,20.2,37.0,1.7,193.0,,0.0,427.0,740.0,
2016-02-13 10:00:00,165.0,296.67,67.08,64.28,148.92,44.28,36.1,1.16,17.38,19.34,26.07,,,,,20.26,38.33,1.45,222.08,,0.0,401.17,740.0,
2016-02-13 11:00:00,121.67,357.0,48.84,56.38,116.82,54.73,47.81,1.56,17.98,19.96,34.36,,,,,19.69,43.04,1.56,199.29,,0.0,412.88,740.0,
2016-02-13 12:00:00,130.0,317.0,50.85,71.05,132.72,52.26,30.19,1.44,15.97,16.41,28.75,,,,,21.41,38.33,2.78,132.42,,0.0,435.58,740.0,
2016-02-13 13:00:00,,,,,,,,,,,,,,,,,,,,,0.0,,,
2016-02-13 14:00:00,,,,,,,,,,,,,,,,,,,,,0.0,,,
2016-02-13 15:00:00,,,,,,,,,,,,,,,,,,,,,0.0,,,
2016-02-13 16:00:00,,,,,,,,,,,,,,,,,,,,,0.0,,,
2016-02-13 17:00:00,,,,,,,,,,,,,,,,,,,,,0.0,,,
2016-02-13 18:00:00,,,,,,,,,,,,,,,,,,,,,0.0,,,
2016-02-13 19:00:00,,,,,,,,,,,,,,,,,,,,,0.0,,,
2016-02-13 20:00:00,,,,,,,,,,,,,,,,,,,,,0.0,,,
2016-02-13 21:00:00,,,,,,,,,,,,,,,,,,,,,0.0,,,
2016-02-13 22:00:00,,,,,,,,,,,,,,,,,,,,,0.0,,,
2016-02-13 23:00:00,,,,,,,,,,,,,,,,,,,,,0.0,,,
2016-02-14 00:00:00,,,,,,,,,,,,,,,,,,,,,0.0,,,
2016-02-14 01:00:00,,,,,,,,,,,,,,,,,,,,,0.0,,,
2016-02-14 02:00:00,,,,,,,,,,,,,,,,,,,,,0.0,,,
2016-02-14 03:00:00,,,,,,,,,,,,,,,,,,,,,0.0,,,
2016-02-14 04:00:00,,,,,,,,,,,,,,,,,,,,,0.0,,,
2016-02-14 05:00:00,,,,,,,,,,,,,,,,,,,,,0.0,,,
2016-02-14 06:00:00,,,,,,,,,,,,,,,,,,,,,0.0,,,
2016-02-14 07:00:00,,,,,,,,,,,,,,,,,,,,,0.0,,,
2016-02-14 08:00:00,,,,,,,,,,,,,,,,,,,,,0.0,,,
2016-02-14 09:00:00,,,,,,,,,,,,,,,,,,,,,0.0,,,
2016-02-14 10:00:00,,,,,,,,,,,,,,,,,,,,,0.0,,,
2016-02-14 11:00:00,107.17,190.0,53.14,75.66,139.98,51.96,32.52,1.52,17.35,18.76,33.68,,,,,23.71,33.67,1.56,257.83,,0.0,432.42,740.0,
2016-02-14 12:00:00,75.33,194.67,89.28,89.56,201.71,39.61,25.02,1.67,14.4,14.44,25.92,,,,,25.3,30.75,1.54,247.58,,0.0,430.5,740.0,
2016-02-14 13:00:00,39.88,220.5,42.78,81.25,130.66,33.79,20.72,1.54,27.22,9.41,16.06,,,,,25.01,30.92,1.91,277.84,,0.0,428.5,740.0,
2016-02-14 14:00:00,62.33,233.17,37.89,86.92,129.2,38.62,22.42,1.36,32.16,8.86,15.82,,,,,25.6,30.92,1.55,260.0,,0.0,412.0,740.0,
2016-02-14 15:00:00,73.5,230.83,24.13,81.81,105.89,39.64,21.76,1.37,34.73,8.73,19.21,,,,,25.6,31.33,1.34,230.42,,0.0,404.33,740.0,
2016-02-14 16:00:00,70.67,215.0,30.51,76.04,109.46,48.71,26.44,1.36,40.12,8.92,20.65,,,,,24.02,33.83,1.34,224.75,,0.0,377.25,740.0,
2016-02-14 17:00:00,71.0,215.0,36.25,64.52,106.77,60.43,35.83,1.02,30.76,10.54,29.46,,,,,22.01,37.5,1.14,226.67,,0.0,185.5,740.0,
2016-02-14 18:00:00,81.62,204.5,68.71,72.38,158.43,50.18,28.75,1.36,19.0,14.22,37.45,,,,,20.1,42.67,0.92,284.84,,0.0,16.0,740.0,
2016-02-14 19:00:00,90.0,162.5,113.99,89.6,235.9,56.39,24.62,1.82,11.05,21.82,51.52,,,,,19.13,46.34,0.86,290.5,,0.0,12.25,740.0,
2016-02-14 20:00:00,106.33,214.17,101.69,86.08,215.54,48.44,20.67,2.18,11.18,25.07,59.68,,,,,18.22,49.75,0.53,275.84,,0.0,12.34,740.0,
2016-02-14 21:00:00,97.5,221.67,152.82,102.13,300.21,48.02,20.25,2.25,10.12,25.07,71.26,,,,,17.6,50.92,0.96,284.08,,0.0,12.67,740.0,
2016-02-14 22:00:00,145.5,278.83,125.93,90.84,252.74,46.18,18.91,1.73,10.96,25.12,76.26,,,,,17.12,52.5,0.79,281.91,,0.0,12.25,740.0,
2016-02-14 23:00:00,147.62,265.33,77.94,80.81,178.41,42.71,16.62,1.48,12.16,23.66,60.32,,,,,16.38,54.92,0.88,266.75,,0.0,12.5,740.0,
2016-02-15 00:00:00,137.5,210.67,29.14,51.1,85.38,52.34,15.8,1.26,21.35,16.98,34.6,,,,,16.04,57.42,1.05,270.84,,0.0,12.5,740.0,
2016-02-15 01:00:00,104.0,125.5,13.36,52.32,64.85,66.37,15.17,1.46,12.46,18.39,25.16,,,,,15.23,61.42,0.79,212.66,,0.0,12.42,740.0,
2016-02-15 02:00:00,120.33,105.67,12.65,44.72,57.1,68.82,16.62,1.32,14.61,16.06,22.68,,,,,14.64,63.92,0.99,171.0,,0.0,12.5,740.0,
2016-02-15 03:00:00,102.0,97.0,11.35,40.14,51.29,58.83,16.18,1.46,15.48,15.0,20.03,,,,,14.17,64.33,1.09,203.0,,0.0,12.42,740.0,
2016-02-15 04:00:00,106.0,118.5,16.5,42.05,59.99,49.54,16.91,1.76,13.27,19.72,15.51,,,,,13.61,65.5,0.72,179.33,,0.0,12.42,740.0,
2016-02-15 05:00:00,128.67,141.83,37.06,55.65,100.17,40.8,16.74,1.72,15.63,16.12,14.18,,,,,13.51,64.58,0.83,132.25,,0.0,12.58,740.0,
2016-02-15 06:00:00,116.67,115.0,82.46,66.98,172.27,44.52,17.84,2.22,13.56,16.92,17.56,,,,,13.34,63.42,0.58,154.83,,0.0,17.25,740.0,
2016-02-15 07:00:00,197.83,216.5,108.12,69.64,209.61,45.27,18.89,2.54,11.7,26.31,27.61,,,,,13.97,62.5,0.51,182.33,,0.0,179.08,740.0,
2016-02-15 08:00:00,227.5,243.0,179.67,89.86,325.05,48.16,29.61,2.47,12.95,30.16,34.53,,,,,17.99,52.0,1.03,251.42,,0.0,395.75,740.0,
2016-02-15 09:00:00,184.12,224.5,80.52,87.85,188.12,57.34,46.14,1.94,11.78,24.83,31.37,,,,,19.83,45.41,1.05,250.25,,0.0,412.58,740.0,
2016-02-15 10:00:00,203.17,272.83,58.39,88.44,158.64,54.86,40.58,7.87,17.36,25.59,39.08,,,,,21.44,40.46,1.14,245.12,,0.0,416.83,740.0,
2016-02-15 11:00:00,148.0,236.5,42.4,86.72,135.18,51.5,33.52,1.31,20.64,24.06,43.29,,,,,22.62,37.42,1.32,250.33,,0.0,422.75,740.0,
2016-02-15 12:00:00,112.62,271.17,46.11,86.72,140.23,45.15,26.9,1.49,22.21,21.27,43.32,,,,,23.41,35.58,1.56,270.41,,0.0,426.25,740.0,
2016-02-15 13:00:00,75.0,212.17,37.73,80.2,122.98,35.97,21.6,1.35,31.38,18.26,38.01,,,,,24.21,30.08,1.5,267.58,,0.0,425.58,740.0,
2016-02-15 14:00:00,72.33,235.33,37.91,79.63,122.78,31.49,17.69,1.19,32.74,10.39,18.27,,,,,24.41,24.67,1.45,242.42,,0.0,415.16,740.0,
2016-02-15 15:00:00,60.83,222.33,37.46,85.46,127.25,32.24,19.53,1.22,37.63,7.87,17.44,,,,,24.09,26.5,1.18,227.83,,0.0,398.0,740.0,
2016-02-15 16:00:00,74.17,222.67,62.2,95.98,170.52,50.71,28.7,1.39,43.31,11.96,30.12,,,,,22.3,34.33,1.13,269.5,,0.0,367.08,740.0,
2016-02-15 17:00:00,97.17,218.67,98.86,94.77,219.48,48.72,32.07,1.47,27.12,13.72,34.27,,,,,20.8,35.08,1.28,287.25,,0.0,174.67,740.0,
2016-02-15 18:00:00,106.17,235.17,74.47,74.84,168.27,46.15,25.26,1.29,25.98,19.05,45.68,,,,,19.6,38.08,1.23,285.41,,0.0,16.92,740.0,
2016-02-15 19:00:00,99.67,241.67,114.72,97.36,243.49,48.82,24.37,2.26,13.01,29.34,62.15,,,,,18.94,41.17,0.98,289.75,,0.0,12.42,740.0,
2016-02-15 20:00:00,110.38,196.5,102.98,92.63,223.13,50.2,20.11,2.6,11.63,31.05,68.8,,,,,18.12,44.66,0.77,284.91,,0.0,12.25,740.0,
2016-02-15 21:00:00,98.75,212.0,139.29,100.7,279.76,38.05,19.02,2.06,9.41,30.22,73.59,,,,,17.42,47.5,0.75,279.0,,0.0,12.5,740.0,
2016-02-15 22:00:00,146.0,249.17,113.4,87.8,233.1,41.62,18.15,1.5,14.44,27.46,76.58,,,,,16.83,48.5,1.08,288.33,,0.0,12.33,740.0,
2016-02-15 23:00:00,142.17,224.67,72.19,78.18,168.75,35.58,16.83,1.23,16.55,22.5,48.98,,,,,15.92,51.16,0.8,288.33,,0.0,12.42,740.0,
2016-02-16 00:00:00,121.67,171.17,55.94,78.94,146.76,45.22,16.6,1.64,15.73,20.3,36.7,,,,,15.27,52.42,0.6,284.33,,0.0,12.33,740.0,
2016-02-16 01:00:00,116.17,156.67,7.95,50.95,56.25,52.88,15.99,1.32,27.24,20.39,33.87,,,,,15.02,52.34,1.16,256.91,,0.0,12.42,740.0,
2016-02-16 02:00:00,116.5,126.67,37.23,60.09,104.36,60.92,15.47,1.48,19.49,16.72,28.27,,,,,14.0,54.33,0.48,223.58,,0.0,12.5,740.0,
2016-02-16 03:00:00,145.67,110.0,78.14,72.59,171.42,80.22,18.76,1.88,6.24,35.13,38.92,,,,,12.78,58.67,0.42,133.08,,0.0,12.5,740.0,
2016-02-16 04:00:00,378.67,112.83,28.58,59.0,91.62,45.31,21.46,1.59,16.01,26.28,40.22,,,,,13.17,57.33,0.78,214.17,,0.0,12.33,740.0,
2016-02-16 05:00:00,129.33,126.17,48.97,64.53,124.42,38.72,21.56,1.81,16.7,15.14,23.42,,,,,13.06,57.25,0.45,220.0,,0.0,12.25,740.0,
2016-02-16 06:00:00,137.33,122.83,101.8,70.84,201.98,32.85,20.94,1.9,13.33,18.62,23.21,,,,,12.96,58.25,0.76,253.08,,0.0,15.16,740.0,
2016-02-16 07:00:00,124.33,132.67,144.12,80.53,268.59,35.16,26.8,2.22,9.35,23.48,33.42,,,,,13.94,57.33,0.86,273.34,,0.0,264.75,740.0,
2016-02-16 08:00:00,152.5,168.67,103.6,84.36,216.63,37.26,52.68,1.91,15.24,27.99,38.8,,,,,17.33,48.58,1.01,236.75,,0.0,400.25,740.0,
2016-02-16 09:00:00,161.17,210.83,78.53,88.82,186.24,39.63,68.99,1.74,9.16,25.85,37.62,,,,,20.34,38.67,1.04,238.42,,0.0,417.25,740.0,
2016-02-16 10:00:00,159.75,231.25,93.95,103.75,220.5,38.15,29.85,1.65,12.46,22.45,38.67,,,,,22.17,33.83,1.43,255.67,,0.0,427.58,740.0,
2016-02-16 11:00:00,138.0,235.0,53.29,89.54,152.26,36.69,31.42,1.4,26.26,21.15,41.12,,,,,23.97,28.34,1.63,207.25,,0.0,431.58,740.0,
2016-02-16 12:00:00,83.17,356.67,35.76,81.17,121.11,26.89,22.16,1.45,29.41,15.26,28.08,,,,,24.52,26.33,1.72,275.89,,0.0,433.33,740.0,
2016-02-16 13:00:00,64.0,395.0,22.58,77.28,99.68,22.62,22.54,1.53,41.05,12.74,20.64,,,,,24.64,25.0,1.98,276.5,,0.0,432.67,740.0,
2016-02-16 14:00:00,,,,,,,,,,,,,,,,,,,,,0.0,,,
2016-02-16 15:00:00,,,,,,,,,,,,,,,,,,,,,0.0,,,
2016-02-16 16:00:00,,,,,,,,,,,,,,,,,,,,,0.0,,,
2016-02-16 17:00:00,,,,,,,,,,,,,,,,,,,,,0.0,,,
2016-02-16 18:00:00,,,,,,,,,,,,,,,,,,,,,0.0,,,
2016-02-16 19:00:00,,,,,,,,,,,,,,,,,,,,,0.0,,,
2016-02-16 20:00:00,110.89,197.56,76.18,96.55,190.05,37.05,21.9,2.38,13.26,31.06,86.22,,,,,18.16,43.78,0.88,270.0,,0.0,12.33,740.0,
2016-02-16 21:00:00,96.5,168.0,74.76,86.94,179.58,39.83,20.35,2.26,17.1,26.46,58.58,,,,,17.51,46.5,0.86,255.84,,0.0,12.58,740.0,
2016-02-16 22:00:00,116.0,166.0,82.15,89.73,192.08,33.53,19.41,2.3,12.79,27.95,52.93,,,,,16.82,48.16,0.69,211.92,,0.0,12.34,740.0,
2016-02-16 23:00:00,123.5,153.0,27.56,74.18,103.66,37.64,20.41,1.81,14.15,24.97,56.58,,,,,16.36,49.08,0.76,190.33,,0.0,12.33,740.0,
2016-02-17 00:00:00,113.0,137.0,20.21,64.19,84.79,42.62,22.29,1.53,20.21,22.67,42.04,,,,,15.64,51.0,0.84,173.0,,0.0,12.33,740.0,
2016-02-17 01:00:00,128.88,129.83,17.25,56.72,74.11,51.02,23.02,1.48,21.78,20.15,40.69,,,,,15.1,51.75,0.83,197.58,,0.0,12.33,740.0,
2016-02-17 02:00:00,138.38,115.17,11.3,53.28,62.9,51.18,25.54,1.45,25.48,19.45,32.77,,,,,14.84,51.0,0.97,207.17,,0.0,12.33,740.0,
2016-02-17 03:00:00,111.25,95.83,17.71,61.09,78.61,46.42,26.24,1.64,19.81,16.43,22.28,,,,,14.42,51.0,0.77,245.66,,0.0,12.58,740.0,
2016-02-17 04:00:00,96.12,92.33,19.11,52.73,73.09,37.31,26.3,1.6,18.81,16.02,25.42,,,,,13.87,51.25,0.71,201.58,,0.0,12.42,740.0,
2016-02-17 05:00:00,77.88,81.67,44.38,58.72,112.9,31.83,26.13,1.4,16.89,16.97,19.82,,,,,13.54,51.84,0.78,185.25,,0.0,12.42,740.0,
2016-02-17 06:00:00,93.88,101.17,81.58,69.73,173.4,33.25,26.47,1.71,11.98,18.4,17.97,,,,,13.41,50.42,0.82,194.25,,0.0,15.25,740.0,
2016-02-17 07:00:00,116.5,139.83,104.28,75.35,209.78,32.57,28.69,1.68,12.12,20.05,21.56,,,,,14.0,49.5,0.64,219.08,,0.0,170.25,740.0,
2016-02-17 08:00:00,134.0,185.33,163.02,92.73,305.38,35.47,40.3,2.26,14.82,24.92,33.92,,,,,17.21,43.08,0.87,260.16,,0.0,384.0,740.0,
2016-02-17 09:00:00,140.75,221.67,148.15,108.71,299.1,49.52,56.78,2.04,13.98,26.18,37.74,,,,,19.27,38.58,1.03,237.58,,0.0,400.92,740.0,
2016-02-17 10:00:00,186.38,255.0,168.74,109.1,327.67,49.55,58.95,2.37,14.43,31.04,45.54,,,,,18.95,40.5,0.93,257.75,,0.0,395.25,740.0,
2016-02-17 11:00:00,221.38,305.33,77.6,123.19,215.79,57.64,77.47,3.41,13.18,34.43,71.89,,,,,22.23,35.58,1.06,273.17,,0.0,420.5,740.0,
2016-02-17 12:00:00,192.88,305.5,57.73,126.28,191.28,42.57,26.7,1.95,25.81,37.58,77.3,,,,,25.23,29.33,1.48,266.59,,0.0,426.08,740.0,
2016-02-17 13:00:00,118.12,291.0,51.62,125.4,182.17,32.98,18.92,1.33,29.45,26.84,47.29,,,,,27.39,21.92,1.28,262.34,,0.0,415.42,740.0,
2016-02-17 14:00:00,92.38,261.67,41.78,120.71,164.61,30.48,20.37,1.1,36.05,22.84,47.12,,,,,27.76,21.0,1.34,227.16,,0.0,403.66,740.0,
2016-02-17 15:00:00,104.75,313.0,40.89,122.28,164.71,38.27,25.58,1.16,46.26,19.48,57.07,,,,,26.87,27.75,1.4,272.41,,0.0,395.92,740.0,
2016-02-17 16:00:00,124.25,401.0,121.68,127.65,280.01,48.21,32.35,1.53,32.14,21.76,61.26,,,,,25.68,30.42,1.28,284.25,,0.0,356.92,740.0,
2016-02-17 17:00:00,124.38,269.67,100.85,109.51,235.28,61.83,33.99,1.16,27.42,22.8,50.49,,,,,23.56,33.75,1.12,292.08,,0.0,198.08,740.0,
2016-02-17 18:00:00,113.0,286.0,123.01,110.43,266.35,64.38,39.45,1.54,12.35,28.09,56.38,,,,,21.74,42.5,0.89,268.92,,0.0,15.42,740.0,
2016-02-17 19:00:00,119.88,267.17,108.92,101.34,239.05,65.97,36.16,1.64,7.28,42.58,108.72,,,,,20.81,49.5,0.85,277.83,,0.0,12.33,740.0,
2016-02-17 20:00:00,164.5,219.83,103.72,92.17,223.92,63.02,23.83,1.88,5.9,37.75,90.6,,,,,19.85,54.5,0.58,263.66,,0.0,12.42,740.0,
2016-02-17 21:00:00,144.0,204.67,69.21,79.15,165.11,60.97,19.22,1.65,11.18,33.44,93.6,,,,,19.48,57.08,0.59,236.83,,0.0,12.42,740.0,
2016-02-17 22:00:00,168.0,208.83,46.39,64.15,120.49,56.08,19.54,1.2,10.43,24.16,69.0,,,,,19.06,58.42,1.58,248.25,,0.0,12.33,740.0,
2016-02-17 23:00:00,141.17,208.0,48.34,75.5,133.16,58.32,20.12,1.24,10.42,20.0,52.56,,,,,18.46,58.17,1.18,140.66,,0.0,12.5,740.0,
2016-02-18 00:00:00,146.38,179.83,46.61,74.62,130.15,72.2,24.89,1.56,12.67,22.6,172.4,,,,,18.11,60.17,1.74,289.08,,0.0,12.25,740.0,
2016-02-18 01:00:00,142.38,156.0,10.56,46.86,56.18,85.96,15.07,1.35,12.39,24.95,47.72,,,,,17.15,62.33,1.17,231.17,,0.0,12.67,740.0,
2016-02-18 02:00:00,139.0,111.83,26.43,45.92,76.92,73.57,21.15,1.44,14.5,17.54,31.28,,,,,16.59,62.42,1.23,278.25,,0.0,12.33,740.0,
2016-02-18 03:00:00,96.62,92.5,33.42,58.15,97.5,68.57,19.7,1.36,12.79,18.75,25.68,,,,,16.78,61.84,1.73,278.08,,0.0,12.58,740.0,
2016-02-18 04:00:00,90.88,96.17,44.18,57.01,111.16,56.68,18.96,1.72,11.19,17.11,30.45,,,,,16.88,60.42,0.68,220.17,,0.0,12.42,740.0,
2016-02-18 05:00:00,73.62,84.0,85.25,61.7,171.45,47.54,19.3,1.66,9.07,17.56,33.65,,,,,17.0,60.25,1.15,185.83,,0.0,12.16,740.0,
2016-02-18 06:00:00,109.12,119.83,62.54,53.95,133.5,53.38,18.15,1.7,8.28,19.0,30.19,,,,,15.54,69.17,1.37,179.58,,0.0,13.0,740.0,
2016-02-18 07:00:00,139.38,131.0,93.97,65.34,186.55,54.36,16.36,2.04,9.71,26.17,28.68,,,,,15.91,68.5,1.22,140.92,,0.0,118.75,740.0,
2016-02-18 08:00:00,188.12,160.33,123.57,69.33,230.55,58.23,19.0,1.86,10.96,20.99,29.6,,,,,17.12,62.5,1.0,190.75,,0.0,214.42,740.0,
2016-02-18 09:00:00,122.88,133.83,153.56,93.59,292.98,75.72,25.61,2.1,6.53,22.12,40.26,,,,,18.93,57.08,0.52,246.08,,0.0,349.0,740.0,
2016-02-18 10:00:00,157.5,160.0,94.62,96.54,215.04,71.04,33.75,2.06,10.21,25.6,46.56,,,,,20.81,51.91,0.51,238.38,,0.0,387.25,740.0,
2016-02-18 11:00:00,189.0,246.67,78.76,112.22,207.75,73.23,32.97,2.07,11.25,36.05,75.59,,,,,22.72,48.42,1.33,278.58,,0.0,405.58,740.0,
2016-02-18 12:00:00,151.17,253.5,82.5,86.74,190.13,65.82,27.02,2.02,7.86,37.98,76.42,,,,,24.25,49.92,1.18,276.92,,0.0,411.67,740.0,
2016-02-18 13:00:00,112.0,241.5,89.8,102.05,213.32,60.44,48.53,1.7,7.84,29.57,61.49,,,,,26.06,44.25,1.43,292.0,,0.0,397.92,740.0,
2016-02-18 14:00:00,121.0,229.0,98.7,102.04,225.8,77.6,48.78,0.3,8.15,29.22,85.7,,,,,23.93,51.33,1.44,287.58,,0.0,336.92,740.0,
2016-02-18 15:00:00,174.5,282.5,138.62,107.06,284.67,94.66,49.18,0.1,7.35,29.78,118.85,,,,,23.15,53.5,1.58,285.92,,0.0,316.25,740.0,
2016-02-18 16:00:00,210.67,285.83,123.09,97.91,255.38,109.22,22.28,0.1,12.48,32.61,93.11,,,,,22.42,52.5,1.54,278.67,,0.0,252.58,740.0,
2016-02-18 17:00:00,183.67,218.33,146.99,88.08,279.09,108.72,26.46,,6.26,39.62,84.14,,,,,20.95,53.0,1.12,280.08,,0.0,129.92,740.0,
2016-02-18 18:00:00,204.5,235.33,149.31,86.96,281.48,99.57,23.64,,6.41,46.12,116.98,,,,,20.31,56.08,1.16,282.34,,0.0,13.67,740.0,
2016-02-18 19:00:00,191.67,231.17,137.48,82.09,260.8,94.53,20.94,,6.03,45.18,128.48,,,,,20.12,59.92,0.64,247.83,,0.0,12.25,740.0,
2016-02-18 20:00:00,190.5,215.33,139.27,74.99,256.93,83.16,16.81,0.5,3.76,42.86,113.28,,,,,20.07,61.92,0.68,249.41,,0.0,12.42,740.0,
2016-02-18 21:00:00,201.33,285.67,213.56,84.12,366.58,82.72,16.31,1.14,7.59,44.92,120.38,,,,,19.81,63.84,0.82,251.58,,0.0,12.5,740.0,
2016-02-18 22:00:00,246.0,312.67,258.6,80.04,424.44,89.64,16.89,1.19,8.91,46.88,139.52,,,,,19.63,65.0,1.06,261.75,,0.0,12.25,740.0,
2016-02-18 23:00:00,269.67,348.5,192.9,70.86,326.54,100.16,15.3,0.98,9.78,58.98,143.8,,,,,19.12,67.17,1.12,248.75,,0.0,12.25,740.0,
2016-02-19 00:00:00,319.38,313.67,138.9,62.54,245.6,130.58,16.49,1.43,13.49,53.22,105.97,,,,,18.12,70.25,1.13,243.67,,0.0,12.58,740.0,
2016-02-19 01:00:00,350.25,306.83,95.06,52.32,176.44,129.62,16.81,1.38,6.92,34.67,45.11,,,,,17.46,72.5,0.74,240.08,,0.0,12.5,740.0,
2016-02-19 02:00:00,249.88,199.33,97.12,54.17,180.92,115.78,14.38,1.42,7.84,34.14,39.79,,,,,17.4,73.0,0.48,272.75,,0.0,12.67,740.0,
2016-02-19 03:00:00,230.0,176.33,58.78,49.37,124.14,118.78,13.7,1.38,8.15,47.52,63.81,,,,,17.38,73.25,1.12,282.5,,0.0,12.33,740.0,
2016-02-19 04:00:00,298.25,233.5,62.39,49.95,130.0,100.16,12.12,1.49,7.4,41.28,50.86,,,,,17.38,73.0,1.25,288.25,,0.0,12.42,740.0,
2016-02-19 05:00:00,321.5,246.0,136.88,55.58,236.42,79.18,12.82,2.01,6.95,30.83,39.11,,,,,17.62,70.91,0.42,277.08,,0.0,12.5,740.0,
2016-02-19 06:00:00,227.12,187.67,211.68,62.71,344.97,77.59,13.68,2.55,9.2,27.82,37.86,,,,,17.58,70.17,0.36,249.5,,0.0,15.5,740.0,
2016-02-19 07:00:00,231.12,275.0,256.59,67.06,410.17,83.51,14.27,2.82,9.81,31.47,44.89,,,,,17.88,69.83,0.52,230.75,,0.0,184.67,740.0,
2016-02-19 08:00:00,255.88,284.0,307.66,108.76,341.47,96.78,30.64,3.68,16.73,35.9,56.12,,,,,20.89,61.75,0.88,265.83,,0.0,386.25,740.0,
2016-02-19 09:00:00,248.71,267.33,255.54,130.3,441.57,103.6,55.05,3.13,9.18,39.29,68.77,,,,,24.59,46.33,0.89,285.67,,0.0,400.92,740.0,
2016-02-19 10:00:00,235.33,260.5,101.44,140.29,263.61,103.61,58.48,2.64,7.08,38.02,74.56,,,,,27.23,38.67,0.95,256.16,,0.0,409.17,740.0,
2016-02-19 11:00:00,204.0,270.33,66.25,116.38,194.15,98.06,55.83,1.9,9.34,39.36,73.87,,,,,28.96,37.42,1.4,272.58,,0.0,414.25,740.0,
2016-02-19 12:00:00,176.33,281.67,63.29,87.64,164.53,79.14,29.28,1.82,10.3,31.91,57.42,,,,,28.58,37.75,1.4,280.75,,0.0,412.33,740.0,
2016-02-19 13:00:00,113.0,369.83,119.71,90.98,244.49,61.01,21.38,2.42,6.87,25.67,49.23,,,,,28.88,38.42,1.5,285.88,,0.0,435.29,740.0,
2016-02-19 14:00:00,122.0,736.5,55.72,83.06,150.04,86.44,28.88,2.17,18.97,23.9,40.39,,,,,30.36,34.42,1.3,254.5,,0.0,428.08,740.0,
2016-02-19 15:00:00,120.17,323.33,93.22,85.18,202.78,80.13,35.65,2.21,15.48,16.46,43.55,,,,,29.78,37.16,0.95,246.83,,0.0,399.66,740.0,
2016-02-19 16:00:00,117.67,313.0,89.52,95.66,207.19,89.11,29.9,2.45,12.63,22.12,58.08,,,,,27.71,45.08,0.75,254.58,,0.0,366.16,740.0,
2016-02-19 17:00:00,155.0,281.83,107.88,88.17,225.77,104.22,28.74,2.79,8.93,29.88,71.2,,,,,25.85,51.58,0.76,268.66,,0.0,214.25,740.0,
2016-02-19 18:00:00,173.17,288.0,102.61,84.06,214.7,110.48,41.26,2.98,5.87,34.52,84.41,,,,,23.97,54.5,0.65,274.58,,0.0,18.33,740.0,
2016-02-19 19:00:00,166.17,226.33,106.46,77.22,214.14,99.99,36.7,3.58,5.08,33.72,106.73,,,,,23.18,56.92,0.42,216.25,,0.0,12.42,740.0,
2016-02-19 20:00:00,177.5,259.67,174.84,89.82,318.69,110.26,28.36,4.18,6.7,36.47,104.44,,,,,22.92,57.92,0.63,278.25,,0.0,12.5,740.0,
2016-02-19 21:00:00,181.0,325.67,97.16,83.32,206.86,88.9,19.37,4.46,2.26,48.6,134.18,,,,,22.76,59.67,0.6,129.58,,0.0,12.42,740.0,
2016-02-19 22:00:00,198.67,263.17,194.24,88.87,281.66,93.28,19.05,5.16,5.61,46.75,206.52,,,,,22.68,60.59,0.7,157.5,,0.0,12.42,740.0,
2016-02-19 23:00:00,262.17,378.17,131.62,81.12,252.05,95.2,17.25,3.96,4.74,44.12,169.75,,,,,22.51,61.08,1.19,138.25,,0.0,12.33,740.0,
2016-02-20 00:00:00,255.33,335.5,125.24,77.78,240.24,97.29,26.28,1.6,10.61,34.13,192.54,,,,,21.92,63.25,0.75,246.5,,0.0,12.42,740.0,
2016-02-20 01:00:00,222.67,263.5,196.2,82.97,341.82,111.85,33.98,2.76,20.56,43.86,149.03,,,,,21.52,65.92,0.53,204.17,,0.0,12.42,740.0,
2016-02-20 02:00:00,244.33,240.5,267.24,81.8,408.73,110.97,30.02,2.64,24.59,50.56,207.41,,,,,21.54,66.17,0.42,150.17,,0.0,12.58,740.0,
2016-02-20 03:00:00,212.83,234.83,337.49,82.43,471.43,111.76,29.58,3.11,21.94,54.44,216.08,,,,,21.47,67.25,0.44,115.5,,0.0,12.67,740.0,
2016-02-20 04:00:00,225.67,224.0,447.21,85.48,,107.75,22.59,3.7,13.02,54.06,317.07,,,,,21.58,66.75,0.34,146.83,,0.0,12.66,740.0,
2016-02-20 05:00:00,246.67,261.33,442.48,74.89,,92.93,16.6,3.72,13.64,56.18,314.39,,,,,21.51,67.66,0.65,239.75,,0.0,12.25,740.0,
2016-02-20 06:00:00,261.33,328.33,450.1,84.93,,112.15,16.2,3.9,15.2,57.25,218.46,,,,,21.5,66.92,0.45,246.83,,0.0,16.5,740.0,
2016-02-20 07:00:00,260.5,350.5,335.76,94.74,474.13,145.14,14.18,2.66,11.85,53.91,171.67,,,,,21.87,63.92,0.62,241.92,,0.0,205.33,740.0,
2016-02-20 08:00:00,221.17,315.17,400.13,133.93,,154.71,23.28,2.3,12.04,39.94,108.91,,,,,23.83,59.42,1.78,257.58,,0.0,386.17,740.0,
2016-02-20 09:00:00,201.33,257.0,146.89,61.51,255.3,173.18,36.84,0.69,16.48,25.58,60.99,,,,,23.46,59.25,2.48,275.83,,0.0,384.25,740.0,
2016-02-20 10:00:00,148.0,287.0,,,,,,,15.5,23.6,46.58,,,,,23.52,60.25,1.0,246.42,,0.0,396.92,740.0,
2016-02-20 11:00:00,,,,,,,,,,,,,,,,,,,,,0.0,,,
2016-02-20 12:00:00,,,,,,,,,,,,,,,,,,,,,0.0,,,
2016-02-20 13:00:00,186.33,238.34,88.04,75.11,187.35,88.78,17.74,0.84,6.64,33.17,53.6,,,,,28.6,49.42,2.28,274.59,,0.0,445.0,740.0,
2016-02-20 14:00:00,141.67,286.0,59.18,66.98,141.16,101.49,8.39,0.57,7.18,23.74,47.7,,,,,28.65,47.5,2.29,281.75,,0.0,440.08,740.0,
2016-02-20 15:00:00,118.5,316.67,114.51,83.34,230.87,122.02,7.01,0.77,6.92,17.04,32.02,,,,,28.49,45.92,2.25,277.96,,0.0,427.12,740.0,
2016-02-20 16:00:00,134.5,378.17,65.62,61.95,144.95,118.47,19.81,0.4,7.94,16.42,35.82,,,,,27.08,48.67,2.26,289.08,,0.0,401.83,740.0,
2016-02-20 17:00:00,123.0,279.0,103.59,70.14,203.95,124.61,25.81,0.46,2.36,16.77,36.68,,,,,25.15,53.58,2.16,284.92,,0.0,280.42,740.0,
2016-02-20 18:00:00,93.83,168.17,51.06,57.98,121.4,106.26,27.53,0.4,14.58,22.14,51.78,,,,,23.8,59.17,2.1,289.67,,0.0,21.17,740.0,
2016-02-20 19:00:00,88.0,139.0,65.85,54.0,138.0,103.7,22.68,0.85,17.97,22.32,58.4,,,,,23.3,62.0,1.76,290.84,,0.0,12.33,740.0,
2016-02-20 20:00:00,,,,,,,,,,,,,,,,,,,,,0.0,,,
2016-02-20 21:00:00,,,,,,,,,,,,,,,,,,,,,0.0,,,
2016-02-20 22:00:00,,,,,,,,,,,,,,,,,,,,,0.0,,,
2016-02-20 23:00:00,,,,,,,,,,,,,,,,,,,,,0.0,,,
2016-02-21 00:00:00,,,,,,,,,,,,,,,,,,,,,0.0,,,
2016-02-21 01:00:00,,,,,,,,,,,,,,,,,,,,,0.0,,,
2016-02-21 02:00:00,,,,,,,,,,,,,,,,,,,,,0.0,,,
2016-02-21 03:00:00,,,,,,,,,,,,,,,,,,,,,0.0,,,
2016-02-21 04:00:00,,,,,,,,,,,,,,,,,,,,,0.0,,,
2016-02-21 05:00:00,,,,,,,,,,,,,,,,,,,,,0.0,,,
2016-02-21 06:00:00,,,,,,,,,,,,,,,,,,,,,0.0,,,
2016-02-21 07:00:00,,,,,,,,,,,,,,,,,,,,,0.0,,,
2016-02-21 08:00:00,,,,,,,,,,,,,,,,,,,,,0.0,,,
2016-02-21 09:00:00,123.17,148.83,101.0,49.98,182.36,66.47,15.41,1.38,19.94,14.92,18.77,,,,,20.15,63.42,2.17,282.75,,0.0,457.58,740.0,
2016-02-21 10:00:00,102.33,166.33,109.97,65.04,207.28,58.79,17.19,1.59,18.57,15.08,23.44,,,,,21.89,55.67,2.54,273.75,,0.0,466.58,740.0,
2016-02-21 11:00:00,91.33,169.0,75.48,53.49,150.71,51.11,15.65,1.48,34.28,16.44,27.88,,,,,23.86,47.5,2.68,281.25,,0.0,468.92,740.0,
2016-02-21 12:00:00,72.0,227.5,102.29,50.53,184.73,45.37,14.57,1.62,40.99,11.45,25.66,,,,,25.14,41.25,2.98,288.92,,0.0,468.75,740.0,
2016-02-21 13:00:00,41.33,282.67,94.38,65.7,187.54,34.29,12.48,1.74,41.53,9.07,21.39,,,,,26.0,37.08,3.43,282.17,,0.0,463.25,740.0,
2016-02-21 14:00:00,40.17,461.17,43.65,47.57,102.14,33.18,12.63,1.38,66.25,8.09,21.51,,,,,26.57,32.58,3.05,285.08,,0.0,448.5,740.0,
2016-02-21 15:00:00,50.17,424.0,44.61,44.9,100.96,30.88,12.83,1.27,82.85,6.84,20.95,,,,,26.49,29.25,2.99,281.75,,0.0,445.33,740.0,
2016-02-21 16:00:00,48.67,493.83,42.96,46.04,99.39,27.23,15.42,1.33,87.4,7.03,22.14,,,,,25.54,30.67,3.77,278.75,,0.0,425.17,740.0,
2016-02-21 17:00:00,62.67,512.33,53.79,48.54,116.84,28.24,15.99,1.34,73.26,8.38,27.06,,,,,23.88,35.17,3.24,282.33,,0.0,285.08,740.0,
2016-02-21 18:00:00,64.67,328.83,58.86,62.2,135.75,46.3,,1.45,49.24,12.24,31.29,,,,,22.28,41.17,2.4,284.5,,0.0,25.75,740.0,
2016-02-21 19:00:00,58.5,172.83,83.28,62.29,169.24,40.71,,1.59,46.91,16.78,39.99,,,,,21.25,42.58,2.14,284.5,,0.0,12.25,740.0,
2016-02-21 20:00:00,61.33,148.67,52.8,65.06,130.07,42.64,12.24,1.64,27.98,18.82,41.1,,,,,20.56,45.34,2.38,284.91,,0.0,12.5,740.0,
2016-02-21 21:00:00,63.67,154.67,51.6,59.03,123.08,33.81,34.96,1.5,33.82,17.38,32.31,,,,,19.89,44.67,2.58,286.0,,0.0,12.5,740.0,
2016-02-21 22:00:00,71.33,149.83,58.11,52.32,125.99,36.07,33.7,1.39,38.65,17.65,24.41,,,,,19.13,45.5,2.58,286.17,,0.0,12.42,740.0,
2016-02-21 23:00:00,91.5,181.12,50.39,52.96,115.97,33.12,12.55,1.28,39.79,14.43,16.4,,,,,18.66,48.42,2.56,285.92,,0.0,12.08,740.0,
2016-02-22 00:00:00,85.5,154.33,23.35,39.04,66.66,33.62,12.95,1.31,49.9,14.08,13.48,,,,,18.09,50.17,2.58,285.08,,0.0,12.33,740.0,
2016-02-22 01:00:00,91.67,117.5,18.72,39.1,60.38,43.41,12.77,1.17,65.72,14.57,13.01,,,,,17.25,53.17,2.62,283.5,,0.0,12.33,740.0,
2016-02-22 02:00:00,85.0,95.83,8.05,31.26,38.84,44.55,12.48,1.0,69.18,13.93,11.98,,,,,16.74,54.42,2.64,285.16,,0.0,12.67,740.0,
2016-02-22 03:00:00,85.0,74.67,23.49,44.7,71.89,42.72,12.49,1.02,57.52,12.86,11.92,,,,,16.32,54.67,2.25,284.92,,0.0,12.25,740.0,
2016-02-22 04:00:00,85.0,73.33,27.85,41.8,75.08,40.11,13.06,1.25,43.52,15.47,13.08,,,,,15.42,57.66,2.44,284.33,,0.0,12.34,740.0,
2016-02-22 05:00:00,85.0,74.0,43.98,43.0,98.33,34.24,12.92,1.39,40.32,15.65,9.75,,,,,15.11,58.75,2.25,287.5,,0.0,12.08,740.0,
2016-02-22 06:00:00,85.0,83.5,105.54,53.86,192.04,25.16,13.33,1.63,31.14,17.77,10.98,,,,,15.1,56.5,2.28,284.67,,0.0,25.84,740.0,
2016-02-22 07:00:00,91.83,157.33,121.43,67.9,226.48,28.38,13.69,1.7,27.36,18.31,12.46,,,,,15.71,55.08,2.41,287.75,,0.0,343.58,740.0,
2016-02-22 08:00:00,130.25,175.0,105.27,57.03,194.81,33.85,37.76,1.57,29.82,20.0,14.99,,,,,18.29,49.25,2.94,286.08,,0.0,447.0,740.0,
2016-02-22 09:00:00,143.0,208.0,109.56,78.01,218.97,32.08,56.04,1.38,78.7,18.05,16.82,,,,,20.42,42.78,2.93,287.78,,0.0,461.0,740.0,
2016-02-22 10:00:00,,,,,,,,,,,,,,,,,,,,,0.0,,,
2016-02-22 11:00:00,,,,,,,,,,,,,,,,,,,,,0.0,,,
2016-02-22 12:00:00,,,,,,,,,,,,,,,,,,,,,0.0,,,
2016-02-22 13:00:00,,,,,,,,,,,,,,,,,,,,,0.0,,,
2016-02-22 14:00:00,,,,,,,,,,,,,,,,,,,,,0.0,,,
2016-02-22 15:00:00,,,,,,,,,,,,,,,,,,,,,0.0,,,
2016-02-22 16:00:00,,,,,,,,,,,,,,,,,,,,,0.0,,,
2016-02-22 17:00:00,,,,,,,,,,,,,,,,,,,,,0.0,,,
2016-02-22 18:00:00,,,,,,,,,,,,,,,,,,,,,0.0,,,
2016-02-22 19:00:00,,,,,,,,,,,,,,,,,,,,,0.0,,,
2016-02-22 20:00:00,,,,,,,,,,,,,,,,,,,,,0.0,,,
2016-02-22 21:00:00,,,,,,,,,,,,,,,,,,,,,0.0,,,
2016-02-22 22:00:00,,,,,,,,,,,,,,,,,,,,,0.0,,,
2016-02-22 23:00:00,,,,,,,,,,,,,,,,,,,,,0.0,,,
2016-02-23 00:00:00,,,,,,,,,,,,,,,,,,,,,0.0,,,
2016-02-23 01:00:00,,,,,,,,,,,,,,,,,,,,,0.0,,,
2016-02-23 02:00:00,,,,,,,,,,,,,,,,,,,,,0.0,,,
2016-02-23 03:00:00,,,,,,,,,,,,,,,,,,,,,0.0,,,
2016-02-23 04:00:00,,,,,,,,,,,,,,,,,,,,,0.0,,,
2016-02-23 05:00:00,,,,,,,,,,,,,,,,,,,,,0.0,,,
2016-02-23 06:00:00,,,,,,,,,,,,,,,,,,,,,0.0,,,
2016-02-23 07:00:00,,,,,,,,,,,,,,,,,,,,,0.0,,,
2016-02-23 08:00:00,,,,,,,,,,,,,,,,,,,,,0.0,,,
2016-02-23 09:00:00,,,,,,,,,,,,,,,,,,,,,0.0,,,
2016-02-23 10:00:00,,,,,,,,,,,,,,,,,,,,,0.0,,,
2016-02-23 11:00:00,,,,,,,,,,,,,,,,,,,,,0.0,,,
2016-02-23 12:00:00,,,,,,,,,,,,,,,,,,,,,0.0,,,
2016-02-23 13:00:00,,,,,,,,,,,,,,,,,,,,,0.0,,,
2016-02-23 14:00:00,,,,,,,,,,,,,,,,,,,,,0.0,,,
2016-02-23 15:00:00,,,,,,,,,,,,,,,,,,,,,0.0,,,
2016-02-23 16:00:00,,,,,,,,,,,,,,,,,,,,,0.0,,,
2016-02-23 17:00:00,,,,,,,,,,,,,,,,,,,,,0.0,,,
2016-02-23 18:00:00,,,,,,,,,,,,,,,,,,,,,0.0,,,
2016-02-23 19:00:00,,,,,,,,,,,,,,,,,,,,,0.0,,,
2016-02-23 20:00:00,,,,,,,,,,,,,,,,,,,,,0.0,,,
2016-02-23 21:00:00,,,,,,,,,,,,,,,,,,,,,0.0,,,
2016-02-23 22:00:00,,,,,,,,,,,,,,,,,,,,,0.0,,,
2016-02-23 23:00:00,,,,,,,,,,,,,,,,,,,,,0.0,,,
2016-02-24 00:00:00,,,,,,,,,,,,,,,,,,,,,0.0,,,
2016-02-24 01:00:00,,,,,,,,,,,,,,,,,,,,,0.0,,,
2016-02-24 02:00:00,,,,,,,,,,,,,,,,,,,,,0.0,,,
2016-02-24 03:00:00,,,,,,,,,,,,,,,,,,,,,0.0,,,
2016-02-24 04:00:00,,,,,,,,,,,,,,,,,,,,,0.0,,,
2016-02-24 05:00:00,,,,,,,,,,,,,,,,,,,,,0.0,,,
2016-02-24 06:00:00,,,,,,,,,,,,,,,,,,,,,0.0,,,
2016-02-24 07:00:00,,,,,,,,,,,,,,,,,,,,,0.0,,,
2016-02-24 08:00:00,,,,,,,,,,,,,,,,,,,,,0.0,,,
2016-02-24 09:00:00,,,,,,,,,,,,,,,,,,,,,0.0,,,
2016-02-24 10:00:00,,,,,,,,,,,,,,,,,,,,,0.0,,,
2016-02-24 11:00:00,,,,,,,,,,,,,,,,,,,,,0.0,,,
2016-02-24 12:00:00,,,,,,,,,,,,,,,,,,,,,0.0,,,
2016-02-24 13:00:00,,,,,,,,,,,,,,,,,,,,,0.0,,,
2016-02-24 14:00:00,,,,,,,,,,,,,,,,,,,,,0.0,,,
2016-02-24 15:00:00,,,,,,,,,,,,,,,,,,,,,0.0,,,
2016-02-24 16:00:00,,,,,,,,,,,,,,,,,,,,,0.0,,,
2016-02-24 17:00:00,,,,,,,,,,,,,,,,,,,,,0.0,,,
2016-02-24 18:00:00,,,,,,,,,,,,,,,,,,,,,0.0,,,
2016-02-24 19:00:00,79.0,352.0,108.94,129.06,263.78,57.72,34.35,0.5,3.1,31.6,62.95,,,,,23.18,40.84,0.66,93.16,,0.0,13.0,740.0,
2016-02-24 20:00:00,79.0,360.33,141.82,132.93,312.11,63.32,26.62,0.86,6.35,35.71,105.97,,,,,22.72,39.25,1.61,83.84,,0.0,12.5,740.0,
2016-02-24 21:00:00,79.0,333.17,215.0,127.48,357.59,59.13,3.81,1.42,3.96,34.7,175.19,,,,,21.28,43.84,0.91,68.67,,0.0,12.33,740.0,
2016-02-24 22:00:00,79.0,344.67,261.82,120.84,408.92,63.67,2.43,1.08,5.56,40.81,263.97,,,,,20.54,48.08,0.95,73.84,,0.0,12.75,740.0,
2016-02-24 23:00:00,79.0,365.0,154.5,108.87,308.04,63.9,4.66,1.28,4.88,39.56,270.14,,,,,19.97,47.83,1.06,83.08,,0.0,12.25,740.0,
2016-02-25 00:00:00,109.33,321.17,320.25,134.44,489.03,76.72,27.39,2.64,7.77,36.59,124.47,,,,,18.32,51.66,0.34,90.92,,0.0,12.33,740.0,
2016-02-25 01:00:00,261.0,382.0,310.83,116.38,401.03,88.7,24.22,2.6,16.45,38.8,104.35,,,,,17.42,54.92,0.55,84.5,,0.0,12.16,740.0,
2016-02-25 02:00:00,261.0,347.0,188.59,100.02,346.64,80.27,26.84,1.11,20.23,33.06,109.63,,,,,17.48,52.5,0.73,109.16,,0.0,12.5,740.0,
2016-02-25 03:00:00,261.0,177.0,210.61,103.73,380.04,77.53,40.88,1.16,17.18,32.33,104.51,,,,,16.79,54.67,0.68,106.17,,0.0,12.67,740.0,
2016-02-25 04:00:00,261.0,202.0,129.99,87.5,255.46,69.88,26.25,0.68,12.41,32.88,104.52,,,,,16.89,55.92,0.79,124.42,,0.0,12.84,740.0,
2016-02-25 05:00:00,261.0,199.67,98.69,86.14,211.51,62.68,21.33,0.58,5.98,30.94,70.5,,,,,16.88,54.92,1.12,110.58,,0.0,12.33,740.0,
2016-02-25 06:00:00,261.0,189.17,88.53,86.42,197.89,62.54,20.96,1.46,6.52,28.9,49.78,,,,,16.78,54.75,1.2,116.66,,0.0,32.25,740.0,
2016-02-25 07:00:00,244.33,196.5,82.05,93.08,194.97,69.84,21.36,1.92,7.24,27.8,41.92,,,,,18.09,52.75,1.21,105.83,,0.0,338.08,740.0,
2016-02-25 08:00:00,161.0,208.0,31.26,92.64,125.26,80.13,41.91,1.64,17.9,25.64,45.4,,,,,20.15,45.84,2.48,103.25,,0.0,428.5,740.0,
2016-02-25 09:00:00,161.0,236.33,19.58,79.59,97.64,81.06,43.61,1.17,35.66,22.38,59.8,,,,,22.58,38.5,2.63,110.67,,0.0,451.92,740.0,
2016-02-25 10:00:00,149.83,292.83,10.88,60.68,68.9,66.59,31.59,0.87,91.19,17.46,29.65,,,,,24.78,33.67,3.21,114.16,,0.0,458.66,740.0,
2016-02-25 11:00:00,94.0,376.67,6.93,52.17,55.94,57.55,25.47,0.73,124.28,13.18,24.58,,,,,26.26,31.75,3.62,101.42,,0.0,462.42,740.0,
2016-02-25 12:00:00,94.0,425.33,5.79,51.01,53.38,52.47,22.84,0.61,133.18,10.58,26.36,,,,,27.91,27.58,3.38,109.33,,0.0,459.42,740.0,
2016-02-25 13:00:00,94.0,413.5,4.78,44.49,46.15,47.79,20.45,0.51,154.27,7.82,16.42,,,,,28.13,26.92,3.59,107.75,,0.0,448.34,740.0,
2016-02-25 14:00:00,94.0,337.17,4.18,46.22,46.87,47.89,20.55,0.48,182.92,8.08,19.7,,,,,28.74,25.17,2.99,103.42,,0.0,446.33,740.0,
2016-02-25 15:00:00,94.0,290.5,4.01,51.83,51.66,47.76,20.38,0.41,197.02,8.52,21.31,,,,,29.05,23.84,2.48,118.08,,0.0,432.0,740.0,
2016-02-25 16:00:00,94.0,278.0,3.05,45.25,44.5,40.85,21.3,0.35,216.35,9.25,28.7,,,,,28.7,24.5,2.7,104.0,,0.0,420.0,740.0,
2016-02-25 17:00:00,,,,,,,,,,,,,,,,,,,,,0.0,,,
2016-02-25 18:00:00,,,,,,,,,,,,,,,,,,,,,0.0,,,
2016-02-25 19:00:00,94.0,278.0,,,,,,,3.6,15.55,48.9,,,,,23.6,41.84,2.02,82.17,,0.0,12.16,740.0,
2016-02-25 20:00:00,,,,,,,31.4,1.6,4.7,25.2,79.3,,,,,23.4,42.0,2.2,83.0,,0.0,13.0,740.0,
2016-02-25 21:00:00,,,,,,,,,,,,,,,,,,,,,0.0,,,
2016-02-25 22:00:00,,,,,,,,,,,,,,,,,,,,,0.0,,,
2016-02-25 23:00:00,,,,,,,,,,,,,,,,,,,,,0.0,,,
2016-02-26 00:00:00,,,,,,,,,,,,,,,,,,,,,0.0,,,
2016-02-26 01:00:00,,,,,,,,,,,,,,,,,,,,,0.0,,,
2016-02-26 02:00:00,,,,,,,,,,,,,,,,,,,,,0.0,,,
2016-02-26 03:00:00,,,,,,,,,,,,,,,,,,,,,0.0,,,
2016-02-26 04:00:00,,,,,,,,,,,,,,,,,,,,,0.0,,,
2016-02-26 05:00:00,,,,,,,,,,,,,,,,,,,,,0.0,,,
2016-02-26 06:00:00,,,,,,,,,,,,,,,,,,,,,0.0,,,
2016-02-26 07:00:00,,,,,,,,,,,,,,,,,,,,,0.0,,,
2016-02-26 08:00:00,,,,,,,,,,,,,,,,,,,,,0.0,,,
2016-02-26 09:00:00,,,,,,,,,,,,,,,,,,,,,0.0,,,
2016-02-26 10:00:00,,,,,,,,,,,,,,,,,,,,,0.0,,,
2016-02-26 11:00:00,,,,,,,,,,,,,,,,,,,,,0.0,,,
2016-02-26 12:00:00,,,,,,,,,,,,,,,,,,,,,0.0,,,
2016-02-26 13:00:00,,,,,,,,,,,,,,,,,,,,,0.0,,,
2016-02-26 14:00:00,,,,,,,,,,,,,,,,,,,,,0.0,,,
2016-02-26 15:00:00,,,,,,,,,,,,,,,,,,,,,0.0,,,
2016-02-26 16:00:00,,,,,,,,,,,,,,,,,,,,,0.0,,,
2016-02-26 17:00:00,,,,,,,,,,,,,,,,,,,,,0.0,,,
2016-02-26 18:00:00,,,,,,,,,,,,,,,,,,,,,0.0,,,
2016-02-26 19:00:00,,,,,,,,,,,,,,,,,,,,,0.0,,,
2016-02-26 20:00:00,,,,,,,,,,,,,,,,,,,,,0.0,,,
2016-02-26 21:00:00,,,,,,,,,,,,,,,,,,,,,0.0,,,
2016-02-26 22:00:00,,,,,,,,,,,,,,,,,,,,,0.0,,,
2016-02-26 23:00:00,,,,,,,,,,,,,,,,,,,,,0.0,,,
2016-02-27 00:00:00,,,,,,,,,,,,,,,,,,,,,0.0,,,
2016-02-27 01:00:00,,,,,,,,,,,,,,,,,,,,,0.0,,,
2016-02-27 02:00:00,,,,,,,,,,,,,,,,,,,,,0.0,,,
2016-02-27 03:00:00,,,,,,,,,,,,,,,,,,,,,0.0,,,
2016-02-27 04:00:00,,,,,,,,,,,,,,,,,,,,,0.0,,,
2016-02-27 05:00:00,,,,,,,,,,,,,,,,,,,,,0.0,,,
2016-02-27 06:00:00,,,,,,,,,,,,,,,,,,,,,0.0,,,
2016-02-27 07:00:00,,,,,,,,,,,,,,,,,,,,,0.0,,,
2016-02-27 08:00:00,,,,,,,,,,,,,,,,,,,,,0.0,,,
2016-02-27 09:00:00,,,,,,,,,,,,,,,,,,,,,0.0,,,
2016-02-27 10:00:00,,,,,,,,,,,,,,,,,,,,,0.0,,,
2016-02-27 11:00:00,,,,,,,,,,,,,,,,,,,,,0.0,,,
2016-02-27 12:00:00,,,,,,,,,,,,,,,,,,,,,0.0,,,
2016-02-27 13:00:00,,,,,,,,,,,,,,,,,,,,,0.0,,,
2016-02-27 14:00:00,,,,,,,,,,,,,,,,,,,,,0.0,,,
2016-02-27 15:00:00,,,,,,,,,,,,,,,,,,,,,0.0,,,
2016-02-27 16:00:00,,,,,,,,,,,,,,,,,,,,,0.0,,,
2016-02-27 17:00:00,,,,,,,,,,,,,,,,,,,,,0.0,,,
2016-02-27 18:00:00,,,,,,,,,,,,,,,,,,,,,0.0,,,
2016-02-27 19:00:00,,,,,,,,,,,,,,,,,,,,,0.0,,,
2016-02-27 20:00:00,,,,,,,,,,,,,,,,,,,,,0.0,,,
2016-02-27 21:00:00,,,,,,,,,,,,,,,,,,,,,0.0,,,
2016-02-27 22:00:00,,,,,,,,,,,,,,,,,,,,,0.0,,,
2016-02-27 23:00:00,,,,,,,,,,,,,,,,,,,,,0.0,,,
2016-02-28 00:00:00,,,,,,,,,,,,,,,,,,,,,0.0,,,
2016-02-28 01:00:00,,,,,,,,,,,,,,,,,,,,,0.0,,,
2016-02-28 02:00:00,,,,,,,,,,,,,,,,,,,,,0.0,,,
2016-02-28 03:00:00,,,,,,,,,,,,,,,,,,,,,0.0,,,
2016-02-28 04:00:00,,,,,,,,,,,,,,,,,,,,,0.0,,,
2016-02-28 05:00:00,,,,,,,,,,,,,,,,,,,,,0.0,,,
2016-02-28 06:00:00,,,,,,,,,,,,,,,,,,,,,0.0,,,
2016-02-28 07:00:00,,,,,,,,,,,,,,,,,,,,,0.0,,,
2016-02-28 08:00:00,,,,,,,,,,,,,,,,,,,,,0.0,,,
2016-02-28 09:00:00,,,,,,,,,,,,,,,,,,,,,0.0,,,
2016-02-28 10:00:00,,,,,,,,,,,,,,,,,,,,,0.0,,,
2016-02-28 11:00:00,,,,,,,,,,,,,,,,,,,,,0.0,,,
2016-02-28 12:00:00,,,,,,,,,,,,,,,,,,,,,0.0,,,
2016-02-28 13:00:00,,,,,,,,,,,,,,,,,,,,,0.0,,,
2016-02-28 14:00:00,,,,,,,,,,,,,,,,,,,,,0.0,,,
2016-02-28 15:00:00,,,,,,,,,,,,,,,,,,,,,0.0,,,
2016-02-28 16:00:00,,,,,,,,,,,,,,,,,,,,,0.0,,,
2016-02-28 17:00:00,,,,,,,,,,,,,,,,,,,,,0.0,,,
2016-02-28 18:00:00,,,,,,,,,,,,,,,,,,,,,0.0,,,
2016-02-28 19:00:00,,,,,,,,,,,,,,,,,,,,,0.0,,,
2016-02-28 20:00:00,,,,,,,,,,,,,,,,,,,,,0.0,,,
2016-02-28 21:00:00,,,,,,,,,,,,,,,,,,,,,0.0,,,
2016-02-28 22:00:00,,,,,,,,,,,,,,,,,,,,,0.0,,,
2016-02-28 23:00:00,,,,,,,,,,,,,,,,,,,,,0.0,,,
2016-02-29 00:00:00,,,,,,,,,,,,,,,,,,,,,0.0,,,
2016-02-29 01:00:00,,,,,,,,,,,,,,,,,,,,,0.0,,,
2016-02-29 02:00:00,,,,,,,,,,,,,,,,,,,,,0.0,,,
2016-02-29 03:00:00,,,,,,,,,,,,,,,,,,,,,0.0,,,
2016-02-29 04:00:00,,,,,,,,,,,,,,,,,,,,,0.0,,,
2016-02-29 05:00:00,,,,,,,,,,,,,,,,,,,,,0.0,,,
2016-02-29 06:00:00,,,,,,,,,,,,,,,,,,,,,0.0,,,
2016-02-29 07:00:00,,,,,,,,,,,,,,,,,,,,,0.0,,,
2016-02-29 08:00:00,,,,,,,,,,,,,,,,,,,,,0.0,,,
2016-02-29 09:00:00,,,,,,,,,,,,,,,,,,,,,0.0,,,
2016-02-29 10:00:00,,,,,,,,,,,,,,,,,,,,,0.0,,,
2016-02-29 11:00:00,,,,,,,,,,,,,,,,,,,,,0.0,,,
2016-02-29 12:00:00,153.67,,5.7,52.52,54.55,74.95,33.66,,41.47,14.53,37.07,,,,,28.9,35.84,2.84,105.0,,0.0,448.66,740.0,
2016-02-29 13:00:00,105.83,,5.18,42.48,44.92,58.63,26.78,,57.02,12.85,41.28,,,,,29.95,32.58,2.21,128.83,,0.0,437.5,740.0,
2016-02-29 14:00:00,91.33,,8.87,47.36,54.31,60.64,23.7,,64.59,10.12,30.28,,,,,30.21,31.08,2.17,140.67,,0.0,434.5,740.0,
2016-02-29 15:00:00,97.83,,37.52,74.45,117.41,67.76,21.4,,52.8,12.2,31.3,,,,,30.73,30.83,1.49,217.58,,0.0,419.0,740.0,
2016-02-29 16:00:00,98.0,,42.29,80.96,129.88,68.49,27.04,,55.13,11.9,30.08,,,,,29.94,30.0,1.12,193.67,,0.0,387.0,740.0,
2016-02-29 17:00:00,102.83,,14.81,84.22,95.31,71.61,26.11,,39.24,19.4,42.99,,,,,28.27,33.83,0.99,185.75,,0.0,282.25,740.0,
2016-02-29 18:00:00,104.5,,55.24,123.64,185.59,66.93,20.88,,17.39,22.96,55.97,,,,,26.52,43.33,1.12,121.42,,0.0,28.0,740.0,
2016-02-29 19:00:00,124.83,,292.36,132.8,378.08,77.78,25.02,0.98,11.66,29.4,65.94,,,,,24.96,48.83,0.4,135.75,,0.0,12.16,740.0,
2016-02-29 20:00:00,173.83,,357.21,133.78,482.1,96.65,20.9,2.46,21.03,36.33,146.81,,,,,23.85,52.5,0.63,70.92,,0.0,12.33,740.0,
2016-02-29 21:00:00,236.0,,348.65,122.2,,84.95,18.56,3.22,21.74,43.81,197.05,,,,,22.99,54.5,0.68,52.34,,0.0,12.42,740.0,
2016-02-29 22:00:00,308.67,,428.85,139.46,,85.71,26.09,3.7,26.3,49.38,251.18,,,,,21.99,58.75,0.45,157.08,,0.0,12.42,740.0,
2016-02-29 23:00:00,339.83,,157.1,93.1,297.5,86.79,22.53,1.46,17.38,47.79,241.2,,,,,21.13,60.67,0.63,79.91,,0.0,12.42,740.0,
2016-03-01 00:00:00,304.33,,332.58,107.52,489.33,93.61,45.32,2.84,20.62,36.31,82.78,,,,,19.88,62.25,0.37,217.0,,0.0,12.34,740.0,
2016-03-01 01:00:00,313.0,,395.35,108.28,,98.32,47.92,3.01,18.52,41.68,129.25,,,,,19.16,65.5,0.34,225.92,,0.0,12.75,740.0,
2016-03-01 02:00:00,318.92,,387.94,99.42,,93.71,36.38,3.23,17.55,48.42,136.0,,,,,18.59,68.0,0.3,226.58,,0.0,12.5,740.0,
2016-03-01 03:00:00,352.0,,340.32,88.34,459.86,94.94,28.88,3.64,18.79,48.22,134.72,,,,,18.38,69.67,0.3,135.83,,0.0,12.33,740.0,
2016-03-01 04:00:00,359.33,,264.77,84.08,430.05,87.56,20.83,3.12,22.56,47.06,126.05,,,,,18.52,68.75,0.3,138.92,,0.0,12.5,740.0,
2016-03-01 05:00:00,286.33,,400.77,106.48,,75.32,22.59,4.42,18.87,46.14,113.12,,,,,18.18,69.0,0.3,174.08,,0.0,12.75,740.0,
2016-03-01 06:00:00,383.67,,,93.36,,72.57,21.35,5.34,20.88,43.68,104.07,,,,,18.05,69.25,0.3,195.08,,0.0,33.34,740.0,
2016-03-01 07:00:00,509.67,,370.93,112.98,,85.94,20.61,5.31,22.14,48.16,98.83,,,,,19.4,66.42,0.4,104.58,,0.0,311.33,740.0,
2016-03-01 08:00:00,575.17,,188.0,132.85,375.08,108.0,61.73,2.26,20.9,45.1,84.9,,,,,22.9,52.67,0.65,186.83,,0.0,410.17,740.0,
2016-03-01 09:00:00,330.67,,145.77,175.62,355.58,92.39,152.66,2.74,23.14,35.43,94.32,,,,,25.89,44.25,0.92,190.33,,0.0,422.5,740.0,
2016-03-01 10:00:00,298.17,,62.94,154.64,223.79,82.56,84.5,2.17,34.32,39.76,108.27,,,,,27.86,40.5,1.04,199.67,,0.0,433.34,740.0,
2016-03-01 11:00:00,267.17,,39.18,150.32,187.5,73.43,68.25,2.01,37.29,33.29,77.36,,,,,29.86,36.08,1.14,164.75,,0.0,430.33,740.0,
2016-03-01 12:00:00,258.0,409.0,13.0,145.25,147.2,83.05,91.7,1.95,39.05,32.85,88.05,,,,,30.3,34.5,1.25,124.5,,0.0,430.0,740.0,
2016-03-01 13:00:00,,,,,,,,,,,,,,,,,,,,,0.0,,,
2016-03-01 14:00:00,,,,,,,,,,,,,,,,,,,,,0.0,,,
2016-03-01 15:00:00,,,,,,,,,,,,,,,,,,,,,0.0,,,
2016-03-01 16:00:00,,,,,,,,,,,,,,,,,,,,,0.0,,,
2016-03-01 17:00:00,,,,,,,,,,,,,,,,,,,,,0.0,,,
2016-03-01 18:00:00,,,,,,,,,,,,,,,,,,,,,0.0,,,
2016-03-01 19:00:00,,,,,,,,,,,,,,,,,,,,,0.0,,,
2016-03-01 20:00:00,,,,,,,,,,,,,,,,,,,,,0.0,,,
2016-03-01 21:00:00,,,,,,,,,,,,,,,,,,,,,0.0,,,
2016-03-01 22:00:00,,,,,,,,,,,,,,,,,,,,,0.0,,,
2016-03-01 23:00:00,,,,,,,,,,,,,,,,,,,,,0.0,,,
2016-03-02 00:00:00,,,,,,,,,,,,,,,,,,,,,0.0,,,
2016-03-02 01:00:00,,,,,,,,,,,,,,,,,,,,,0.0,,,
2016-03-02 02:00:00,,,,,,,,,,,,,,,,,,,,,0.0,,,
2016-03-02 03:00:00,,,,,,,,,,,,,,,,,,,,,0.0,,,
2016-03-02 04:00:00,,,,,,,,,,,,,,,,,,,,,0.0,,,
2016-03-02 05:00:00,,,,,,,,,,,,,,,,,,,,,0.0,,,
2016-03-02 06:00:00,,,,,,,,,,,,,,,,,,,,,0.0,,,
2016-03-02 07:00:00,,,,,,,,,,,,,,,,,,,,,0.0,,,
2016-03-02 08:00:00,,,,,,,,,,,,,,,,,,,,,0.0,,,
2016-03-02 09:00:00,,,,,,,,,,,,,,,,,,,,,0.0,,,
2016-03-02 10:00:00,,,,,,,,,,,,,,,,,,,,,0.0,,,
2016-03-02 11:00:00,,,,,,,,,,,,,,,,,,,,,0.0,,,
2016-03-02 12:00:00,,,,,,,,,,,,,,,,,,,,,0.0,,,
2016-03-02 13:00:00,,,,,,,,,,,,,,,,,,,,,0.0,,,
2016-03-02 14:00:00,,,,,,,,,,,,,,,,,,,,,0.0,,,
2016-03-02 15:00:00,,,,,,,,,,,,,,,,,,,,,0.0,,,
2016-03-02 16:00:00,,,,,,,,,,,,,,,,,,,,,0.0,,,
2016-03-02 17:00:00,,,,,,,,,,,,,,,,,,,,,0.0,,,
2016-03-02 18:00:00,,,,,,,,,,,,,,,,,,,,,0.0,,,
2016-03-02 19:00:00,,,,,,,,,,,,,,,,,,,,,0.0,,,
2016-03-02 20:00:00,186.83,348.0,203.32,132.77,395.93,82.82,33.22,0.58,11.85,43.95,202.34,,,,,24.55,44.0,0.57,57.42,,0.0,12.16,740.0,
2016-03-02 21:00:00,254.5,433.0,335.51,142.16,483.6,70.8,32.58,1.6,13.29,49.5,258.97,,,,,23.3,45.09,0.34,145.5,,0.0,12.5,740.0,
2016-03-02 22:00:00,342.33,503.5,458.87,142.68,,70.35,34.04,2.31,14.36,51.07,298.98,,,,,22.09,48.17,0.34,214.08,,0.0,12.33,740.0,
2016-03-02 23:00:00,403.67,780.0,278.18,109.34,417.95,64.55,25.05,0.68,15.72,53.95,194.74,,,,,21.77,46.91,0.72,101.75,,0.0,12.25,740.0,
2016-03-03 00:00:00,275.5,400.0,363.09,111.93,,72.47,27.37,2.02,22.59,48.02,156.0,,,,,20.48,52.25,0.3,134.17,,0.0,12.42,740.0,
2016-03-03 01:00:00,277.83,400.0,303.75,96.1,424.8,84.26,24.26,1.56,14.85,47.86,162.98,,,,,19.73,56.0,0.42,102.25,,0.0,12.5,740.0,
2016-03-03 02:00:00,325.5,400.0,287.89,92.92,443.69,83.98,23.81,1.62,13.73,50.17,145.62,,,,,19.77,57.5,0.49,74.0,,0.0,12.75,740.0,
2016-03-03 03:00:00,311.67,400.0,353.66,100.72,,93.2,28.1,2.14,13.49,43.11,281.87,,,,,19.02,60.0,0.44,199.34,,0.0,12.67,740.0,
2016-03-03 04:00:00,274.83,381.67,293.43,80.45,361.08,86.59,19.65,1.23,15.96,43.84,191.59,,,,,18.96,61.92,0.52,110.42,,0.0,12.33,740.0,
2016-03-03 05:00:00,255.33,290.0,415.3,82.66,,71.75,20.0,2.22,19.42,47.04,150.39,,,,,18.98,61.58,0.5,74.67,,0.0,12.25,740.0,
2016-03-03 06:00:00,292.0,290.0,326.51,72.18,452.47,67.7,24.1,1.87,26.26,51.34,419.5,,,,,19.1,60.34,0.82,118.17,,0.0,37.58,740.0,
2016-03-03 07:00:00,317.67,290.0,317.59,87.94,459.31,69.64,32.04,1.93,22.24,49.48,339.49,,,,,20.69,57.92,0.52,79.83,,0.0,319.66,740.0,
2016-03-03 08:00:00,308.83,287.33,53.53,90.83,154.03,73.52,103.75,0.6,22.38,41.8,190.18,,,,,23.96,49.58,1.83,91.0,,0.0,412.92,740.0,
2016-03-03 09:00:00,243.75,269.0,18.2,78.15,94.5,72.25,162.51,0.17,16.81,32.79,84.08,,,,,27.08,42.0,1.82,107.92,,0.0,428.42,740.0,
2016-03-03 10:00:00,205.5,244.0,13.15,69.32,79.6,77.19,75.74,,23.22,28.15,67.77,,,,,29.61,36.75,1.93,135.83,,0.0,434.58,740.0,
2016-03-03 11:00:00,162.0,242.0,19.77,82.66,100.64,76.18,66.89,,22.32,26.33,61.17,,,,,32.07,34.08,1.57,154.17,,0.0,433.58,740.0,
2016-03-03 12:00:00,148.83,226.5,29.95,79.53,111.72,69.93,43.38,,30.66,21.28,55.15,,,,,34.64,29.33,1.14,192.5,,0.0,427.67,740.0,
2016-03-03 13:00:00,114.17,209.0,30.4,131.96,159.19,67.37,35.72,,42.04,22.62,48.24,,,,,34.91,28.08,1.29,242.42,,0.0,416.08,740.0,
2016-03-03 14:00:00,153.0,267.5,44.76,156.23,200.31,106.4,46.58,,38.4,27.56,55.66,,,,,34.27,30.83,1.73,205.42,,0.0,410.75,740.0,
2016-03-03 15:00:00,180.17,297.0,24.36,89.52,113.04,74.96,25.65,,45.38,20.71,40.9,,,,,33.02,32.08,1.65,192.58,,0.0,399.0,740.0,
2016-03-03 16:00:00,113.33,230.17,45.4,91.89,143.97,71.76,43.16,,49.42,16.77,38.89,,,,,32.38,26.58,1.34,226.08,,0.0,373.0,740.0,
2016-03-03 17:00:00,100.0,221.0,48.45,82.7,138.65,62.5,54.65,,60.85,17.1,54.3,,,,,31.5,25.0,1.3,211.0,,0.0,353.5,740.0,
2016-03-03 18:00:00,,,,,,,,,,,,,,,,,,,,,0.0,,,
2016-03-03 19:00:00,,,,,,,,,,,,,,,,26.1,45.0,1.1,293.0,,0.0,12.0,740.0,
2016-03-03 20:00:00,141.0,199.0,118.96,89.27,242.2,71.8,43.15,2.46,2.0,24.43,53.26,,,,,25.91,45.92,1.16,292.5,,0.0,12.16,740.0,
2016-03-03 21:00:00,141.5,202.17,209.14,115.26,388.29,78.65,39.24,2.98,1.63,35.44,79.03,,,,,24.84,51.08,0.63,281.0,,0.0,12.25,740.0,
2016-03-03 22:00:00,148.83,257.17,235.78,111.94,339.14,101.38,28.48,2.98,3.98,37.97,115.76,,,,,23.67,56.75,0.77,272.67,,0.0,12.25,740.0,
2016-03-03 23:00:00,173.0,453.0,178.74,100.15,333.26,87.95,20.8,2.38,0.1,32.08,103.28,,,,,23.15,59.5,0.32,249.66,,0.0,12.16,740.0,
2016-03-04 00:00:00,,,,,,,,,,,,,,,,,,,,,0.0,,,
2016-03-04 01:00:00,,,,,,,,,,,,,,,,,,,,,0.0,,,
2016-03-04 02:00:00,,,,,,,,,,,,,,,,,,,,,0.0,,,
2016-03-04 03:00:00,,,,,,,,,,,,,,,,,,,,,0.0,,,
2016-03-04 04:00:00,,,,,,,,,,,,,,,,,,,,,0.0,,,
2016-03-04 05:00:00,,,,,,,,,,,,,,,,,,,,,0.0,,,
2016-03-04 06:00:00,,,,,,,,,,,,,,,,,,,,,0.0,,,
2016-03-04 07:00:00,,,,,,,,,,,,,,,,,,,,,0.0,,,
2016-03-04 08:00:00,,,,,,,,,,,,,,,,,,,,,0.0,,,
2016-03-04 09:00:00,,,,,,,,,,,,,,,,,,,,,0.0,,,
2016-03-04 10:00:00,,,,,,,,,,,,,,,,,,,,,0.0,,,
2016-03-04 11:00:00,,,,,,,,,,,,,,,,,,,,,0.0,,,
2016-03-04 12:00:00,,,,,,,,,,,,,,,,,,,,,0.0,,,
2016-03-04 13:00:00,,,,,,,,,,,,,,,,,,,,,0.0,,,
2016-03-04 14:00:00,,,,,,,,,,,,,,,,,,,,,0.0,,,
2016-03-04 15:00:00,,,,,,,,,,,,,,,,,,,,,0.0,,,
2016-03-04 16:00:00,,,,,,,,,,,,,,,,,,,,,0.0,,,
2016-03-04 17:00:00,,,,,,,,,,,,,,,,,,,,,0.0,,,
2016-03-04 18:00:00,,,,,,,,,,,,,,,,,,,,,0.0,,,
2016-03-04 19:00:00,,,,,,,,,,,,,,,,,,,,,0.0,,,
2016-03-04 20:00:00,,,,,,,,,,,,,,,,,,,,,0.0,,,
2016-03-04 21:00:00,,,,,,,,,,,,,,,,,,,,,0.0,,,
2016-03-04 22:00:00,,,,,,,,,,,,,,,,,,,,,0.0,,,
2016-03-04 23:00:00,,,,,,,,,,,,,,,,,,,,,0.0,,,
2016-03-05 00:00:00,,,,,,,,,,,,,,,,,,,,,0.0,,,
2016-03-05 01:00:00,,,,,,,,,,,,,,,,,,,,,0.0,,,
2016-03-05 02:00:00,,,,,,,,,,,,,,,,,,,,,0.0,,,
2016-03-05 03:00:00,,,,,,,,,,,,,,,,,,,,,0.0,,,
2016-03-05 04:00:00,,,,,,,,,,,,,,,,,,,,,0.0,,,
2016-03-05 05:00:00,,,,,,,,,,,,,,,,,,,,,0.0,,,
2016-03-05 06:00:00,,,,,,,,,,,,,,,,,,,,,0.0,,,
2016-03-05 07:00:00,,,,,,,,,,,,,,,,,,,,,0.0,,,
2016-03-05 08:00:00,,,,,,,,,,,,,,,,,,,,,0.0,,,
2016-03-05 09:00:00,,,,,,,,,,,,,,,,,,,,,0.0,,,
2016-03-05 10:00:00,,,,,,,,,,,,,,,,,,,,,0.0,,,
2016-03-05 11:00:00,,,,,,,,,,,,,,,,,,,,,0.0,,,
2016-03-05 12:00:00,,,,,,,,,,,,,,,,,,,,,0.0,,,
2016-03-05 13:00:00,,,,,,,,,,,,,,,,,,,,,0.0,,,
2016-03-05 14:00:00,,,,,,,,,,,,,,,,,,,,,0.0,,,
2016-03-05 15:00:00,,,,,,,,,,,,,,,,,,,,,0.0,,,
2016-03-05 16:00:00,,,,,,,,,,,,,,,,,,,,,0.0,,,
2016-03-05 17:00:00,,,,,,,,,,,,,,,,,,,,,0.0,,,
2016-03-05 18:00:00,,,,,,,,,,,,,,,,,,,,,0.0,,,
2016-03-05 19:00:00,,,,,,,,,,,,,,,,,,,,,0.0,,,
2016-03-05 20:00:00,,,,,,,,,,,,,,,,,,,,,0.0,,,
2016-03-05 21:00:00,,,,,,,,,,,,,,,,,,,,,0.0,,,
2016-03-05 22:00:00,,,,,,,,,,,,,,,,,,,,,0.0,,,
2016-03-05 23:00:00,,,,,,,,,,,,,,,,,,,,,0.0,,,
2016-03-06 00:00:00,,,,,,,,,,,,,,,,,,,,,0.0,,,
2016-03-06 01:00:00,,,,,,,,,,,,,,,,,,,,,0.0,,,
2016-03-06 02:00:00,,,,,,,,,,,,,,,,,,,,,0.0,,,
2016-03-06 03:00:00,,,,,,,,,,,,,,,,,,,,,0.0,,,
2016-03-06 04:00:00,,,,,,,,,,,,,,,,,,,,,0.0,,,
2016-03-06 05:00:00,,,,,,,,,,,,,,,,,,,,,0.0,,,
2016-03-06 06:00:00,,,,,,,,,,,,,,,,,,,,,0.0,,,
2016-03-06 07:00:00,,,,,,,,,,,,,,,,,,,,,0.0,,,
2016-03-06 08:00:00,,,,,,,,,,,,,,,,,,,,,0.0,,,
2016-03-06 09:00:00,,,,,,,,,,,,,,,,,,,,,0.0,,,
2016-03-06 10:00:00,,,,,,,,,,,,,,,,,,,,,0.0,,,
2016-03-06 11:00:00,,,,,,,,,,,,,,,,,,,,,0.0,,,
2016-03-06 12:00:00,,,,,,,,,,,,,,,,,,,,,0.0,,,
2016-03-06 13:00:00,,,,,,,,,,,,,,,,,,,,,0.0,,,
2016-03-06 14:00:00,,,,,,,,,,,,,,,,,,,,,0.0,,,
2016-03-06 15:00:00,,,,,,,,,,,,,,,,,,,,,0.0,,,
2016-03-06 16:00:00,,,,,,,,,,,,,,,,,,,,,0.0,,,
2016-03-06 17:00:00,,,,,,,,,,,,,,,,,,,,,0.0,,,
2016-03-06 18:00:00,,,,,,,,,,,,,,,,,,,,,0.0,,,
2016-03-06 19:00:00,125.17,216.0,20.42,42.72,65.93,100.81,,1.06,13.43,25.9,35.11,,,,,22.8,56.75,2.01,200.67,,0.0,12.33,740.0,
2016-03-06 20:00:00,120.17,159.83,38.56,54.51,101.16,86.22,14.07,0.83,19.94,17.74,24.96,,,,,21.4,56.84,1.41,192.42,,0.0,12.58,740.0,
2016-03-06 21:00:00,71.83,132.67,29.74,47.89,83.2,79.34,32.01,0.78,16.45,18.44,21.5,,,,,20.52,58.0,1.41,203.33,,0.0,12.58,740.0,
2016-03-06 22:00:00,101.33,152.83,39.64,50.51,99.12,68.44,47.87,0.82,6.53,23.9,22.6,,,,,19.67,61.5,0.92,219.17,,0.0,12.67,740.0,
2016-03-06 23:00:00,106.17,162.33,44.75,53.12,108.45,60.54,45.53,1.02,7.54,24.28,23.88,,,,,19.07,63.16,0.46,206.25,,0.0,12.25,740.0,
2016-03-07 00:00:00,126.38,166.38,21.22,44.96,69.02,60.4,15.25,1.56,10.96,27.08,22.95,,,,,18.77,63.83,0.98,186.58,,0.0,12.33,740.0,
2016-03-07 01:00:00,153.38,174.62,15.04,37.38,53.86,60.68,13.86,1.44,11.66,23.68,23.41,,,,,18.38,65.83,0.83,174.5,,0.0,12.16,740.0,
2016-03-07 02:00:00,135.38,128.75,15.45,31.24,48.95,64.25,16.86,1.16,10.27,21.98,20.88,,,,,17.98,65.83,1.0,162.25,,0.0,12.58,740.0,
2016-03-07 03:00:00,173.88,200.88,13.71,35.09,50.02,81.06,20.98,1.23,18.66,21.2,20.21,,,,,17.83,65.41,1.26,108.66,,0.0,13.0,740.0,
2016-03-07 04:00:00,81.88,82.12,47.24,39.63,99.82,79.26,21.82,1.62,28.84,16.27,16.53,,,,,17.44,66.41,0.76,98.42,,0.0,13.0,740.0,
2016-03-07 05:00:00,80.62,96.62,196.14,51.51,313.78,74.24,21.57,2.31,24.08,15.58,18.27,,,,,17.36,67.58,0.35,176.67,,0.0,12.92,740.0,
2016-03-07 06:00:00,79.0,148.12,172.26,43.74,274.22,60.63,17.38,2.69,11.18,19.71,24.13,,,,,17.61,68.16,0.45,188.92,,0.0,54.0,740.0,
2016-03-07 07:00:00,94.25,190.62,145.89,53.72,247.06,52.98,15.25,2.24,8.74,26.6,35.09,,,,,19.23,65.83,0.5,185.0,,0.0,362.08,740.0,
2016-03-07 08:00:00,155.88,237.5,160.74,84.79,295.24,50.08,13.45,2.42,7.19,37.04,48.8,,,,,22.52,55.5,0.99,257.5,,0.0,426.5,740.0,
2016-03-07 09:00:00,179.12,238.25,132.84,86.26,259.9,59.21,15.44,2.08,16.35,29.91,40.39,,,,,24.96,48.16,1.19,275.41,,0.0,440.16,740.0,
2016-03-07 10:00:00,154.38,229.75,143.62,120.05,301.64,43.02,24.58,1.94,25.02,28.22,50.85,,,,,27.53,43.42,1.24,282.25,,0.0,443.83,740.0,
2016-03-07 11:00:00,174.5,307.62,68.1,111.36,192.23,60.38,25.74,2.16,14.38,30.94,59.0,,,,,28.98,42.08,1.58,283.34,,0.0,446.58,740.0,
2016-03-07 12:00:00,190.62,316.25,66.28,96.48,176.41,61.47,22.88,1.86,25.85,27.54,50.1,,,,,30.48,39.92,1.52,248.34,,0.0,441.25,740.0,
2016-03-07 13:00:00,130.5,246.38,29.76,75.46,107.81,64.45,18.27,1.35,25.93,22.78,41.9,,,,,30.43,40.33,1.65,237.66,,0.0,433.25,740.0,
2016-03-07 14:00:00,116.25,228.62,64.72,81.26,160.72,76.32,16.48,1.32,20.37,15.88,37.61,,,,,30.12,40.75,1.74,274.08,,0.0,433.25,740.0,
2016-03-07 15:00:00,89.5,188.75,54.04,74.53,140.24,66.59,13.66,1.09,18.94,12.56,27.36,,,,,29.63,42.0,1.72,248.0,,0.0,411.58,740.0,
2016-03-07 16:00:00,87.0,223.5,53.86,62.03,128.88,74.18,14.58,0.91,15.93,10.26,19.39,,,,,28.18,45.83,1.66,244.25,,0.0,394.66,740.0,
2016-03-07 17:00:00,93.62,228.25,58.1,67.81,140.43,93.0,14.58,0.9,16.56,12.58,30.03,,,,,26.84,49.17,1.36,255.92,,0.0,299.91,740.0,
2016-03-07 18:00:00,95.5,194.25,70.25,80.27,167.33,95.44,20.14,1.02,18.85,18.09,39.35,,,,,25.39,52.16,1.42,284.42,,0.0,33.33,740.0,
2016-03-07 19:00:00,124.38,227.0,95.5,76.1,198.25,104.16,25.67,1.3,22.79,25.92,61.66,,,,,24.58,56.83,1.65,286.75,,0.0,12.5,740.0,
2016-03-07 20:00:00,103.25,143.5,48.3,59.5,118.91,99.59,22.14,0.95,21.32,28.17,87.32,,,,,23.84,58.5,1.81,292.67,,0.0,12.33,740.0,
2016-03-07 21:00:00,85.5,112.33,71.11,57.32,148.14,85.42,22.61,0.78,20.59,26.34,71.54,,,,,23.31,58.92,1.71,289.58,,0.0,12.83,740.0,
2016-03-07 22:00:00,96.75,124.67,84.63,70.81,178.64,77.0,16.16,0.73,7.46,25.76,55.7,,,,,22.84,58.83,1.59,290.5,,0.0,12.84,740.0,
2016-03-07 23:00:00,100.83,150.0,46.72,52.28,110.11,61.38,12.45,0.78,10.16,24.29,40.17,,,,,22.48,57.75,1.96,286.75,,0.0,12.92,740.0,
2016-03-08 00:00:00,94.5,144.33,35.02,45.04,87.91,59.73,8.1,1.67,8.42,21.98,35.76,,,,,21.4,60.83,1.34,282.08,,0.0,12.75,740.0,
2016-03-08 01:00:00,89.5,175.33,18.28,36.07,57.09,55.97,,1.26,12.27,19.29,31.72,,,,,20.91,61.75,1.28,281.41,,0.0,13.0,740.0,
2016-03-08 02:00:00,79.88,99.5,40.92,40.07,91.2,65.01,,1.12,16.57,18.95,30.93,,,,,20.34,63.42,1.26,282.92,,0.0,13.0,740.0,
2016-03-08 03:00:00,83.5,93.58,18.95,40.95,62.35,78.58,,0.96,14.37,15.87,26.76,,,,,19.88,64.58,1.3,285.33,,0.0,12.92,740.0,
2016-03-08 04:00:00,64.12,58.17,40.23,51.82,101.04,66.4,19.18,1.23,15.7,13.61,24.16,,,,,19.61,63.5,0.9,286.58,,0.0,13.0,740.0,
2016-03-08 05:00:00,55.0,78.33,152.76,65.97,267.38,62.86,4.26,1.57,15.34,14.81,24.51,,,,,19.33,64.5,0.58,286.0,,0.0,13.0,740.0,
2016-03-08 06:00:00,83.0,152.0,128.18,60.04,228.72,53.31,22.38,1.95,3.22,17.49,26.89,,,,,19.1,65.42,1.14,284.75,,0.0,60.75,740.0,
2016-03-08 07:00:00,90.67,173.33,199.44,65.52,331.07,50.34,39.46,2.02,5.66,22.44,30.44,,,,,20.21,63.09,1.35,281.0,,0.0,378.58,740.0,
2016-03-08 08:00:00,131.33,229.0,205.19,84.76,305.32,47.24,15.58,2.12,5.95,22.64,28.03,,,,,22.44,56.25,1.74,287.75,,0.0,429.08,740.0,
2016-03-08 09:00:00,143.0,211.17,57.41,49.66,122.49,45.67,10.77,1.14,9.06,20.02,27.01,,,,,24.14,52.17,1.92,277.09,,0.0,446.42,740.0,
2016-03-08 10:00:00,138.83,152.17,38.94,59.45,105.76,37.94,,0.82,15.47,15.61,22.34,,,,,26.04,47.84,1.93,278.91,,0.0,452.75,740.0,
2016-03-08 11:00:00,107.17,177.33,67.24,64.81,149.02,40.38,,0.82,13.76,15.08,26.37,,,,,27.17,42.83,2.43,288.33,,0.0,457.08,740.0,
2016-03-08 12:00:00,52.83,169.0,58.43,62.0,134.95,34.16,15.06,0.8,23.6,11.21,24.64,,,,,28.79,38.83,2.05,281.91,,0.0,454.08,740.0,
2016-03-08 13:00:00,51.5,142.67,44.51,63.92,117.85,37.74,14.68,0.72,28.99,11.88,28.28,,,,,29.33,36.75,2.13,283.75,,0.0,444.42,740.0,
2016-03-08 14:00:00,49.0,136.0,58.09,74.53,145.72,43.62,13.86,0.82,31.1,9.18,24.62,,,,,29.34,36.0,2.05,276.17,,0.0,443.54,740.0,
2016-03-08 15:00:00,,,92.3,112.5,226.2,33.4,4.1,1.4,34.8,,,,,,,29.1,34.0,1.4,257.0,,0.0,426.0,740.0,
2016-03-08 16:00:00,57.0,323.0,182.95,93.29,231.96,43.54,15.18,2.38,35.3,8.36,20.66,,,,,28.8,34.83,2.05,279.58,,0.0,411.67,740.0,
2016-03-08 17:00:00,56.83,301.5,73.82,68.32,161.22,41.92,13.92,1.88,52.15,9.91,26.67,,,,,26.92,38.17,1.97,287.59,,0.0,324.67,740.0,
2016-03-08 18:00:00,57.83,197.0,76.09,70.82,166.62,53.52,18.23,1.86,40.83,12.82,29.28,,,,,25.28,42.5,1.9,289.16,,0.0,33.84,740.0,
2016-03-08 19:00:00,67.0,212.0,76.68,84.63,179.87,64.9,19.61,1.98,27.2,19.93,42.46,,,,,24.45,45.89,1.32,292.0,,0.0,12.89,740.0,
2016-03-08 20:00:00,,,,,,,,,,,,,,,,,,,,,0.0,,,
2016-03-08 21:00:00,,,,,,,,,,,,,,,,,,,,,0.0,,,
2016-03-08 22:00:00,,,,,,,,,,,,,,,,,,,,,0.0,,,
2016-03-08 23:00:00,,,,,,,,,,,,,,,,,,,,,0.0,,,
2016-03-09 00:00:00,,,,,,,,,,,,,,,,,,,,,0.0,,,
2016-03-09 01:00:00,,,,,,,,,,,,,,,,,,,,,0.0,,,
2016-03-09 02:00:00,,,,,,,,,,,,,,,,,,,,,0.0,,,
2016-03-09 03:00:00,,,,,,,,,,,,,,,,,,,,,0.0,,,
2016-03-09 04:00:00,,,,,,,,,,,,,,,,,,,,,0.0,,,
2016-03-09 05:00:00,,,,,,,,,,,,,,,,,,,,,0.0,,,
2016-03-09 06:00:00,,,,,,,,,,,,,,,,,,,,,0.0,,,
2016-03-09 07:00:00,,,,,,,,,,,,,,,,,,,,,0.0,,,
2016-03-09 08:00:00,,,,,,,,,,,,,,,,,,,,,0.0,,,
2016-03-09 09:00:00,,,,,,,,,,,,,,,,,,,,,0.0,,,
2016-03-09 10:00:00,139.0,270.5,35.9,81.27,121.67,40.57,18.87,0.4,28.7,20.2,27.67,,,,,27.37,42.33,2.07,293.0,,0.0,455.0,740.0,
2016-03-09 11:00:00,118.5,292.33,115.1,103.16,249.22,47.51,18.0,0.73,25.79,20.64,32.31,,,,,28.7,38.33,2.26,278.75,,0.0,455.0,740.0,
2016-03-09 12:00:00,98.12,321.17,60.1,92.79,164.76,45.63,18.6,0.51,36.5,21.16,39.02,,,,,29.5,34.33,2.28,278.0,,0.0,454.83,740.0,
2016-03-09 13:00:00,76.25,258.0,43.94,75.77,127.52,38.41,17.02,0.23,42.2,17.62,36.97,,,,,30.2,30.42,2.44,268.83,,0.0,443.92,740.0,
2016-03-09 14:00:00,59.75,251.33,48.41,82.54,139.63,44.77,15.24,0.12,47.13,11.06,25.8,,,,,30.26,27.42,2.32,278.08,,0.0,445.83,740.0,
2016-03-09 15:00:00,31.62,205.33,91.91,86.42,202.38,38.26,14.78,0.31,42.9,6.68,14.35,,,,,29.91,29.84,2.34,287.92,,0.0,421.75,740.0,
2016-03-09 16:00:00,42.5,255.67,104.77,88.57,222.57,37.36,14.39,0.27,54.52,7.45,20.41,,,,,29.13,30.58,2.22,284.75,,0.0,415.5,740.0,
2016-03-09 17:00:00,41.5,194.5,51.21,51.53,115.58,39.67,14.24,,81.25,8.99,23.48,,,,,27.32,34.66,2.18,289.58,,0.0,324.16,740.0,
2016-03-09 18:00:00,52.67,172.0,54.2,63.96,130.99,47.22,19.4,0.15,58.01,12.45,27.61,,,,,25.75,38.08,1.82,283.5,,0.0,46.58,740.0,
2016-03-09 19:00:00,71.17,166.0,95.84,82.62,204.45,59.33,20.2,0.22,42.51,19.08,59.31,,,,,24.76,43.5,1.08,290.25,,0.0,12.42,740.0,
2016-03-09 20:00:00,77.5,157.67,168.0,94.13,313.17,53.06,18.39,0.89,21.16,23.94,63.08,,,,,23.98,48.42,0.83,284.25,,0.0,12.42,740.0,
2016-03-09 21:00:00,108.17,274.17,274.21,112.26,306.63,57.15,19.48,1.44,18.12,32.81,69.87,,,,,22.88,52.5,0.35,227.58,,0.0,12.33,740.0,
2016-03-09 22:00:00,136.33,402.83,417.82,141.53,,68.67,21.56,2.53,10.56,41.46,91.11,,,,,21.68,56.25,0.3,219.33,,0.0,12.58,740.0,
2016-03-09 23:00:00,200.83,842.0,393.95,145.54,459.17,47.08,20.78,1.99,13.04,44.71,117.93,,,,,21.31,57.83,0.3,265.0,,0.0,12.5,740.0,
2016-03-10 00:00:00,210.83,775.83,273.36,117.11,457.42,58.88,13.02,2.08,13.22,41.14,115.55,,,,,20.88,59.25,0.31,236.92,,0.0,12.5,740.0,
2016-03-10 01:00:00,191.33,426.33,137.95,97.34,275.08,55.86,9.67,0.8,22.0,37.39,78.96,,,,,20.52,60.66,0.32,265.5,,0.0,12.5,740.0,
2016-03-10 02:00:00,205.33,341.17,118.86,92.44,244.66,62.22,10.88,1.07,27.78,34.66,68.48,,,,,20.05,61.83,0.32,237.08,,0.0,12.84,740.0,
2016-03-10 03:00:00,240.67,383.83,208.87,95.26,370.22,82.25,14.64,1.68,17.02,32.94,58.94,,,,,19.5,63.92,0.31,238.42,,0.0,13.17,740.0,
2016-03-10 04:00:00,230.0,383.33,239.74,108.23,423.76,74.09,15.66,0.94,11.18,30.62,50.93,,,,,19.56,64.08,0.38,273.17,,0.0,12.92,740.0,
2016-03-10 05:00:00,210.0,328.33,223.52,101.98,396.28,74.36,15.22,1.13,8.04,30.28,49.91,,,,,19.56,64.0,0.53,279.16,,0.0,12.92,740.0,
2016-03-10 06:00:00,210.0,325.33,329.98,101.68,411.1,73.34,14.23,1.96,9.46,34.47,45.17,,,,,19.11,65.67,0.5,250.58,,0.0,79.67,740.0,
2016-03-10 07:00:00,221.67,486.17,345.45,108.04,,55.88,12.64,2.12,11.45,37.84,51.16,,,,,21.0,62.5,0.88,249.17,,0.0,375.75,740.0,
2016-03-10 08:00:00,298.17,526.17,216.29,119.45,401.82,60.81,12.82,2.47,13.07,44.25,58.41,,,,,23.52,55.33,1.23,258.92,,0.0,426.16,740.0,
2016-03-10 09:00:00,381.0,485.0,216.59,137.1,418.42,52.72,13.18,2.46,8.66,44.26,45.01,,,,,26.45,47.17,1.5,285.75,,0.0,439.0,740.0,
2016-03-10 10:00:00,314.83,402.5,65.47,109.5,187.0,55.7,24.53,1.47,25.27,35.53,45.06,,,,,28.15,40.34,1.82,290.83,,0.0,447.33,740.0,
2016-03-10 11:00:00,174.17,296.17,65.68,116.48,193.45,80.5,28.28,1.27,23.02,24.72,31.71,,,,,29.96,34.25,2.02,286.42,,0.0,449.58,740.0,
2016-03-10 12:00:00,125.0,327.0,39.26,105.5,147.75,71.5,27.84,1.21,33.74,22.54,31.64,,,,,30.82,33.34,1.75,276.66,,0.0,449.0,740.0,
2016-03-10 13:00:00,,,,,,,,,,,,,,,,,,,,,0.0,,,
2016-03-10 14:00:00,,,,,,,,,,,,,,,,,,,,,0.0,,,
2016-03-10 15:00:00,,,,,,,,,,,,,,,,,,,,,0.0,,,
2016-03-10 16:00:00,,,,,,,,,,,,,,,,,,,,,0.0,,,
2016-03-10 17:00:00,,,,,,,,,,,,,,,,,,,,,0.0,,,
2016-03-10 18:00:00,,,,,,,,,,,,,,,,,,,,,0.0,,,
2016-03-10 19:00:00,,,,,,,,,,,,,,,,,,,,,0.0,,,
2016-03-10 20:00:00,,,,,,,,,,,,,,,,,,,,,0.0,,,
2016-03-10 21:00:00,,,,,,,,,,,,,,,,,,,,,0.0,,,
2016-03-10 22:00:00,,,,,,,,,,,,,,,,,,,,,0.0,,,
2016-03-10 23:00:00,,,,,,,,,,,,,,,,,,,,,0.0,,,
2016-03-11 00:00:00,,,,,,,,,,,,,,,,,,,,,0.0,,,
2016-03-11 01:00:00,,,,,,,,,,,,,,,,,,,,,0.0,,,
2016-03-11 02:00:00,,,,,,,,,,,,,,,,,,,,,0.0,,,
2016-03-11 03:00:00,,,,,,,,,,,,,,,,,,,,,0.0,,,
2016-03-11 04:00:00,,,,,,,,,,,,,,,,,,,,,0.0,,,
2016-03-11 05:00:00,,,,,,,,,,,,,,,,,,,,,0.0,,,
2016-03-11 06:00:00,,,,,,,,,,,,,,,,,,,,,0.0,,,
2016-03-11 07:00:00,,,,,,,,,,,,,,,,,,,,,0.0,,,
2016-03-11 08:00:00,,,,,,,,,,,,,,,,,,,,,0.0,,,
2016-03-11 09:00:00,,,,,,,,,,,,,,,,,,,,,0.0,,,
2016-03-11 10:00:00,,,,,,,,,,,,,,,,,,,,,0.0,,,
2016-03-11 11:00:00,,,,,,,,,,,,,,,,,,,,,0.0,,,
2016-03-11 12:00:00,,,,,,,,,,,,,,,,,,,,,0.0,,,
2016-03-11 13:00:00,,,,,,,,,,,,,,,,,,,,,0.0,,,
2016-03-11 14:00:00,,,,,,,,,,,,,,,,,,,,,0.0,,,
2016-03-11 15:00:00,,,,,,,,,,,,,,,,,,,,,0.0,,,
2016-03-11 16:00:00,,,,,,,,,,,,,,,,,,,,,0.0,,,
2016-03-11 17:00:00,,,,,,,,,,,,,,,,,,,,,0.0,,,
2016-03-11 18:00:00,,,,,,,,,,,,,,,,,,,,,0.0,,,
2016-03-11 19:00:00,,,,,,,,,,,,,,,,,,,,,0.0,,,
2016-03-11 20:00:00,,,,,,,,,,,,,,,,,,,,,0.0,,,
2016-03-11 21:00:00,,,,,,,,,,,,,,,,,,,,,0.0,,,
2016-03-11 22:00:00,,,,,,,,,,,,,,,,,,,,,0.0,,,
2016-03-11 23:00:00,,,,,,,,,,,,,,,,,,,,,0.0,,,
2016-03-12 00:00:00,,,,,,,,,,,,,,,,,,,,,0.0,,,
2016-03-12 01:00:00,,,,,,,,,,,,,,,,,,,,,0.0,,,
2016-03-12 02:00:00,,,,,,,,,,,,,,,,,,,,,0.0,,,
2016-03-12 03:00:00,,,,,,,,,,,,,,,,,,,,,0.0,,,
2016-03-12 04:00:00,,,,,,,,,,,,,,,,,,,,,0.0,,,
2016-03-12 05:00:00,,,,,,,,,,,,,,,,,,,,,0.0,,,
2016-03-12 06:00:00,,,,,,,,,,,,,,,,,,,,,0.0,,,
2016-03-12 07:00:00,,,,,,,,,,,,,,,,,,,,,0.0,,,
2016-03-12 08:00:00,,,,,,,,,,,,,,,,,,,,,0.0,,,
2016-03-12 09:00:00,,,,,,,,,,,,,,,,,,,,,0.0,,,
2016-03-12 10:00:00,,,,,,,,,,,,,,,,,,,,,0.0,,,
2016-03-12 11:00:00,,,,,,,,,,,,,,,,,,,,,0.0,,,
2016-03-12 12:00:00,,,,,,,,,,,,,,,,,,,,,0.0,,,
2016-03-12 13:00:00,,,,,,,,,,,,,,,,,,,,,0.0,,,
2016-03-12 14:00:00,,,,,,,,,,,,,,,,,,,,,0.0,,,
2016-03-12 15:00:00,,,,,,,,,,,,,,,,,,,,,0.0,,,
2016-03-12 16:00:00,,,,,,,,,,,,,,,,,,,,,0.0,,,
2016-03-12 17:00:00,,,,,,,,,,,,,,,,,,,,,0.0,,,
2016-03-12 18:00:00,,,,,,,,,,,,,,,,,,,,,0.0,,,
2016-03-12 19:00:00,,,,,,,,,,,,,,,,,,,,,0.0,,,
2016-03-12 20:00:00,,,,,,,,,,,,,,,,,,,,,0.0,,,
2016-03-12 21:00:00,,,,,,,,,,,,,,,,,,,,,0.0,,,
2016-03-12 22:00:00,,,,,,,,,,,,,,,,,,,,,0.0,,,
2016-03-12 23:00:00,,,,,,,,,,,,,,,,,,,,,0.0,,,
2016-03-13 00:00:00,,,,,,,,,,,,,,,,,,,,,0.0,,,
2016-03-13 01:00:00,,,,,,,,,,,,,,,,,,,,,0.0,,,
2016-03-13 02:00:00,,,,,,,,,,,,,,,,,,,,,0.0,,,
2016-03-13 03:00:00,,,,,,,,,,,,,,,,,,,,,0.0,,,
2016-03-13 04:00:00,,,,,,,,,,,,,,,,,,,,,0.0,,,
2016-03-13 05:00:00,,,,,,,,,,,,,,,,,,,,,0.0,,,
2016-03-13 06:00:00,,,,,,,,,,,,,,,,,,,,,0.0,,,
2016-03-13 07:00:00,,,,,,,,,,,,,,,,,,,,,0.0,,,
2016-03-13 08:00:00,,,,,,,,,,,,,,,,,,,,,0.0,,,
2016-03-13 09:00:00,,,,,,,,,,,,,,,,,,,,,0.0,,,
2016-03-13 10:00:00,,,,,,,,,,,,,,,,,,,,,0.0,,,
2016-03-13 11:00:00,,,,,,,,,,,,,,,,,,,,,0.0,,,
2016-03-13 12:00:00,,,,,,,,,,,,,,,,,,,,,0.0,,,
2016-03-13 13:00:00,,,,,,,,,,,,,,,,,,,,,0.0,,,
2016-03-13 14:00:00,,,,,,,,,,,,,,,,,,,,,0.0,,,
2016-03-13 15:00:00,,,,,,,,,,,,,,,,,,,,,0.0,,,
2016-03-13 16:00:00,,,,,,,,,,,,,,,,,,,,,0.0,,,
2016-03-13 17:00:00,,,,,,,,,,,,,,,,,,,,,0.0,,,
2016-03-13 18:00:00,,,,,,,,,,,,,,,,,,,,,0.0,,,
2016-03-13 19:00:00,,,,,,,,,,,,,,,,,,,,,0.0,,,
2016-03-13 20:00:00,,,,,,,,,,,,,,,,,,,,,0.0,,,
2016-03-13 21:00:00,,,,,,,,,,,,,,,,,,,,,0.0,,,
2016-03-13 22:00:00,,,,,,,,,,,,,,,,,,,,,0.0,,,
2016-03-13 23:00:00,,,,,,,,,,,,,,,,,,,,,0.0,,,
2016-03-14 00:00:00,,,,,,,,,,,,,,,,,,,,,0.0,,,
2016-03-14 01:00:00,,,,,,,,,,,,,,,,,,,,,0.0,,,
2016-03-14 02:00:00,,,,,,,,,,,,,,,,,,,,,0.0,,,
2016-03-14 03:00:00,,,,,,,,,,,,,,,,,,,,,0.0,,,
2016-03-14 04:00:00,,,,,,,,,,,,,,,,,,,,,0.0,,,
2016-03-14 05:00:00,,,,,,,,,,,,,,,,,,,,,0.0,,,
2016-03-14 06:00:00,,,,,,,,,,,,,,,,,,,,,0.0,,,
2016-03-14 07:00:00,,,,,,,,,,,,,,,,,,,,,0.0,,,
2016-03-14 08:00:00,,,,,,,,,,,,,,,,,,,,,0.0,,,
2016-03-14 09:00:00,,,,,,,,,,,,,,,,,,,,,0.0,,,
2016-03-14 10:00:00,,,,,,,,,,,,,,,,,,,,,0.0,,,
2016-03-14 11:00:00,,,,,,,,,,,,,,,,,,,,,0.0,,,
2016-03-14 12:00:00,,,,,,,,,,,,,,,,,,,,,0.0,,,
2016-03-14 13:00:00,,,,,,,,,,,,,,,,,,,,,0.0,,,
2016-03-14 14:00:00,,,,,,,,,,,,,,,,,,,,,0.0,,,
2016-03-14 15:00:00,,,,,,,,,,,,,,,,,,,,,0.0,,,
2016-03-14 16:00:00,,,,,,,,,,,,,,,,,,,,,0.0,,,
2016-03-14 17:00:00,,,,,,,,,,,,,,,,,,,,,0.0,,,
2016-03-14 18:00:00,,,,,,,,,,,,,,,,,,,,,0.0,,,
2016-03-14 19:00:00,,,,,,,,,,,,,,,,,,,,,0.0,,,
2016-03-14 20:00:00,,,,,,,,,,,,,,,,,,,,,0.0,,,
2016-03-14 21:00:00,,,,,,,,,,,,,,,,,,,,,0.0,,,
2016-03-14 22:00:00,,,,,,,,,,,,,,,,,,,,,0.0,,,
2016-03-14 23:00:00,,,,,,,,,,,,,,,,,,,,,0.0,,,
2016-03-15 00:00:00,,,,,,,,,,,,,,,,,,,,,0.0,,,
2016-03-15 01:00:00,,,,,,,,,,,,,,,,,,,,,0.0,,,
2016-03-15 02:00:00,,,,,,,,,,,,,,,,,,,,,0.0,,,
2016-03-15 03:00:00,,,,,,,,,,,,,,,,,,,,,0.0,,,
2016-03-15 04:00:00,,,,,,,,,,,,,,,,,,,,,0.0,,,
2016-03-15 05:00:00,,,,,,,,,,,,,,,,,,,,,0.0,,,
2016-03-15 06:00:00,,,,,,,,,,,,,,,,,,,,,0.0,,,
2016-03-15 07:00:00,,,,,,,,,,,,,,,,,,,,,0.0,,,
2016-03-15 08:00:00,,,,,,,,,,,,,,,,,,,,,0.0,,,
2016-03-15 09:00:00,,,,,,,,,,,,,,,,,,,,,0.0,,,
2016-03-15 10:00:00,,,,,,,,,,,,,,,,,,,,,0.0,,,
2016-03-15 11:00:00,,,,,,,,,,,,,,,,,,,,,0.0,,,
2016-03-15 12:00:00,,,,,,,,,,,,,,,,,,,,,0.0,,,
2016-03-15 13:00:00,,,,,,,,,,,,,,,,,,,,,0.0,,,
2016-03-15 14:00:00,,,,,,,,,,,,,,,,,,,,,0.0,,,
2016-03-15 15:00:00,,,,,,,,,,,,,,,,,,,,,0.0,,,
2016-03-15 16:00:00,,,,,,,,,,,,,,,,,,,,,0.0,,,
2016-03-15 17:00:00,,,,,,,,,,,,,,,,,,,,,0.0,,,
2016-03-15 18:00:00,,,,,,,,,,,,,,,,,,,,,0.0,,,
2016-03-15 19:00:00,,,,,,,,,,,,,,,,,,,,,0.0,,,
2016-03-15 20:00:00,,,,,,,,,,,,,,,,,,,,,0.0,,,
2016-03-15 21:00:00,,,,,,,,,,,,,,,,,,,,,0.0,,,
2016-03-15 22:00:00,,,,,,,,,,,,,,,,,,,,,0.0,,,
2016-03-15 23:00:00,,,,,,,,,,,,,,,,,,,,,0.0,,,
2016-03-16 00:00:00,,,,,,,,,,,,,,,,,,,,,0.0,,,
2016-03-16 01:00:00,,,,,,,,,,,,,,,,,,,,,0.0,,,
2016-03-16 02:00:00,,,,,,,,,,,,,,,,,,,,,0.0,,,
2016-03-16 03:00:00,,,,,,,,,,,,,,,,,,,,,0.0,,,
2016-03-16 04:00:00,,,,,,,,,,,,,,,,,,,,,0.0,,,
2016-03-16 05:00:00,,,,,,,,,,,,,,,,,,,,,0.0,,,
2016-03-16 06:00:00,,,,,,,,,,,,,,,,,,,,,0.0,,,
2016-03-16 07:00:00,,,,,,,,,,,,,,,,,,,,,0.0,,,
2016-03-16 08:00:00,,,,,,,,,,,,,,,,,,,,,0.0,,,
2016-03-16 09:00:00,,,,,,,,,,,,,,,,25.9,34.0,2.6,274.0,,0.0,458.0,740.0,
2016-03-16 10:00:00,94.0,279.0,241.46,88.02,271.7,29.03,13.29,1.72,1.55,14.38,27.21,,,,,27.22,29.92,2.44,275.25,,0.0,460.42,740.0,
2016-03-16 11:00:00,88.17,289.5,276.0,122.45,444.27,31.23,17.35,,17.59,15.95,27.28,,,,,28.78,25.84,2.55,279.67,,0.0,461.08,740.0,
2016-03-16 12:00:00,59.83,337.17,149.81,105.72,298.61,33.37,16.53,,36.11,18.01,41.11,,,,,29.35,22.92,2.49,285.84,,0.0,453.33,740.0,
2016-03-16 13:00:00,62.5,336.5,98.28,86.66,211.24,37.34,13.56,,39.1,13.26,35.0,,,,,30.02,21.83,2.52,281.66,,0.0,447.83,740.0,
2016-03-16 14:00:00,51.33,426.67,65.85,72.31,154.43,33.72,12.48,,44.89,9.85,21.18,,,,,29.76,22.5,2.92,285.0,,0.0,434.75,740.0,
2016-03-16 15:00:00,35.0,286.17,64.79,65.62,147.07,43.2,12.9,,83.67,7.92,25.84,,,,,28.48,25.0,2.62,291.5,,0.0,427.33,740.0,
2016-03-16 16:00:00,43.38,264.0,110.16,69.63,213.02,33.62,16.03,0.4,65.81,10.12,34.84,,,,,28.1,22.87,2.37,288.21,,0.0,412.08,740.0,
2016-03-16 17:00:00,35.0,239.33,104.68,67.72,203.27,38.38,18.7,1.83,70.04,11.05,44.27,,,,,26.66,25.83,2.46,287.92,,0.0,354.0,740.0,
2016-03-16 18:00:00,52.17,224.17,130.68,83.24,252.68,39.14,20.53,2.45,35.31,15.32,45.42,,,,,25.13,32.92,1.98,285.25,,0.0,53.67,740.0,
2016-03-16 19:00:00,61.67,241.83,139.29,92.14,272.28,39.64,21.26,2.69,19.18,20.82,47.22,,,,,23.99,37.0,1.81,283.42,,0.0,13.0,740.0,
2016-03-16 20:00:00,58.5,252.83,159.36,85.29,293.88,50.32,18.26,2.9,13.73,26.85,61.14,,,,,23.56,38.0,2.0,281.92,,0.0,12.92,740.0,
2016-03-16 21:00:00,78.0,247.5,97.89,79.02,204.24,49.26,15.17,2.74,18.39,26.08,51.18,,,,,22.63,46.58,1.63,288.08,,0.0,13.0,740.0,
2016-03-16 22:00:00,91.17,183.67,87.17,62.02,174.16,49.27,13.19,2.57,15.13,25.61,50.09,,,,,21.45,53.92,1.18,281.58,,0.0,13.0,740.0,
2016-03-16 23:00:00,108.0,223.5,70.73,60.09,150.1,49.66,12.01,2.38,11.14,20.76,39.53,,,,,20.2,60.58,0.53,224.83,,0.0,12.75,740.0,
2016-03-17 00:00:00,115.62,200.75,21.21,45.14,69.14,51.46,17.21,1.27,16.89,20.62,35.57,,,,,19.51,64.5,0.68,232.5,,0.0,12.92,740.0,
2016-03-17 01:00:00,125.75,154.0,29.84,51.28,86.38,59.42,19.98,1.12,11.7,17.66,28.43,,,,,19.12,65.33,0.52,228.5,,0.0,13.08,740.0,
2016-03-17 02:00:00,65.75,81.5,22.33,47.55,72.85,56.52,22.05,0.79,8.5,25.48,22.56,,,,,18.94,59.58,0.62,252.0,,0.0,13.0,740.0,
2016-03-17 03:00:00,50.12,64.62,6.48,45.88,49.7,49.69,25.57,0.64,14.73,19.28,19.17,,,,,19.38,56.58,0.63,111.92,,0.0,13.0,740.0,
2016-03-17 04:00:00,57.5,77.38,97.64,69.09,195.02,53.03,22.83,1.16,12.17,19.54,22.25,,,,,19.36,58.08,0.59,222.92,,0.0,13.0,740.0,
2016-03-17 05:00:00,107.5,151.0,204.1,83.08,352.58,44.32,19.92,1.61,14.7,22.84,27.19,,,,,19.46,58.83,0.52,245.58,,0.0,12.92,740.0,
2016-03-17 06:00:00,134.38,251.12,160.41,81.82,291.98,41.96,20.28,1.72,16.92,22.07,32.16,,,,,19.42,59.25,0.58,186.42,,0.0,90.17,740.0,
2016-03-17 07:00:00,103.62,221.25,185.91,92.68,336.44,40.35,20.43,1.86,18.98,26.08,42.64,,,,,20.94,56.08,0.75,192.5,,0.0,390.58,740.0,
2016-03-17 08:00:00,116.12,253.0,163.89,99.34,312.35,32.95,31.72,1.74,24.45,25.76,40.67,,,,,24.02,46.33,1.42,202.5,,0.0,429.5,740.0,
2016-03-17 09:00:00,120.88,255.88,36.76,94.93,134.78,38.56,36.99,1.39,22.64,23.63,37.74,,,,,26.52,38.33,1.92,155.75,,0.0,448.58,740.0,
2016-03-17 10:00:00,102.0,181.25,21.12,88.48,107.4,39.9,33.03,1.08,35.51,24.84,64.56,,,,,29.18,29.92,2.06,150.92,,0.0,448.42,740.0,
2016-03-17 11:00:00,121.5,205.0,14.3,93.08,102.45,44.5,45.7,1.13,58.04,28.78,50.64,,,,,30.64,25.67,2.3,119.08,,0.0,446.17,740.0,
2016-03-17 12:00:00,107.38,210.62,14.38,73.41,85.04,37.63,41.85,0.86,87.83,20.85,54.58,,,,,32.44,22.25,2.6,135.0,,0.0,451.92,740.0,
2016-03-17 13:00:00,79.62,210.12,8.44,65.49,69.89,30.41,25.34,0.65,92.9,18.28,49.38,,,,,31.62,21.92,3.39,111.5,,0.0,424.83,740.0,
2016-03-17 14:00:00,61.88,274.38,22.7,73.1,96.16,28.18,22.4,0.64,80.32,9.98,28.69,,,,,33.37,21.58,2.44,164.83,,0.0,424.92,740.0,
2016-03-17 15:00:00,53.5,264.88,4.49,63.94,63.09,39.02,23.52,0.62,110.68,14.38,52.89,,,,,30.91,26.25,3.39,111.33,,0.0,399.83,740.0,
2016-03-17 16:00:00,54.5,188.33,6.4,69.54,70.68,44.07,26.72,0.57,88.5,13.76,33.72,,,,,29.8,30.75,3.42,111.83,,0.0,368.67,740.0,
2016-03-17 17:00:00,77.0,230.0,6.23,81.31,80.98,58.31,29.86,0.66,56.03,13.41,37.72,,,,,28.96,31.72,2.73,106.55,,0.0,180.28,740.0,
2016-03-17 18:00:00,,,,,,,,,,,,,,,,,,,,,0.0,,,
2016-03-17 19:00:00,,,,,,,,,,,,,,,,,,,,,0.0,,,
2016-03-17 20:00:00,,,,,,,,,,,,,,,,,,,,,0.0,,,
2016-03-17 21:00:00,,,,,,,,,,,,,,,,,,,,,0.0,,,
2016-03-17 22:00:00,,,,,,,,,,,,,,,,,,,,,0.0,,,
2016-03-17 23:00:00,,,,,,,,,,,,,,,,,,,,,0.0,,,
2016-03-18 00:00:00,,,,,,,,,,,,,,,,,,,,,0.0,,,
2016-03-18 01:00:00,,,,,,,,,,,,,,,,,,,,,0.0,,,
2016-03-18 02:00:00,,,,,,,,,,,,,,,,,,,,,0.0,,,
2016-03-18 03:00:00,,,,,,,,,,,,,,,,,,,,,0.0,,,
2016-03-18 04:00:00,,,,,,,,,,,,,,,,,,,,,0.0,,,
2016-03-18 05:00:00,,,,,,,,,,,,,,,,,,,,,0.0,,,
2016-03-18 06:00:00,,,,,,,,,,,,,,,,,,,,,0.0,,,
2016-03-18 07:00:00,,,,,,,,,,,,,,,,,,,,,0.0,,,
2016-03-18 08:00:00,,,,,,,,,,,,,,,,,,,,,0.0,,,
2016-03-18 09:00:00,,,,,,,,,,,,,,,,,,,,,0.0,,,
2016-03-18 10:00:00,,,,,,,,,,,,,,,,,,,,,0.0,,,
2016-03-18 11:00:00,,,,,,,,,,,,,,,,,,,,,0.0,,,
2016-03-18 12:00:00,,,,,,,,,,,,,,,,,,,,,0.0,,,
2016-03-18 13:00:00,,,,,,,,,,,,,,,,,,,,,0.0,,,
2016-03-18 14:00:00,,,,,,,,,,,,,,,,,,,,,0.0,,,
2016-03-18 15:00:00,,,,,,,,,,,,,,,,,,,,,0.0,,,
2016-03-18 16:00:00,,,,,,,,,,,,,,,,,,,,,0.0,,,
2016-03-18 17:00:00,,,,,,,,,,,,,,,,,,,,,0.0,,,
2016-03-18 18:00:00,,,,,,,,,,,,,,,,,,,,,0.0,,,
2016-03-18 19:00:00,,,,,,,,,,,,,,,,,,,,,0.0,,,
2016-03-18 20:00:00,,,,,,,,,,,,,,,,,,,,,0.0,,,
2016-03-18 21:00:00,,,,,,,,,,,,,,,,,,,,,0.0,,,
2016-03-18 22:00:00,,,,,,,,,,,,,,,,,,,,,0.0,,,
2016-03-18 23:00:00,,,,,,,,,,,,,,,,,,,,,0.0,,,
2016-03-19 00:00:00,,,,,,,,,,,,,,,,,,,,,0.0,,,
2016-03-19 01:00:00,,,,,,,,,,,,,,,,,,,,,0.0,,,
2016-03-19 02:00:00,,,,,,,,,,,,,,,,,,,,,0.0,,,
2016-03-19 03:00:00,,,,,,,,,,,,,,,,,,,,,0.0,,,
2016-03-19 04:00:00,,,,,,,,,,,,,,,,,,,,,0.0,,,
2016-03-19 05:00:00,,,,,,,,,,,,,,,,,,,,,0.0,,,
2016-03-19 06:00:00,,,,,,,,,,,,,,,,,,,,,0.0,,,
2016-03-19 07:00:00,,,,,,,,,,,,,,,,,,,,,0.0,,,
2016-03-19 08:00:00,,,,,,,,,,,,,,,,,,,,,0.0,,,
2016-03-19 09:00:00,,,,,,,,,,,,,,,,,,,,,0.0,,,
2016-03-19 10:00:00,,,,,,,,,,,,,,,,,,,,,0.0,,,
2016-03-19 11:00:00,,,,,,,,,,,,,,,,,,,,,0.0,,,
2016-03-19 12:00:00,,,,,,,,,,,,,,,,,,,,,0.0,,,
2016-03-19 13:00:00,,,,,,,,,,,,,,,,,,,,,0.0,,,
2016-03-19 14:00:00,,,,,,,,,,,,,,,,,,,,,0.0,,,
2016-03-19 15:00:00,,,,,,,,,,,,,,,,,,,,,0.0,,,
2016-03-19 16:00:00,,,,,,,,,,,,,,,,,,,,,0.0,,,
2016-03-19 17:00:00,,,,,,,,,,,,,,,,,,,,,0.0,,,
2016-03-19 18:00:00,,,,,,,,,,,,,,,,,,,,,0.0,,,
2016-03-19 19:00:00,,,,,,,,,,,,,,,,,,,,,0.0,,,
2016-03-19 20:00:00,,,,,,,,,,,,,,,,,,,,,0.0,,,
2016-03-19 21:00:00,,,,,,,,,,,,,,,,,,,,,0.0,,,
2016-03-19 22:00:00,,,,,,,,,,,,,,,,,,,,,0.0,,,
2016-03-19 23:00:00,,,,,,,,,,,,,,,,,,,,,0.0,,,
2016-03-20 00:00:00,,,,,,,,,,,,,,,,,,,,,0.0,,,
2016-03-20 01:00:00,,,,,,,,,,,,,,,,,,,,,0.0,,,
2016-03-20 02:00:00,,,,,,,,,,,,,,,,,,,,,0.0,,,
2016-03-20 03:00:00,,,,,,,,,,,,,,,,,,,,,0.0,,,
2016-03-20 04:00:00,,,,,,,,,,,,,,,,,,,,,0.0,,,
2016-03-20 05:00:00,,,,,,,,,,,,,,,,,,,,,0.0,,,
2016-03-20 06:00:00,,,,,,,,,,,,,,,,,,,,,0.0,,,
2016-03-20 07:00:00,,,,,,,,,,,,,,,,,,,,,0.0,,,
2016-03-20 08:00:00,,,,,,,,,,,,,,,,,,,,,0.0,,,
2016-03-20 09:00:00,,,,,,,,,,,,,,,,,,,,,0.0,,,
2016-03-20 10:00:00,102.11,234.56,29.06,51.21,85.14,87.34,78.56,,37.31,16.1,41.06,,,,,29.51,37.11,2.24,111.61,,0.0,453.5,740.0,
2016-03-20 11:00:00,82.17,201.5,60.53,82.34,156.02,88.06,87.27,,38.36,14.95,61.64,,,,,31.14,35.16,1.86,168.42,,0.0,453.67,740.0,
2016-03-20 12:00:00,68.83,176.33,37.3,78.59,120.99,86.65,56.38,,25.48,16.3,72.92,,,,,33.02,31.17,1.68,147.42,,0.0,449.33,740.0,
2016-03-20 13:00:00,76.33,155.83,25.46,85.65,111.07,63.77,23.23,,38.43,16.44,50.66,,,,,33.99,29.83,1.88,161.92,,0.0,436.33,740.0,
2016-03-20 14:00:00,95.5,243.67,36.7,103.85,142.76,63.54,27.43,,54.52,16.69,46.8,,,,,34.36,28.42,1.44,192.75,,0.0,427.66,740.0,
2016-03-20 15:00:00,107.17,260.67,22.52,80.86,102.8,56.57,19.3,,56.07,16.31,40.69,,,,,33.91,28.75,1.81,233.5,,0.0,424.42,740.0,
2016-03-20 16:00:00,101.67,377.67,48.41,68.06,126.75,70.7,39.1,,46.74,11.81,33.26,,,,,32.58,30.66,1.92,252.33,,0.0,409.17,740.0,
2016-03-20 17:00:00,92.33,362.17,36.47,63.51,106.4,88.14,40.12,,31.55,9.79,36.86,,,,,30.53,35.58,1.45,234.17,,0.0,349.42,740.0,
2016-03-20 18:00:00,77.33,299.33,44.51,78.51,130.99,83.04,26.62,,18.27,11.56,42.93,,,,,28.57,39.58,1.26,236.0,,0.0,74.75,740.0,
2016-03-20 19:00:00,70.0,208.67,94.3,84.45,204.0,78.29,26.6,,16.1,16.31,46.86,,,,,27.25,44.17,1.25,293.25,,0.0,13.0,740.0,
2016-03-20 20:00:00,74.17,220.83,38.44,64.95,110.37,75.62,21.62,,19.34,19.89,52.13,,,,,26.51,47.33,1.38,278.59,,0.0,13.0,740.0,
2016-03-20 21:00:00,69.5,208.33,42.44,69.01,119.46,66.84,16.43,,16.92,18.6,44.56,,,,,25.52,50.25,0.88,236.0,,0.0,13.0,740.0,
2016-03-20 22:00:00,69.17,184.17,40.8,68.37,116.59,62.91,16.26,,11.42,20.17,48.51,,,,,24.68,51.75,0.99,183.75,,0.0,13.0,740.0,
2016-03-20 23:00:00,82.17,225.33,35.39,52.61,95.22,62.14,16.84,1.3,18.92,17.64,39.85,,,,,24.32,50.5,1.53,230.58,,0.0,13.0,740.0,
2016-03-21 00:00:00,94.33,213.5,36.72,48.35,93.22,48.52,23.94,1.74,26.88,14.02,24.88,,,,,23.67,46.83,1.59,207.33,,0.0,13.0,740.0,
2016-03-21 01:00:00,99.83,251.0,24.93,39.92,69.59,59.38,28.91,1.81,18.11,13.18,17.37,,,,,22.67,47.42,1.42,222.58,,0.0,13.0,740.0,
2016-03-21 02:00:00,108.83,161.0,20.89,46.34,69.82,62.63,30.81,2.03,30.53,20.14,17.08,,,,,21.37,53.92,1.23,196.33,,0.0,13.0,740.0,
2016-03-21 03:00:00,169.5,196.67,13.11,29.9,44.54,62.33,36.08,1.67,17.9,19.99,16.78,,,,,21.34,54.25,1.26,222.33,,0.0,13.0,740.0,
2016-03-21 04:00:00,94.5,121.33,19.96,38.93,61.94,60.58,25.4,1.55,21.04,10.64,16.23,,,,,20.6,55.59,0.68,213.0,,0.0,13.0,740.0,
2016-03-21 05:00:00,58.33,103.33,50.36,56.98,119.53,52.99,24.09,1.65,18.84,11.48,16.6,,,,,20.56,53.75,0.68,191.92,,0.0,13.0,740.0,
2016-03-21 06:00:00,68.17,127.67,138.36,69.32,251.19,50.32,27.76,2.0,19.0,12.82,18.05,,,,,20.56,52.83,1.12,282.16,,0.0,159.75,740.0,
2016-03-21 07:00:00,83.67,243.33,129.49,64.25,234.02,43.83,27.4,1.86,24.22,14.18,20.25,,,,,22.95,47.92,1.59,290.75,,0.0,412.67,740.0,
2016-03-21 08:00:00,82.17,245.83,251.61,83.36,329.72,38.38,35.13,2.25,30.94,13.32,26.28,,,,,26.22,39.5,1.78,291.83,,0.0,438.25,740.0,
2016-03-21 09:00:00,82.0,203.5,184.96,72.18,252.24,41.23,38.53,2.11,26.5,14.17,26.99,,,,,28.44,32.25,2.29,290.42,,0.0,449.62,740.0,
2016-03-21 10:00:00,77.0,221.0,,,,,,,65.82,16.46,25.4,,,,,29.52,27.0,2.64,289.16,,0.0,455.34,740.0,
2016-03-21 11:00:00,,,,,,,,,,,,,,,,,,,,,0.0,,,
2016-03-21 12:00:00,,,,,,,,,,,,,,,,,,,,,0.0,,,
2016-03-21 13:00:00,,,,,,,,,,,,,,,,,,,,,0.0,,,
2016-03-21 14:00:00,77.0,221.0,,,,,,,,,,,,,,32.33,20.0,2.9,244.33,,0.0,445.0,740.0,
2016-03-21 15:00:00,,,6.6,28.35,34.35,28.24,14.7,1.38,48.16,4.38,25.34,,,,,31.42,20.84,3.82,280.83,,0.0,440.75,740.0,
2016-03-21 16:00:00,,,,,,,,,,,,,,,,,,,,,0.0,,,
2016-03-21 17:00:00,7.0,517.0,29.89,39.78,76.02,26.71,15.9,1.6,46.61,7.29,25.14,,,,,28.77,25.58,3.0,285.09,,0.0,347.5,740.0,
2016-03-21 18:00:00,26.0,223.0,27.18,42.15,74.6,31.62,16.66,1.57,37.88,9.98,28.57,,,,,26.76,30.83,2.98,285.42,,0.0,73.91,740.0,
2016-03-21 19:00:00,26.17,215.5,19.44,41.41,63.54,35.07,17.79,1.46,33.94,12.61,46.12,,,,,25.42,34.92,2.97,285.91,,0.0,12.84,740.0,
2016-03-21 20:00:00,30.17,178.0,21.08,41.53,65.79,42.43,19.63,1.27,33.5,15.78,40.85,,,,,24.33,40.0,3.53,290.5,,0.0,13.0,740.0,
2016-03-21 21:00:00,48.17,182.67,28.53,42.3,76.56,41.54,19.74,1.21,26.99,14.46,30.64,,,,,23.17,42.92,3.36,284.5,,0.0,13.0,740.0,
2016-03-21 22:00:00,58.33,200.17,38.14,44.41,91.48,44.28,20.37,1.36,26.66,12.63,24.98,,,,,22.29,45.33,3.14,288.25,,0.0,12.92,740.0,
2016-03-21 23:00:00,55.17,177.67,57.14,49.08,121.72,40.77,21.19,1.31,37.86,12.08,19.19,,,,,21.52,38.75,3.24,285.17,,0.0,13.0,740.0,
2016-03-22 00:00:00,53.33,204.33,62.48,47.59,127.81,34.83,20.02,1.46,46.64,11.99,15.1,,,,,20.56,38.67,3.28,287.58,,0.0,13.0,740.0,
2016-03-22 01:00:00,42.0,174.33,47.05,45.83,105.14,33.26,18.74,1.16,54.88,10.45,12.52,,,,,19.82,38.66,3.22,286.0,,0.0,13.0,740.0,
2016-03-22 02:00:00,50.67,181.33,29.5,36.23,72.5,28.29,18.34,0.95,64.25,9.89,11.78,,,,,18.88,38.25,3.04,287.91,,0.0,13.0,740.0,
2016-03-22 03:00:00,45.67,134.0,15.58,28.45,46.6,28.98,17.96,0.9,75.42,8.01,11.48,,,,,18.33,38.5,2.9,289.34,,0.0,12.92,740.0,
2016-03-22 04:00:00,53.0,138.0,21.07,35.47,60.26,25.05,19.64,0.95,81.59,8.25,11.84,,,,,18.72,35.67,3.04,285.0,,0.0,12.92,740.0,
2016-03-22 05:00:00,47.83,133.83,19.39,32.53,55.46,25.8,19.74,1.01,82.97,8.21,8.76,,,,,18.32,36.42,3.02,286.17,,0.0,13.0,740.0,
2016-03-22 06:00:00,49.17,138.83,21.57,40.74,65.73,26.84,19.85,1.14,64.88,9.11,8.31,,,,,18.15,36.75,3.04,285.66,,0.0,189.5,740.0,
2016-03-22 07:00:00,58.0,150.83,25.26,40.91,70.93,24.61,19.77,1.16,76.96,8.25,7.69,,,,,20.24,33.92,3.93,285.92,,0.0,430.17,740.0,
2016-03-22 08:00:00,48.33,221.0,23.02,38.69,65.82,21.66,20.0,1.2,97.82,7.94,9.46,,,,,22.1,30.66,4.25,287.42,,0.0,456.25,740.0,
2016-03-22 09:00:00,53.17,420.67,27.66,42.64,75.82,19.63,20.19,1.18,91.44,8.66,12.95,,,,,24.14,28.0,4.38,280.0,,0.0,466.08,740.0,
2016-03-22 10:00:00,67.5,652.17,11.16,38.22,49.14,17.81,16.88,1.05,120.41,9.52,16.88,,,,,26.28,24.5,4.74,279.41,,0.0,470.67,740.0,
2016-03-22 11:00:00,58.88,673.83,12.97,45.3,58.06,19.06,16.9,1.11,109.2,8.95,18.19,,,,,27.83,21.83,5.0,283.12,,0.0,473.25,740.0,
2016-03-22 12:00:00,49.0,569.17,5.1,37.7,40.6,16.05,15.9,0.95,49.14,8.8,20.11,,,,,29.13,19.21,5.08,280.29,,0.0,471.54,740.0,
2016-03-22 13:00:00,36.17,486.83,7.33,37.65,43.54,17.26,16.42,1.11,60.58,7.04,18.55,,,,,29.93,19.08,4.4,284.16,,0.0,446.58,740.0,
2016-03-22 14:00:00,23.0,300.75,9.15,40.28,48.37,18.18,16.24,1.09,59.59,6.82,17.65,,,,,30.5,18.58,4.21,286.5,,0.0,458.25,740.0,
2016-03-22 15:00:00,30.5,333.67,11.47,37.54,49.05,18.58,14.85,1.1,69.8,6.98,21.4,,,,,30.26,19.0,4.22,283.83,,0.0,446.25,740.0,
2016-03-22 16:00:00,35.5,327.25,16.98,34.19,53.63,22.39,16.64,1.08,74.91,7.77,23.28,,,,,29.7,20.0,4.05,287.94,,0.0,432.44,740.0,
2016-03-22 17:00:00,40.0,313.0,17.77,35.18,55.74,17.1,15.85,1.0,78.8,7.93,24.4,,,,,28.32,20.5,3.91,287.05,,0.0,371.5,740.0,
2016-03-22 18:00:00,,,,,,,,,,,,,,,,,,,,,0.0,,,
2016-03-22 19:00:00,,,,,,,,,,,,,,,,,,,,,0.0,,,
2016-03-22 20:00:00,,,,,,,,,,,,,,,,,,,,,0.0,,,
2016-03-22 21:00:00,,,,,,,,,,,,,,,,,,,,,0.0,,,
2016-03-22 22:00:00,,,,,,,,,,,,,,,,,,,,,0.0,,,
2016-03-22 23:00:00,,,,,,,,,,,,,,,,,,,,,0.0,,,
2016-03-23 00:00:00,,,,,,,,,,,,,,,,,,,,,0.0,,,
2016-03-23 01:00:00,,,,,,,,,,,,,,,,,,,,,0.0,,,
2016-03-23 02:00:00,,,,,,,,,,,,,,,,,,,,,0.0,,,
2016-03-23 03:00:00,,,,,,,,,,,,,,,,,,,,,0.0,,,
2016-03-23 04:00:00,,,,,,,,,,,,,,,,,,,,,0.0,,,
2016-03-23 05:00:00,,,,,,,,,,,,,,,,,,,,,0.0,,,
2016-03-23 06:00:00,,,,,,,,,,,,,,,,,,,,,0.0,,,
2016-03-23 07:00:00,,,,,,,,,,,,,,,,,,,,,0.0,,,
2016-03-23 08:00:00,,,,,,,,,,,,,,,,,,,,,0.0,,,
2016-03-23 09:00:00,,,,,,,,,,,,,,,,,,,,,0.0,,,
2016-03-23 10:00:00,99.0,208.0,51.4,79.5,141.1,32.9,19.4,1.4,40.1,17.6,27.3,,,,,29.6,30.0,2.7,281.0,,0.0,463.0,740.0,
2016-03-23 11:00:00,95.12,205.12,51.67,80.14,142.33,28.92,20.1,1.28,39.52,15.23,25.51,,,,,30.74,27.92,2.27,278.75,,0.0,461.42,740.0,
2016-03-23 12:00:00,70.88,194.38,47.78,93.1,148.2,28.83,25.42,1.12,37.36,13.7,28.74,,,,,32.32,23.5,2.65,278.0,,0.0,460.0,740.0,
2016-03-23 13:00:00,83.25,262.25,49.78,78.78,138.18,26.48,16.87,0.99,43.21,10.18,20.39,,,,,33.14,19.0,3.01,286.67,,0.0,437.92,740.0,
2016-03-23 14:00:00,30.5,288.67,47.58,68.64,126.16,24.7,15.44,0.96,52.2,8.37,14.92,,,,,33.18,17.5,3.52,283.17,,0.0,450.5,740.0,
2016-03-23 15:00:00,36.5,330.67,52.08,71.39,134.69,22.31,15.93,0.79,55.72,7.07,16.22,,,,,33.35,16.0,2.98,278.0,,0.0,438.33,740.0,
2016-03-23 16:00:00,27.67,257.33,33.39,51.48,91.68,24.32,17.94,0.95,74.32,7.15,20.43,,,,,32.85,17.17,2.54,284.42,,0.0,419.58,740.0,
2016-03-23 17:00:00,24.5,186.67,67.84,60.39,146.88,25.75,20.29,1.02,66.43,9.85,24.79,,,,,31.24,18.08,2.47,288.17,,0.0,342.42,740.0,
2016-03-23 18:00:00,40.0,232.83,83.22,70.83,176.6,21.53,23.63,1.38,49.66,14.51,31.39,,,,,29.12,21.08,1.7,286.17,,0.0,75.5,740.0,
2016-03-23 19:00:00,43.83,200.83,157.51,116.53,318.89,28.23,25.93,2.53,12.97,20.9,43.28,,,,,26.68,28.42,0.86,231.17,,0.0,12.33,740.0,
2016-03-23 20:00:00,113.0,470.0,221.58,132.32,372.29,35.47,27.02,3.42,9.93,31.89,62.98,,,,,25.26,33.58,0.46,241.67,,0.0,12.25,740.0,
2016-03-23 21:00:00,,,,,,,,,,,,,,,,,,,,,0.0,,,
2016-03-23 22:00:00,,,,,,,,,,,,,,,,,,,,,0.0,,,
2016-03-23 23:00:00,,,,,,,,,,,,,,,,,,,,,0.0,,,
2016-03-24 00:00:00,,,,,,,,,,,,,,,,,,,,,0.0,,,
2016-03-24 01:00:00,,,,,,,,,,,,,,,,,,,,,0.0,,,
2016-03-24 02:00:00,,,,,,,,,,,,,,,,,,,,,0.0,,,
2016-03-24 03:00:00,,,,,,,,,,,,,,,,,,,,,0.0,,,
2016-03-24 04:00:00,,,,,,,,,,,,,,,,,,,,,0.0,,,
2016-03-24 05:00:00,,,,,,,,,,,,,,,,,,,,,0.0,,,
2016-03-24 06:00:00,,,,,,,,,,,,,,,,,,,,,0.0,,,
2016-03-24 07:00:00,,,,,,,,,,,,,,,,,,,,,0.0,,,
2016-03-24 08:00:00,,,,,,,,,,,,,,,,,,,,,0.0,,,
2016-03-24 09:00:00,,,,,,,,,,,,,,,,,,,,,0.0,,,
2016-03-24 10:00:00,,,,,,,,,,,,,,,,,,,,,0.0,,,
2016-03-24 11:00:00,,,,,,,,,,,,,,,,,,,,,0.0,,,
2016-03-24 12:00:00,,,,,,,,,,,,,,,,,,,,,0.0,,,
2016-03-24 13:00:00,,,,,,,,,,,,,,,,,,,,,0.0,,,
2016-03-24 14:00:00,,,,,,,,,,,,,,,,,,,,,0.0,,,
2016-03-24 15:00:00,,,,,,,,,,,,,,,,,,,,,0.0,,,
2016-03-24 16:00:00,,,,,,,,,,,,,,,,,,,,,0.0,,,
2016-03-24 17:00:00,,,,,,,,,,,,,,,,,,,,,0.0,,,
2016-03-24 18:00:00,,,,,,,,,,,,,,,,,,,,,0.0,,,
2016-03-24 19:00:00,,,,,,,,,,,,,,,,,,,,,0.0,,,
2016-03-24 20:00:00,,,,,,,,,,,,,,,,,,,,,0.0,,,
2016-03-24 21:00:00,,,,,,,,,,,,,,,,,,,,,0.0,,,
2016-03-24 22:00:00,,,,,,,,,,,,,,,,,,,,,0.0,,,
2016-03-24 23:00:00,,,,,,,,,,,,,,,,,,,,,0.0,,,
2016-03-25 00:00:00,,,,,,,,,,,,,,,,,,,,,0.0,,,
2016-03-25 01:00:00,,,,,,,,,,,,,,,,,,,,,0.0,,,
2016-03-25 02:00:00,,,,,,,,,,,,,,,,,,,,,0.0,,,
2016-03-25 03:00:00,,,,,,,,,,,,,,,,,,,,,0.0,,,
2016-03-25 04:00:00,,,,,,,,,,,,,,,,,,,,,0.0,,,
2016-03-25 05:00:00,,,,,,,,,,,,,,,,,,,,,0.0,,,
2016-03-25 06:00:00,,,,,,,,,,,,,,,,,,,,,0.0,,,
2016-03-25 07:00:00,,,,,,,,,,,,,,,,,,,,,0.0,,,
2016-03-25 08:00:00,,,,,,,,,,,,,,,,,,,,,0.0,,,
2016-03-25 09:00:00,,,,,,,,,,,,,,,,,,,,,0.0,,,
2016-03-25 10:00:00,,,,,,,,,,,,,,,,,,,,,0.0,,,
2016-03-25 11:00:00,117.17,296.22,2.72,43.33,42.29,101.53,46.7,,39.84,22.01,34.19,,,,,34.73,25.44,3.14,96.78,,0.0,449.78,740.0,
2016-03-25 12:00:00,113.0,276.0,5.01,41.86,44.11,96.3,53.91,,28.57,20.29,27.81,,,,,36.42,22.84,2.43,112.92,,0.0,445.58,740.0,
2016-03-25 13:00:00,,,,,,,,,,,,,,,,,,,,,0.0,,,
2016-03-25 14:00:00,113.0,276.0,7.46,47.02,48.9,92.7,40.24,1.76,15.2,11.0,19.34,,,,,36.92,25.88,3.12,100.79,,0.0,420.92,740.0,
2016-03-25 15:00:00,,,3.72,58.14,56.89,84.93,38.36,2.02,22.15,12.48,38.57,,,,,35.78,28.38,3.56,81.33,,0.0,412.12,740.0,
2016-03-25 16:00:00,,,,,,,,,,,,,,,,,,,,,0.0,,,
2016-03-25 17:00:00,,,,,,,,,,,,,,,,,,,,,0.0,,,
2016-03-25 18:00:00,,,,,,,,,,,,,,,,,,,,,0.0,,,
2016-03-25 19:00:00,,,,,,,,,,,,,,,,,,,,,0.0,,,
2016-03-25 20:00:00,,,,,,,,,,,,,,,,,,,,,0.0,,,
2016-03-25 21:00:00,,,,,,,,,,,,,,,,,,,,,0.0,,,
2016-03-25 22:00:00,,,,,,,,,,,,,,,,,,,,,0.0,,,
2016-03-25 23:00:00,,,,,,,,,,,,,,,,,,,,,0.0,,,
2016-03-26 00:00:00,,,,,,,,,,,,,,,,,,,,,0.0,,,
2016-03-26 01:00:00,,,,,,,,,,,,,,,,,,,,,0.0,,,
2016-03-26 02:00:00,,,,,,,,,,,,,,,,,,,,,0.0,,,
2016-03-26 03:00:00,,,,,,,,,,,,,,,,,,,,,0.0,,,
2016-03-26 04:00:00,,,,,,,,,,,,,,,,,,,,,0.0,,,
2016-03-26 05:00:00,,,,,,,,,,,,,,,,,,,,,0.0,,,
2016-03-26 06:00:00,,,,,,,,,,,,,,,,,,,,,0.0,,,
2016-03-26 07:00:00,,,,,,,,,,,,,,,,,,,,,0.0,,,
2016-03-26 08:00:00,,,,,,,,,,,,,,,,,,,,,0.0,,,
2016-03-26 09:00:00,,,,,,,,,,,,,,,,,,,,,0.0,,,
2016-03-26 10:00:00,,,,,,,,,,,,,,,,,,,,,0.0,,,
2016-03-26 11:00:00,,,,,,,,,,,,,,,,,,,,,0.0,,,
2016-03-26 12:00:00,,,,,,,,,,,,,,,,,,,,,0.0,,,
2016-03-26 13:00:00,,,,,,,,,,,,,,,,,,,,,0.0,,,
2016-03-26 14:00:00,,,,,,,,,,,,,,,,,,,,,0.0,,,
2016-03-26 15:00:00,51.33,237.83,86.21,56.31,167.7,47.64,22.78,1.3,14.71,14.59,49.49,,,,,26.95,43.0,2.74,277.22,,0.0,376.0,740.0,
2016-03-26 16:00:00,48.33,229.25,100.11,66.58,196.03,46.39,26.21,1.52,12.85,14.54,39.02,,,,,26.78,42.92,1.96,270.75,,0.0,372.08,740.0,
2016-03-26 17:00:00,50.0,210.0,122.92,75.11,234.91,56.17,23.41,1.86,11.34,22.08,43.33,,,,,26.71,44.56,1.54,261.89,,0.0,310.89,740.0,
2016-03-26 18:00:00,,,,,,,,,,,,,,,,,,,,,0.0,,,
2016-03-26 19:00:00,,,,,,,,,,,,,,,,,,,,,0.0,,,
2016-03-26 20:00:00,,,,,,,,,,,,,,,,,,,,,0.0,,,
2016-03-26 21:00:00,,,,,,,,,,,,,,,,,,,,,0.0,,,
2016-03-26 22:00:00,,,,,,,,,,,,,,,,,,,,,0.0,,,
2016-03-26 23:00:00,,,,,,,,,,,,,,,,,,,,,0.0,,,
2016-03-27 00:00:00,,,,,,,,,,,,,,,,,,,,,0.0,,,
2016-03-27 01:00:00,,,,,,,,,,,,,,,,,,,,,0.0,,,
2016-03-27 02:00:00,,,,,,,,,,,,,,,,,,,,,0.0,,,
2016-03-27 03:00:00,,,,,,,,,,,,,,,,,,,,,0.0,,,
2016-03-27 04:00:00,,,,,,,,,,,,,,,,,,,,,0.0,,,
2016-03-27 05:00:00,,,,,,,,,,,,,,,,,,,,,0.0,,,
2016-03-27 06:00:00,,,,,,,,,,,,,,,,,,,,,0.0,,,
2016-03-27 07:00:00,,,,,,,,,,,,,,,,,,,,,0.0,,,
2016-03-27 08:00:00,,,,,,,,,,,,,,,,,,,,,0.0,,,
2016-03-27 09:00:00,,,,,,,,,,,,,,,,,,,,,0.0,,,
2016-03-27 10:00:00,,,,,,,,,,,,,,,,,,,,,0.0,,,
2016-03-27 11:00:00,,,,,,,,,,,,,,,,,,,,,0.0,,,
2016-03-27 12:00:00,,,,,,,,,,,,,,,,,,,,,0.0,,,
2016-03-27 13:00:00,,,,,,,,,,,,,,,,,,,,,0.0,,,
2016-03-27 14:00:00,,,,,,,,,,,,,,,,,,,,,0.0,,,
2016-03-27 15:00:00,,,,,,,,,,,,,,,,,,,,,0.0,,,
2016-03-27 16:00:00,,,,,,,,,,,,,,,,,,,,,0.0,,,
2016-03-27 17:00:00,,,,,,,,,,,,,,,,,,,,,0.0,,,
2016-03-27 18:00:00,,,,,,,,,,,,,,,,,,,,,0.0,,,
2016-03-27 19:00:00,,,,,,,,,,,,,,,,,,,,,0.0,,,
2016-03-27 20:00:00,,,,,,,,,,,,,,,,,,,,,0.0,,,
2016-03-27 21:00:00,,,,,,,,,,,,,,,,,,,,,0.0,,,
2016-03-27 22:00:00,,,,,,,,,,,,,,,,,,,,,0.0,,,
2016-03-27 23:00:00,,,,,,,,,,,,,,,,,,,,,0.0,,,
2016-03-28 00:00:00,,,,,,,,,,,,,,,,,,,,,0.0,,,
2016-03-28 01:00:00,,,,,,,,,,,,,,,,,,,,,0.0,,,
2016-03-28 02:00:00,,,,,,,,,,,,,,,,,,,,,0.0,,,
2016-03-28 03:00:00,,,,,,,,,,,,,,,,,,,,,0.0,,,
2016-03-28 04:00:00,,,,,,,,,,,,,,,,,,,,,0.0,,,
2016-03-28 05:00:00,,,,,,,,,,,,,,,,,,,,,0.0,,,
2016-03-28 06:00:00,,,,,,,,,,,,,,,,,,,,,0.0,,,
2016-03-28 07:00:00,,,,,,,,,,,,,,,,,,,,,0.0,,,
2016-03-28 08:00:00,,,,,,,,,,,,,,,,,,,,,0.0,,,
2016-03-28 09:00:00,,,,,,,,,,,,,,,,,,,,,0.0,,,
2016-03-28 10:00:00,,,,,,,,,,,,,,,,,,,,,0.0,,,
2016-03-28 11:00:00,,,51.6,103.5,162.7,25.5,,1.85,20.2,13.5,24.15,,,,,,,,,,0.0,,,
2016-03-28 12:00:00,60.5,195.0,99.31,101.08,225.64,22.28,22.27,1.73,22.0,12.97,24.08,,,,,33.34,20.5,2.08,260.95,,0.0,451.17,740.0,
2016-03-28 13:00:00,53.0,221.62,55.67,88.67,155.0,22.09,18.25,1.53,26.61,9.75,19.88,,,,,33.47,18.75,2.08,264.75,,0.0,441.75,740.0,
2016-03-28 14:00:00,51.0,253.62,64.52,91.38,169.37,22.36,16.83,1.59,27.69,8.74,21.39,,,,,33.86,18.0,1.99,265.33,,0.0,444.67,740.0,
2016-03-28 15:00:00,37.75,157.12,53.93,84.93,149.3,24.49,16.79,1.42,29.28,7.64,23.65,,,,,33.31,18.58,2.21,265.0,,0.0,434.08,740.0,
2016-03-28 16:00:00,43.38,188.38,74.75,70.59,164.97,23.89,19.43,1.56,37.03,7.88,25.92,,,,,32.22,20.66,2.53,284.91,,0.0,416.92,740.0,
2016-03-28 17:00:00,45.25,203.12,66.61,71.59,154.46,31.52,21.38,1.6,47.08,8.06,33.05,,,,,30.41,23.5,2.74,287.17,,0.0,357.83,740.0,
2016-03-28 18:00:00,42.62,197.5,57.41,57.82,129.89,39.9,21.94,1.55,39.52,15.06,29.2,,,,,28.68,28.0,2.26,285.91,,0.0,75.0,740.0,
2016-03-28 19:00:00,62.0,244.25,116.66,85.72,235.27,37.18,23.5,2.02,25.66,20.31,39.38,,,,,27.73,31.08,1.81,284.09,,0.0,12.42,740.0,
2016-03-28 20:00:00,70.25,204.5,89.35,76.11,189.92,37.51,20.89,2.07,20.9,27.44,64.46,,,,,27.0,32.0,1.84,284.67,,0.0,12.33,740.0,
2016-03-28 21:00:00,78.38,206.62,83.02,84.28,188.44,40.23,20.52,1.97,19.4,28.7,57.61,,,,,26.18,32.33,1.55,287.42,,0.0,12.33,740.0,
2016-03-28 22:00:00,73.75,194.0,85.74,74.14,183.18,33.33,19.76,1.74,23.36,21.93,43.47,,,,,25.62,32.67,1.71,285.0,,0.0,12.33,740.0,
2016-03-28 23:00:00,72.75,172.75,70.03,66.4,154.73,34.78,20.52,1.63,20.14,22.86,44.35,,,,,24.93,34.08,1.42,282.42,,0.0,12.42,740.0,
2016-03-29 00:00:00,74.12,161.12,24.72,52.47,81.45,31.99,19.73,1.44,28.02,15.23,34.75,,,,,24.52,35.0,1.38,283.25,,0.0,12.25,740.0,
2016-03-29 01:00:00,46.88,90.5,29.87,52.18,87.28,35.43,19.12,1.4,25.67,14.44,23.71,,,,,23.75,38.08,1.43,278.0,,0.0,12.42,740.0,
2016-03-29 02:00:00,49.62,85.5,64.57,63.83,145.0,31.81,19.71,1.46,17.93,17.98,35.5,,,,,23.14,42.34,1.2,285.25,,0.0,12.58,740.0,
2016-03-29 03:00:00,76.62,123.62,26.93,62.06,91.99,36.08,19.36,1.42,16.72,16.14,30.04,,,,,22.88,44.92,1.67,285.92,,0.0,12.42,740.0,
2016-03-29 04:00:00,91.62,127.62,43.89,59.21,112.57,40.33,18.99,1.61,14.75,16.93,23.48,,,,,22.24,47.0,1.35,288.75,,0.0,12.42,740.0,
2016-03-29 05:00:00,119.25,183.62,176.94,85.15,317.42,34.37,20.2,2.07,11.47,20.72,24.13,,,,,21.62,49.08,0.94,276.33,,0.0,12.92,740.0,
2016-03-29 06:00:00,140.88,289.12,242.88,97.12,418.34,46.8,21.61,2.49,10.24,24.06,29.6,,,,,21.54,50.33,0.98,270.58,,0.0,172.92,740.0,
2016-03-29 07:00:00,179.88,537.38,251.74,102.46,434.04,46.11,22.0,2.31,11.82,24.49,35.34,,,,,24.95,44.0,1.42,272.92,,0.0,408.08,740.0,
2016-03-29 08:00:00,167.75,395.88,262.6,105.93,346.0,38.26,19.71,2.82,13.64,25.61,35.36,,,,,27.22,38.92,2.05,275.75,,0.0,434.16,740.0,
2016-03-29 09:00:00,183.62,317.38,195.58,116.67,370.98,37.8,22.11,2.62,13.08,29.19,33.67,,,,,29.88,32.75,2.32,279.17,,0.0,443.5,740.0,
2016-03-29 10:00:00,147.83,297.0,74.54,91.14,182.02,35.14,22.26,0.55,21.76,16.15,25.6,,,,,31.14,29.25,2.56,286.33,,0.0,450.83,740.0,
2016-03-29 11:00:00,,,,,,,,,,,,,,,,,,,,,0.0,,,
2016-03-29 12:00:00,,,,,,,,,,,,,,,,,,,,,0.0,,,
2016-03-29 13:00:00,,,,,,,,,,,,,,,,,,,,,0.0,,,
2016-03-29 14:00:00,,,,,,,,,,,,,,,,,,,,,0.0,,,
2016-03-29 15:00:00,,,,,,,,,,,,,,,,,,,,,0.0,,,
2016-03-29 16:00:00,,,,,,,,,,,,,,,,,,,,,0.0,,,
2016-03-29 17:00:00,,,,,,,,,,,,,,,,,,,,,0.0,,,
2016-03-29 18:00:00,,,,,,,,,,,,,,,,,,,,,0.0,,,
2016-03-29 19:00:00,,,,,,,,,,,,,,,,,,,,,0.0,,,
2016-03-29 20:00:00,,,,,,,,,,,,,,,,,,,,,0.0,,,
2016-03-29 21:00:00,,,,,,,,,,,,,,,,,,,,,0.0,,,
2016-03-29 22:00:00,,,,,,,,,,,,,,,,,,,,,0.0,,,
2016-03-29 23:00:00,,,,,,,,,,,,,,,,,,,,,0.0,,,
2016-03-30 00:00:00,,,,,,,,,,,,,,,,,,,,,0.0,,,
2016-03-30 01:00:00,,,,,,,,,,,,,,,,,,,,,0.0,,,
2016-03-30 02:00:00,,,,,,,,,,,,,,,,,,,,,0.0,,,
2016-03-30 03:00:00,,,,,,,,,,,,,,,,,,,,,0.0,,,
2016-03-30 04:00:00,,,,,,,,,,,,,,,,,,,,,0.0,,,
2016-03-30 05:00:00,,,,,,,,,,,,,,,,,,,,,0.0,,,
2016-03-30 06:00:00,,,,,,,,,,,,,,,,,,,,,0.0,,,
2016-03-30 07:00:00,,,,,,,,,,,,,,,,,,,,,0.0,,,
2016-03-30 08:00:00,,,,,,,,,,,,,,,,,,,,,0.0,,,
2016-03-30 09:00:00,,,,,,,,,,,,,,,,,,,,,0.0,,,
2016-03-30 10:00:00,,,,,,,,,,,,,,,,,,,,,0.0,,,
2016-03-30 11:00:00,83.0,204.0,48.5,86.7,143.45,41.95,,,26.05,18.7,31.9,,,,,35.15,24.0,1.95,233.0,,0.0,448.0,740.0,
2016-03-30 12:00:00,81.0,201.0,51.09,110.82,168.51,51.74,25.77,,20.43,15.26,29.45,,,,,36.73,20.17,1.68,262.83,,0.0,441.08,740.0,
2016-03-30 13:00:00,71.0,197.83,54.79,128.0,188.81,47.46,22.08,,22.9,13.45,23.28,,,,,37.3,18.33,1.8,232.92,,0.0,428.33,740.0,
2016-03-30 14:00:00,70.17,258.0,59.27,133.76,200.09,40.54,19.27,,29.78,15.97,26.15,,,,,37.83,15.5,1.74,256.75,,0.0,422.0,740.0,
2016-03-30 15:00:00,69.17,258.0,55.72,116.52,180.0,44.64,19.84,,37.91,16.89,31.41,,,,,36.77,17.42,2.06,279.17,,0.0,417.83,740.0,
2016-03-30 16:00:00,77.67,225.17,78.08,79.91,177.66,35.04,18.37,,34.38,10.53,25.96,,,,,36.36,16.42,2.04,281.58,,0.0,399.58,740.0,
2016-03-30 17:00:00,42.17,190.33,73.65,60.98,154.89,42.79,19.44,0.9,42.23,9.93,29.04,,,,,34.56,19.46,2.06,287.92,,0.0,344.25,740.0,
2016-03-30 18:00:00,49.17,220.5,89.7,78.18,192.08,34.53,18.55,1.42,28.44,14.29,31.78,,,,,32.54,24.84,1.34,286.08,,0.0,85.25,740.0,
2016-03-30 19:00:00,55.0,263.0,87.33,105.64,213.37,35.16,16.63,2.54,12.56,20.62,48.48,,,,,31.05,28.5,0.38,252.0,,0.0,12.84,740.0,
2016-03-30 20:00:00,,,,,,,,,,,,,,,,,,,,,0.0,,,
2016-03-30 21:00:00,,,,,,,,,,,,,,,,,,,,,0.0,,,
2016-03-30 22:00:00,,,,,,,,,,,,,,,,,,,,,0.0,,,
2016-03-30 23:00:00,,,,,,,,,,,,,,,,,,,,,0.0,,,
2016-03-31 00:00:00,,,,,,,,,,,,,,,,,,,,,0.0,,,
2016-03-31 01:00:00,,,,,,,,,,,,,,,,,,,,,0.0,,,
2016-03-31 02:00:00,,,,,,,,,,,,,,,,,,,,,0.0,,,
2016-03-31 03:00:00,,,,,,,,,,,,,,,,,,,,,0.0,,,
2016-03-31 04:00:00,,,,,,,,,,,,,,,,,,,,,0.0,,,
2016-03-31 05:00:00,,,,,,,,,,,,,,,,,,,,,0.0,,,
2016-03-31 06:00:00,,,,,,,,,,,,,,,,,,,,,0.0,,,
2016-03-31 07:00:00,,,,,,,,,,,,,,,,,,,,,0.0,,,
2016-03-31 08:00:00,,,,,,,,,,,,,,,,,,,,,0.0,,,
2016-03-31 09:00:00,,,,,,,,,,,,,,,,,,,,,0.0,,,
2016-03-31 10:00:00,,,,,,,,,,,,,,,,,,,,,0.0,,,
2016-03-31 11:00:00,,,,,,,,,,,,,,,,,,,,,0.0,,,
2016-03-31 12:00:00,,,,,,,,,,,,,,,,,,,,,0.0,,,
2016-03-31 13:00:00,,,,,,,,,,,,,,,,,,,,,0.0,,,
2016-03-31 14:00:00,,,,,,,,,,,,,,,,,,,,,0.0,,,
2016-03-31 15:00:00,,,,,,,,,,,,,,,,,,,,,0.0,,,
2016-03-31 16:00:00,,,,,,,,,,,,,,,,,,,,,0.0,,,
2016-03-31 17:00:00,,,,,,,,,,,,,,,,,,,,,0.0,,,
2016-03-31 18:00:00,,,,,,,,,,,,,,,,,,,,,0.0,,,
2016-03-31 19:00:00,,,,,,,,,,,,,,,,,,,,,0.0,,,
2016-03-31 20:00:00,,,,,,,,,,,,,,,,,,,,,0.0,,,
2016-03-31 21:00:00,,,,,,,,,,,,,,,,,,,,,0.0,,,
2016-03-31 22:00:00,,,,,,,,,,,,,,,,,,,,,0.0,,,
2016-03-31 23:00:00,,,,,,,,,,,,,,,,,,,,,0.0,,,
2016-04-01 00:00:00,,,,,,,,,,,,,,,,,,,,,0.0,,,
2016-04-01 01:00:00,,,,,,,,,,,,,,,,,,,,,0.0,,,
2016-04-01 02:00:00,,,,,,,,,,,,,,,,,,,,,0.0,,,
2016-04-01 03:00:00,,,,,,,,,,,,,,,,,,,,,0.0,,,
2016-04-01 04:00:00,,,,,,,,,,,,,,,,,,,,,0.0,,,
2016-04-01 05:00:00,,,,,,,,,,,,,,,,,,,,,0.0,,,
2016-04-01 06:00:00,,,,,,,,,,,,,,,,,,,,,0.0,,,
2016-04-01 07:00:00,,,,,,,,,,,,,,,,,,,,,0.0,,,
2016-04-01 08:00:00,,,,,,,,,,,,,,,,,,,,,0.0,,,
2016-04-01 09:00:00,,,,,,,,,,,,,,,,,,,,,0.0,,,
2016-04-01 10:00:00,,,,,,,,,,,,,,,,,,,,,0.0,,,
2016-04-01 11:00:00,,,,,,,,,,,,,,,,,,,,,0.0,,,
2016-04-01 12:00:00,,,,,,,,,,,,,,,,,,,,,0.0,,,
2016-04-01 13:00:00,,,,,,,,,,,,,,,,,,,,,0.0,,,
2016-04-01 14:00:00,,,,,,,,,,,,,,,,,,,,,0.0,,,
2016-04-01 15:00:00,,,,,,,,,,,,,,,,,,,,,0.0,,,
2016-04-01 16:00:00,,,,,,,,,,,,,,,,,,,,,0.0,,,
2016-04-01 17:00:00,,,,,,,,,,,,,,,,,,,,,0.0,,,
2016-04-01 18:00:00,,,,,,,,,,,,,,,,,,,,,0.0,,,
2016-04-01 19:00:00,,,,,,,,,,,,,,,,,,,,,0.0,,,
2016-04-01 20:00:00,,,,,,,,,,,,,,,,,,,,,0.0,,,
2016-04-01 21:00:00,,,,,,,,,,,,,,,,,,,,,0.0,,,
2016-04-01 22:00:00,,,,,,,,,,,,,,,,,,,,,0.0,,,
2016-04-01 23:00:00,,,,,,,,,,,,,,,,,,,,,0.0,,,
2016-04-02 00:00:00,,,,,,,,,,,,,,,,,,,,,0.0,,,
2016-04-02 01:00:00,,,,,,,,,,,,,,,,,,,,,0.0,,,
2016-04-02 02:00:00,,,,,,,,,,,,,,,,,,,,,0.0,,,
2016-04-02 03:00:00,,,,,,,,,,,,,,,,,,,,,0.0,,,
2016-04-02 04:00:00,,,,,,,,,,,,,,,,,,,,,0.0,,,
2016-04-02 05:00:00,,,,,,,,,,,,,,,,,,,,,0.0,,,
2016-04-02 06:00:00,,,,,,,,,,,,,,,,,,,,,0.0,,,
2016-04-02 07:00:00,,,,,,,,,,,,,,,,,,,,,0.0,,,
2016-04-02 08:00:00,,,,,,,,,,,,,,,,,,,,,0.0,,,
2016-04-02 09:00:00,,,,,,,,,,,,,,,,,,,,,0.0,,,
2016-04-02 10:00:00,,,,,,,,,,,,,,,,,,,,,0.0,,,
2016-04-02 11:00:00,,,,,,,,,,,,,,,,,,,,,0.0,,,
2016-04-02 12:00:00,,,,,,,,,,,,,,,,,,,,,0.0,,,
2016-04-02 13:00:00,,,,,,,,,,,,,,,,,,,,,0.0,,,
2016-04-02 14:00:00,,,,,,,,,,,,,,,,,,,,,0.0,,,
2016-04-02 15:00:00,,,,,,,,,,,,,,,,,,,,,0.0,,,
2016-04-02 16:00:00,,,,,,,,,,,,,,,,,,,,,0.0,,,
2016-04-02 17:00:00,,,,,,,,,,,,,,,,,,,,,0.0,,,
2016-04-02 18:00:00,,,,,,,,,,,,,,,,,,,,,0.0,,,
2016-04-02 19:00:00,,,,,,,,,,,,,,,,,,,,,0.0,,,
2016-04-02 20:00:00,,,,,,,,,,,,,,,,,,,,,0.0,,,
2016-04-02 21:00:00,,,,,,,,,,,,,,,,,,,,,0.0,,,
2016-04-02 22:00:00,,,,,,,,,,,,,,,,,,,,,0.0,,,
2016-04-02 23:00:00,,,,,,,,,,,,,,,,,,,,,0.0,,,
2016-04-03 00:00:00,,,,,,,,,,,,,,,,,,,,,0.0,,,
2016-04-03 01:00:00,,,,,,,,,,,,,,,,,,,,,0.0,,,
2016-04-03 02:00:00,,,,,,,,,,,,,,,,,,,,,0.0,,,
2016-04-03 03:00:00,,,,,,,,,,,,,,,,,,,,,0.0,,,
2016-04-03 04:00:00,,,,,,,,,,,,,,,,,,,,,0.0,,,
2016-04-03 05:00:00,,,,,,,,,,,,,,,,,,,,,0.0,,,
2016-04-03 06:00:00,,,,,,,,,,,,,,,,,,,,,0.0,,,
2016-04-03 07:00:00,,,,,,,,,,,,,,,,,,,,,0.0,,,
2016-04-03 08:00:00,,,,,,,,,,,,,,,,,,,,,0.0,,,
2016-04-03 09:00:00,,,,,,,,,,,,,,,,,,,,,0.0,,,
2016-04-03 10:00:00,,,,,,,,,,,,,,,,,,,,,0.0,,,
2016-04-03 11:00:00,102.34,225.67,,,,,,,,,,,,,,38.47,27.16,2.54,109.83,,0.0,428.66,740.0,
2016-04-03 12:00:00,98.67,258.0,10.62,69.0,75.92,81.55,55.36,,23.3,14.24,23.4,,,,,40.02,24.58,1.96,137.84,,0.0,421.25,740.0,
2016-04-03 13:00:00,96.17,267.67,7.28,67.91,70.44,80.44,47.18,,25.05,14.02,34.32,,,,,41.15,22.08,1.88,183.08,,0.0,410.58,740.0,
2016-04-03 14:00:00,91.17,282.33,17.83,91.58,105.92,75.64,36.26,,24.56,12.88,33.6,,,,,41.02,22.17,1.61,215.08,,0.0,400.92,740.0,
2016-04-03 15:00:00,90.17,243.83,10.66,80.62,86.36,77.24,29.51,,31.58,13.35,29.83,,,,,39.69,27.33,2.54,115.0,,0.0,386.5,740.0,
2016-04-03 16:00:00,106.5,266.17,14.92,89.9,100.48,80.74,49.32,,27.87,15.66,40.33,,,,,38.55,30.0,2.51,96.16,,0.0,372.0,740.0,
2016-04-03 17:00:00,108.33,264.0,22.96,91.7,113.08,81.35,57.16,,21.33,14.24,42.74,,,,,36.84,33.08,1.92,124.33,,0.0,302.83,740.0,
2016-04-03 18:00:00,106.33,290.67,49.76,86.72,145.18,75.9,45.31,,15.04,18.4,27.66,,,,,35.11,36.67,1.02,238.58,,0.0,71.0,740.0,
2016-04-03 19:00:00,124.33,261.83,81.93,106.71,206.96,77.12,41.59,,12.29,24.33,44.96,,,,,33.98,39.08,0.6,189.67,,0.0,12.5,740.0,
2016-04-03 20:00:00,172.0,322.5,157.82,105.38,309.31,68.29,52.05,,10.38,28.5,60.76,,,,,33.67,34.33,0.82,274.33,,0.0,12.67,740.0,
2016-04-03 21:00:00,136.83,356.0,292.37,124.31,379.58,68.53,40.14,,10.82,28.65,73.34,,,,,32.09,37.42,0.36,172.17,,0.0,12.67,740.0,
2016-04-03 22:00:00,198.0,611.0,473.42,151.3,,61.66,35.94,,10.98,34.19,79.24,,,,,30.83,41.16,0.49,231.17,,0.0,12.84,740.0,
2016-04-03 23:00:00,252.5,611.0,405.21,122.85,,62.35,33.11,,16.27,40.07,86.78,,,,,30.08,43.5,0.56,222.33,,0.0,12.67,740.0,
2016-04-04 00:00:00,217.83,600.67,377.24,104.04,,58.72,23.41,,24.77,42.42,95.54,,,,,29.6,44.25,0.3,210.17,,0.0,12.5,740.0,
2016-04-04 01:00:00,179.0,532.0,315.26,93.56,398.56,60.23,20.26,,25.41,42.22,107.68,,,,,29.18,44.5,0.3,225.25,,0.0,12.66,740.0,
2016-04-04 02:00:00,176.0,447.0,438.0,100.12,,66.03,20.78,,26.22,44.6,114.62,,,,,28.33,47.42,0.3,186.42,,0.0,12.66,740.0,
2016-04-04 03:00:00,222.67,432.5,263.46,77.88,429.44,78.92,17.63,,20.8,44.56,105.92,,,,,28.04,45.33,0.54,238.67,,0.0,12.84,740.0,
2016-04-04 04:00:00,169.5,376.5,252.24,75.69,374.66,87.42,,,17.54,36.3,63.18,,,,,27.64,41.08,0.44,226.83,,0.0,12.75,740.0,
2016-04-04 05:00:00,242.33,493.17,280.04,64.92,440.27,87.82,,,16.34,37.28,43.02,,,,,26.92,40.92,0.41,212.5,,0.0,14.42,740.0,
2016-04-04 06:00:00,266.0,709.33,430.01,85.81,,76.76,,,15.98,34.38,42.7,,,,,27.38,39.34,0.43,216.33,,0.0,230.5,740.0,
2016-04-04 07:00:00,230.0,846.67,281.83,81.49,336.56,80.97,,,14.81,33.78,50.18,,,,,30.53,31.17,0.97,251.0,,0.0,388.25,740.0,
2016-04-04 08:00:00,117.0,379.0,248.04,95.46,423.96,68.57,,,14.41,17.97,28.73,,,,,32.61,27.66,1.47,258.0,,0.0,410.25,740.0,
2016-04-04 09:00:00,78.83,289.33,131.86,82.93,254.02,83.41,,,13.8,17.43,30.69,,,,,34.8,25.16,1.76,277.33,,0.0,423.16,740.0,
2016-04-04 10:00:00,88.0,366.0,,,,,,,16.9,13.96,26.28,,,,,35.39,24.0,2.04,286.16,,0.0,434.34,740.0,
2016-04-04 11:00:00,,,,,,,,,,,,,,,,,,,,,0.0,,,
2016-04-04 12:00:00,,,,,,,,,,,,,,,,,,,,,0.0,,,
2016-04-04 13:00:00,,,,,,,,,,,,,,,,,,,,,0.0,,,
2016-04-04 14:00:00,,,,,,,,,,,,,,,,,,,,,0.0,,,
2016-04-04 15:00:00,,,,,,,,,,,,,,,,,,,,,0.0,,,
2016-04-04 16:00:00,,,,,,,,,,,,,,,,,,,,,0.0,,,
2016-04-04 17:00:00,,,,,,,,,,,,,,,,,,,,,0.0,,,
2016-04-04 18:00:00,,,,,,,,,,,,,,,,,,,,,0.0,,,
2016-04-04 19:00:00,,,,,,,,,,,,,,,,,,,,,0.0,,,
2016-04-04 20:00:00,,,,,,,,,,,,,,,,,,,,,0.0,,,
2016-04-04 21:00:00,,,,,,,,,,,,,,,,,,,,,0.0,,,
2016-04-04 22:00:00,,,,,,,,,,,,,,,,,,,,,0.0,,,
2016-04-04 23:00:00,,,,,,,,,,,,,,,,,,,,,0.0,,,
2016-04-05 00:00:00,,,,,,,,,,,,,,,,,,,,,0.0,,,
2016-04-05 01:00:00,,,,,,,,,,,,,,,,,,,,,0.0,,,
2016-04-05 02:00:00,,,,,,,,,,,,,,,,,,,,,0.0,,,
2016-04-05 03:00:00,,,,,,,,,,,,,,,,,,,,,0.0,,,
2016-04-05 04:00:00,,,,,,,,,,,,,,,,,,,,,0.0,,,
2016-04-05 05:00:00,,,,,,,,,,,,,,,,,,,,,0.0,,,
2016-04-05 06:00:00,,,,,,,,,,,,,,,,,,,,,0.0,,,
2016-04-05 07:00:00,,,,,,,,,,,,,,,,,,,,,0.0,,,
2016-04-05 08:00:00,,,,,,,,,,,,,,,,,,,,,0.0,,,
2016-04-05 09:00:00,,,,,,,,,,,,,,,,,,,,,0.0,,,
2016-04-05 10:00:00,,,,,,,,,,,,,,,,,,,,,0.0,,,
2016-04-05 11:00:00,,,,,,,,,,,,,,,,,,,,,0.0,,,
2016-04-05 12:00:00,,,,,,,,,,,,,,,,,,,,,0.0,,,
2016-04-05 13:00:00,,,,,,,,,,,,,,,,,,,,,0.0,,,
2016-04-05 14:00:00,,,,,,,,,,,,,,,,,,,,,0.0,,,
2016-04-05 15:00:00,,,,,,,,,,,,,,,,,,,,,0.0,,,
2016-04-05 16:00:00,,,,,,,,,,,,,,,,,,,,,0.0,,,
2016-04-05 17:00:00,,,,,,,,,,,,,,,,,,,,,0.0,,,
2016-04-05 18:00:00,,,,,,,,,,,,,,,,,,,,,0.0,,,
2016-04-05 19:00:00,,,,,,,,,,,,,,,,,,,,,0.0,,,
2016-04-05 20:00:00,,,,,,,,,,,,,,,,,,,,,0.0,,,
2016-04-05 21:00:00,,,,,,,,,,,,,,,,,,,,,0.0,,,
2016-04-05 22:00:00,,,,,,,,,,,,,,,,,,,,,0.0,,,
2016-04-05 23:00:00,,,,,,,,,,,,,,,,,,,,,0.0,,,
2016-04-06 00:00:00,,,,,,,,,,,,,,,,,,,,,0.0,,,
2016-04-06 01:00:00,,,,,,,,,,,,,,,,,,,,,0.0,,,
2016-04-06 02:00:00,,,,,,,,,,,,,,,,,,,,,0.0,,,
2016-04-06 03:00:00,,,,,,,,,,,,,,,,,,,,,0.0,,,
2016-04-06 04:00:00,,,,,,,,,,,,,,,,,,,,,0.0,,,
2016-04-06 05:00:00,,,,,,,,,,,,,,,,,,,,,0.0,,,
2016-04-06 06:00:00,,,,,,,,,,,,,,,,,,,,,0.0,,,
2016-04-06 07:00:00,,,,,,,,,,,,,,,,,,,,,0.0,,,
2016-04-06 08:00:00,,,,,,,,,,,,,,,,,,,,,0.0,,,
2016-04-06 09:00:00,,,,,,,,,,,,,,,,,,,,,0.0,,,
2016-04-06 10:00:00,,,,,,,,,,,,,,,,,,,,,0.0,,,
2016-04-06 11:00:00,63.0,166.33,100.52,77.08,206.0,28.34,,,16.77,7.84,13.7,,,,,38.03,16.34,1.83,261.0,,0.0,439.0,740.0,
2016-04-06 12:00:00,56.17,170.17,93.72,85.82,204.52,35.09,,,19.81,9.34,17.03,,,,,38.28,15.42,1.94,168.67,,0.0,440.66,740.0,
2016-04-06 13:00:00,41.17,158.0,30.36,83.35,115.46,35.88,,,26.88,9.66,18.62,,,,,38.52,15.5,1.95,267.0,,0.0,427.25,740.0,
2016-04-06 14:00:00,38.0,263.0,13.64,87.42,96.38,41.38,,,43.15,8.87,14.23,,,,,38.46,15.58,1.88,182.67,,0.0,428.75,740.0,
2016-04-06 15:00:00,42.0,235.17,6.47,62.78,64.76,37.17,,,64.98,9.03,18.16,,,,,38.14,15.17,1.65,160.42,,0.0,416.25,740.0,
2016-04-06 16:00:00,36.5,214.67,5.34,53.7,55.15,39.28,,,112.29,8.61,17.49,,,,,36.6,15.66,1.44,116.08,,0.0,377.92,740.0,
2016-04-06 17:00:00,35.83,178.0,5.16,79.11,77.54,38.72,,,91.88,9.24,48.72,,,,,35.52,16.92,1.78,103.17,,0.0,326.42,740.0,
2016-04-06 18:00:00,47.33,163.33,53.13,116.04,175.96,37.41,,,16.9,13.91,45.68,,,,,34.08,19.42,0.92,130.75,,0.0,80.58,740.0,
2016-04-06 19:00:00,69.0,222.83,88.54,109.72,218.69,38.9,,,18.54,28.82,152.56,,,,,32.88,25.0,1.84,76.91,,0.0,12.16,740.0,
2016-04-06 20:00:00,121.17,265.83,74.38,97.8,188.72,41.4,,,18.11,28.36,172.36,,,,,31.93,27.5,1.8,71.42,,0.0,12.5,740.0,
2016-04-06 21:00:00,134.0,296.5,116.66,99.5,247.97,47.28,,,16.79,29.67,150.32,,,,,30.58,30.83,1.34,92.67,,0.0,12.58,740.0,
2016-04-06 22:00:00,140.17,335.5,60.08,91.53,163.58,48.26,,,13.54,25.08,304.02,,,,,30.11,31.67,1.76,91.0,,0.0,12.5,740.0,
2016-04-06 23:00:00,126.33,254.5,69.76,83.2,169.42,49.06,,,14.11,23.08,205.82,,,,,28.92,34.33,1.32,84.0,,0.0,12.42,740.0,
2016-04-07 00:00:00,165.83,320.0,53.38,76.59,141.15,51.47,,,14.56,24.25,116.5,,,,,28.62,34.33,1.68,81.83,,0.0,12.67,740.0,
2016-04-07 01:00:00,226.5,366.83,93.62,75.26,195.42,50.58,,,14.61,28.68,101.39,,,,,27.33,36.67,0.56,117.5,,0.0,12.5,740.0,
2016-04-07 02:00:00,201.5,403.83,175.88,78.88,310.44,55.22,,,16.16,30.82,199.16,,,,,26.04,41.16,0.52,149.08,,0.0,12.58,740.0,
2016-04-07 03:00:00,174.0,424.83,298.51,79.29,363.32,59.01,,,23.79,34.19,145.45,,,,,25.48,44.25,0.36,133.42,,0.0,12.67,740.0,
2016-04-07 04:00:00,229.17,459.0,389.56,94.1,,53.55,,,20.41,38.43,158.56,,,,,25.07,44.75,0.52,214.25,,0.0,12.58,740.0,
2016-04-07 05:00:00,235.17,470.0,395.86,89.64,,53.28,,,17.77,33.86,122.55,,,,,24.89,38.75,1.33,258.83,,0.0,14.08,740.0,
2016-04-07 06:00:00,157.67,534.33,320.82,81.74,330.57,60.21,,,17.5,32.0,55.4,,,,,23.94,45.58,1.64,257.58,,0.0,238.58,740.0,
2016-04-07 07:00:00,252.17,551.33,301.42,71.03,432.42,84.99,,,14.89,32.46,44.24,,,,,24.1,50.17,2.3,275.25,,0.0,391.5,740.0,
2016-04-07 08:00:00,179.33,387.0,127.25,65.01,231.93,79.88,,,13.62,24.12,33.71,,,,,25.74,46.75,2.27,284.5,,0.0,432.17,740.0,
2016-04-07 09:00:00,165.33,332.5,112.27,85.04,229.14,78.11,,,16.59,28.22,38.58,,,,,29.05,39.34,1.87,276.92,,0.0,439.25,740.0,
2016-04-07 10:00:00,187.62,464.0,71.05,107.05,192.4,87.3,81.45,,19.1,29.56,40.63,,,,,32.33,32.54,1.93,272.08,,0.0,445.42,740.0,
2016-04-07 11:00:00,187.33,458.66,145.25,153.45,334.96,68.54,56.1,0.62,19.8,30.66,48.78,,,,,35.85,23.16,2.34,292.16,,0.0,446.66,740.0,
2016-04-07 12:00:00,172.5,398.67,73.11,127.95,213.66,73.64,47.32,0.31,20.08,27.64,43.77,,,,,36.46,23.17,2.24,282.58,,0.0,442.58,740.0,
2016-04-07 13:00:00,137.33,407.0,39.5,123.35,163.88,71.91,33.88,0.5,19.97,19.58,36.87,,,,,37.19,21.5,2.44,270.17,,0.0,431.75,740.0,
2016-04-07 14:00:00,94.5,282.0,50.79,102.82,161.0,63.87,24.08,0.3,14.96,13.42,31.12,,,,,37.5,19.17,2.05,239.25,,0.0,417.42,740.0,
2016-04-07 15:00:00,69.17,276.67,77.8,96.49,192.22,55.75,19.33,,19.46,11.22,20.36,,,,,36.52,20.08,2.0,269.34,,0.0,404.08,740.0,
2016-04-07 16:00:00,58.5,278.0,127.84,100.88,263.82,54.08,22.19,,21.45,7.68,16.02,,,,,36.42,19.08,2.65,263.0,,0.0,401.42,740.0,
2016-04-07 17:00:00,73.0,399.33,137.02,94.14,271.5,48.49,21.71,,21.02,7.69,16.13,,,,,34.97,20.5,2.4,258.17,,0.0,354.5,740.0,
2016-04-07 18:00:00,66.0,329.67,173.83,104.44,259.92,54.17,24.37,0.6,15.44,16.81,31.02,,,,,33.24,22.08,1.89,260.08,,0.0,113.16,740.0,
2016-04-07 19:00:00,101.0,425.83,138.3,96.78,275.16,39.51,19.98,0.57,18.21,31.35,52.71,,,,,32.16,22.33,1.96,274.66,,0.0,12.75,740.0,
2016-04-07 20:00:00,75.5,302.17,55.44,78.48,145.64,32.64,19.63,0.1,17.61,32.61,79.72,,,,,30.84,26.0,2.1,249.17,,0.0,12.75,740.0,
2016-04-07 21:00:00,77.5,242.67,33.35,54.11,93.31,41.44,17.4,0.2,16.95,22.3,48.52,,,,,27.28,36.58,2.04,185.75,,0.0,12.16,740.0,
2016-04-07 22:00:00,105.17,271.5,27.07,45.84,77.76,45.66,22.13,,15.34,16.91,19.78,,,,,25.35,39.75,2.34,200.17,,0.0,12.33,740.0,
2016-04-07 23:00:00,118.67,286.33,10.17,39.4,49.01,44.6,26.71,0.7,14.82,13.62,13.7,,,,,24.21,40.42,3.32,92.42,,0.0,12.34,740.0,
2016-04-08 00:00:00,56.62,215.38,13.17,54.14,66.19,44.98,59.96,1.23,15.16,13.25,13.49,,,,,23.6,41.75,2.13,88.92,,0.0,12.25,740.0,
2016-04-08 01:00:00,57.62,160.75,26.48,67.55,96.31,43.88,79.86,1.53,15.8,23.63,64.47,,,,,23.27,42.0,0.64,122.75,,0.0,12.42,740.0,
2016-04-08 02:00:00,81.62,147.25,26.82,59.42,89.58,41.29,76.92,1.47,14.99,14.77,126.2,,,,,22.72,43.5,0.52,122.75,,0.0,12.67,740.0,
2016-04-08 03:00:00,76.62,116.5,14.4,43.14,58.11,40.52,60.54,1.33,15.22,15.51,40.81,,,,,22.52,44.0,0.66,157.75,,0.0,12.67,740.0,
2016-04-08 04:00:00,106.67,132.75,18.12,41.55,61.76,38.85,48.18,1.26,15.45,18.92,21.43,,,,,22.09,46.66,0.87,142.25,,0.0,12.67,740.0,
2016-04-08 05:00:00,92.0,127.88,45.11,50.48,106.56,37.76,44.48,1.46,14.36,13.82,20.7,,,,,21.53,48.42,0.92,119.83,,0.0,16.66,740.0,
2016-04-08 06:00:00,82.5,155.75,90.64,56.89,174.5,39.61,53.48,1.81,14.89,15.11,19.68,,,,,22.26,47.17,1.04,154.67,,0.0,269.92,740.0,
2016-04-08 07:00:00,121.33,177.75,109.14,69.01,210.51,40.26,70.32,2.1,16.22,20.32,22.22,,,,,25.98,39.0,1.11,146.5,,0.0,415.16,740.0,
2016-04-08 08:00:00,168.83,286.12,41.74,65.98,115.59,38.58,85.24,1.62,18.36,20.23,24.92,,,,,28.71,32.58,1.68,121.67,,0.0,435.17,740.0,
2016-04-08 09:00:00,118.0,218.75,9.27,50.32,57.48,29.96,60.63,1.54,22.83,18.02,35.26,,,,,30.18,28.83,3.15,104.33,,0.0,448.34,740.0,
2016-04-08 10:00:00,99.83,200.5,6.9,67.74,69.7,42.62,44.18,1.34,26.04,18.98,32.26,,,,,33.35,24.88,2.11,138.08,,0.0,449.75,740.0,
2016-04-08 11:00:00,123.5,286.17,5.81,64.49,65.37,40.52,37.92,2.06,26.24,15.5,39.25,,,,,35.58,20.66,2.26,134.5,,0.0,449.58,740.0,
2016-04-08 12:00:00,66.5,244.5,13.82,75.54,86.21,42.42,29.3,1.23,24.11,10.43,35.86,,,,,36.48,18.58,2.05,155.92,,0.0,439.42,740.0,
2016-04-08 13:00:00,45.0,208.0,34.67,90.91,128.27,35.73,22.69,1.3,36.17,10.34,28.83,,,,,36.9,15.83,1.84,214.25,,0.0,432.84,740.0,
2016-04-08 14:00:00,55.67,214.58,43.93,96.4,145.85,24.44,17.9,1.13,41.02,11.34,40.38,,,,,37.44,11.33,2.11,231.42,,0.0,434.92,740.0,
2016-04-08 15:00:00,51.17,169.25,44.6,88.84,139.95,25.83,14.23,0.99,43.27,9.66,22.93,,,,,36.67,11.0,2.31,269.33,,0.0,425.08,740.0,
2016-04-08 16:00:00,43.5,203.17,56.97,93.15,160.78,20.53,21.32,1.22,53.97,7.56,18.28,,,,,36.0,12.84,1.8,222.25,,0.0,404.58,740.0,
2016-04-08 17:00:00,60.0,183.0,38.26,81.37,124.84,24.54,25.48,1.09,39.26,7.51,34.92,,,,,34.47,17.42,2.26,110.92,,0.0,367.92,740.0,
2016-04-08 18:00:00,53.0,166.0,59.58,105.39,175.24,26.17,28.04,1.62,18.62,13.64,97.43,,,,,32.34,19.66,1.75,80.0,,0.0,155.75,740.0,
2016-04-08 19:00:00,85.0,228.0,90.32,107.44,219.07,29.85,57.56,2.32,15.14,23.91,204.72,,,,,30.81,22.17,1.4,71.92,,0.0,12.66,740.0,
2016-04-08 20:00:00,123.0,255.0,151.52,108.31,303.45,38.61,182.64,3.72,17.95,41.53,125.28,,,,,29.63,26.5,1.12,73.5,,0.0,12.42,740.0,
2016-04-08 21:00:00,212.83,402.58,178.31,105.68,337.62,38.88,173.17,4.22,18.89,56.18,135.02,,,,,28.63,28.75,0.71,94.67,,0.0,12.33,740.0,
2016-04-08 22:00:00,232.0,458.17,144.59,99.94,286.51,45.94,172.33,5.02,16.82,75.94,89.56,,,,,27.72,30.5,0.98,71.0,,0.0,12.5,740.0,
2016-04-08 23:00:00,361.33,462.0,153.82,98.76,298.04,41.28,,4.3,19.42,80.97,76.74,,,,,26.82,31.67,0.83,77.17,,0.0,12.42,740.0,
2016-04-09 00:00:00,364.17,462.0,248.32,95.41,320.91,41.75,,2.03,18.95,62.42,63.68,,,,,25.96,33.16,0.57,97.92,,0.0,12.75,740.0,
2016-04-09 01:00:00,316.67,462.0,258.61,97.49,412.72,41.28,189.89,2.38,18.18,52.74,65.53,,,,,24.91,35.66,0.36,160.42,,0.0,12.58,740.0,
2016-04-09 02:00:00,300.0,462.0,116.52,86.27,236.01,46.51,,2.88,20.5,76.39,75.93,,,,,24.54,35.33,0.45,104.75,,0.0,12.58,740.0,
2016-04-09 03:00:00,425.17,462.0,173.46,84.54,312.19,41.68,,2.44,21.38,87.22,64.28,,,,,23.77,35.67,0.32,116.42,,0.0,12.42,740.0,
2016-04-09 04:00:00,370.42,462.0,164.6,76.82,199.83,38.51,181.57,1.82,22.1,64.78,77.16,,,,,23.18,37.42,0.3,99.66,,0.0,12.75,740.0,
2016-04-09 05:00:00,343.67,454.83,170.12,83.63,306.87,34.24,108.97,1.82,19.69,63.16,47.05,,,,,23.48,35.83,0.52,64.16,,0.0,12.67,740.0,
2016-04-09 06:00:00,241.0,376.0,159.86,80.81,290.33,39.52,106.27,2.18,20.12,56.16,41.12,,,,,23.49,36.08,0.72,105.08,,0.0,125.08,740.0,
2016-04-09 07:00:00,292.0,443.0,330.18,97.25,388.42,41.06,122.58,3.21,17.34,59.26,35.53,,,,,26.39,33.16,0.49,186.92,,0.0,384.25,740.0,
2016-04-09 08:00:00,415.0,443.0,370.9,120.28,445.3,40.2,112.68,3.51,18.22,63.22,45.68,,,,,29.97,28.92,1.25,261.92,,0.0,413.83,740.0,
2016-04-09 09:00:00,344.0,443.0,152.7,129.62,324.09,39.42,100.54,3.0,18.41,47.21,42.59,,,,,32.64,23.5,1.69,262.58,,0.0,429.08,740.0,
2016-04-09 10:00:00,224.84,391.34,67.57,125.78,204.16,39.93,39.55,0.87,21.66,26.26,35.2,,,,,36.9,15.33,1.5,263.16,,0.0,434.5,740.0,
2016-04-09 11:00:00,116.83,226.0,85.15,132.31,234.17,33.28,26.06,0.28,26.06,20.08,35.52,,,,,37.63,12.5,2.42,284.09,,0.0,440.33,740.0,
2016-04-09 12:00:00,81.0,243.33,89.86,148.46,254.68,31.94,31.02,0.62,32.84,17.3,32.17,,,,,39.2,11.67,2.19,253.0,,0.0,437.17,740.0,
2016-04-09 13:00:00,81.0,255.0,32.87,119.1,151.01,36.31,30.22,0.12,41.58,18.08,29.39,,,,,39.16,11.84,2.1,271.83,,0.0,433.83,740.0,
2016-04-09 14:00:00,79.33,262.33,50.88,105.66,163.6,34.72,25.7,0.7,40.67,17.98,28.19,,,,,39.15,11.5,2.34,286.75,,0.0,427.34,740.0,
2016-04-09 15:00:00,71.0,299.0,41.8,96.69,143.15,36.29,22.62,0.97,42.91,13.58,20.39,,,,,38.77,11.56,2.2,268.0,,0.0,418.33,740.0,
2016-04-09 16:00:00,,,,,,,,,,,,,,,,,,,,,0.0,,,
2016-04-09 17:00:00,230.67,93.5,95.88,95.76,213.26,25.75,22.74,1.0,96.4,,,,,,,36.5,13.17,1.88,275.96,,0.0,343.54,740.0,
2016-04-09 18:00:00,230.5,47.66,97.03,113.24,233.71,40.35,22.24,1.5,48.46,7.0,15.2,,,,,34.56,15.62,0.83,253.0,,0.0,88.62,740.0,
2016-04-09 19:00:00,296.67,62.17,67.31,108.35,188.37,37.49,33.85,2.33,13.03,19.88,38.56,,,,,33.24,18.66,0.77,145.0,,0.0,12.84,740.0,
2016-04-09 20:00:00,325.17,79.67,102.65,110.01,238.13,36.72,51.69,3.33,20.11,88.25,250.99,,,,,32.21,20.84,0.67,181.0,,0.0,12.5,740.0,
2016-04-09 21:00:00,402.67,139.67,31.97,57.51,94.98,32.05,54.65,3.26,19.06,70.87,213.82,,,,,30.84,27.0,2.47,215.58,,0.0,12.58,740.0,
2016-04-09 22:00:00,491.0,139.5,21.39,45.24,69.52,34.18,42.54,2.92,23.96,30.0,45.62,,,,,29.28,33.0,2.32,210.83,,0.0,12.42,740.0,
2016-04-09 23:00:00,264.33,99.5,14.88,40.16,56.14,46.81,61.14,1.91,19.94,24.89,23.72,,,,,28.2,35.0,1.98,197.67,,0.0,12.42,740.0,
2016-04-10 00:00:00,247.0,107.33,8.78,34.75,42.97,51.37,50.33,1.01,14.92,22.19,19.96,,,,,27.74,34.17,1.65,181.0,,0.0,12.5,740.0,
2016-04-10 01:00:00,199.83,92.83,5.79,36.86,40.79,49.49,60.87,1.11,16.24,21.62,17.96,,,,,27.5,33.0,1.46,212.42,,0.0,12.5,740.0,
2016-04-10 02:00:00,176.17,124.0,7.91,32.39,39.65,46.22,58.38,0.84,18.1,16.39,23.75,,,,,27.36,31.75,1.41,228.0,,0.0,12.67,740.0,
2016-04-10 03:00:00,108.67,58.83,6.16,24.69,30.43,42.31,46.95,0.79,18.64,14.42,20.63,,,,,27.36,29.25,1.78,217.33,,0.0,12.67,740.0,
2016-04-10 04:00:00,92.33,56.0,12.73,31.82,45.72,28.54,40.42,1.03,21.1,10.03,15.34,,,,,26.94,28.67,1.4,214.0,,0.0,12.42,740.0,
2016-04-10 05:00:00,103.83,47.33,63.53,51.71,132.9,26.52,54.83,1.21,16.42,11.31,17.82,,,,,26.75,29.16,1.15,221.75,,0.0,17.34,740.0,
2016-04-10 06:00:00,155.17,59.17,116.03,60.15,212.03,30.21,57.05,3.37,15.73,14.22,22.78,,,,,26.97,29.92,1.16,234.92,,0.0,258.5,740.0,
2016-04-10 07:00:00,172.83,84.0,128.34,63.5,231.72,30.51,39.74,3.79,20.71,14.34,19.89,,,,,29.7,27.25,1.58,286.33,,0.0,408.75,740.0,
2016-04-10 08:00:00,216.33,83.0,123.28,70.11,231.02,36.14,50.44,2.58,19.6,14.84,26.13,,,,,32.34,24.42,1.54,258.0,,0.0,425.16,740.0,
2016-04-10 09:00:00,262.5,100.33,95.07,91.88,211.8,40.96,40.43,2.81,14.34,16.63,30.37,,,,,34.56,21.58,1.76,275.33,,0.0,429.33,740.0,
2016-04-10 10:00:00,259.0,84.0,142.99,103.96,287.0,27.11,23.52,2.79,19.48,15.69,29.36,,,,,35.83,19.83,1.8,276.75,,0.0,427.92,740.0,
2016-04-10 11:00:00,245.17,67.0,90.43,106.64,218.58,34.48,27.35,2.71,22.22,15.36,33.26,,,,,36.91,18.25,1.92,277.42,,0.0,430.42,740.0,
2016-04-10 12:00:00,130.83,142.0,54.49,101.72,165.08,33.04,25.24,2.56,33.35,14.36,28.98,,,,,38.42,15.92,1.58,252.92,,0.0,422.58,740.0,
2016-04-10 13:00:00,63.0,254.5,39.38,83.05,127.79,28.71,20.6,2.23,40.08,9.04,20.3,,,,,39.07,14.0,1.61,241.75,,0.0,417.34,740.0,
2016-04-10 14:00:00,42.5,155.17,83.68,95.53,199.44,31.21,23.37,2.42,39.28,6.61,12.95,,,,,38.22,14.16,1.79,278.5,,0.0,404.75,740.0,
2016-04-10 15:00:00,66.0,267.67,78.58,94.66,191.73,31.14,23.58,2.32,37.17,6.42,13.23,,,,,38.2,15.0,1.74,190.33,,0.0,405.66,740.0,
2016-04-10 16:00:00,69.0,238.83,142.03,102.12,285.01,28.11,28.39,2.49,31.92,6.84,18.97,,,,,37.43,15.17,1.49,255.08,,0.0,386.08,740.0,
2016-04-10 17:00:00,64.17,193.17,59.27,86.08,157.62,42.97,31.13,2.6,32.97,8.79,22.9,,,,,35.95,16.5,1.32,248.58,,0.0,338.92,740.0,
2016-04-10 18:00:00,88.5,279.0,87.38,107.44,214.88,45.28,32.2,2.97,20.14,14.72,27.48,,,,,33.71,21.17,0.74,213.42,,0.0,100.67,740.0,
2016-04-10 19:00:00,85.5,312.83,59.44,110.62,179.72,54.32,42.46,3.66,13.91,29.98,51.88,,,,,32.28,24.16,0.55,151.0,,0.0,12.84,740.0,
2016-04-10 20:00:00,130.83,332.0,192.02,123.88,372.6,49.95,48.67,5.66,16.44,41.29,96.82,,,,,31.06,27.42,0.51,63.08,,0.0,12.58,740.0,
2016-04-10 21:00:00,310.5,332.0,364.86,132.34,418.53,125.58,46.22,10.17,23.4,63.54,116.11,,,,,29.92,32.0,0.3,185.67,,0.0,12.42,740.0,
2016-04-10 22:00:00,609.17,332.0,88.6,106.16,200.19,64.09,27.35,6.09,17.9,121.26,137.78,,,,,29.56,28.25,0.92,202.58,,0.0,12.5,740.0,
2016-04-10 23:00:00,415.83,335.0,10.23,43.88,53.09,55.15,48.92,2.23,19.26,30.53,54.61,,,,,28.92,27.42,2.01,219.17,,0.0,12.42,740.0,
2016-04-11 00:00:00,155.83,324.83,5.73,29.57,34.14,88.69,51.34,0.92,14.0,26.31,24.18,,,,,27.06,32.08,1.79,210.67,,0.0,12.5,740.0,
2016-04-11 01:00:00,94.83,198.33,8.64,41.03,48.38,82.62,71.54,1.2,14.06,16.21,15.1,,,,,25.65,35.67,1.16,160.67,,0.0,12.5,740.0,
2016-04-11 02:00:00,139.17,197.83,12.87,36.23,49.87,74.29,74.38,1.16,14.15,22.41,16.77,,,,,25.21,38.08,1.01,161.5,,0.0,12.58,740.0,
2016-04-11 03:00:00,123.5,213.0,17.03,38.02,57.12,72.09,67.93,1.32,12.54,18.62,13.68,,,,,24.78,39.08,1.08,211.25,,0.0,12.67,740.0,
2016-04-11 04:00:00,151.17,228.17,28.09,33.5,68.06,54.78,39.04,1.18,13.46,30.61,18.81,,,,,23.73,43.42,3.53,282.83,,0.0,12.5,740.0,
2016-04-11 05:00:00,79.17,277.17,64.97,35.39,120.18,54.43,28.52,1.26,13.68,24.23,17.0,,,,,21.78,53.75,3.71,286.83,,0.0,19.08,740.0,
2016-04-11 06:00:00,88.33,263.5,73.66,35.53,132.47,57.09,25.42,1.38,14.8,18.76,14.47,,,,,22.02,53.75,3.86,284.58,,0.0,289.0,740.0,
2016-04-11 07:00:00,79.83,242.17,96.49,42.5,169.22,59.12,33.21,1.31,17.95,23.23,18.38,,,,,24.11,45.17,3.82,283.83,,0.0,419.83,740.0,
2016-04-11 08:00:00,75.67,257.5,60.44,38.62,116.73,65.61,32.88,1.06,13.5,20.46,19.19,,,,,27.27,36.42,3.08,282.17,,0.0,439.84,740.0,
2016-04-11 09:00:00,55.0,350.0,48.06,41.08,102.22,62.14,24.58,0.91,13.09,9.8,12.58,,,,,29.49,32.08,3.51,255.25,,0.0,449.42,740.0,
2016-04-11 10:00:00,36.67,562.0,18.49,48.78,68.62,56.34,19.7,0.72,12.3,9.01,12.68,,,,,32.98,26.5,2.72,236.25,,0.0,447.92,740.0,
2016-04-11 11:00:00,49.17,497.0,47.79,59.11,118.54,59.34,18.82,0.79,14.31,8.71,18.39,,,,,34.92,23.0,2.65,243.25,,0.0,448.75,740.0,
2016-04-11 12:00:00,64.83,468.83,81.58,81.18,183.74,53.17,19.94,1.14,12.94,7.21,15.57,,,,,36.91,19.58,2.64,253.42,,0.0,442.38,740.0,
2016-04-11 13:00:00,36.67,327.83,39.29,69.29,115.43,51.92,20.35,0.86,18.56,7.78,18.61,,,,,37.3,18.0,3.12,269.75,,0.0,439.25,740.0,
2016-04-11 14:00:00,28.0,332.67,46.74,65.97,122.54,50.8,17.12,0.87,18.72,7.66,15.18,,,,,36.86,18.33,3.65,276.58,,0.0,435.92,740.0,
2016-04-11 15:00:00,40.33,348.0,48.94,58.26,118.86,45.42,16.0,0.8,27.8,4.93,14.68,,,,,36.12,19.0,3.61,286.75,,0.0,424.5,740.0,
2016-04-11 16:00:00,28.83,285.83,65.94,49.04,133.58,47.28,17.47,0.82,26.31,6.72,19.42,,,,,35.56,20.17,3.55,285.83,,0.0,407.5,740.0,
2016-04-11 17:00:00,36.67,287.83,57.59,54.37,127.08,47.47,17.43,0.86,29.51,10.67,24.62,,,,,34.38,21.08,3.48,285.83,,0.0,353.5,740.0,
2016-04-11 18:00:00,31.33,228.17,90.26,66.76,181.32,45.44,17.76,1.08,26.65,11.76,28.47,,,,,32.83,22.17,2.88,286.42,,0.0,113.75,740.0,
2016-04-11 19:00:00,40.17,235.0,111.62,72.17,216.53,45.69,19.84,1.44,15.48,21.56,51.2,,,,,31.87,23.42,2.31,287.17,,0.0,12.58,740.0,
2016-04-11 20:00:00,57.33,242.33,104.16,72.29,206.79,32.79,21.59,1.45,19.79,26.17,74.51,,,,,31.08,23.92,2.55,288.25,,0.0,12.58,740.0,
2016-04-11 21:00:00,82.0,248.83,79.74,63.37,165.14,30.64,19.62,1.22,20.08,22.0,64.26,,,,,30.21,25.16,3.24,283.42,,0.0,12.75,740.0,
2016-04-11 22:00:00,45.67,223.5,61.42,53.11,131.18,23.7,18.83,1.05,32.2,16.63,36.58,,,,,29.22,27.42,2.94,289.67,,0.0,12.84,740.0,
2016-04-11 23:00:00,40.17,228.0,23.18,38.22,65.56,32.87,21.3,0.77,33.07,16.32,23.55,,,,,27.95,31.42,3.26,294.5,,0.0,12.58,740.0,
2016-04-12 00:00:00,45.83,222.5,11.46,31.07,43.32,48.86,22.18,0.85,22.52,12.84,18.48,,,,,26.81,35.25,2.85,288.5,,0.0,12.67,740.0,
2016-04-12 01:00:00,40.5,146.33,4.79,19.11,23.54,48.05,20.76,0.79,23.71,7.44,8.18,,,,,25.84,38.34,3.31,290.92,,0.0,12.42,740.0,
2016-04-12 02:00:00,18.33,139.17,16.8,28.94,48.76,45.64,20.17,0.76,21.51,7.19,8.96,,,,,25.1,40.16,2.8,284.91,,0.0,12.67,740.0,
2016-04-12 03:00:00,21.67,67.67,19.87,30.17,54.0,41.26,20.24,0.83,17.5,11.26,16.85,,,,,24.42,42.0,2.21,288.0,,0.0,12.42,740.0,
2016-04-12 04:00:00,28.0,60.67,34.02,37.55,79.65,34.31,19.44,0.85,18.23,10.24,15.48,,,,,24.01,43.59,2.19,288.0,,0.0,12.5,740.0,
2016-04-12 05:00:00,23.67,84.17,67.02,47.05,133.46,30.32,20.03,1.09,15.95,11.25,14.82,,,,,23.41,45.92,2.39,286.58,,0.0,21.42,740.0,
2016-04-12 06:00:00,54.17,96.17,105.63,60.79,198.69,31.64,19.95,1.29,16.62,14.28,12.17,,,,,24.28,44.67,2.48,287.75,,0.0,309.92,740.0,
2016-04-12 07:00:00,74.17,165.0,135.86,70.14,248.26,34.42,24.02,1.4,19.62,16.18,14.69,,,,,26.35,41.42,2.72,288.5,,0.0,418.92,740.0,
2016-04-12 08:00:00,118.5,237.67,149.25,80.37,275.69,46.64,27.14,1.42,18.57,17.01,21.73,,,,,29.08,36.0,3.04,277.33,,0.0,439.17,740.0,
2016-04-12 09:00:00,105.17,280.17,80.51,69.62,172.01,50.69,3.44,1.18,13.68,13.85,21.11,,,,,30.26,32.83,3.75,274.25,,0.0,450.83,740.0,
2016-04-12 10:00:00,71.17,312.0,58.44,70.15,141.68,44.76,,0.79,15.16,13.08,15.85,,,,,31.91,28.84,4.47,282.67,,0.0,456.66,740.0,
2016-04-12 11:00:00,47.83,398.0,76.59,73.31,169.9,34.35,14.49,0.75,22.9,9.51,16.64,,,,,33.75,24.08,4.37,281.42,,0.0,457.66,740.0,
2016-04-12 12:00:00,53.5,586.5,57.79,70.12,141.26,29.77,15.19,0.68,26.93,9.03,17.65,,,,,34.97,19.75,4.42,280.0,,0.0,450.75,740.0,
2016-04-12 13:00:00,60.33,741.17,76.96,84.29,180.2,27.53,14.48,0.65,28.49,8.44,17.75,,,,,35.67,18.0,4.32,287.5,,0.0,448.08,740.0,
2016-04-12 14:00:00,57.0,636.0,77.57,81.26,178.46,31.6,13.52,0.7,23.67,4.97,10.78,,,,,36.13,17.0,4.34,285.08,,0.0,441.33,740.0,
2016-04-12 15:00:00,52.0,421.17,70.73,68.08,157.34,35.17,13.02,0.6,26.15,3.26,10.81,,,,,36.18,17.08,3.92,283.58,,0.0,428.42,740.0,
2016-04-12 16:00:00,27.33,365.33,68.22,65.15,151.11,35.13,14.9,0.58,39.7,3.59,10.92,,,,,35.95,17.17,3.86,282.96,,0.0,408.96,740.0,
2016-04-12 17:00:00,32.17,344.17,71.97,65.58,156.73,32.66,15.32,0.82,49.9,4.6,12.68,,,,,34.86,18.34,4.03,287.75,,0.0,369.08,740.0,
2016-04-12 18:00:00,46.17,384.17,91.16,73.76,190.46,31.18,15.68,0.85,41.92,6.68,17.37,,,,,33.57,18.0,3.15,285.66,,0.0,130.0,740.0,
2016-04-12 19:00:00,41.17,284.83,133.99,93.47,266.35,36.35,19.2,1.77,22.76,9.33,23.72,,,,,32.39,19.58,2.54,278.0,,0.0,12.67,740.0,
2016-04-12 20:00:00,65.67,309.0,113.03,95.57,239.34,32.82,18.48,2.13,17.79,14.05,30.12,,,,,31.45,21.58,2.39,276.75,,0.0,12.67,740.0,
2016-04-12 21:00:00,85.5,312.67,139.48,101.44,281.15,36.25,23.17,1.88,14.89,14.78,30.67,,,,,30.66,22.58,1.98,274.0,,0.0,12.67,740.0,
2016-04-12 22:00:00,89.5,323.67,97.06,83.1,206.54,34.47,23.29,1.38,17.19,12.09,24.78,,,,,30.16,24.16,2.79,281.0,,0.0,12.67,740.0,
2016-04-12 23:00:00,67.33,274.67,33.38,50.26,90.44,30.82,19.66,0.9,28.68,8.84,14.25,,,,,29.41,26.83,3.43,288.16,,0.0,12.42,740.0,
2016-04-13 00:00:00,43.25,210.83,20.16,35.72,59.35,23.83,18.23,0.79,30.69,11.13,11.83,,,,,28.64,29.5,2.9,286.58,,0.0,12.42,740.0,
2016-04-13 01:00:00,36.17,186.17,8.72,27.22,36.18,23.76,17.14,0.64,33.43,8.08,9.76,,,,,28.16,31.17,2.73,290.75,,0.0,12.33,740.0,
2016-04-13 02:00:00,28.88,117.83,19.69,33.44,56.73,30.54,17.42,0.6,33.42,5.21,5.42,,,,,27.32,32.92,2.04,288.91,,0.0,12.58,740.0,
2016-04-13 03:00:00,46.67,117.83,29.16,32.97,69.19,42.86,20.9,0.94,27.4,4.63,9.57,,,,,26.48,35.0,1.88,288.66,,0.0,12.5,740.0,
2016-04-13 04:00:00,64.5,97.33,33.71,37.24,79.24,39.24,21.14,0.8,24.97,4.2,10.34,,,,,26.26,35.83,1.96,290.66,,0.0,12.84,740.0,
2016-04-13 05:00:00,38.33,110.67,87.85,60.94,174.1,37.75,22.22,1.52,18.2,5.22,13.24,,,,,25.39,37.84,2.18,283.0,,0.0,23.58,740.0,
2016-04-13 06:00:00,50.12,171.5,107.64,66.7,206.77,40.88,38.21,1.88,15.68,9.27,11.38,,,,,25.86,37.75,2.48,285.16,,0.0,311.92,740.0,
2016-04-13 07:00:00,89.67,186.83,198.24,82.31,344.61,46.76,45.94,2.17,20.18,10.74,8.4,,,,,28.74,33.58,2.38,287.33,,0.0,413.75,740.0,
2016-04-13 08:00:00,103.0,204.5,106.6,82.45,218.26,30.28,23.88,1.92,23.65,15.12,18.76,,,,,30.44,31.58,3.2,286.75,,0.0,438.42,740.0,
2016-04-13 09:00:00,78.67,246.0,77.86,79.83,177.92,23.19,22.29,1.65,16.19,13.64,17.18,,,,,32.22,28.42,4.07,284.91,,0.0,448.42,740.0,
2016-04-13 10:00:00,80.17,417.0,83.34,70.13,180.38,24.02,18.6,9.55,30.28,10.28,15.27,,,,,33.81,24.66,4.86,285.84,,0.0,453.66,740.0,
2016-04-13 11:00:00,68.33,628.17,72.01,81.44,170.74,30.66,14.64,1.44,24.54,5.57,10.12,,,,,35.12,21.75,4.73,287.58,,0.0,456.25,740.0,
2016-04-13 12:00:00,52.5,401.67,91.68,88.88,204.71,29.52,15.7,1.29,21.08,4.56,8.12,,,,,36.79,17.66,4.49,288.59,,0.0,447.0,740.0,
2016-04-13 13:00:00,40.0,420.17,56.71,74.62,143.93,33.43,15.17,1.18,22.66,4.53,10.88,,,,,38.01,14.5,4.5,285.0,,0.0,444.17,740.0,
2016-04-13 14:00:00,76.33,712.5,57.32,74.3,144.48,29.69,15.31,1.06,28.02,3.72,8.0,,,,,38.35,14.34,5.04,287.41,,0.0,436.92,740.0,
2016-04-13 15:00:00,78.12,746.0,39.81,63.81,111.32,30.59,14.92,1.14,34.64,4.88,14.94,,,,,38.29,15.0,4.6,287.67,,0.0,423.42,740.0,
2016-04-13 16:00:00,42.12,468.5,66.74,62.52,147.16,32.88,15.87,1.16,38.06,5.05,15.08,,,,,38.16,15.08,4.24,287.09,,0.0,403.58,740.0,
2016-04-13 17:00:00,33.67,309.33,158.89,84.17,292.35,29.3,16.96,1.51,35.88,5.2,14.01,,,,,37.29,15.83,3.97,285.0,,0.0,362.33,740.0,
2016-04-13 18:00:00,54.5,313.17,150.73,91.36,288.33,22.35,17.51,1.63,26.68,7.35,18.76,,,,,35.73,17.42,2.92,282.08,,0.0,124.17,740.0,
2016-04-13 19:00:00,45.75,253.17,176.48,101.94,331.22,27.84,25.27,2.17,16.17,11.72,26.16,,,,,34.33,19.42,1.7,279.75,,0.0,12.75,740.0,
2016-04-13 20:00:00,78.0,314.0,242.06,116.0,408.01,31.82,29.92,3.12,12.4,17.17,38.5,,,,,32.95,21.92,1.18,273.08,,0.0,12.5,740.0,
2016-04-13 21:00:00,118.38,498.67,245.41,121.02,325.25,30.45,32.46,2.95,11.36,19.62,40.41,,,,,32.67,22.25,1.49,281.41,,0.0,12.42,740.0,
2016-04-13 22:00:00,107.75,412.83,181.67,106.66,342.93,34.11,35.93,2.79,18.99,20.25,42.22,,,,,31.71,23.67,1.42,285.58,,0.0,12.58,740.0,
2016-04-13 23:00:00,115.25,371.5,140.49,87.61,269.58,23.12,34.39,2.08,23.5,23.72,48.72,,,,,30.7,25.08,1.29,279.0,,0.0,12.58,740.0,
2016-04-14 00:00:00,131.0,400.67,99.66,89.33,215.85,29.3,29.54,1.75,21.86,19.66,34.95,,,,,29.79,26.25,1.52,276.0,,0.0,12.34,740.0,
2016-04-14 01:00:00,123.0,364.83,26.89,67.26,96.64,24.69,28.53,0.92,25.03,14.12,25.74,,,,,29.34,26.42,2.04,282.42,,0.0,12.58,740.0,
2016-04-14 02:00:00,87.83,241.5,27.72,51.12,83.34,36.43,35.72,1.11,22.43,13.75,18.1,,,,,28.65,28.25,2.02,284.92,,0.0,12.5,740.0,
2016-04-14 03:00:00,106.0,216.83,30.76,53.04,89.28,35.62,29.13,1.21,23.21,11.23,12.18,,,,,28.09,29.33,2.14,285.08,,0.0,12.42,740.0,
2016-04-14 04:00:00,75.67,156.17,44.99,51.82,108.49,34.88,34.21,1.11,20.17,8.68,12.34,,,,,27.31,31.42,2.22,285.42,,0.0,12.42,740.0,
2016-04-14 05:00:00,75.17,160.5,91.4,63.39,181.38,33.24,34.3,1.14,17.02,10.92,9.23,,,,,26.88,32.25,2.67,282.08,,0.0,24.75,740.0,
2016-04-14 06:00:00,81.62,186.67,121.48,61.53,220.17,26.42,31.68,1.22,18.36,12.38,9.4,,,,,27.52,31.92,2.26,283.17,,0.0,317.17,740.0,
2016-04-14 07:00:00,89.12,230.83,103.34,65.36,199.8,29.14,31.71,1.14,20.98,15.02,11.21,,,,,30.66,28.42,1.62,283.5,,0.0,409.34,740.0,
2016-04-14 08:00:00,104.83,224.33,141.12,84.0,267.91,28.47,27.33,1.22,23.48,12.25,13.42,,,,,33.69,24.58,1.88,284.5,,0.0,428.83,740.0,
2016-04-14 09:00:00,75.25,187.83,85.27,89.48,196.19,29.02,22.96,1.14,28.5,10.16,12.89,,,,,35.51,21.42,2.31,285.0,,0.0,437.92,740.0,
2016-04-14 10:00:00,90.38,270.83,106.25,121.3,193.67,81.55,26.69,1.27,24.7,8.51,12.47,,,,,37.29,19.0,2.76,277.92,,0.0,442.08,740.0,
2016-04-14 11:00:00,125.12,268.0,104.71,108.97,240.01,31.12,15.72,1.06,22.53,8.34,13.18,,,,,38.95,15.08,3.25,273.17,,0.0,444.5,740.0,
2016-04-14 12:00:00,54.38,288.33,46.48,90.37,143.67,22.32,13.01,0.81,29.58,5.31,9.59,,,,,39.49,13.0,4.07,279.67,,0.0,438.75,740.0,
2016-04-14 13:00:00,43.88,349.67,39.37,84.5,129.07,22.06,13.25,0.61,33.22,5.46,10.66,,,,,40.18,12.42,4.03,278.83,,0.0,438.92,740.0,
2016-04-14 14:00:00,49.88,521.5,79.1,86.46,185.02,22.3,13.79,0.89,31.17,5.41,10.22,,,,,40.43,12.08,4.1,279.91,,0.0,431.17,740.0,
2016-04-14 15:00:00,51.67,494.67,49.81,83.91,143.2,27.01,14.86,0.72,33.64,4.18,8.03,,,,,40.26,12.0,4.12,283.42,,0.0,419.67,740.0,
2016-04-14 16:00:00,64.5,383.33,55.86,70.11,138.83,27.39,15.22,0.69,41.34,6.54,11.28,,,,,39.65,12.83,3.42,289.25,,0.0,394.58,740.0,
2016-04-14 17:00:00,59.0,300.83,105.16,79.11,213.98,22.64,16.22,0.66,45.26,7.47,15.78,,,,,38.53,14.08,2.81,285.58,,0.0,356.34,740.0,
2016-04-14 18:00:00,40.25,242.5,131.4,92.45,262.14,31.56,17.31,1.22,25.04,11.44,25.48,,,,,36.91,15.67,1.62,290.58,,0.0,118.25,740.0,
2016-04-14 19:00:00,61.38,216.5,216.78,114.78,398.35,35.24,23.67,2.59,13.92,19.63,44.76,,,,,34.96,19.0,0.72,270.25,,0.0,12.92,740.0,
2016-04-14 20:00:00,122.12,399.0,375.93,159.16,,41.36,29.52,4.68,14.34,26.53,74.92,,,,,32.93,23.34,0.38,231.67,,0.0,12.5,740.0,
2016-04-14 21:00:00,302.75,399.0,,181.24,,37.68,35.81,6.14,12.95,28.23,82.62,,,,,32.1,25.92,0.34,233.33,,0.0,12.66,740.0,
2016-04-14 22:00:00,425.25,399.0,305.4,181.99,,38.14,34.38,7.52,20.02,36.45,100.12,,,,,31.78,27.92,0.74,200.67,,0.0,12.16,740.0,
2016-04-14 23:00:00,362.75,399.0,477.0,129.85,,35.0,33.08,5.87,19.32,34.72,106.66,,,,,30.99,28.83,0.46,197.33,,0.0,12.33,740.0,
2016-04-15 00:00:00,357.75,399.0,426.23,122.2,,37.98,19.55,3.44,20.16,35.53,113.22,,,,,29.61,32.33,0.31,222.17,,0.0,12.5,740.0,
2016-04-15 01:00:00,386.62,399.0,458.9,113.89,,45.56,19.82,5.06,24.14,40.76,108.29,,,,,28.39,35.83,0.3,211.25,,0.0,12.5,740.0,
2016-04-15 02:00:00,402.5,399.0,,103.87,,65.26,24.34,3.09,23.53,38.01,102.32,,,,,27.7,36.5,0.32,228.17,,0.0,12.42,740.0,
2016-04-15 03:00:00,369.12,399.0,338.78,89.0,,82.16,22.68,1.95,24.45,33.15,91.87,,,,,27.95,36.25,0.95,234.75,,0.0,12.5,740.0,
2016-04-15 04:00:00,257.38,414.5,224.03,79.67,376.89,87.27,40.67,0.61,23.34,31.84,83.91,,,,,27.46,34.33,0.94,231.25,,0.0,12.58,740.0,
2016-04-15 05:00:00,258.38,492.0,380.26,78.42,,76.24,42.57,0.82,17.98,27.28,53.4,,,,,27.08,34.33,0.77,226.67,,0.0,20.08,740.0,
2016-04-15 06:00:00,309.75,492.0,425.1,78.75,,57.68,27.19,0.93,22.25,26.66,43.74,,,,,28.26,33.58,0.51,224.33,,0.0,299.92,740.0,
2016-04-15 07:00:00,402.12,492.0,255.01,98.5,435.98,58.29,34.78,0.4,24.38,33.24,48.9,,,,,32.4,28.0,0.99,258.25,,0.0,397.5,740.0,
2016-04-15 08:00:00,380.5,492.0,164.68,120.2,332.09,60.61,53.07,0.13,20.9,49.94,53.58,,,,,34.0,25.92,1.58,245.67,,0.0,416.75,740.0,
2016-04-15 09:00:00,405.12,483.17,168.7,122.54,339.47,48.3,55.78,,30.24,41.39,39.46,,,,,36.86,20.25,1.95,269.67,,0.0,425.34,740.0,
2016-04-15 10:00:00,292.75,413.83,125.7,157.07,288.17,105.12,38.15,,20.04,31.1,36.83,,,,,38.83,15.75,2.23,283.75,,0.0,431.75,740.0,
2016-04-15 11:00:00,171.62,279.5,157.97,135.44,336.31,43.53,25.52,,20.43,23.52,35.16,,,,,39.26,14.58,2.82,276.25,,0.0,422.58,740.0,
2016-04-15 12:00:00,72.38,247.83,178.87,153.01,380.44,38.48,24.48,,21.05,20.18,32.87,,,,,40.31,14.58,2.84,283.58,,0.0,429.67,740.0,
2016-04-15 13:00:00,79.38,329.17,106.34,113.68,246.68,36.4,17.01,1.1,21.62,14.14,26.92,,,,,41.46,13.0,3.82,277.91,,0.0,435.67,740.0,
2016-04-15 14:00:00,59.83,477.17,85.31,94.26,200.45,34.97,15.84,1.08,20.26,6.14,11.96,,,,,41.66,12.34,3.98,284.34,,0.0,427.83,740.0,
2016-04-15 15:00:00,55.38,539.67,65.15,88.38,167.73,37.88,15.5,0.84,25.48,3.92,8.18,,,,,41.44,12.17,4.03,284.75,,0.0,413.33,740.0,
2016-04-15 16:00:00,63.38,512.33,127.7,82.93,248.16,43.24,17.14,1.01,32.22,5.12,10.77,,,,,40.67,13.0,3.29,284.42,,0.0,387.42,740.0,
2016-04-15 17:00:00,51.38,323.5,106.66,75.64,213.28,47.33,18.79,0.94,35.25,7.78,15.32,,,,,39.72,13.75,2.52,285.17,,0.0,329.25,740.0,
2016-04-15 18:00:00,49.75,270.33,218.82,115.12,327.96,46.45,20.56,1.84,20.97,11.74,24.13,,,,,37.88,16.16,1.42,286.58,,0.0,144.83,740.0,
2016-04-15 19:00:00,79.0,312.83,325.64,136.19,497.73,44.7,29.12,2.82,15.72,21.79,47.68,,,,,36.12,18.75,0.9,281.16,,0.0,12.58,740.0,
2016-04-15 20:00:00,141.0,511.83,221.06,131.18,418.85,46.65,31.61,3.06,15.34,22.51,55.49,,,,,35.62,19.33,1.13,278.09,,0.0,12.42,740.0,
2016-04-15 21:00:00,120.0,377.33,240.59,131.16,445.38,51.67,38.76,3.26,14.64,27.01,65.26,,,,,34.11,21.83,0.78,267.67,,0.0,12.75,740.0,
2016-04-15 22:00:00,141.0,459.0,128.09,99.64,263.75,52.4,38.99,2.44,17.42,23.72,63.95,,,,,34.11,21.5,0.8,274.84,,0.0,12.42,740.0,
2016-04-15 23:00:00,,,,,,,,,,,,,,,,,,,,,0.0,,,
2016-04-16 00:00:00,,,,,,,,,,,,,,,,,,,,,0.0,,,
2016-04-16 01:00:00,,,,,,,,,,,,,,,,,,,,,0.0,,,
2016-04-16 02:00:00,,,,,,,,,,,,,,,,,,,,,0.0,,,
2016-04-16 03:00:00,,,,,,,,,,,,,,,,,,,,,0.0,,,
2016-04-16 04:00:00,,,,,,,,,,,,,,,,,,,,,0.0,,,
2016-04-16 05:00:00,,,,,,,,,,,,,,,,,,,,,0.0,,,
2016-04-16 06:00:00,,,,,,,,,,,,,,,,,,,,,0.0,,,
2016-04-16 07:00:00,,,,,,,,,,,,,,,,,,,,,0.0,,,
2016-04-16 08:00:00,,,,,,,,,,,,,,,,,,,,,0.0,,,
2016-04-16 09:00:00,,,,,,,,,,,,,,,,,,,,,0.0,,,
2016-04-16 10:00:00,,,,,,,,,,,,,,,,,,,,,0.0,,,
2016-04-16 11:00:00,,,,,,,,,,,,,,,,,,,,,0.0,,,
2016-04-16 12:00:00,,,,,,,,,,,,,,,,,,,,,0.0,,,
2016-04-16 13:00:00,,,,,,,,,,,,,,,,,,,,,0.0,,,
2016-04-16 14:00:00,,,,,,,,,,,,,,,,,,,,,0.0,,,
2016-04-16 15:00:00,,,,,,,,,,,,,,,,,,,,,0.0,,,
2016-04-16 16:00:00,,,,,,,,,,,,,,,,,,,,,0.0,,,
2016-04-16 17:00:00,,,,,,,,,,,,,,,,,,,,,0.0,,,
2016-04-16 18:00:00,,,,,,,,,,,,,,,,,,,,,0.0,,,
2016-04-16 19:00:00,,,,,,,,,,,,,,,,,,,,,0.0,,,
2016-04-16 20:00:00,,,,,,,,,,,,,,,,,,,,,0.0,,,
2016-04-16 21:00:00,,,,,,,,,,,,,,,,,,,,,0.0,,,
2016-04-16 22:00:00,,,,,,,,,,,,,,,,,,,,,0.0,,,
2016-04-16 23:00:00,,,,,,,,,,,,,,,,,,,,,0.0,,,
2016-04-17 00:00:00,,,,,,,,,,,,,,,,,,,,,0.0,,,
2016-04-17 01:00:00,,,,,,,,,,,,,,,,,,,,,0.0,,,
2016-04-17 02:00:00,,,,,,,,,,,,,,,,,,,,,0.0,,,
2016-04-17 03:00:00,,,,,,,,,,,,,,,,,,,,,0.0,,,
2016-04-17 04:00:00,,,,,,,,,,,,,,,,,,,,,0.0,,,
2016-04-17 05:00:00,,,,,,,,,,,,,,,,,,,,,0.0,,,
2016-04-17 06:00:00,,,,,,,,,,,,,,,,,,,,,0.0,,,
2016-04-17 07:00:00,,,,,,,,,,,,,,,,,,,,,0.0,,,
2016-04-17 08:00:00,,,,,,,,,,,,,,,,,,,,,0.0,,,
2016-04-17 09:00:00,,,,,,,,,,,,,,,,,,,,,0.0,,,
2016-04-17 10:00:00,,,,,,,,,,,,,,,,,,,,,0.0,,,
2016-04-17 11:00:00,,,,,,,,,,,,,,,,,,,,,0.0,,,
2016-04-17 12:00:00,,,,,,,,,,,,,,,,,,,,,0.0,,,
2016-04-17 13:00:00,,,,,,,,,,,,,,,,,,,,,0.0,,,
2016-04-17 14:00:00,,,108.52,88.55,227.17,56.28,15.14,0.99,,5.43,11.94,,,,,,,,,,0.0,,,
2016-04-17 15:00:00,104.88,329.5,42.23,79.18,128.51,50.14,12.44,1.04,,4.49,10.15,,,,,,15.25,1.44,225.67,,0.0,403.5,740.0,
2016-04-17 16:00:00,251.25,249.0,40.91,73.18,121.1,49.17,14.48,0.78,,2.93,8.42,,,,,,16.5,1.62,221.42,,0.0,388.42,740.0,
2016-04-17 17:00:00,68.38,213.12,123.2,88.68,246.88,33.51,16.61,0.8,,2.4,5.24,,,,,,17.5,1.32,255.33,,0.0,340.17,740.0,
2016-04-17 18:00:00,145.12,316.0,163.37,112.26,323.32,45.1,18.31,1.54,,4.74,11.65,,,,,,20.25,0.57,228.0,,0.0,151.92,740.0,
2016-04-17 19:00:00,134.88,393.0,309.32,126.63,493.1,52.66,28.38,3.1,,14.29,39.93,,,,,,22.75,0.46,232.83,,0.0,12.67,740.0,
2016-04-17 20:00:00,195.12,416.75,271.59,107.29,447.1,44.73,16.45,2.75,,19.56,50.74,,,,,,23.84,0.39,281.41,,0.0,12.67,740.0,
2016-04-17 21:00:00,136.62,602.38,288.11,107.96,462.31,52.54,14.71,2.96,,21.52,38.59,,,,,,25.42,0.38,271.17,,0.0,12.5,740.0,
2016-04-17 22:00:00,156.75,697.88,274.16,99.18,356.04,47.22,14.79,3.66,,20.2,39.33,,,,,,25.83,0.68,137.75,,0.0,12.58,740.0,
2016-04-17 23:00:00,131.75,417.0,210.06,91.71,358.62,49.74,15.52,2.93,,22.98,42.46,,,,,,28.08,0.62,249.33,,0.0,12.42,740.0,
2016-04-18 00:00:00,201.0,408.75,167.92,82.75,303.05,44.71,16.0,0.55,,16.15,34.94,,,,,,27.5,0.94,241.25,,0.0,12.92,740.0,
2016-04-18 01:00:00,104.5,338.12,43.56,55.48,108.98,49.08,14.08,,,8.6,20.26,,,,,,30.5,1.2,241.5,,0.0,12.75,740.0,
2016-04-18 02:00:00,66.25,243.25,57.38,51.44,124.14,64.28,15.89,0.1,,5.64,13.39,,,,,,32.83,1.0,239.33,,0.0,12.42,740.0,
2016-04-18 03:00:00,65.5,212.12,24.48,34.03,63.71,68.72,15.54,,,5.18,9.52,,,,,,32.92,2.24,256.25,,0.0,12.58,740.0,
2016-04-18 04:00:00,54.88,224.38,69.76,35.92,124.06,68.78,14.18,0.1,,7.17,8.06,,,,,,34.67,2.48,267.75,,0.0,12.92,740.0,
2016-04-18 05:00:00,105.62,212.62,121.58,41.98,202.3,68.68,24.15,,,16.09,14.89,,,,,,36.5,2.17,284.59,,0.0,26.42,740.0,
2016-04-18 06:00:00,123.75,275.88,216.64,65.5,354.3,62.58,25.88,0.83,,15.69,16.71,,,,,,36.75,2.06,270.0,,0.0,295.42,740.0,
2016-04-18 07:00:00,119.88,386.12,171.58,62.73,289.86,60.94,24.82,0.53,,17.03,18.29,,,,,,35.66,2.52,285.08,,0.0,398.42,740.0,
2016-04-18 08:00:00,107.88,325.75,200.08,73.59,339.12,61.66,25.29,1.77,,18.98,19.23,,,,,,33.33,2.29,287.91,,0.0,421.5,740.0,
2016-04-18 09:00:00,135.75,298.0,163.3,94.78,307.55,58.32,25.36,1.28,10.92,15.68,21.65,,,,,,29.92,2.28,272.25,,0.0,431.33,740.0,
2016-04-18 10:00:00,178.12,350.75,59.32,106.74,176.12,44.39,19.48,1.23,8.12,16.45,24.95,,,,,,25.33,2.31,273.33,,0.0,434.58,740.0,
2016-04-18 11:00:00,92.62,285.5,108.59,121.06,256.16,39.56,16.07,1.36,6.7,17.84,29.39,,,,,,21.58,2.62,276.0,,0.0,435.42,740.0,
2016-04-18 12:00:00,75.38,321.0,40.3,107.91,151.27,53.36,21.66,0.77,7.71,15.63,32.52,,,,,,18.92,2.16,251.67,,0.0,431.5,740.0,
2016-04-18 13:00:00,74.62,252.25,41.74,91.71,138.67,55.63,19.33,0.26,5.85,13.58,27.84,,,,,,17.42,2.08,228.75,,0.0,423.58,740.0,
2016-04-18 14:00:00,90.0,264.0,48.66,72.54,131.06,50.03,15.59,0.32,10.54,4.79,9.2,,,,,,16.38,2.17,235.62,,0.0,417.75,740.0,
2016-04-18 15:00:00,40.0,279.0,40.52,71.72,119.22,44.69,14.48,0.41,11.84,4.14,7.32,,,,,,14.5,2.59,248.75,,0.0,413.25,740.0,
2016-04-18 16:00:00,,,,,,,,,,,,,,,,,,,,,0.0,,,
2016-04-18 17:00:00,91.83,324.0,176.1,104.22,332.98,37.12,19.2,0.78,12.05,3.92,7.65,,,,,,16.0,1.72,282.84,,0.0,338.66,740.0,
2016-04-18 18:00:00,59.5,319.0,161.45,85.36,296.43,39.28,19.85,1.1,14.36,6.81,21.07,,,,,,17.33,1.49,286.67,,0.0,133.17,740.0,
2016-04-18 19:00:00,61.5,264.25,167.31,102.96,320.25,41.05,23.68,1.94,11.92,16.14,43.41,,,,,,19.25,1.11,286.92,,0.0,12.33,740.0,
2016-04-18 20:00:00,159.62,411.38,229.02,115.89,320.45,36.96,26.01,3.1,14.33,21.84,54.18,,,,,,23.0,0.39,209.5,,0.0,12.5,740.0,
2016-04-18 21:00:00,240.88,702.75,247.42,111.21,255.58,38.5,,3.63,13.58,29.36,78.03,,,,,,23.17,0.88,226.75,,0.0,12.84,740.0,
2016-04-18 22:00:00,281.25,721.12,50.16,68.43,129.46,40.78,27.88,1.12,11.6,36.5,96.36,,,,,,28.92,1.54,109.33,,0.0,12.5,740.0,
2016-04-18 23:00:00,220.0,421.62,84.63,67.53,175.74,44.05,82.55,1.48,13.92,27.19,128.87,,,,,,34.08,1.28,87.08,,0.0,12.66,740.0,
2016-04-19 00:00:00,164.0,411.12,37.71,63.45,108.06,49.44,52.0,0.72,12.3,28.0,163.46,,,,,,35.5,2.45,81.66,,0.0,12.58,740.0,
2016-04-19 01:00:00,118.62,307.5,4.73,40.64,42.7,44.94,28.18,0.45,12.84,16.56,96.04,,,,,,34.42,2.16,83.5,,0.0,12.58,740.0,
2016-04-19 02:00:00,140.88,303.88,8.44,44.03,50.77,40.41,24.56,0.5,14.49,18.64,46.14,,,,,,34.0,1.06,97.75,,0.0,12.58,740.0,
2016-04-19 03:00:00,117.75,252.12,7.79,38.84,45.22,36.43,22.16,0.38,9.6,19.22,50.4,,,,,,33.75,1.44,97.5,,0.0,12.67,740.0,
2016-04-19 04:00:00,108.88,242.5,51.32,48.13,112.99,35.93,39.89,1.28,15.92,19.06,72.22,,,,,,36.25,0.89,79.25,,0.0,12.5,740.0,
2016-04-19 05:00:00,112.12,278.5,,,,,87.16,1.45,21.11,22.98,121.26,,,,,,39.08,1.09,81.83,,0.0,24.67,740.0,
2016-04-19 06:00:00,144.38,365.5,,,,,97.56,1.53,18.1,31.27,72.48,,,,,,42.5,1.0,114.67,,0.0,268.0,740.0,
2016-04-19 07:00:00,167.5,406.38,,,,,87.32,1.7,16.02,31.08,75.81,,,,,,40.0,1.47,110.0,,0.0,389.5,740.0,
2016-04-19 08:00:00,168.88,370.75,,,,,64.17,1.35,11.93,23.53,79.21,,,,,,37.33,2.23,95.16,,0.0,416.75,740.0,
2016-04-19 09:00:00,213.62,348.75,18.26,85.32,100.95,69.65,40.08,1.6,15.74,20.92,48.59,,,,,,34.5,1.73,108.83,,0.0,415.75,740.0,
2016-04-19 10:00:00,281.12,363.88,18.11,94.48,108.65,50.64,32.44,1.65,17.73,24.83,59.59,,,,,,28.75,1.46,165.92,,0.0,434.67,740.0,
2016-04-19 11:00:00,224.38,442.75,45.92,134.59,182.64,48.06,22.81,2.18,15.8,26.07,51.34,,,,,,24.46,1.74,244.88,,0.0,431.67,740.0,
2016-04-19 12:00:00,163.25,507.38,12.53,121.91,125.71,47.26,24.96,2.22,26.96,29.24,51.01,,,,,,20.92,1.66,236.25,,0.0,423.34,740.0,
2016-04-19 13:00:00,154.12,453.88,17.64,74.84,90.73,29.27,15.68,1.14,20.08,21.44,35.65,,,,,,12.5,1.59,230.75,,0.0,416.34,740.0,
2016-04-19 14:00:00,119.5,266.5,67.37,88.11,170.56,24.38,14.74,1.06,16.74,8.94,16.13,,,,,,13.08,2.32,250.25,,0.0,409.75,740.0,
2016-04-19 15:00:00,71.75,320.62,63.09,91.49,167.7,32.55,15.14,0.78,18.47,7.78,10.93,,,,,,13.92,1.74,228.5,,0.0,388.75,740.0,
2016-04-19 16:00:00,101.88,241.75,134.48,94.68,267.84,32.84,18.18,1.16,20.33,8.33,16.39,,,,,,15.25,1.86,269.92,,0.0,374.33,740.0,
2016-04-19 17:00:00,88.0,310.25,32.83,87.07,122.42,48.82,18.58,1.32,17.94,15.17,28.5,,,,,,24.25,1.85,127.84,,0.0,332.5,740.0,
2016-04-19 18:00:00,145.0,412.25,61.19,109.38,181.0,59.01,21.7,1.68,9.74,14.82,51.49,,,,,,28.17,1.51,121.84,,0.0,87.58,740.0,
2016-04-19 19:00:00,147.38,417.75,46.65,101.43,154.06,58.63,40.11,1.84,13.57,19.56,41.18,,,,,,30.42,1.29,76.34,,0.0,12.83,740.0,
2016-04-19 20:00:00,121.12,382.12,200.73,114.15,321.62,61.04,49.66,1.78,10.08,25.72,42.91,,,,,,32.67,0.52,152.75,,0.0,12.58,740.0,
2016-04-19 21:00:00,162.88,623.25,256.16,110.1,404.44,51.86,53.42,2.43,14.42,28.78,41.29,,,,,,33.75,0.52,230.5,,0.0,12.92,740.0,
2016-04-19 22:00:00,171.0,542.62,182.96,90.78,330.11,48.44,32.97,2.33,12.15,32.3,55.09,,,,,,24.08,0.86,240.25,,0.0,12.75,740.0,
2016-04-19 23:00:00,276.38,554.0,265.48,92.2,444.99,38.71,21.82,2.04,12.6,32.55,51.96,,,,,,21.75,0.75,231.83,,0.0,12.42,740.0,
2016-04-20 00:00:00,225.38,584.12,228.03,84.46,386.57,35.6,21.43,1.68,11.59,38.02,66.99,,,,,,23.5,0.9,244.33,,0.0,12.67,740.0,
2016-04-20 01:00:00,182.38,731.88,58.78,58.89,132.84,34.58,22.48,0.42,8.25,41.57,63.56,,,,,,22.42,1.33,256.75,,0.0,12.5,740.0,
2016-04-20 02:00:00,109.25,307.0,69.55,50.38,139.7,30.82,22.44,0.12,7.48,37.41,50.28,,,,,,25.08,1.23,244.0,,0.0,12.5,740.0,
2016-04-20 03:00:00,123.25,415.62,55.22,46.32,116.75,29.53,29.27,0.8,7.76,29.86,28.08,,,,,,27.16,1.63,241.08,,0.0,12.42,740.0,
2016-04-20 04:00:00,167.0,365.12,102.94,48.97,184.35,27.99,33.12,0.53,8.81,33.33,20.66,,,,,,30.5,1.11,245.67,,0.0,12.25,740.0,
2016-04-20 05:00:00,222.75,526.5,175.78,61.37,294.78,37.12,38.47,1.5,13.42,31.95,25.09,,,,,,33.5,1.13,247.5,,0.0,47.83,740.0,
2016-04-20 06:00:00,275.38,572.0,,,,,47.2,1.5,15.48,32.21,29.69,,,,,,36.33,2.05,272.0,,0.0,341.33,740.0,
2016-04-20 07:00:00,301.5,555.88,,,,,43.53,0.93,12.86,32.84,29.24,,,,,,34.75,3.26,283.0,,0.0,408.08,740.0,
2016-04-20 08:00:00,209.25,427.75,,,,,49.21,0.94,12.72,19.13,23.83,,,,,,31.67,2.89,282.0,,0.0,427.25,740.0,
2016-04-20 09:00:00,126.0,327.62,,,,,48.82,1.27,11.93,17.82,23.97,,,,,,28.25,3.14,275.5,,0.0,431.5,740.0,
2016-04-20 10:00:00,117.5,377.88,148.25,133.26,321.01,49.88,41.98,0.85,18.11,18.9,29.02,,,,,,27.42,3.64,283.75,,0.0,430.75,740.0,
2016-04-20 11:00:00,108.88,414.88,187.88,149.36,389.64,55.25,39.01,0.94,16.12,20.69,34.56,,,,,,23.92,3.37,277.59,,0.0,440.25,740.0,
2016-04-20 12:00:00,118.0,472.25,153.38,130.78,326.04,63.07,19.88,1.24,15.41,15.89,29.3,,,,,,20.16,3.1,286.08,,0.0,435.0,740.0,
2016-04-20 13:00:00,85.62,393.75,46.16,81.5,135.66,56.03,14.0,0.62,19.5,10.66,27.12,,,,,,14.42,3.31,282.83,,0.0,435.16,740.0,
2016-04-20 14:00:00,59.62,417.25,76.44,81.53,177.15,40.58,20.49,0.56,18.84,6.36,16.43,,,,,,11.58,3.82,271.0,,0.0,427.08,740.0,
2016-04-20 15:00:00,87.5,397.75,80.99,89.02,189.82,40.33,,0.49,23.54,4.07,9.42,,,,,,12.75,3.57,283.17,,0.0,414.42,740.0,
2016-04-20 16:00:00,61.62,401.88,105.48,85.18,219.98,31.28,33.76,0.68,27.12,3.38,11.92,,,,,,13.92,3.47,284.84,,0.0,394.33,740.0,
2016-04-20 17:00:00,97.0,433.25,89.48,81.44,194.68,36.67,53.36,0.97,37.51,5.39,17.38,,,,,,15.42,3.39,285.5,,0.0,353.5,740.0,
2016-04-20 18:00:00,69.12,361.88,124.66,90.0,250.62,32.57,54.78,1.21,29.62,11.78,31.71,,,,,,17.0,2.64,289.59,,0.0,137.25,740.0,
2016-04-20 19:00:00,70.88,340.25,156.88,95.18,299.01,44.24,57.85,1.63,21.3,17.79,50.37,,,,,,17.83,2.6,282.83,,0.0,12.67,740.0,
2016-04-20 20:00:00,76.62,340.25,110.93,92.79,233.92,45.08,24.88,1.7,17.24,21.79,52.79,,,,,,18.92,2.52,284.08,,0.0,12.83,740.0,
2016-04-20 21:00:00,75.62,336.25,102.07,87.34,216.4,37.89,22.73,1.44,16.57,25.71,64.3,,,,,,20.25,2.98,287.67,,0.0,12.5,740.0,
2016-04-20 22:00:00,88.0,403.75,45.13,56.88,112.52,37.75,21.51,0.91,27.52,21.65,46.09,,,,,,21.0,3.34,289.5,,0.0,12.42,740.0,
2016-04-20 23:00:00,92.88,460.0,35.9,52.66,96.23,29.39,22.84,0.59,27.49,17.87,26.98,,,,,,22.5,3.17,285.41,,0.0,12.42,740.0,
2016-04-21 00:00:00,79.25,372.75,14.62,36.38,52.46,34.1,22.71,1.08,40.0,16.88,22.3,,,,,,23.75,3.2,288.5,,0.0,12.42,740.0,
2016-04-21 01:00:00,89.25,334.88,15.58,39.52,56.47,38.8,21.55,1.01,39.31,18.7,22.47,,,,,,25.58,3.09,288.67,,0.0,12.33,740.0,
2016-04-21 02:00:00,96.0,230.5,31.29,40.22,78.19,43.29,26.1,1.15,32.79,15.16,18.39,,,,,,27.34,2.95,283.5,,0.0,12.5,740.0,
2016-04-21 03:00:00,82.0,236.12,24.58,39.88,69.11,41.14,27.04,1.35,33.09,10.77,12.15,,,,,,29.17,2.88,287.16,,0.0,12.42,740.0,
2016-04-21 04:00:00,79.75,200.25,36.18,42.12,87.02,41.53,27.09,1.55,26.36,8.93,9.79,,,,,,30.84,2.65,286.0,,0.0,12.33,740.0,
2016-04-21 05:00:00,64.12,187.0,101.32,62.06,193.51,38.41,28.56,1.64,17.03,9.71,9.46,,,,,,32.5,2.72,283.83,,0.0,38.58,740.0,
2016-04-21 06:00:00,68.62,191.38,114.76,64.6,214.16,29.12,29.46,1.68,14.25,10.72,9.42,,,,,,31.0,2.42,288.84,,0.0,349.58,740.0,
2016-04-21 07:00:00,92.12,267.25,80.52,62.21,165.32,30.94,31.22,1.47,20.32,16.82,18.28,,,,,,28.08,3.19,288.25,,0.0,416.58,740.0,
2016-04-21 08:00:00,81.0,251.62,161.38,85.46,296.39,41.53,35.17,1.98,25.16,15.64,20.02,,,,,,26.58,3.72,286.92,,0.0,435.08,740.0,
2016-04-21 09:00:00,90.25,333.38,144.6,99.84,286.26,37.68,25.2,2.08,23.15,10.7,16.59,,,,,,23.08,4.07,288.17,,0.0,442.75,740.0,
2016-04-21 10:00:00,60.62,403.5,70.36,92.68,178.68,39.16,20.19,1.58,32.61,9.66,14.42,,,,,,18.92,4.97,288.58,,0.0,447.33,740.0,
2016-04-21 11:00:00,87.5,579.88,77.6,94.59,190.3,38.3,17.27,1.09,26.96,8.19,20.86,,,,,,14.42,5.2,288.37,,0.0,448.08,740.0,
2016-04-21 12:00:00,97.0,917.5,111.78,86.93,230.0,41.05,15.79,0.68,22.89,3.26,9.06,,,,,,10.42,5.81,284.08,,0.0,446.33,740.0,
2016-04-21 13:00:00,85.38,940.0,35.83,65.68,107.43,37.73,14.52,0.68,31.46,3.48,9.24,,,,,,9.5,5.16,289.09,,0.0,441.5,740.0,
2016-04-21 14:00:00,54.0,630.62,89.57,82.44,195.77,32.85,15.73,0.94,31.91,3.32,8.17,,,,,,10.66,5.19,285.5,,0.0,423.75,740.0,
2016-04-21 15:00:00,58.25,591.0,48.32,68.87,127.22,31.94,15.09,0.83,37.9,3.78,9.6,,,,,,11.0,4.6,289.58,,0.0,419.5,740.0,
2016-04-21 16:00:00,40.62,370.88,63.48,61.13,141.38,26.88,14.42,0.66,48.32,3.64,10.73,,,,,,11.25,4.14,281.0,,0.0,394.42,740.0,
2016-04-21 17:00:00,55.62,304.25,86.49,63.6,175.52,29.36,15.64,1.05,49.9,4.41,13.66,,,,,,13.0,3.41,290.25,,0.0,362.0,740.0,
2016-04-21 18:00:00,81.0,334.0,88.55,78.18,190.67,23.8,15.35,1.16,41.42,7.25,20.98,,,,,,14.5,3.01,288.16,,0.0,291.84,740.0,
2016-04-21 19:00:00,,,,,,,,,,,,,,,,,,,,,0.0,,,
2016-04-21 20:00:00,,,,,,,,,,,,,,,,,,,,,0.0,,,
2016-04-21 21:00:00,,,,,,,,,,,,,,,,,,,,,0.0,,,
2016-04-21 22:00:00,,,,,,,,,,,,,,,,,,,,,0.0,,,
2016-04-21 23:00:00,,,,,,,,,,,,,,,,,,,,,0.0,,,
2016-04-22 00:00:00,,,,,,,,,,,,,,,,,,,,,0.0,,,
2016-04-22 01:00:00,,,,,,,,,,,,,,,,,,,,,0.0,,,
2016-04-22 02:00:00,,,,,,,,,,,,,,,,,,,,,0.0,,,
2016-04-22 03:00:00,,,,,,,,,,,,,,,,,,,,,0.0,,,
2016-04-22 04:00:00,,,,,,,,,,,,,,,,,,,,,0.0,,,
2016-04-22 05:00:00,,,,,,,,,,,,,,,,,,,,,0.0,,,
2016-04-22 06:00:00,,,,,,,,,,,,,,,,,,,,,0.0,,,
2016-04-22 07:00:00,,,,,,,,,,,,,,,,,,,,,0.0,,,
2016-04-22 08:00:00,,,,,,,,,,,,,,,,,,,,,0.0,,,
2016-04-22 09:00:00,,,,,,,,,,,,,,,,,,,,,0.0,,,
2016-04-22 10:00:00,,,,,,,,,,,,,,,,,,,,,0.0,,,
2016-04-22 11:00:00,,,,,,,,,,,,,,,,,,,,,0.0,,,
2016-04-22 12:00:00,,,,,,,,,,,,,,,,,,,,,0.0,,,
2016-04-22 13:00:00,,,,,,,,,,,,,,,,,,,,,0.0,,,
2016-04-22 14:00:00,,,,,,,,,,,,,,,,,,,,,0.0,,,
2016-04-22 15:00:00,,,,,,,,,,,,,,,,,,,,,0.0,,,
2016-04-22 16:00:00,,,,,,,,,,,,,,,,,,,,,0.0,,,
2016-04-22 17:00:00,,,,,,,,,,,,,,,,,,,,,0.0,,,
2016-04-22 18:00:00,,,,,,,,,,,,,,,,,,,,,0.0,,,
2016-04-22 19:00:00,,,,,,,,,,,,,,,,,,,,,0.0,,,
2016-04-22 20:00:00,,,,,,,,,,,,,,,,,,,,,0.0,,,
2016-04-22 21:00:00,,,,,,,,,,,,,,,,,,,,,0.0,,,
2016-04-22 22:00:00,,,,,,,,,,,,,,,,,,,,,0.0,,,
2016-04-22 23:00:00,,,,,,,,,,,,,,,,,,,,,0.0,,,
2016-04-23 00:00:00,,,,,,,,,,,,,,,,,,,,,0.0,,,
2016-04-23 01:00:00,,,,,,,,,,,,,,,,,,,,,0.0,,,
2016-04-23 02:00:00,,,,,,,,,,,,,,,,,,,,,0.0,,,
2016-04-23 03:00:00,,,,,,,,,,,,,,,,,,,,,0.0,,,
2016-04-23 04:00:00,,,,,,,,,,,,,,,,,,,,,0.0,,,
2016-04-23 05:00:00,,,,,,,,,,,,,,,,,,,,,0.0,,,
2016-04-23 06:00:00,,,,,,,,,,,,,,,,,,,,,0.0,,,
2016-04-23 07:00:00,,,,,,,,,,,,,,,,,,,,,0.0,,,
2016-04-23 08:00:00,,,,,,,,,,,,,,,,,,,,,0.0,,,
2016-04-23 09:00:00,,,,,,,,,,,,,,,,,,,,,0.0,,,
2016-04-23 10:00:00,,,,,,,,,,,,,,,,,,,,,0.0,,,
2016-04-23 11:00:00,,,,,,,,,,,,,,,,,,,,,0.0,,,
2016-04-23 12:00:00,,,,,,,,,,,,,,,,,,,,,0.0,,,
2016-04-23 13:00:00,,,,,,,,,,,,,,,,,,,,,0.0,,,
2016-04-23 14:00:00,,,,,,,,,,,,,,,,,,,,,0.0,,,
2016-04-23 15:00:00,,,,,,,,,,,,,,,,,,,,,0.0,,,
2016-04-23 16:00:00,,,,,,,,,,,,,,,,,,,,,0.0,,,
2016-04-23 17:00:00,,,,,,,,,,,,,,,,,,,,,0.0,,,
2016-04-23 18:00:00,,,,,,,,,,,,,,,,,,,,,0.0,,,
2016-04-23 19:00:00,,,,,,,,,,,,,,,,,,,,,0.0,,,
2016-04-23 20:00:00,,,,,,,,,,,,,,,,,,,,,0.0,,,
2016-04-23 21:00:00,,,,,,,,,,,,,,,,,,,,,0.0,,,
2016-04-23 22:00:00,,,,,,,,,,,,,,,,,,,,,0.0,,,
2016-04-23 23:00:00,,,,,,,,,,,,,,,,,,,,,0.0,,,
2016-04-24 00:00:00,,,,,,,,,,,,,,,,,,,,,0.0,,,
2016-04-24 01:00:00,,,,,,,,,,,,,,,,,,,,,0.0,,,
2016-04-24 02:00:00,,,,,,,,,,,,,,,,,,,,,0.0,,,
2016-04-24 03:00:00,,,,,,,,,,,,,,,,,,,,,0.0,,,
2016-04-24 04:00:00,,,,,,,,,,,,,,,,,,,,,0.0,,,
2016-04-24 05:00:00,,,,,,,,,,,,,,,,,,,,,0.0,,,
2016-04-24 06:00:00,,,,,,,,,,,,,,,,,,,,,0.0,,,
2016-04-24 07:00:00,,,,,,,,,,,,,,,,,,,,,0.0,,,
2016-04-24 08:00:00,,,,,,,,,,,,,,,,,,,,,0.0,,,
2016-04-24 09:00:00,,,,,,,,,,,,,,,,,,,,,0.0,,,
2016-04-24 10:00:00,,,,,,,,,,,,,,,,,,,,,0.0,,,
2016-04-24 11:00:00,,,,,,,,,,,,,,,,,,,,,0.0,,,
2016-04-24 12:00:00,,,,,,,,,,,,,,,,,,,,,0.0,,,
2016-04-24 13:00:00,,,,,,,,,,,,,,,,,,,,,0.0,,,
2016-04-24 14:00:00,,,,,,,,,,,,,,,,,,,,,0.0,,,
2016-04-24 15:00:00,26.0,304.5,69.21,80.05,166.62,28.88,8.87,,96.38,2.18,6.62,,,,,,6.16,3.1,268.17,,0.0,421.25,740.0,
2016-04-24 16:00:00,49.83,298.67,78.96,66.18,167.23,22.82,11.25,0.45,133.82,2.0,6.92,,,,,,6.75,3.42,281.75,,0.0,403.92,740.0,
2016-04-24 17:00:00,44.0,257.0,40.3,60.3,108.8,24.6,12.0,0.6,139.1,2.8,8.8,,,,,,7.0,3.3,277.0,,0.0,390.0,740.0,
2016-04-24 18:00:00,,,,,,,,,,,,,,,,,,,,,0.0,,,
2016-04-24 19:00:00,,,,,,,,,,,,,,,,,,,,,0.0,,,
2016-04-24 20:00:00,,,,,,,,,,,,,,,,,,,,,0.0,,,
2016-04-24 21:00:00,,,,,,,,,,,,,,,,,,,,,0.0,,,
2016-04-24 22:00:00,,,,,,,,,,,,,,,,,,,,,0.0,,,
2016-04-24 23:00:00,,,,,,,,,,,,,,,,,,,,,0.0,,,
2016-04-25 00:00:00,,,,,,,,,,,,,,,,,,,,,0.0,,,
2016-04-25 01:00:00,,,,,,,,,,,,,,,,,,,,,0.0,,,
2016-04-25 02:00:00,,,,,,,,,,,,,,,,,,,,,0.0,,,
2016-04-25 03:00:00,,,,,,,,,,,,,,,,,,,,,0.0,,,
2016-04-25 04:00:00,,,,,,,,,,,,,,,,,,,,,0.0,,,
2016-04-25 05:00:00,,,,,,,,,,,,,,,,,,,,,0.0,,,
2016-04-25 06:00:00,,,,,,,,,,,,,,,,,,,,,0.0,,,
2016-04-25 07:00:00,,,,,,,,,,,,,,,,,,,,,0.0,,,
2016-04-25 08:00:00,,,,,,,,,,,,,,,,,,,,,0.0,,,
2016-04-25 09:00:00,,,,,,,,,,,,,,,,,,,,,0.0,,,
2016-04-25 10:00:00,40.0,332.0,124.54,135.09,290.68,39.44,34.71,0.73,87.47,9.77,14.24,,,,,,10.66,2.72,277.58,,0.0,442.92,740.0,
2016-04-25 11:00:00,,332.0,173.14,131.8,276.22,32.28,17.04,0.48,78.05,9.88,12.67,,,,,,7.75,2.11,260.08,,0.0,443.42,740.0,
2016-04-25 12:00:00,,294.0,118.52,137.84,284.5,37.65,14.39,0.44,73.64,5.59,10.72,,,,,,6.25,2.42,266.67,,0.0,441.75,740.0,
2016-04-25 13:00:00,54.0,295.17,59.38,116.62,184.88,39.36,12.67,0.4,105.35,5.03,12.78,,,,,,5.25,2.45,268.33,,0.0,435.92,740.0,
2016-04-25 14:00:00,51.83,301.0,97.61,105.38,226.93,26.98,10.78,0.42,85.61,4.29,8.46,,,,,,4.5,2.63,270.92,,0.0,429.25,740.0,
2016-04-25 15:00:00,41.5,304.83,94.34,101.13,218.94,23.5,8.41,0.33,81.12,3.54,7.94,,,,,,4.0,3.09,286.09,,0.0,419.08,740.0,
2016-04-25 16:00:00,47.67,312.33,102.72,98.38,227.21,27.17,10.12,0.42,89.04,3.22,9.94,,,,,,4.42,2.9,288.0,,0.0,400.0,740.0,
2016-04-25 17:00:00,62.83,248.0,111.63,115.13,254.81,25.95,14.79,0.72,90.32,5.17,11.43,,,,,,6.09,1.83,259.33,,0.0,362.92,740.0,
2016-04-25 18:00:00,49.17,220.83,70.53,114.24,198.08,25.82,24.8,1.06,59.06,6.56,19.42,,,,,,7.25,1.12,207.84,,0.0,157.42,740.0,
2016-04-25 19:00:00,72.83,288.5,137.86,141.38,314.2,31.98,65.86,2.75,31.96,13.59,35.44,,,,,,10.58,0.86,64.5,,0.0,12.66,740.0,
2016-04-25 20:00:00,151.17,571.67,179.18,154.61,382.48,47.69,94.6,4.08,27.43,22.64,60.12,,,,,,13.92,0.99,90.25,,0.0,12.5,740.0,
2016-04-25 21:00:00,244.83,650.0,467.63,176.42,,46.28,137.94,5.02,20.26,25.81,289.77,,,,,,18.0,0.35,165.58,,0.0,12.5,740.0,
2016-04-25 22:00:00,375.33,650.0,,228.91,,52.61,187.07,5.33,22.32,24.63,227.99,,,,,,20.75,0.32,189.17,,0.0,12.5,740.0,
2016-04-25 23:00:00,495.5,650.0,,215.07,,46.62,160.82,4.92,27.35,24.98,126.13,,,,,,22.66,0.38,155.92,,0.0,12.75,740.0,
2016-04-26 00:00:00,648.83,650.0,298.38,141.5,393.17,80.91,146.96,1.26,37.42,26.34,141.93,,,,,,21.08,0.52,89.84,,0.0,12.67,740.0,
2016-04-26 01:00:00,451.17,650.0,410.3,138.08,,99.14,112.01,0.72,37.73,29.74,198.48,,,,,,24.0,0.36,182.58,,0.0,12.84,740.0,
2016-04-26 02:00:00,423.0,650.0,311.27,114.17,485.0,103.3,89.43,2.04,34.56,28.36,104.74,,,,,,21.92,0.43,141.34,,0.0,12.5,740.0,
2016-04-26 03:00:00,325.83,650.0,252.09,108.88,391.13,106.26,87.08,0.2,36.12,25.63,60.66,,,,,,21.25,0.66,132.83,,0.0,12.5,740.0,
2016-04-26 04:00:00,296.17,647.62,177.9,99.91,332.01,82.85,77.27,,19.23,20.11,45.03,,,,,,20.58,0.6,157.5,,0.0,12.58,740.0,
2016-04-26 05:00:00,214.67,631.0,360.77,133.45,,68.68,64.61,0.76,18.83,20.42,30.13,,,,,,24.33,0.49,213.58,,0.0,37.34,740.0,
2016-04-26 06:00:00,283.67,631.0,215.5,128.24,394.6,68.3,76.57,0.88,14.52,19.82,31.04,,,,,,23.25,0.82,244.5,,0.0,343.67,740.0,
2016-04-26 07:00:00,291.17,622.62,307.1,157.82,465.04,84.94,53.78,1.12,14.73,17.31,29.25,,,,,,22.0,1.27,251.25,,0.0,409.75,740.0,
2016-04-26 08:00:00,184.17,564.0,310.44,198.02,462.83,80.84,58.94,1.08,19.82,22.25,41.15,,,,,,17.25,1.69,264.33,,0.0,424.5,740.0,
2016-04-26 09:00:00,162.33,542.75,120.32,173.48,318.73,59.37,43.61,0.26,35.03,22.02,42.36,,,,,,10.84,1.32,257.58,,0.0,428.58,740.0,
2016-04-26 10:00:00,117.67,384.38,45.92,146.75,193.48,58.91,15.32,0.35,86.0,12.65,26.1,,,,,,7.75,1.44,270.67,,0.0,427.33,740.0,
2016-04-26 11:00:00,84.17,324.83,85.21,157.74,257.97,57.02,11.78,0.83,106.38,10.92,23.64,,,,,,6.42,1.85,261.42,,0.0,434.67,740.0,
2016-04-26 12:00:00,71.33,340.67,36.55,101.84,140.63,46.04,13.99,0.42,122.16,7.53,17.05,,,,,,4.42,1.93,257.75,,0.0,435.16,740.0,
2016-04-26 13:00:00,52.0,219.5,102.84,151.38,275.18,41.31,14.27,0.39,92.94,5.04,10.86,,,,,,4.5,1.91,243.83,,0.0,428.5,740.0,
2016-04-26 14:00:00,47.67,191.83,34.46,103.2,139.06,35.68,13.32,0.34,132.95,6.18,12.68,,,,,,5.25,1.56,229.83,,0.0,408.08,740.0,
2016-04-26 15:00:00,54.0,217.17,34.12,86.26,123.49,31.67,15.28,0.33,166.19,5.88,12.45,,,,,41.93,6.0,1.64,223.08,,0.0,407.58,740.0,
2016-04-26 16:00:00,67.83,251.88,68.09,97.87,180.38,34.22,16.72,0.46,115.09,5.48,12.28,,,,,40.58,7.0,1.79,264.08,,0.0,383.25,740.0,
2016-04-26 17:00:00,63.17,286.0,91.66,103.29,217.06,35.39,17.36,1.04,80.58,5.08,14.46,,,,,39.36,7.83,1.25,260.67,,0.0,354.34,740.0,
2016-04-26 18:00:00,70.17,333.0,76.18,142.18,230.77,36.06,28.85,1.93,27.66,7.41,20.33,,,,,37.24,10.33,0.87,129.25,,0.0,135.66,740.0,
2016-04-26 19:00:00,94.33,391.25,263.67,151.62,390.0,40.44,37.98,2.69,14.22,16.42,67.3,,,,,35.12,13.66,0.48,118.08,,0.0,13.0,740.0,
2016-04-26 20:00:00,191.33,869.0,316.28,159.34,369.3,47.54,43.13,3.07,18.07,25.12,51.96,,,,,33.85,17.25,0.41,188.75,,0.0,12.5,740.0,
2016-04-26 21:00:00,231.5,869.0,495.03,193.64,,62.54,54.58,5.02,23.9,26.16,52.75,,,,,32.98,19.5,0.74,215.33,,0.0,12.66,740.0,
2016-04-26 22:00:00,310.33,869.0,,202.35,,70.74,42.8,6.69,27.68,29.52,70.84,,,,,31.99,22.66,0.44,115.58,,0.0,12.33,740.0,
2016-04-26 23:00:00,357.0,869.0,498.2,182.14,,89.42,74.71,5.02,36.53,29.66,132.26,,,,,31.64,23.92,0.62,83.17,,0.0,12.58,740.0,
2016-04-27 00:00:00,315.17,869.0,464.97,166.41,,102.64,104.84,2.43,49.58,30.45,165.82,,,,,30.34,27.58,0.38,85.92,,0.0,12.58,740.0,
2016-04-27 01:00:00,372.17,869.0,,168.51,,121.48,116.66,3.32,58.67,31.97,148.96,,,,,29.08,31.42,0.35,160.75,,0.0,12.75,740.0,
2016-04-27 02:00:00,460.5,869.0,,155.5,,109.64,87.02,2.89,61.79,32.96,160.28,,,,,28.35,34.0,0.31,143.92,,0.0,12.67,740.0,
2016-04-27 03:00:00,493.67,869.0,472.17,132.97,,114.11,81.39,2.02,55.58,34.19,134.36,,,,,27.59,35.08,0.3,164.75,,0.0,12.58,740.0,
2016-04-27 04:00:00,481.5,869.0,,143.75,,113.28,80.26,2.1,50.08,35.08,109.3,,,,,27.24,34.58,0.31,163.34,,0.0,12.58,740.0,
2016-04-27 05:00:00,555.17,869.0,,168.98,,145.18,85.11,3.34,49.89,39.37,97.02,,,,,26.84,36.67,0.32,188.0,,0.0,40.17,740.0,
2016-04-27 06:00:00,671.67,869.0,,163.36,,167.29,79.78,2.97,42.77,44.48,104.88,,,,,28.54,33.08,0.5,172.92,,0.0,327.34,740.0,
2016-04-27 07:00:00,560.5,869.0,464.05,227.89,,142.99,94.56,1.38,38.34,47.25,119.8,,,,,33.56,26.08,0.85,261.33,,0.0,399.33,740.0,
2016-04-27 08:00:00,346.83,869.0,378.92,291.86,,112.0,55.92,1.0,37.4,52.34,136.38,,,,,35.75,21.75,1.7,264.5,,0.0,417.84,740.0,
2016-04-27 09:00:00,249.0,869.0,174.42,241.32,345.17,84.32,26.8,0.75,40.47,40.94,95.24,,,,,39.33,12.84,1.36,281.5,,0.0,424.25,740.0,
2016-04-27 10:00:00,153.83,869.0,70.41,161.99,240.91,56.79,,,88.65,25.33,58.01,,,,,42.15,7.33,1.42,252.67,,0.0,426.33,740.0,
2016-04-27 11:00:00,103.67,869.0,81.68,148.38,244.26,49.53,,,75.39,13.86,30.72,,,,,43.36,5.08,1.55,233.66,,0.0,426.5,740.0,
2016-04-27 12:00:00,104.33,869.0,95.65,129.03,245.55,50.1,,,70.48,9.02,20.71,,,,,44.17,4.83,1.75,235.42,,0.0,429.0,740.0,
2016-04-27 13:00:00,90.67,869.0,46.15,123.36,173.11,40.64,,,119.29,7.85,16.92,,,,,43.48,5.83,2.14,265.92,,0.0,427.75,740.0,
2016-04-27 14:00:00,90.17,869.0,34.78,96.26,133.14,41.28,19.35,0.74,130.78,5.96,13.16,,,,,41.49,6.5,2.01,252.75,,0.0,387.92,740.0,
2016-04-27 15:00:00,99.67,,45.71,69.63,125.23,44.32,15.88,0.76,147.25,4.5,14.5,,,,,39.74,7.25,2.27,201.25,,0.0,375.92,740.0,
2016-04-27 16:00:00,111.33,361.0,44.18,100.36,149.78,47.81,18.73,1.17,103.38,5.05,34.16,,,,,39.22,8.25,1.65,185.83,,0.0,350.5,740.0,
2016-04-27 17:00:00,86.5,410.83,103.86,154.45,279.32,44.74,19.11,1.64,35.53,13.18,30.82,,,,,38.43,10.09,1.31,195.25,,0.0,341.83,740.0,
2016-04-27 18:00:00,130.5,670.67,172.12,152.68,267.12,47.47,35.22,2.51,25.19,14.02,31.16,,,,,36.12,13.08,0.92,187.34,,0.0,126.58,740.0,
2016-04-27 19:00:00,152.0,724.0,398.02,183.76,,57.24,45.99,4.24,25.35,24.1,55.98,,,,,33.64,17.58,0.52,205.84,,0.0,12.92,740.0,
2016-04-27 20:00:00,234.33,,393.5,183.54,,83.95,40.66,6.84,32.05,24.65,196.51,,,,,32.13,21.83,0.32,240.17,,0.0,12.67,740.0,
2016-04-27 21:00:00,328.67,,,289.5,,109.02,42.0,9.59,35.6,29.68,162.77,,,,,30.97,26.25,0.31,180.83,,0.0,12.58,740.0,
2016-04-27 22:00:00,532.0,,,259.7,,148.23,45.06,12.1,40.72,35.35,161.29,,,,,30.18,29.58,0.32,232.42,,0.0,12.67,740.0,
2016-04-27 23:00:00,713.83,,,209.2,,143.92,31.92,9.16,38.38,38.75,166.51,,,,,29.7,30.25,0.34,190.0,,0.0,12.83,740.0,
2016-04-28 00:00:00,577.0,,246.68,136.12,321.77,127.64,17.21,1.18,26.54,37.38,130.24,,,,,29.79,26.42,0.54,138.25,,0.0,12.42,740.0,
2016-04-28 01:00:00,337.0,807.0,194.38,108.32,312.31,116.5,33.39,,37.2,30.2,105.94,,,,,28.96,26.84,0.41,144.75,,0.0,12.75,740.0,
2016-04-28 02:00:00,301.83,807.0,307.54,113.13,314.37,120.28,36.08,,37.64,29.47,96.59,,,,,28.23,26.92,0.43,167.5,,0.0,12.42,740.0,
2016-04-28 03:00:00,367.33,,379.03,119.37,,130.01,29.48,,30.57,24.86,71.79,,,,,27.4,27.08,0.52,229.83,,0.0,12.84,740.0,
2016-04-28 04:00:00,322.17,,392.71,120.68,494.83,124.96,38.45,,26.97,23.82,55.76,,,,,27.15,27.83,0.75,209.83,,0.0,12.67,740.0,
2016-04-28 05:00:00,318.83,,406.2,124.26,,123.61,49.73,,26.4,23.82,51.47,,,,,27.28,27.75,0.79,234.58,,0.0,47.75,740.0,
2016-04-28 06:00:00,351.67,,326.02,115.52,465.45,118.82,48.65,,27.44,24.94,53.48,,,,,27.64,29.42,1.04,248.0,,0.0,340.92,740.0,
2016-04-28 07:00:00,393.67,,222.66,150.63,415.27,100.01,80.93,1.98,31.0,25.76,39.52,,,,,31.12,23.58,1.34,249.5,,0.0,404.25,740.0,
2016-04-28 08:00:00,510.67,,212.03,179.95,430.29,96.71,86.03,2.05,34.97,28.49,28.84,,,,,33.32,20.5,2.48,287.0,,0.0,422.33,740.0,
2016-04-28 09:00:00,488.5,983.0,104.0,184.92,306.74,77.74,78.2,1.14,67.22,25.74,29.18,,,,,35.56,17.25,2.69,280.08,,0.0,433.58,740.0,
2016-04-28 10:00:00,388.67,948.17,189.77,219.35,420.84,58.43,42.75,0.99,59.15,21.48,24.44,,,,,38.97,13.16,2.77,276.75,,0.0,437.66,740.0,
2016-04-28 11:00:00,258.0,731.67,88.44,152.33,256.47,38.22,15.9,0.58,77.68,16.86,24.23,,,,,41.76,8.92,2.45,264.92,,0.0,435.08,740.0,
2016-04-28 12:00:00,149.17,524.83,89.91,125.22,234.36,27.28,13.68,0.48,57.71,9.1,16.18,,,,,42.18,7.0,3.2,271.67,,0.0,432.66,740.0,
2016-04-28 13:00:00,76.17,518.33,50.26,90.39,149.12,23.7,9.06,0.21,64.32,5.08,12.63,,,,,42.28,5.5,3.33,285.5,,0.0,430.92,740.0,
2016-04-28 14:00:00,61.17,392.0,77.03,97.38,191.96,24.37,9.12,2.26,70.62,3.68,8.66,,,,,41.67,6.0,4.37,286.25,,0.0,425.58,740.0,
2016-04-28 15:00:00,78.67,515.83,93.25,92.08,209.31,27.59,8.54,2.28,65.34,4.07,10.58,,,,,41.24,6.0,3.87,281.34,,0.0,412.75,740.0,
2016-04-28 16:00:00,62.33,428.0,60.47,62.94,138.57,27.17,9.21,2.18,101.68,3.66,11.43,,,,,40.67,6.58,3.4,286.16,,0.0,395.83,740.0,
2016-04-28 17:00:00,65.67,272.5,95.11,86.19,206.54,26.08,10.12,2.46,82.19,5.02,15.76,,,,,39.62,7.33,2.32,284.84,,0.0,358.0,740.0,
2016-04-28 18:00:00,78.33,296.67,64.03,95.74,172.8,28.9,15.28,2.98,62.42,8.76,23.36,,,,,37.5,9.42,1.19,253.25,,0.0,158.75,740.0,
2016-04-28 19:00:00,110.33,356.83,111.76,124.76,263.75,41.0,50.73,3.31,27.82,15.21,46.06,,,,,35.06,13.5,0.43,151.75,,0.0,13.08,740.0,
2016-04-28 20:00:00,173.67,637.83,88.22,130.57,236.83,47.1,63.52,3.68,28.28,22.12,58.83,,,,,33.85,15.42,0.5,168.58,,0.0,12.58,740.0,
2016-04-28 21:00:00,247.5,747.0,188.28,140.35,382.29,52.16,84.3,4.64,26.86,20.05,47.54,,,,,32.48,18.0,0.59,120.0,,0.0,12.58,740.0,
2016-04-28 22:00:00,318.17,614.0,152.9,127.66,218.03,49.52,144.31,3.34,22.36,20.24,40.94,,,,,32.02,18.17,0.61,141.5,,0.0,12.58,740.0,
2016-04-28 23:00:00,294.83,614.0,165.72,116.62,232.02,50.15,125.11,3.1,23.22,20.23,29.66,,,,,31.36,18.5,0.45,167.25,,0.0,12.58,740.0,
2016-04-29 00:00:00,344.83,998.0,126.78,100.95,263.12,46.41,109.63,2.34,20.19,18.38,25.77,,,,,30.57,19.25,0.58,144.08,,0.0,12.42,740.0,
2016-04-29 01:00:00,310.83,918.17,19.92,82.03,100.27,44.85,97.16,2.01,18.83,15.22,22.26,,,,,30.11,19.5,0.69,78.84,,0.0,12.67,740.0,
2016-04-29 02:00:00,230.0,492.67,8.48,71.11,74.92,45.92,97.31,1.74,26.74,14.06,26.06,,,,,29.92,19.0,0.82,81.92,,0.0,12.42,740.0,
2016-04-29 03:00:00,192.17,441.83,132.65,88.44,259.99,56.36,84.66,2.59,27.93,13.12,24.34,,,,,28.45,21.84,0.41,162.5,,0.0,12.5,740.0,
2016-04-29 04:00:00,227.5,840.67,308.02,111.09,417.0,61.92,61.76,2.23,20.0,15.57,24.24,,,,,27.98,22.5,0.65,233.83,,0.0,12.92,740.0,
2016-04-29 05:00:00,240.5,814.0,448.77,127.71,,62.73,50.52,3.48,21.76,16.59,26.56,,,,,27.11,25.75,0.37,203.83,,0.0,52.08,740.0,
2016-04-29 06:00:00,315.5,,363.87,120.51,458.77,73.54,51.75,3.32,21.66,17.76,30.86,,,,,28.85,24.42,0.81,234.75,,0.0,344.34,740.0,
2016-04-29 07:00:00,309.33,972.0,380.31,157.94,,77.99,69.15,4.43,26.86,20.34,39.9,,,,,31.37,25.17,1.32,250.92,,0.0,401.42,740.0,
2016-04-29 08:00:00,382.83,972.0,186.68,211.66,389.26,78.84,110.35,4.85,33.83,27.81,37.71,,,,,33.79,21.08,1.75,242.33,,0.0,420.25,740.0,
2016-04-29 09:00:00,583.17,975.33,143.51,242.89,412.48,83.53,81.19,4.5,54.0,39.49,33.66,,,,,37.06,17.25,1.87,252.42,,0.0,427.58,740.0,
2016-04-29 10:00:00,498.0,992.0,130.24,194.0,350.68,48.4,30.38,3.48,68.03,33.52,33.58,,,,,39.98,11.25,2.21,270.17,,0.0,431.92,740.0,
2016-04-29 11:00:00,263.0,895.83,124.7,155.32,308.62,41.01,20.38,2.28,57.17,14.08,18.88,,,,,41.58,9.08,2.44,275.58,,0.0,434.0,740.0,
2016-04-29 12:00:00,113.88,426.17,205.03,164.58,396.19,35.98,20.2,2.28,51.59,9.38,14.1,,,,,42.08,9.58,2.93,266.83,,0.0,431.0,740.0,
2016-04-29 13:00:00,117.33,467.0,47.41,100.12,153.93,22.94,10.45,1.62,78.84,6.22,10.06,,,,,41.99,9.08,3.16,278.67,,0.0,430.66,740.0,
2016-04-29 14:00:00,101.67,422.83,74.52,107.11,197.28,26.29,9.03,1.54,67.62,4.23,7.97,,,,,42.12,8.08,3.86,268.5,,0.0,421.84,740.0,
2016-04-29 15:00:00,94.17,561.0,101.85,108.69,236.01,30.34,9.85,1.66,70.13,3.98,7.5,,,,,41.31,7.42,4.16,277.25,,0.0,411.58,740.0,
2016-04-29 16:00:00,110.5,452.67,75.73,88.66,182.45,31.64,9.39,1.52,90.85,4.41,12.46,,,,,40.8,7.33,3.78,284.84,,0.0,396.5,740.0,
2016-04-29 17:00:00,85.83,314.67,79.8,89.69,188.81,28.25,9.05,1.63,95.31,5.69,12.75,,,,,39.53,8.09,2.81,285.33,,0.0,357.67,740.0,
2016-04-29 18:00:00,78.0,344.67,92.08,116.81,229.91,27.54,9.41,2.28,58.87,9.13,20.61,,,,,37.47,10.67,1.19,286.25,,0.0,161.17,740.0,
2016-04-29 19:00:00,97.83,434.33,185.05,135.25,320.9,32.53,18.61,3.22,22.77,15.68,38.66,,,,,35.01,13.67,0.39,168.67,,0.0,13.08,740.0,
2016-04-29 20:00:00,163.0,591.0,,199.34,,37.59,32.61,4.96,23.18,21.5,53.92,,,,,32.81,18.25,0.39,221.17,,0.0,12.58,740.0,
2016-04-29 21:00:00,378.67,591.0,365.27,179.25,,49.35,57.06,7.95,27.62,29.3,112.38,,,,,32.08,20.08,0.45,66.67,,0.0,12.5,740.0,
2016-04-29 22:00:00,432.0,591.0,407.96,151.2,,60.36,64.41,8.22,26.68,31.28,125.04,,,,,31.58,21.08,0.32,95.5,,0.0,12.84,740.0,
2016-04-29 23:00:00,,,,,,,,,,,,,,,,,,,,,0.0,,,
2016-04-30 00:00:00,,,,,,,,,,,,,,,,,,,,,0.0,,,
2016-04-30 01:00:00,,,,,,,,,,,,,,,,,,,,,0.0,,,
2016-04-30 02:00:00,,,,,,,,,,,,,,,,,,,,,0.0,,,
2016-04-30 03:00:00,,,,,,,,,,,,,,,,,,,,,0.0,,,
2016-04-30 04:00:00,,,,,,,,,,,,,,,,,,,,,0.0,,,
2016-04-30 05:00:00,,,,,,,,,,,,,,,,,,,,,0.0,,,
2016-04-30 06:00:00,,,,,,,,,,,,,,,,,,,,,0.0,,,
2016-04-30 07:00:00,,,,,,,,,,,,,,,,,,,,,0.0,,,
2016-04-30 08:00:00,,,,,,,,,,,,,,,,,,,,,0.0,,,
2016-04-30 09:00:00,,,,,,,,,,,,,,,,,,,,,0.0,,,
2016-04-30 10:00:00,,,,,,,,,,,,,,,,,,,,,0.0,,,
2016-04-30 11:00:00,,,,,,,,,,,,,,,,,,,,,0.0,,,
2016-04-30 12:00:00,,,,,,,,,,,,,,,,,,,,,0.0,,,
2016-04-30 13:00:00,,,,,,,,,,,,,,,,,,,,,0.0,,,
2016-04-30 14:00:00,,,,,,,,,,,,,,,,,,,,,0.0,,,
2016-04-30 15:00:00,,,,,,,,,,,,,,,,,,,,,0.0,,,
2016-04-30 16:00:00,,,,,,,,,,,,,,,,,,,,,0.0,,,
2016-04-30 17:00:00,,,,,,,,,,,,,,,,,,,,,0.0,,,
2016-04-30 18:00:00,,,,,,,,,,,,,,,,,,,,,0.0,,,
2016-04-30 19:00:00,,,,,,,,,,,,,,,,,,,,,0.0,,,
2016-04-30 20:00:00,,,,,,,,,,,,,,,,,,,,,0.0,,,
2016-04-30 21:00:00,,,,,,,,,,,,,,,,,,,,,0.0,,,
2016-04-30 22:00:00,,,,,,,,,,,,,,,,,,,,,0.0,,,
2016-04-30 23:00:00,,,,,,,,,,,,,,,,,,,,,0.0,,,
2016-05-01 00:00:00,,,,,,,,,,,,,,,,,,,,,0.0,,,
2016-05-01 01:00:00,,,,,,,,,,,,,,,,,,,,,0.0,,,
2016-05-01 02:00:00,,,,,,,,,,,,,,,,,,,,,0.0,,,
2016-05-01 03:00:00,,,,,,,,,,,,,,,,,,,,,0.0,,,
2016-05-01 04:00:00,,,,,,,,,,,,,,,,,,,,,0.0,,,
2016-05-01 05:00:00,,,,,,,,,,,,,,,,,,,,,0.0,,,
2016-05-01 06:00:00,,,,,,,,,,,,,,,,,,,,,0.0,,,
2016-05-01 07:00:00,,,,,,,,,,,,,,,,,,,,,0.0,,,
2016-05-01 08:00:00,,,,,,,,,,,,,,,,,,,,,0.0,,,
2016-05-01 09:00:00,,,,,,,,,,,,,,,,,,,,,0.0,,,
2016-05-01 10:00:00,,,,,,,,,,,,,,,,,,,,,0.0,,,
2016-05-01 11:00:00,,,,,,,,,,,,,,,,,,,,,0.0,,,
2016-05-01 12:00:00,,,,,,,,,,,,,,,,,,,,,0.0,,,
2016-05-01 13:00:00,,,,,,,,,,,,,,,,,,,,,0.0,,,
2016-05-01 14:00:00,,,,,,,,,,,,,,,,,,,,,0.0,,,
2016-05-01 15:00:00,,,,,,,,,,,,,,,,,,,,,0.0,,,
2016-05-01 16:00:00,,,,,,,,,,,,,,,,,,,,,0.0,,,
2016-05-01 17:00:00,,,,,,,,,,,,,,,,,,,,,0.0,,,
2016-05-01 18:00:00,,,,,,,,,,,,,,,,,,,,,0.0,,,
2016-05-01 19:00:00,,,,,,,,,,,,,,,,,,,,,0.0,,,
2016-05-01 20:00:00,,,,,,,,,,,,,,,,,,,,,0.0,,,
2016-05-01 21:00:00,,,,,,,,,,,,,,,,,,,,,0.0,,,
2016-05-01 22:00:00,,,,,,,,,,,,,,,,,,,,,0.0,,,
2016-05-01 23:00:00,,,,,,,,,,,,,,,,,,,,,0.0,,,
2016-05-02 00:00:00,,,,,,,,,,,,,,,,,,,,,0.0,,,
2016-05-02 01:00:00,,,,,,,,,,,,,,,,,,,,,0.0,,,
2016-05-02 02:00:00,,,,,,,,,,,,,,,,,,,,,0.0,,,
2016-05-02 03:00:00,,,,,,,,,,,,,,,,,,,,,0.0,,,
2016-05-02 04:00:00,,,,,,,,,,,,,,,,,,,,,0.0,,,
2016-05-02 05:00:00,,,,,,,,,,,,,,,,,,,,,0.0,,,
2016-05-02 06:00:00,,,,,,,,,,,,,,,,,,,,,0.0,,,
2016-05-02 07:00:00,,,,,,,,,,,,,,,,,,,,,0.0,,,
2016-05-02 08:00:00,,,,,,,,,,,,,,,,,,,,,0.0,,,
2016-05-02 09:00:00,,,,,,,,,,,,,,,,,,,,,0.0,,,
2016-05-02 10:00:00,,,,,,,,,,,,,,,,,,,,,0.0,,,
2016-05-02 11:00:00,,,,,,,,,,,,,,,,,,,,,0.0,,,
2016-05-02 12:00:00,,,,,,,,,,,,,,,,,,,,,0.0,,,
2016-05-02 13:00:00,,,,,,,,,,,,,,,,,,,,,0.0,,,
2016-05-02 14:00:00,,,,,,,,,,,,,,,,,,,,,0.0,,,
2016-05-02 15:00:00,,,,,,,,,,,,,,,,,,,,,0.0,,,
2016-05-02 16:00:00,,,,,,,,,,,,,,,,,,,,,0.0,,,
2016-05-02 17:00:00,,,,,,,,,,,,,,,,,,,,,0.0,,,
2016-05-02 18:00:00,,,,,,,,,,,,,,,,,,,,,0.0,,,
2016-05-02 19:00:00,,,,,,,,,,,,,,,,,,,,,0.0,,,
2016-05-02 20:00:00,,,,,,,,,,,,,,,,,,,,,0.0,,,
2016-05-02 21:00:00,,,,,,,,,,,,,,,,,,,,,0.0,,,
2016-05-02 22:00:00,,,,,,,,,,,,,,,,,,,,,0.0,,,
2016-05-02 23:00:00,,,,,,,,,,,,,,,,,,,,,0.0,,,
2016-05-03 00:00:00,,,,,,,,,,,,,,,,,,,,,0.0,,,
2016-05-03 01:00:00,,,,,,,,,,,,,,,,,,,,,0.0,,,
2016-05-03 02:00:00,,,,,,,,,,,,,,,,,,,,,0.0,,,
2016-05-03 03:00:00,,,,,,,,,,,,,,,,,,,,,0.0,,,
2016-05-03 04:00:00,,,,,,,,,,,,,,,,,,,,,0.0,,,
2016-05-03 05:00:00,,,,,,,,,,,,,,,,,,,,,0.0,,,
2016-05-03 06:00:00,,,,,,,,,,,,,,,,,,,,,0.0,,,
2016-05-03 07:00:00,,,,,,,,,,,,,,,,,,,,,0.0,,,
2016-05-03 08:00:00,,,,,,,,,,,,,,,,,,,,,0.0,,,
2016-05-03 09:00:00,,,,,,,,,,,,,,,,,,,,,0.0,,,
2016-05-03 10:00:00,201.17,654.0,133.27,88.34,260.82,58.15,25.37,4.42,12.42,16.02,32.3,,,,,40.39,17.25,3.72,271.83,,0.0,427.25,740.0,
2016-05-03 11:00:00,286.67,546.5,85.48,78.32,186.3,68.92,22.98,2.71,16.15,12.06,31.44,,,,,39.57,17.5,3.05,273.25,,0.0,412.5,740.0,
2016-05-03 12:00:00,102.0,449.17,73.67,80.53,172.29,76.94,21.79,1.56,15.7,9.74,29.02,,,,,40.58,16.0,2.04,259.33,,0.0,409.5,740.0,
2016-05-03 13:00:00,81.83,388.67,29.49,79.26,110.89,94.04,20.63,1.84,31.39,8.91,22.52,,,,,40.74,17.83,2.12,190.08,,0.0,406.92,740.0,
2016-05-03 14:00:00,191.67,365.33,11.42,93.48,98.66,103.74,35.98,2.19,35.28,9.84,35.75,,,,,39.79,25.17,2.64,107.34,,0.0,403.08,740.0,
2016-05-03 15:00:00,244.0,532.67,19.23,85.46,101.34,78.1,17.29,2.34,55.82,10.38,23.73,,,,,38.97,26.08,2.54,98.17,,0.0,400.25,740.0,
2016-05-03 16:00:00,223.5,529.5,9.94,96.04,99.1,104.26,60.64,2.3,64.44,10.57,38.73,,,,,39.33,23.5,2.68,105.0,,0.0,391.66,740.0,
2016-05-03 17:00:00,147.33,499.33,34.64,118.23,152.73,92.82,49.19,2.86,46.28,11.19,34.83,,,,,38.14,26.58,2.78,80.08,,0.0,294.59,740.0,
2016-05-03 18:00:00,148.5,510.17,18.71,115.75,128.71,78.92,43.32,2.8,31.12,11.23,40.82,,,,,36.35,27.75,2.05,80.92,,0.0,68.83,740.0,
2016-05-03 19:00:00,121.0,506.0,17.94,128.04,138.56,111.81,137.77,2.75,18.62,15.75,67.5,,,,,35.51,30.92,2.15,88.17,,0.0,13.08,740.0,
2016-05-03 20:00:00,136.25,566.0,4.65,84.12,81.32,102.65,65.14,2.16,17.78,14.56,62.19,,,,,35.25,37.5,3.54,94.17,,0.0,12.5,740.0,
2016-05-03 21:00:00,171.67,543.0,3.59,70.93,68.12,91.93,41.65,1.73,13.94,15.08,31.26,,,,,34.89,37.42,3.4,93.42,,0.0,12.66,740.0,
2016-05-03 22:00:00,121.17,428.17,2.43,51.19,48.98,88.38,35.14,1.48,16.75,15.15,27.83,,,,,34.48,35.67,3.04,90.5,,0.0,12.67,740.0,
2016-05-03 23:00:00,119.5,419.17,30.48,86.47,118.66,66.98,39.06,1.92,13.82,14.05,24.3,,,,,33.72,32.08,1.18,83.58,,0.0,12.67,740.0,
2016-05-04 00:00:00,87.33,386.5,29.2,90.75,120.73,54.99,13.95,2.07,12.86,17.06,243.05,,,,,32.73,34.0,1.48,86.83,,0.0,12.42,740.0,
2016-05-04 01:00:00,112.33,460.0,14.08,74.25,85.36,59.76,10.18,1.72,12.94,16.77,89.28,,,,,32.45,35.58,1.42,124.25,,0.0,12.42,740.0,
2016-05-04 02:00:00,109.67,422.67,20.69,74.08,94.26,66.31,11.04,1.85,14.11,23.86,61.95,,,,,31.84,38.08,1.41,102.5,,0.0,12.42,740.0,
2016-05-04 03:00:00,130.83,439.33,7.78,51.19,56.24,89.76,12.41,1.44,14.1,18.96,39.81,,,,,31.65,37.25,2.01,128.0,,0.0,12.5,740.0,
2016-05-04 04:00:00,93.83,341.5,19.25,76.23,94.19,95.24,16.59,1.69,8.93,17.33,30.65,,,,,31.04,38.17,1.53,134.83,,0.0,12.58,740.0,
2016-05-04 05:00:00,95.0,402.17,19.32,71.84,90.39,118.95,17.93,1.72,14.76,23.42,30.67,,,,,30.44,41.75,1.85,118.0,,0.0,57.33,740.0,
2016-05-04 06:00:00,128.83,440.67,24.05,74.43,99.14,125.36,19.06,1.93,11.9,20.99,24.58,,,,,30.69,43.75,2.25,119.16,,0.0,351.0,740.0,
2016-05-04 07:00:00,118.83,431.5,13.55,61.96,73.72,96.26,21.94,2.15,14.51,18.58,23.54,,,,,32.48,39.42,3.38,103.17,,0.0,405.25,740.0,
2016-05-04 08:00:00,97.83,485.5,10.78,57.12,65.61,77.75,12.24,1.52,15.02,15.73,24.52,,,,,33.56,37.25,4.88,104.33,,0.0,415.58,740.0,
2016-05-04 09:00:00,100.33,693.0,4.27,41.84,43.1,85.46,9.08,1.86,17.05,14.85,22.74,,,,,34.83,36.92,5.69,104.16,,0.0,435.0,740.0,
2016-05-04 10:00:00,113.0,522.0,4.5,48.35,49.23,83.66,9.76,2.37,18.76,14.31,21.9,,,,,37.5,31.92,4.05,112.75,,0.0,438.84,740.0,
2016-05-04 11:00:00,91.0,497.67,15.03,58.53,72.48,130.38,23.33,2.45,16.67,14.38,25.82,,,,,40.47,24.17,3.08,131.25,,0.0,436.33,740.0,
2016-05-04 12:00:00,77.67,375.17,18.27,51.28,70.66,96.78,19.2,2.59,12.71,9.78,32.24,,,,,42.04,19.08,2.61,138.83,,0.0,432.42,740.0,
2016-05-04 13:00:00,60.0,366.5,36.37,59.96,103.04,83.73,14.96,2.57,14.26,7.1,17.81,,,,,42.3,16.25,2.49,167.83,,0.0,413.25,740.0,
2016-05-04 14:00:00,61.0,377.0,74.73,87.16,179.34,67.81,15.23,2.98,11.83,7.58,21.78,,,,,39.46,18.16,2.64,224.33,,0.0,369.08,740.0,
2016-05-04 15:00:00,92.5,542.0,182.46,87.64,327.39,32.17,11.99,3.06,13.88,4.87,10.73,,,,,38.06,15.16,2.63,266.5,,0.0,358.92,740.0,
2016-05-04 16:00:00,103.17,,60.05,64.92,139.84,40.92,8.37,1.9,17.68,9.2,25.21,,,,,34.27,27.33,2.83,194.33,,0.0,372.34,740.0,
2016-05-04 17:00:00,111.67,465.0,40.0,65.28,112.8,41.33,8.29,1.78,14.16,12.47,23.55,,,,,32.17,28.92,2.65,134.42,,0.0,347.16,740.0,
2016-05-04 18:00:00,73.5,439.33,26.99,72.16,101.08,46.24,21.78,1.87,15.58,15.21,44.4,,,,,31.76,28.25,2.82,87.08,,0.0,198.0,740.0,
2016-05-04 19:00:00,73.17,319.33,40.55,82.62,128.98,52.78,71.34,2.29,10.42,27.48,102.8,,,,,31.72,27.67,2.34,86.16,,0.0,13.0,740.0,
2016-05-04 20:00:00,103.33,350.17,96.25,92.64,213.96,53.17,46.59,2.48,11.2,12.72,63.07,,,,,31.64,27.58,1.15,136.25,,0.0,12.42,740.0,
2016-05-04 21:00:00,82.5,324.83,54.21,92.37,156.32,57.38,61.32,2.73,11.91,20.3,53.72,,,,,31.9,26.67,2.11,96.42,,0.0,12.75,740.0,
2016-05-04 22:00:00,115.33,449.83,36.29,81.98,122.59,52.04,58.62,2.25,11.91,25.22,77.79,,,,,31.51,27.16,1.61,80.75,,0.0,12.5,740.0,
2016-05-04 23:00:00,93.17,383.5,22.86,58.78,83.59,42.64,44.42,2.07,10.9,23.18,118.38,,,,,30.06,32.84,4.8,78.08,,0.0,12.5,740.0,
2016-05-05 00:00:00,93.17,480.17,3.33,42.56,42.43,36.78,22.4,1.58,13.44,10.6,92.18,,,,,28.96,38.42,3.98,90.08,,0.0,12.17,740.0,
2016-05-05 01:00:00,61.0,213.33,3.18,45.89,45.26,42.47,22.34,1.45,16.06,8.19,49.49,,,,,29.34,38.16,3.5,100.25,,0.0,12.58,740.0,
2016-05-05 02:00:00,43.5,154.0,1.4,21.36,20.93,44.83,17.86,1.46,18.56,5.68,25.88,,,,,29.56,41.5,3.62,102.08,,0.0,12.25,740.0,
2016-05-05 03:00:00,36.0,246.67,26.13,37.63,69.21,56.64,13.14,1.4,12.72,5.52,13.41,,,,,28.54,46.5,3.26,212.67,,0.0,12.34,740.0,
2016-05-05 04:00:00,55.33,602.17,19.79,37.13,60.09,64.21,12.55,1.36,11.1,4.86,10.58,,,,,23.47,59.34,3.23,179.67,,0.0,12.67,740.0,
2016-05-05 05:00:00,27.83,491.83,22.8,55.65,80.31,82.56,10.68,1.58,14.68,8.14,10.69,,,,,24.13,57.08,2.58,96.42,,0.0,14.0,740.0,
2016-05-05 06:00:00,35.67,144.0,60.86,64.19,140.38,90.73,11.38,1.85,11.9,10.42,115.51,,,,,24.84,55.5,1.6,165.17,,0.0,74.84,740.0,
2016-05-05 07:00:00,58.67,193.0,96.38,72.32,196.13,71.98,13.4,2.7,12.96,13.26,40.18,,,,,25.87,53.34,1.86,114.66,,0.0,317.58,740.0,
2016-05-05 08:00:00,83.33,257.33,47.72,75.78,132.73,65.3,8.57,2.64,14.82,18.53,94.74,,,,,28.15,47.17,3.72,91.25,,0.0,430.25,740.0,
2016-05-05 09:00:00,85.17,332.0,23.61,63.11,88.49,67.28,8.76,2.11,11.85,13.18,61.68,,,,,30.1,40.5,4.61,90.67,,0.0,434.0,740.0,
2016-05-05 10:00:00,66.67,312.33,22.7,52.64,77.88,66.49,9.88,1.96,12.34,11.77,104.52,,,,,29.91,45.08,6.86,81.75,,0.0,459.0,740.0,
2016-05-05 11:00:00,92.5,764.0,20.85,60.45,82.31,78.97,16.03,1.71,14.66,7.64,83.41,,,,,31.49,39.67,6.48,85.92,,0.0,458.17,740.0,
2016-05-05 12:00:00,80.33,700.83,9.59,47.5,55.4,75.3,20.99,1.67,14.47,7.15,92.52,,,,,32.92,37.0,6.29,92.0,,0.0,459.42,740.0,
2016-05-05 13:00:00,81.0,373.67,5.58,43.27,46.18,88.06,22.22,1.92,15.21,9.18,55.32,,,,,33.57,36.16,6.07,87.5,,0.0,453.17,740.0,
2016-05-05 14:00:00,73.83,291.33,4.35,32.78,35.12,88.79,21.82,1.99,13.93,6.49,25.03,,,,,34.33,34.25,5.18,101.58,,0.0,444.25,740.0,
2016-05-05 15:00:00,61.0,171.17,5.01,38.88,41.5,58.13,20.37,2.22,15.02,5.31,13.57,,,,,34.92,32.92,4.02,109.5,,0.0,430.67,740.0,
2016-05-05 16:00:00,47.5,205.33,2.47,34.68,34.26,49.86,13.16,1.74,24.49,5.49,25.98,,,,,34.57,32.58,3.41,100.08,,0.0,402.5,740.0,
2016-05-05 17:00:00,30.0,174.67,2.62,42.23,41.22,46.09,10.31,2.68,28.67,6.15,19.27,,,,,33.37,34.08,3.9,100.08,,0.0,355.08,740.0,
2016-05-05 18:00:00,30.83,194.83,3.43,60.98,59.01,51.77,9.87,2.31,20.92,9.62,18.64,,,,,32.45,36.08,3.05,94.0,,0.0,154.33,740.0,
2016-05-05 19:00:00,36.83,230.83,51.56,85.04,146.12,74.06,10.27,1.78,15.0,11.21,31.3,,,,,31.74,38.25,1.46,163.92,,0.0,12.75,740.0,
2016-05-05 20:00:00,57.5,310.0,101.85,97.93,226.02,76.78,11.39,2.17,12.79,15.11,40.3,,,,,31.33,35.83,2.39,257.25,,0.0,12.42,740.0,
2016-05-05 21:00:00,105.17,641.33,95.6,81.78,203.62,70.57,10.95,1.63,12.98,12.22,26.08,,,,,29.17,34.58,3.16,247.83,,0.0,12.42,740.0,
2016-05-05 22:00:00,55.83,524.83,95.95,77.31,199.86,68.88,11.78,1.6,12.14,6.21,15.75,,,,,28.12,37.42,2.24,249.0,,0.0,12.67,740.0,
2016-05-05 23:00:00,57.67,409.83,61.65,74.49,150.58,43.41,12.04,1.78,13.78,6.14,16.75,,,,,27.8,37.0,1.15,233.5,,0.0,12.42,740.0,
2016-05-06 00:00:00,62.83,372.83,25.2,78.32,104.22,41.45,8.84,1.53,12.69,5.94,30.08,,,,,27.55,37.58,1.0,101.42,,0.0,12.33,740.0,
2016-05-06 01:00:00,23.0,161.67,9.46,60.32,66.65,44.77,8.96,1.53,13.04,8.15,175.3,,,,,27.52,38.0,2.1,70.75,,0.0,12.25,740.0,
2016-05-06 02:00:00,31.67,145.0,4.87,32.64,35.74,43.71,10.07,1.49,17.29,18.74,40.78,,,,,26.63,39.92,2.05,111.0,,0.0,12.25,740.0,
2016-05-06 03:00:00,46.17,179.0,12.56,46.61,58.68,48.98,11.7,1.4,15.31,13.92,35.57,,,,,25.92,41.66,0.74,119.83,,0.0,12.67,740.0,
2016-05-06 04:00:00,28.83,106.33,44.76,61.82,116.19,43.26,12.92,1.52,8.01,18.08,99.99,,,,,26.37,41.5,1.02,130.42,,0.0,12.5,740.0,
2016-05-06 05:00:00,41.33,161.5,62.16,62.36,140.45,50.78,16.98,1.51,12.92,15.71,52.08,,,,,26.42,44.83,1.46,134.17,,0.0,52.84,740.0,
2016-05-06 06:00:00,60.67,256.5,110.16,73.56,215.88,50.31,32.67,1.8,13.71,16.79,45.44,,,,,26.95,42.58,1.44,166.92,,0.0,320.42,740.0,
2016-05-06 07:00:00,76.33,276.33,70.66,75.66,163.86,41.58,48.63,2.48,11.89,15.82,42.91,,,,,28.66,38.34,1.86,150.42,,0.0,398.08,740.0,
2016-05-06 08:00:00,86.0,321.67,75.32,84.02,177.69,27.41,23.94,2.61,15.19,18.82,49.62,,,,,31.35,33.83,1.44,170.17,,0.0,423.92,740.0,
2016-05-06 09:00:00,71.33,340.5,17.57,63.28,80.37,28.5,26.86,3.65,15.95,13.22,31.43,,,,,33.42,29.66,1.96,139.92,,0.0,436.75,740.0,
2016-05-06 10:00:00,49.17,214.5,9.52,52.01,59.36,30.39,30.88,1.99,17.95,11.69,25.34,,,,,34.82,26.58,2.65,123.08,,0.0,442.08,740.0,
2016-05-06 11:00:00,53.5,194.83,8.1,51.38,56.81,41.36,23.47,1.3,18.93,11.46,29.89,,,,,35.0,26.42,3.3,121.75,,0.0,442.83,740.0,
2016-05-06 12:00:00,46.5,199.83,24.51,65.61,92.16,53.29,23.03,1.08,19.43,9.75,31.98,,,,,35.58,27.92,2.79,159.67,,0.0,437.25,740.0,
2016-05-06 13:00:00,52.83,267.17,11.12,56.82,65.77,57.16,20.77,0.94,15.88,11.58,37.83,,,,,35.35,27.66,2.61,147.42,,0.0,435.75,740.0,
2016-05-06 14:00:00,72.33,223.17,14.22,68.98,80.86,60.33,18.42,1.12,20.16,11.66,29.75,,,,,36.16,27.34,2.68,159.67,,0.0,432.58,740.0,
2016-05-06 15:00:00,70.5,302.83,15.45,61.74,76.06,42.82,19.34,1.36,24.96,12.07,34.99,,,,,36.29,25.92,2.9,138.92,,0.0,427.0,740.0,
2016-05-06 16:00:00,52.0,313.67,51.2,86.43,146.9,37.71,15.06,1.16,35.59,8.81,24.52,,,,,36.28,25.84,2.24,176.25,,0.0,409.67,740.0,
2016-05-06 17:00:00,47.33,274.67,54.8,97.42,161.68,44.56,14.09,1.66,34.73,11.1,55.84,,,,,35.47,24.84,1.67,207.0,,0.0,379.0,740.0,
2016-05-06 18:00:00,59.67,327.17,106.6,116.16,249.13,35.61,13.5,4.09,15.0,23.21,40.09,,,,,33.66,28.08,1.0,248.0,,0.0,190.75,740.0,
2016-05-06 19:00:00,109.5,562.83,179.03,135.69,270.54,47.32,14.75,1.5,8.12,24.48,37.29,,,,,32.16,30.5,0.78,192.17,,0.0,13.33,740.0,
2016-05-06 20:00:00,92.17,709.0,63.62,120.85,194.58,57.52,13.1,1.56,10.65,25.46,56.4,,,,,31.95,31.0,0.66,118.42,,0.0,12.42,740.0,
2016-05-06 21:00:00,94.75,445.0,85.53,126.84,229.79,63.83,15.03,1.65,13.03,32.88,85.79,,,,,31.57,32.5,1.06,136.67,,0.0,12.92,740.0,
2016-05-06 22:00:00,108.67,450.0,114.96,122.1,265.77,63.74,15.89,1.51,13.09,33.75,84.22,,,,,30.96,34.42,1.35,134.33,,0.0,12.58,740.0,
2016-05-06 23:00:00,115.33,445.0,72.94,105.7,193.66,47.15,16.58,0.65,13.41,25.71,59.12,,,,,30.2,35.83,1.26,171.84,,0.0,12.58,740.0,
2016-05-07 00:00:00,113.0,426.0,66.44,98.34,178.24,43.78,11.53,0.97,13.86,23.05,48.4,,,,,29.46,38.58,0.76,209.33,,0.0,12.5,740.0,
2016-05-07 01:00:00,150.0,458.5,47.3,97.67,151.58,50.76,12.43,1.1,12.35,30.37,70.61,,,,,29.23,39.42,1.48,149.67,,0.0,12.33,740.0,
2016-05-07 02:00:00,180.33,485.83,62.67,88.06,164.08,53.41,22.75,0.79,12.69,30.56,70.32,,,,,28.7,39.5,0.89,202.08,,0.0,12.5,740.0,
2016-05-07 03:00:00,148.83,533.33,50.67,83.54,143.61,61.88,30.42,0.6,14.2,21.22,47.07,,,,,28.37,39.58,1.12,150.58,,0.0,12.33,740.0,
2016-05-07 04:00:00,106.83,379.67,70.35,80.38,167.68,58.64,23.6,0.44,8.76,23.32,39.98,,,,,27.94,40.0,0.94,179.42,,0.0,12.58,740.0,
2016-05-07 05:00:00,113.83,387.67,228.21,91.38,393.31,63.62,27.24,0.77,15.77,23.42,36.1,,,,,27.38,41.17,0.67,261.16,,0.0,49.66,740.0,
2016-05-07 06:00:00,182.0,936.0,164.37,94.37,308.51,77.45,33.38,1.25,15.11,23.72,35.48,,,,,28.49,39.75,1.32,172.08,,0.0,344.33,740.0,
2016-05-07 07:00:00,190.33,383.0,47.42,88.9,144.0,63.89,32.94,1.11,14.96,25.78,40.92,,,,,30.52,36.75,2.04,128.92,,0.0,406.92,740.0,
2016-05-07 08:00:00,124.0,371.83,52.87,78.46,142.1,47.64,22.43,0.57,15.58,15.79,26.23,,,,,32.61,31.66,2.54,128.83,,0.0,427.0,740.0,
2016-05-07 09:00:00,88.0,324.33,58.2,105.97,173.86,57.04,28.61,0.66,14.26,14.82,26.77,,,,,34.75,29.42,2.19,180.58,,0.0,429.34,740.0,
2016-05-07 10:00:00,116.25,380.83,38.21,109.94,150.13,70.96,52.09,0.83,21.72,31.24,43.02,,,,,36.96,27.25,1.78,169.08,,0.0,436.5,740.0,
2016-05-07 11:00:00,158.0,433.17,31.21,102.68,134.14,62.38,35.77,0.53,24.45,20.67,29.08,,,,,39.79,22.58,1.51,191.16,,0.0,434.92,740.0,
2016-05-07 12:00:00,76.0,327.17,49.64,102.67,159.35,78.47,30.19,0.6,21.38,12.91,20.33,,,,,41.04,20.5,1.6,214.58,,0.0,432.83,740.0,
2016-05-07 13:00:00,64.5,336.83,14.73,70.39,82.8,73.52,19.55,0.55,29.94,10.69,17.32,,,,,40.6,20.83,2.02,196.75,,0.0,432.0,740.0,
2016-05-07 14:00:00,57.5,297.5,7.27,69.48,71.78,75.51,15.22,0.57,36.86,13.53,30.94,,,,,40.88,20.08,2.08,182.58,,0.0,422.75,740.0,
2016-05-07 15:00:00,61.5,267.83,11.12,75.3,82.25,56.76,14.12,0.82,65.09,14.43,32.96,,,,,39.92,20.92,2.08,186.33,,0.0,408.92,740.0,
2016-05-07 16:00:00,69.5,332.5,51.12,122.56,179.04,51.28,14.05,0.68,80.17,10.57,46.72,,,,,39.39,21.42,1.62,226.25,,0.0,385.0,740.0,
2016-05-07 17:00:00,70.67,337.33,5.17,74.52,73.44,41.67,12.7,0.38,72.38,10.29,39.94,,,,,37.49,24.08,3.21,101.66,,0.0,351.33,740.0,
2016-05-07 18:00:00,62.33,352.17,1.62,59.92,55.6,39.86,11.3,0.63,69.88,11.28,68.86,,,,,36.05,26.17,3.91,93.16,,0.0,165.42,740.0,
2016-05-07 19:00:00,57.33,374.0,3.67,94.56,89.23,56.19,11.53,0.8,36.76,16.34,50.59,,,,,35.08,28.33,2.77,93.67,,0.0,13.33,740.0,
2016-05-07 20:00:00,76.0,399.0,8.57,99.52,100.37,63.16,12.24,0.87,18.61,20.17,44.23,,,,,34.22,30.25,2.48,94.34,,0.0,12.66,740.0,
2016-05-07 21:00:00,89.83,371.0,14.94,106.12,114.95,68.33,16.95,0.88,15.34,18.94,52.75,,,,,33.73,31.0,2.04,100.33,,0.0,12.33,740.0,
2016-05-07 22:00:00,108.17,365.0,19.17,108.66,122.98,69.34,27.13,1.0,14.03,20.35,74.48,,,,,33.0,32.17,1.39,78.59,,0.0,12.5,740.0,
2016-05-07 23:00:00,104.83,412.83,35.42,107.99,144.58,54.06,40.54,1.36,14.13,22.08,68.69,,,,,32.14,33.83,1.2,77.25,,0.0,12.58,740.0,
2016-05-08 00:00:00,107.33,413.0,12.58,83.97,91.99,41.14,15.92,0.59,13.94,21.38,64.17,,,,,31.5,35.58,1.57,84.08,,0.0,12.58,740.0,
2016-05-08 01:00:00,101.67,346.0,22.01,79.78,101.16,44.62,12.99,0.68,15.55,26.52,52.93,,,,,30.63,38.17,0.82,79.58,,0.0,12.5,740.0,
2016-05-08 02:00:00,113.5,363.0,20.85,78.87,98.74,49.17,16.12,0.48,16.28,26.37,69.21,,,,,30.52,38.25,1.1,128.08,,0.0,12.16,740.0,
2016-05-08 03:00:00,107.83,403.0,14.01,73.76,84.85,60.28,19.29,0.47,17.74,27.08,59.62,,,,,30.28,39.0,1.21,116.08,,0.0,12.42,740.0,
2016-05-08 04:00:00,114.33,510.17,8.98,66.88,71.86,62.92,20.67,0.36,11.96,29.34,62.04,,,,,29.62,40.25,1.49,75.0,,0.0,12.67,740.0,
2016-05-08 05:00:00,108.67,323.0,31.11,77.95,111.93,71.56,21.08,0.66,15.09,26.56,55.45,,,,,29.32,40.5,1.57,88.0,,0.0,61.17,740.0,
2016-05-08 06:00:00,149.83,465.0,38.72,83.2,127.02,73.58,27.63,0.9,14.61,29.33,73.53,,,,,29.78,40.67,2.02,99.0,,0.0,343.17,740.0,
2016-05-08 07:00:00,162.33,484.17,13.34,67.86,78.63,64.49,29.53,1.2,14.32,30.52,39.75,,,,,30.73,41.08,3.02,107.25,,0.0,404.92,740.0,
2016-05-08 08:00:00,148.83,401.17,8.99,55.58,61.8,48.42,13.92,0.73,18.0,29.39,23.85,,,,,32.45,38.17,3.48,103.0,,0.0,425.58,740.0,
2016-05-08 09:00:00,121.33,381.17,6.08,58.58,60.49,53.86,10.69,0.6,21.08,21.84,20.13,,,,,34.83,33.67,3.18,96.16,,0.0,434.25,740.0,
2016-05-08 10:00:00,109.67,375.33,2.85,39.71,39.25,54.73,13.87,0.68,30.68,18.43,24.12,,,,,36.95,28.58,3.67,93.08,,0.0,438.42,740.0,
2016-05-08 11:00:00,91.5,357.0,3.77,54.98,54.14,60.29,16.27,0.5,30.66,14.4,21.29,,,,,38.51,27.16,3.46,105.34,,0.0,438.42,740.0,
2016-05-08 12:00:00,84.83,336.0,6.73,65.34,67.4,80.11,19.27,0.29,24.48,12.2,29.82,,,,,38.38,29.17,4.92,91.75,,0.0,438.16,740.0,
2016-05-08 13:00:00,91.83,462.67,4.9,58.02,58.38,80.16,22.42,0.46,23.73,10.41,49.88,,,,,38.64,28.08,4.79,79.66,,0.0,434.75,740.0,
2016-05-08 14:00:00,99.5,353.83,3.46,47.41,46.97,80.35,24.29,0.38,25.98,7.8,57.12,,,,,38.85,25.75,4.16,98.5,,0.0,428.42,740.0,
2016-05-08 15:00:00,66.5,273.5,2.28,41.69,40.27,58.28,25.14,0.57,22.99,6.78,27.71,,,,,39.18,24.92,3.32,103.66,,0.0,412.58,740.0,
2016-05-08 16:00:00,61.67,287.83,0.94,33.58,31.21,47.96,15.29,0.41,42.46,6.32,13.77,,,,,38.79,24.75,2.64,93.58,,0.0,390.75,740.0,
2016-05-08 17:00:00,50.67,238.67,1.92,53.68,50.44,43.06,10.71,0.75,49.02,7.63,41.19,,,,,37.6,27.42,3.81,94.42,,0.0,354.92,740.0,
2016-05-08 18:00:00,54.17,328.5,2.69,68.14,64.38,43.92,9.55,0.72,33.02,7.97,29.79,,,,,36.03,30.17,4.47,88.92,,0.0,223.92,740.0,
2016-05-08 19:00:00,56.67,352.83,3.05,62.88,60.16,66.11,9.79,0.79,20.21,9.43,41.45,,,,,34.76,32.92,3.34,91.08,,0.0,14.58,740.0,
2016-05-08 20:00:00,65.33,303.67,2.51,58.92,55.9,73.54,10.23,0.92,20.74,10.84,22.82,,,,,33.81,35.58,2.75,97.42,,0.0,12.5,740.0,
2016-05-08 21:00:00,69.33,256.67,2.63,59.76,56.82,81.52,10.57,0.96,22.18,13.77,22.34,,,,,33.1,37.16,2.81,93.17,,0.0,12.5,740.0,
2016-05-08 22:00:00,81.17,240.5,2.68,44.63,43.42,82.9,10.32,0.75,22.91,14.88,24.12,,,,,31.95,40.84,3.19,94.67,,0.0,12.5,740.0,
2016-05-08 23:00:00,80.5,289.83,1.91,40.09,38.32,60.04,10.37,0.84,20.65,11.02,15.02,,,,,31.12,44.0,3.77,93.42,,0.0,12.58,740.0,
2016-05-09 00:00:00,70.33,259.83,1.12,28.28,26.7,47.53,9.14,0.33,20.38,10.07,10.08,,,,,30.69,45.67,3.16,90.84,,0.0,12.5,740.0,
2016-05-09 01:00:00,58.33,186.33,1.14,21.54,20.74,58.34,8.67,0.31,19.42,10.04,7.78,,,,,30.38,46.0,3.41,98.75,,0.0,12.42,740.0,
2016-05-09 02:00:00,65.75,171.17,1.63,23.12,22.83,63.01,8.67,0.27,18.33,9.92,7.44,,,,,30.01,47.42,2.86,86.33,,0.0,12.33,740.0,
2016-05-09 03:00:00,71.67,165.83,2.0,33.67,32.69,86.12,8.28,0.22,13.77,10.03,8.55,,,,,29.65,48.25,2.46,84.75,,0.0,12.58,740.0,
2016-05-09 04:00:00,73.75,184.17,2.65,29.63,30.0,89.99,8.48,0.16,9.39,11.91,14.29,,,,,29.45,48.42,3.22,92.58,,0.0,12.67,740.0,
2016-05-09 05:00:00,80.33,195.67,6.06,47.94,50.98,118.76,9.07,0.39,15.33,15.42,28.27,,,,,28.74,50.75,3.38,83.92,,0.0,46.58,740.0,
2016-05-09 06:00:00,130.5,276.5,8.29,44.72,51.18,114.21,8.72,0.41,12.7,15.32,38.06,,,,,28.62,51.25,3.74,98.33,,0.0,287.25,740.0,
2016-05-09 07:00:00,121.0,288.83,6.46,43.23,47.34,81.02,,0.81,15.52,14.01,11.38,,,,,29.78,48.42,4.67,89.0,,0.0,402.25,740.0,
2016-05-09 08:00:00,106.0,317.0,5.04,35.11,38.16,59.64,6.98,0.45,16.59,11.28,12.03,,,,,31.04,44.58,5.22,93.42,,0.0,424.16,740.0,
2016-05-09 09:00:00,79.17,448.5,4.3,41.95,43.24,62.73,7.02,0.56,18.13,10.12,12.44,,,,,32.83,41.17,4.63,108.67,,0.0,433.83,740.0,
2016-05-09 10:00:00,69.5,368.67,3.43,40.64,40.89,67.53,7.06,0.39,22.08,10.15,15.14,,,,,34.67,36.34,4.74,107.0,,0.0,440.33,740.0,
2016-05-09 11:00:00,70.33,319.83,3.39,41.23,41.37,105.99,6.89,1.1,21.76,10.6,18.21,,,,,35.44,34.25,6.03,98.42,,0.0,444.42,740.0,
2016-05-09 12:00:00,83.67,405.67,3.2,37.32,37.62,86.68,7.56,1.02,19.26,8.62,14.55,,,,,36.31,32.08,5.64,100.25,,0.0,443.5,740.0,
2016-05-09 13:00:00,67.83,478.0,2.32,37.96,37.01,83.8,7.89,1.0,23.1,8.67,15.7,,,,,36.97,30.58,5.21,99.25,,0.0,440.25,740.0,
2016-05-09 14:00:00,69.33,284.67,2.8,33.59,33.78,79.05,50.89,0.96,25.31,6.86,13.42,,,,,37.35,28.42,5.45,95.17,,0.0,433.5,740.0,
2016-05-09 15:00:00,56.5,213.17,2.47,38.23,37.43,55.24,53.11,1.12,34.61,6.39,12.51,,,,,37.7,28.58,4.08,104.92,,0.0,420.08,740.0,
2016-05-09 16:00:00,57.67,190.33,2.72,44.18,43.08,53.75,16.42,0.98,51.84,7.52,17.36,,,,,37.04,29.92,4.53,94.17,,0.0,403.5,740.0,
2016-05-09 17:00:00,52.17,204.83,2.66,51.85,49.84,71.18,11.42,0.99,51.46,8.88,28.66,,,,,35.89,32.84,4.36,92.42,,0.0,368.67,740.0,
2016-05-09 18:00:00,60.5,260.33,2.24,50.25,47.84,62.3,10.72,1.11,44.96,11.02,28.46,,,,,34.21,35.58,4.52,96.96,,0.0,180.25,740.0,
2016-05-09 19:00:00,74.5,336.5,2.42,61.83,58.36,59.74,10.3,1.38,31.31,12.59,34.63,,,,,33.37,39.75,3.68,88.17,,0.0,13.34,740.0,
2016-05-09 20:00:00,83.33,311.0,3.23,67.56,64.62,48.66,7.95,1.62,22.26,16.14,34.93,,,,,32.64,42.0,3.01,98.42,,0.0,12.5,740.0,
2016-05-09 21:00:00,88.17,311.83,6.86,82.1,82.54,36.87,6.69,0.78,21.17,14.65,31.5,,,,,32.48,37.83,2.64,100.25,,0.0,12.34,740.0,
2016-05-09 22:00:00,79.17,264.17,5.63,83.42,82.01,40.71,6.22,0.51,17.09,14.95,65.69,,,,,32.18,35.08,2.18,89.42,,0.0,12.42,740.0,
2016-05-09 23:00:00,79.67,254.5,4.54,73.72,71.88,43.56,6.13,0.45,17.81,15.12,68.41,,,,,31.83,38.5,2.17,106.16,,0.0,12.25,740.0,
2016-05-10 00:00:00,80.33,269.83,15.68,76.56,89.62,54.37,7.06,0.65,14.16,18.91,45.6,,,,,31.3,39.83,1.38,161.83,,0.0,12.42,740.0,
2016-05-10 01:00:00,87.83,329.17,2.86,61.32,58.53,57.37,7.49,0.52,8.7,18.27,21.58,,,,,30.88,39.5,2.03,83.08,,0.0,12.5,740.0,
2016-05-10 02:00:00,73.17,196.5,13.12,83.51,92.28,64.34,8.79,1.09,16.06,16.21,176.68,,,,,30.49,40.5,1.68,94.58,,0.0,12.67,740.0,
2016-05-10 03:00:00,100.17,262.5,3.41,57.4,55.8,60.52,9.17,0.98,14.62,14.02,107.67,,,,,30.25,40.42,2.34,86.17,,0.0,12.5,740.0,
2016-05-10 04:00:00,85.67,199.0,23.32,76.34,99.85,47.48,8.28,1.55,17.1,16.42,57.04,,,,,29.68,42.92,1.78,85.66,,0.0,12.84,740.0,
2016-05-10 05:00:00,110.88,299.5,25.88,74.26,101.51,38.0,6.81,1.4,19.09,23.19,79.7,,,,,29.46,44.16,1.75,79.5,,0.0,76.25,740.0,
2016-05-10 06:00:00,132.5,344.5,20.31,72.74,92.54,46.7,6.51,1.61,16.25,26.08,75.75,,,,,30.13,43.66,3.38,85.58,,0.0,354.75,740.0,
2016-05-10 07:00:00,164.33,411.17,8.5,56.72,62.16,45.72,6.95,1.37,16.38,19.92,36.83,,,,,31.8,41.17,3.89,101.17,,0.0,407.5,740.0,
2016-05-10 08:00:00,109.67,318.83,4.88,39.22,41.62,61.07,8.98,1.16,17.31,16.12,19.9,,,,,33.12,39.58,5.02,90.42,,0.0,426.92,740.0,
2016-05-10 09:00:00,99.67,375.0,5.17,39.58,42.29,70.21,10.32,1.04,19.24,14.48,17.02,,,,,34.62,36.75,4.64,96.75,,0.0,437.16,740.0,
2016-05-10 10:00:00,86.33,370.0,3.15,37.5,37.72,82.75,14.83,1.0,20.9,14.2,17.48,,,,,35.69,34.83,5.57,99.67,,0.0,444.83,740.0,
2016-05-10 11:00:00,100.5,468.17,3.12,39.63,39.59,79.04,14.28,0.84,16.02,7.25,10.4,,,,,37.08,32.5,6.45,96.08,,0.0,446.67,740.0,
2016-05-10 12:00:00,85.33,693.67,3.73,39.86,40.62,58.13,11.7,1.08,16.12,5.91,36.11,,,,,37.29,31.67,6.67,95.5,,0.0,446.92,740.0,
2016-05-10 13:00:00,68.0,608.33,2.8,33.82,33.98,47.08,7.52,0.68,18.29,5.07,16.34,,,,,36.98,31.08,6.36,98.08,,0.0,445.0,740.0,
2016-05-10 14:00:00,46.33,517.0,4.56,44.66,46.01,39.93,5.63,0.56,23.3,4.38,15.01,,,,,37.42,29.58,5.31,101.75,,0.0,437.17,740.0,
2016-05-10 15:00:00,34.67,263.33,2.12,33.22,32.48,44.95,5.18,0.79,33.76,4.21,17.34,,,,,37.25,30.17,5.08,89.42,,0.0,425.83,740.0,
2016-05-10 16:00:00,22.5,205.17,3.22,41.73,41.58,67.92,9.55,2.87,22.97,5.72,23.56,,,,,36.79,30.58,4.97,93.5,,0.0,407.25,740.0,
2016-05-10 17:00:00,43.5,253.5,3.29,45.32,44.88,63.64,11.67,2.44,26.59,6.32,55.79,,,,,36.0,30.5,4.52,90.0,,0.0,368.08,740.0,
2016-05-10 18:00:00,35.33,235.5,2.33,48.52,46.42,52.62,11.76,0.72,37.43,5.54,23.88,,,,,34.98,30.25,4.25,91.33,,0.0,172.83,740.0,
2016-05-10 19:00:00,31.17,208.83,5.36,68.82,68.63,37.07,8.18,0.91,32.9,8.51,35.22,,,,,34.18,32.42,3.78,88.0,,0.0,13.34,740.0,
2016-05-10 20:00:00,30.5,226.0,15.66,83.2,95.52,53.18,7.57,0.99,13.46,12.68,163.42,,,,,33.02,36.67,3.48,79.17,,0.0,12.33,740.0,
2016-05-10 21:00:00,48.5,276.5,25.37,86.89,112.08,52.18,7.32,1.15,47.56,12.75,226.98,,,,,32.21,37.42,1.85,99.92,,0.0,12.42,740.0,
2016-05-10 22:00:00,60.83,234.17,24.05,59.9,86.29,50.18,6.91,0.87,17.37,19.92,92.52,,,,,31.1,42.42,2.11,132.83,,0.0,12.25,740.0,
2016-05-10 23:00:00,105.5,358.83,8.39,51.51,57.33,47.46,6.22,0.7,23.33,15.37,36.24,,,,,30.06,43.67,2.76,85.42,,0.0,12.84,740.0,
2016-05-11 00:00:00,81.5,224.0,5.37,66.08,66.21,47.98,6.92,1.16,58.85,17.53,85.36,,,,,30.69,39.92,2.92,87.83,,0.0,12.42,740.0,
2016-05-11 01:00:00,74.0,297.17,4.32,23.72,27.03,44.07,7.17,0.76,21.03,10.03,114.79,,,,,24.61,48.84,3.92,220.58,,0.0,13.92,740.0,
2016-05-11 02:00:00,69.5,663.5,13.83,45.31,59.28,53.35,7.62,0.93,33.05,6.92,40.98,,,,,26.16,66.5,2.02,118.42,,0.0,13.58,740.0,
2016-05-11 03:00:00,58.67,156.0,21.33,86.08,105.85,56.99,7.49,0.82,67.3,8.75,51.08,,,,,26.16,62.75,2.62,109.92,,0.0,12.5,740.0,
2016-05-11 04:00:00,68.0,103.17,29.93,70.96,104.06,58.84,7.57,0.64,45.04,9.08,62.46,,,,,26.62,60.08,0.95,164.0,,0.0,13.16,740.0,
2016-05-11 05:00:00,48.17,90.67,56.86,74.73,144.2,106.7,8.24,0.6,71.11,7.86,30.64,,,,,26.57,57.0,1.44,163.92,,0.0,49.5,740.0,
2016-05-11 06:00:00,49.17,99.33,20.61,46.11,69.22,133.56,6.76,0.42,20.47,6.56,12.14,,,,,25.36,61.5,3.05,95.58,,0.0,291.33,740.0,
2016-05-11 07:00:00,51.67,94.5,50.36,76.51,136.92,171.25,7.76,0.76,49.94,7.96,14.99,,,,,25.92,61.42,2.72,82.75,,0.0,401.0,740.0,
2016-05-11 08:00:00,59.33,68.5,41.05,72.11,120.31,126.57,7.61,1.05,18.28,9.22,118.39,,,,,28.59,53.58,3.42,87.5,,0.0,443.83,740.0,
2016-05-11 09:00:00,56.67,103.67,24.53,56.69,84.07,169.27,6.45,0.66,43.56,8.42,41.02,,,,,31.75,45.75,2.23,112.0,,0.0,447.25,740.0,
2016-05-11 10:00:00,62.0,124.83,10.18,58.3,65.82,119.11,6.18,0.72,22.62,11.86,36.34,,,,,34.26,39.84,2.02,130.75,,0.0,449.08,740.0,
2016-05-11 11:00:00,74.83,168.5,15.46,71.12,84.51,137.06,6.46,1.13,22.02,13.97,39.17,,,,,37.43,33.08,1.84,170.08,,0.0,448.92,740.0,
2016-05-11 12:00:00,88.33,199.33,12.72,70.32,80.03,119.74,5.24,1.23,21.74,13.03,44.96,,,,,38.15,30.92,2.24,149.5,,0.0,445.67,740.0,
2016-05-11 13:00:00,79.5,228.67,5.41,56.14,57.39,89.88,4.0,0.88,19.45,10.31,39.38,,,,,37.69,31.92,3.0,120.92,,0.0,442.58,740.0,
2016-05-11 14:00:00,55.83,163.0,4.12,47.32,47.8,78.04,3.51,0.94,18.62,7.5,29.66,,,,,37.56,32.0,3.1,121.08,,0.0,435.84,740.0,
2016-05-11 15:00:00,71.17,150.0,2.88,49.57,47.98,61.55,3.34,0.81,17.25,7.64,40.69,,,,,37.38,32.83,3.26,102.25,,0.0,424.0,740.0,
2016-05-11 16:00:00,51.5,178.5,3.04,55.7,53.75,56.52,6.04,0.75,16.06,8.26,36.92,,,,,36.84,33.92,3.25,100.25,,0.0,404.42,740.0,
2016-05-11 17:00:00,49.17,158.0,5.41,62.87,63.38,51.72,7.69,0.86,13.29,8.48,37.71,,,,,35.51,36.92,4.24,82.25,,0.0,372.75,740.0,
2016-05-11 18:00:00,51.33,223.0,9.94,97.02,100.01,54.12,7.98,0.92,15.0,9.67,85.56,,,,,34.44,38.25,3.51,89.92,,0.0,200.75,740.0,
2016-05-11 19:00:00,57.0,241.67,13.42,98.61,106.2,82.54,8.12,1.31,5.96,12.18,109.85,,,,,33.58,39.33,2.96,86.08,,0.0,14.17,740.0,
2016-05-11 20:00:00,55.33,210.17,7.22,76.1,77.67,103.85,6.78,1.25,10.92,13.02,42.29,,,,,32.45,46.58,2.89,91.75,,0.0,12.42,740.0,
2016-05-11 21:00:00,72.17,212.33,8.71,80.41,83.56,99.92,7.34,1.33,12.18,15.19,34.71,,,,,31.95,47.08,2.04,97.83,,0.0,12.33,740.0,
2016-05-11 22:00:00,74.67,220.17,25.8,82.0,108.25,84.07,7.66,0.99,14.6,17.26,31.67,,,,,31.32,49.58,2.69,99.0,,0.0,12.67,740.0,
2016-05-11 23:00:00,83.5,227.0,4.61,45.09,46.48,51.88,6.64,0.59,15.29,11.48,22.38,,,,,30.36,52.84,1.7,90.5,,0.0,12.25,740.0,
2016-05-12 00:00:00,84.83,231.5,8.32,28.66,36.89,39.81,7.1,2.86,13.8,12.34,39.86,,,,,29.87,54.75,0.74,146.83,,0.0,12.08,740.0,
2016-05-12 01:00:00,84.83,254.5,51.3,27.0,94.1,38.37,8.2,0.84,12.79,14.21,57.06,,,,,29.46,57.5,0.36,212.17,,0.0,12.08,740.0,
2016-05-12 02:00:00,112.0,371.83,22.12,21.26,49.16,81.06,7.96,0.97,14.7,14.52,40.6,,,,,29.1,59.5,0.48,142.67,,0.0,12.16,740.0,
2016-05-12 03:00:00,104.83,344.33,57.15,17.9,93.99,160.12,9.64,1.89,149.02,15.45,228.12,,,,,28.71,61.09,0.31,89.17,,0.0,12.67,740.0,
2016-05-12 04:00:00,135.5,447.0,70.53,59.03,148.91,103.88,8.2,1.72,10.12,17.24,238.77,,,,,28.56,61.0,0.38,159.67,,0.0,12.67,740.0,
2016-05-12 05:00:00,118.33,380.67,68.47,281.44,268.71,126.28,6.61,1.8,0.6,21.75,107.94,,,,,28.78,60.58,1.14,101.83,,0.0,95.75,740.0,
2016-05-12 06:00:00,119.33,389.5,33.6,99.03,134.08,175.99,5.08,1.74,,20.86,61.47,,,,,29.42,60.0,2.42,114.5,,0.0,368.58,740.0,
2016-05-12 07:00:00,115.83,350.67,47.36,40.65,100.9,169.4,5.86,1.63,,18.37,50.71,,,,,31.61,53.58,1.8,152.75,,0.0,411.67,740.0,
2016-05-12 08:00:00,117.0,415.17,44.7,37.49,94.43,97.94,7.35,1.6,5.92,11.89,25.06,,,,,34.21,47.09,1.59,171.25,,0.0,425.58,740.0,
2016-05-12 09:00:00,127.83,491.83,22.62,145.52,160.44,198.22,6.84,1.74,12.75,16.34,33.68,,,,,36.6,41.0,1.53,164.67,,0.0,431.83,740.0,
2016-05-12 10:00:00,131.33,409.33,32.07,84.18,118.81,208.32,7.25,1.52,14.56,14.08,41.33,,,,,38.92,32.42,1.67,259.5,,0.0,435.16,740.0,
2016-05-12 11:00:00,121.0,668.0,29.79,76.72,109.02,170.47,7.28,1.42,12.88,10.88,25.73,,,,,40.79,28.66,1.84,214.0,,0.0,436.25,740.0,
2016-05-12 12:00:00,87.0,402.67,37.24,104.0,143.36,151.58,7.53,1.48,18.0,12.88,25.63,,,,,41.88,25.75,1.66,235.33,,0.0,434.08,740.0,
2016-05-12 13:00:00,94.17,521.83,14.61,80.37,91.55,134.88,7.24,1.31,18.12,13.7,29.18,,,,,42.37,24.0,1.81,236.5,,0.0,428.25,740.0,
2016-05-12 14:00:00,106.33,531.17,29.05,96.96,126.06,115.7,7.5,1.35,15.68,14.52,31.39,,,,,42.22,23.67,2.31,275.75,,0.0,420.84,740.0,
2016-05-12 15:00:00,111.83,664.67,43.14,106.54,153.52,85.61,7.84,1.05,10.88,12.46,24.92,,,,,42.19,23.16,2.26,257.67,,0.0,407.17,740.0,
2016-05-12 16:00:00,101.83,563.17,34.88,82.35,120.99,74.55,6.85,0.78,10.71,11.02,21.78,,,,,41.69,22.75,1.95,239.17,,0.0,389.92,740.0,
2016-05-12 17:00:00,82.0,501.83,40.92,92.11,137.78,70.03,6.28,0.86,12.27,8.28,18.11,,,,,39.54,27.84,1.87,193.58,,0.0,361.0,740.0,
2016-05-12 18:00:00,88.0,562.83,39.0,120.9,160.96,81.22,6.33,1.07,15.56,8.34,19.05,,,,,37.76,29.5,1.23,180.0,,0.0,200.25,740.0,
2016-05-12 19:00:00,96.67,560.5,38.14,151.78,187.28,109.32,6.16,1.64,16.53,16.2,53.42,,,,,36.18,31.75,0.75,125.67,,0.0,14.08,740.0,
2016-05-12 20:00:00,123.17,645.12,39.83,146.63,185.04,109.63,6.22,2.32,24.45,26.4,97.64,,,,,35.33,34.08,1.43,75.25,,0.0,12.67,740.0,
2016-05-12 21:00:00,161.5,739.83,22.59,131.91,148.38,93.48,5.36,2.13,24.22,28.66,74.72,,,,,34.66,35.75,1.38,81.09,,0.0,12.33,740.0,
2016-05-12 22:00:00,153.17,630.0,92.79,144.42,255.16,77.45,5.72,2.27,163.85,23.25,83.79,,,,,34.45,36.33,0.9,114.08,,0.0,13.0,740.0,
2016-05-12 23:00:00,188.0,710.0,140.31,126.98,304.54,60.64,8.33,2.95,124.83,34.7,93.72,,,,,34.12,39.58,1.16,207.75,,0.0,12.17,740.0,
2016-05-13 00:00:00,244.0,744.0,123.88,36.14,201.41,48.76,8.3,1.42,100.58,35.7,94.28,,,,,32.27,49.92,0.94,245.08,,0.0,12.75,740.0,
2016-05-13 01:00:00,160.67,685.67,43.34,29.99,85.88,32.42,6.27,0.32,80.98,28.97,73.94,,,,,32.34,44.0,0.7,185.0,,0.0,12.5,740.0,
2016-05-13 02:00:00,95.83,398.0,104.82,22.03,162.76,60.85,7.94,0.87,49.16,23.29,71.49,,,,,31.09,49.92,0.32,187.42,,0.0,12.33,740.0,
2016-05-13 03:00:00,115.33,504.33,174.23,55.03,286.97,115.98,11.16,0.77,40.54,26.72,204.92,,,,,30.9,50.17,0.43,103.33,,0.0,12.84,740.0,
2016-05-13 04:00:00,180.67,885.33,195.36,229.88,494.84,141.1,7.96,1.28,58.69,26.37,108.83,,,,,30.73,50.67,0.38,74.67,,0.0,12.75,740.0,
2016-05-13 05:00:00,262.17,632.0,384.88,95.78,461.23,216.22,11.56,2.45,75.82,35.63,81.66,,,,,30.62,52.41,0.3,170.08,,0.0,80.84,740.0,
2016-05-13 06:00:00,322.33,,309.81,104.74,450.65,196.69,11.18,1.88,30.61,40.71,93.87,,,,,32.22,48.67,0.41,232.08,,0.0,354.16,740.0,
2016-05-13 07:00:00,263.33,589.0,274.14,129.72,306.96,112.34,9.46,1.11,7.47,27.64,65.09,,,,,35.11,38.67,1.56,244.75,,0.0,397.58,740.0,
2016-05-13 08:00:00,107.5,610.67,95.92,90.25,211.72,131.19,4.91,0.27,8.66,14.57,34.72,,,,,36.95,31.16,1.55,154.58,,0.0,413.5,740.0,
2016-05-13 09:00:00,108.0,711.83,76.11,117.08,208.1,109.34,3.55,0.73,37.55,21.71,40.86,,,,,38.56,30.83,1.63,212.92,,0.0,420.83,740.0,
2016-05-13 10:00:00,163.17,666.67,76.69,101.85,195.45,107.84,3.42,0.23,14.62,24.63,43.19,,,,,40.32,24.08,2.53,275.41,,0.0,435.17,740.0,
2016-05-13 11:00:00,113.0,588.5,62.62,92.6,168.08,119.52,3.15,0.2,13.85,17.98,30.82,,,,,42.67,20.75,2.22,253.84,,0.0,433.84,740.0,
2016-05-13 12:00:00,103.5,434.83,56.16,85.18,152.5,105.02,5.48,0.1,13.94,15.04,28.15,,,,,43.82,18.58,2.1,256.09,,0.0,432.33,740.0,
2016-05-13 13:00:00,87.83,439.33,38.56,75.74,120.12,103.88,6.27,0.1,12.42,11.78,25.91,,,,,44.26,17.08,2.59,267.58,,0.0,429.25,740.0,
2016-05-13 14:00:00,67.83,361.17,25.48,67.39,94.72,95.09,6.31,1.05,8.88,8.95,20.86,,,,,44.81,16.25,1.91,227.75,,0.0,417.92,740.0,
2016-05-13 15:00:00,48.33,337.0,13.32,58.03,69.91,69.38,7.33,0.95,7.82,7.0,19.31,,,,,,16.08,2.09,192.92,,0.0,406.42,740.0,
2016-05-13 16:00:00,57.5,362.0,17.08,74.7,89.84,64.71,9.67,1.02,41.64,7.85,25.02,,,,,,18.75,2.61,104.83,,0.0,386.58,740.0,
2016-05-13 17:00:00,72.0,482.17,21.47,88.42,108.08,68.86,10.37,1.32,62.11,12.44,42.55,,,,,,22.67,2.7,85.33,,0.0,276.41,740.0,
2016-05-13 18:00:00,80.17,458.0,59.87,35.31,113.15,73.04,10.62,1.12,23.69,14.16,55.22,,,,,,36.5,3.48,183.58,,0.0,160.42,740.0,
2016-05-13 19:00:00,72.0,280.0,211.02,127.28,343.51,97.5,14.05,2.57,210.7,19.98,88.69,,,,,,49.08,0.82,146.5,,0.0,15.75,740.0,
2016-05-13 20:00:00,84.0,326.67,340.84,118.39,,121.71,13.34,4.01,118.1,39.2,253.54,,,,,,48.16,1.21,246.75,,0.0,13.16,740.0,
2016-05-13 21:00:00,116.67,567.33,290.27,106.94,414.32,145.2,10.96,2.98,20.85,32.05,99.95,,,,,,40.92,0.6,230.67,,0.0,13.16,740.0,
2016-05-13 22:00:00,102.33,588.5,240.92,92.11,411.14,102.16,9.62,3.0,23.84,31.37,73.94,,,,,,39.5,0.68,158.42,,0.0,13.0,740.0,
2016-05-13 23:00:00,95.0,518.17,29.49,57.34,91.32,73.87,4.63,1.53,27.83,30.08,72.72,,,,,,37.75,2.86,146.92,,0.0,13.0,740.0,
2016-05-14 00:00:00,113.83,503.67,19.44,56.09,76.54,61.75,6.19,0.99,23.0,11.54,31.04,,,,,,39.42,1.62,119.42,,0.0,12.5,740.0,
2016-05-14 01:00:00,58.17,242.83,5.54,48.78,51.03,79.56,6.64,0.96,12.36,11.64,18.46,,,,,,37.92,1.1,100.25,,0.0,12.42,740.0,
2016-05-14 02:00:00,59.33,229.83,64.24,70.93,150.95,104.81,7.81,1.0,12.98,9.22,24.42,,,,,,41.75,0.47,193.33,,0.0,12.75,740.0,
2016-05-14 03:00:00,66.83,455.33,154.91,78.25,281.25,115.01,10.42,1.69,16.64,16.4,23.36,,,,,,46.92,0.37,220.84,,0.0,12.92,740.0,
2016-05-14 04:00:00,100.17,780.83,248.8,80.26,411.26,125.66,10.65,2.1,27.84,28.96,46.28,,,,,,46.83,0.81,264.67,,0.0,12.67,740.0,
2016-05-14 05:00:00,127.5,875.0,221.55,77.7,371.76,101.41,10.61,2.54,39.44,31.15,55.05,,,,,,47.34,1.06,187.17,,0.0,97.84,740.0,
2016-05-14 06:00:00,157.17,925.0,191.43,76.94,329.87,80.92,9.79,2.0,47.33,30.76,60.96,,,,,,41.25,0.88,237.08,,0.0,366.66,740.0,
2016-05-14 07:00:00,137.67,842.0,54.82,74.21,140.98,70.67,5.46,0.43,46.16,18.96,44.78,,,,,,35.08,0.44,127.42,,0.0,407.16,740.0,
2016-05-14 08:00:00,108.83,433.33,49.45,83.24,141.73,78.78,7.44,0.97,36.0,17.02,39.4,,,,,,30.17,1.14,188.58,,0.0,422.0,740.0,
2016-05-14 09:00:00,88.75,438.17,12.23,70.38,79.42,94.29,7.22,0.88,26.18,14.63,32.71,,,,,,28.33,2.08,126.25,,0.0,433.75,740.0,
2016-05-14 10:00:00,97.33,307.83,11.42,80.62,87.43,141.2,9.54,0.99,17.73,17.09,47.15,,,,,,25.5,1.92,140.0,,0.0,437.25,740.0,
2016-05-14 11:00:00,121.17,325.17,28.19,81.76,111.32,123.77,10.24,1.01,14.22,15.85,41.17,,,,,,21.08,1.77,190.0,,0.0,438.25,740.0,
2016-05-14 12:00:00,85.0,316.0,15.34,85.38,96.96,100.89,6.7,1.04,15.56,12.38,29.37,,,,,,17.58,1.48,197.08,,0.0,433.08,740.0,
2016-05-14 13:00:00,103.17,543.0,17.77,95.49,109.3,93.66,10.27,1.08,76.93,12.38,28.34,,,,,,17.42,1.63,222.17,,0.0,426.34,740.0,
2016-05-14 14:00:00,113.5,533.0,17.3,85.95,100.22,96.09,7.99,0.84,53.96,10.69,20.72,,,,,,17.08,1.89,174.58,,0.0,421.34,740.0,
2016-05-14 15:00:00,83.83,464.67,21.12,79.84,99.95,77.01,10.22,0.6,26.62,7.58,14.31,,,,,,17.0,1.67,194.5,,0.0,409.92,740.0,
2016-05-14 16:00:00,74.83,408.67,38.2,87.57,130.12,72.81,14.48,0.52,18.48,7.26,11.48,,,,,,17.17,1.45,199.83,,0.0,391.67,740.0,
2016-05-14 17:00:00,83.67,562.33,76.65,107.29,200.24,83.22,17.73,0.68,36.52,4.98,13.13,,,,,,18.84,1.18,159.83,,0.0,360.42,740.0,
2016-05-14 18:00:00,81.67,428.67,18.8,125.78,137.75,94.46,39.72,1.23,40.79,10.49,49.46,,,,,,21.5,1.27,78.0,,0.0,206.83,740.0,
2016-05-14 19:00:00,118.83,377.0,175.25,157.88,328.23,95.49,25.27,3.76,127.92,16.02,200.52,,,,,,26.75,0.38,132.0,,0.0,15.17,740.0,
2016-05-14 20:00:00,301.67,,351.16,153.94,437.63,84.89,15.28,3.93,80.22,22.97,179.79,,,,,,31.25,0.35,196.67,,0.0,12.5,740.0,
2016-05-14 21:00:00,282.83,,345.1,161.83,,91.26,13.88,5.25,67.03,36.68,159.57,,,,,,36.0,0.31,195.92,,0.0,12.58,740.0,
2016-05-14 22:00:00,453.5,,447.58,154.88,,118.08,14.79,7.94,69.13,52.21,158.09,,,,,,37.08,0.56,187.42,,0.0,12.67,740.0,
2016-05-14 23:00:00,342.5,952.0,296.22,138.47,406.64,158.56,15.96,7.13,24.07,57.1,164.36,,,,,,35.75,0.65,74.0,,0.0,12.58,740.0,
2016-05-15 00:00:00,268.38,952.0,386.06,135.63,441.23,173.73,13.26,2.17,,55.52,154.01,,,,,,39.83,0.31,104.5,,0.0,13.0,740.0,
2016-05-15 01:00:00,387.38,952.0,305.77,119.21,429.45,186.92,12.08,1.33,,51.69,140.05,,,,,,41.42,0.34,139.75,,0.0,13.08,740.0,
2016-05-15 02:00:00,320.0,,,133.97,,208.6,16.03,1.43,,53.73,140.53,,,,,,44.67,0.4,113.67,,0.0,13.0,740.0,
2016-05-15 03:00:00,,,,,,,,,,,,,,,,,,,,,0.0,,,
2016-05-15 04:00:00,,,,,,,,,,,,,,,,,,,,,0.0,,,
2016-05-15 05:00:00,,,,,,,,,,,,,,,,,,,,,0.0,,,
2016-05-15 06:00:00,,,,,,,,,,,,,,,,,,,,,0.0,,,
2016-05-15 07:00:00,,,,,,,,,,,,,,,,,,,,,0.0,,,
2016-05-15 08:00:00,,,,,,,,,,,,,,,,,,,,,0.0,,,
2016-05-15 09:00:00,,,,,,,,,,,,,,,,,,,,,0.0,,,
2016-05-15 10:00:00,154.67,541.66,20.15,88.1,106.12,85.9,,0.83,6.8,22.36,32.15,,,,,,17.83,1.4,199.0,,0.0,423.33,740.0,
2016-05-15 11:00:00,152.25,550.67,20.14,74.39,93.68,86.13,,0.35,25.06,20.63,29.23,,,,,,16.58,1.68,223.67,,0.0,427.67,740.0,
2016-05-15 12:00:00,121.25,472.5,35.27,80.51,119.87,84.79,14.37,0.25,26.94,12.78,19.68,,,,,,15.42,1.62,215.5,,0.0,427.83,740.0,
2016-05-15 13:00:00,85.88,387.33,16.34,69.28,84.06,86.8,13.04,0.17,25.97,9.82,19.62,,,,,,14.25,2.0,216.33,,0.0,422.75,740.0,
2016-05-15 14:00:00,71.0,364.33,27.82,69.82,100.15,86.36,36.4,0.26,31.71,5.71,11.79,,,,,,16.0,2.08,206.92,,0.0,409.58,740.0,
2016-05-15 15:00:00,71.5,332.33,22.16,73.12,95.39,63.93,38.11,0.18,3.93,4.57,10.02,,,,,,15.33,1.61,241.25,,0.0,393.17,740.0,
2016-05-15 16:00:00,72.38,402.33,19.15,60.73,80.23,56.78,17.47,0.24,13.99,5.62,12.43,,,,,43.26,15.33,1.88,160.58,,0.0,385.5,740.0,
2016-05-15 17:00:00,54.67,344.67,20.71,65.48,86.61,59.82,17.75,0.36,14.87,6.62,13.21,,,,,42.17,15.42,2.04,117.83,,0.0,356.5,740.0,
2016-05-15 18:00:00,58.62,349.17,22.28,85.95,107.01,65.16,21.83,0.35,6.98,7.42,12.42,,,,,40.45,17.17,1.68,76.66,,0.0,212.75,740.0,
2016-05-15 19:00:00,66.62,391.67,50.63,94.58,153.38,58.2,49.19,1.12,87.6,9.35,23.4,,,,,38.8,19.84,1.12,89.5,,0.0,15.16,740.0,
2016-05-15 20:00:00,105.62,575.0,203.42,94.77,362.27,58.8,22.03,2.51,189.97,13.79,56.82,,,,,36.92,24.67,0.34,144.75,,0.0,12.67,740.0,
2016-05-15 21:00:00,195.75,919.0,135.95,92.4,267.75,56.06,14.15,1.59,44.36,16.38,60.06,,,,,36.25,24.25,0.45,220.92,,0.0,12.58,740.0,
2016-05-15 22:00:00,155.62,891.5,,,,,16.7,1.05,33.63,15.66,38.0,,,,,35.91,23.5,0.94,246.17,,0.0,12.5,740.0,
2016-05-15 23:00:00,149.62,754.0,,,,,27.69,1.73,11.03,15.33,33.2,,,,,34.41,26.67,0.6,204.58,,0.0,12.5,740.0,
2016-05-16 00:00:00,250.75,552.0,,,,,36.06,0.3,,12.64,24.09,,,,,34.36,24.75,0.74,191.25,,0.0,12.42,740.0,
2016-05-16 01:00:00,94.0,551.33,,,,,25.51,0.57,,12.61,22.67,,,,,33.52,25.92,0.97,230.08,,0.0,12.66,740.0,
2016-05-16 02:00:00,94.25,619.67,,,,,20.41,1.05,15.3,13.34,24.26,,,,,32.22,29.67,0.5,136.42,,0.0,12.42,740.0,
2016-05-16 03:00:00,155.25,978.0,206.1,91.25,362.75,57.2,9.22,1.83,18.39,15.82,32.21,,,,,31.12,32.25,0.43,215.0,,0.0,12.75,740.0,
2016-05-16 04:00:00,221.75,,273.68,78.17,420.09,56.4,10.55,1.22,29.06,15.98,26.96,,,,,31.08,32.16,0.7,217.67,,0.0,12.58,740.0,
2016-05-16 05:00:00,185.0,,436.7,79.9,,62.9,16.26,1.83,37.48,11.27,22.04,,,,,30.67,33.66,0.46,197.25,,0.0,113.5,740.0,
2016-05-16 06:00:00,209.5,,,,,,24.52,1.14,4.25,12.67,25.77,,,,,33.47,29.92,1.12,276.08,,0.0,371.75,740.0,
2016-05-16 07:00:00,219.62,663.0,,,,,43.01,0.46,,13.21,21.63,,,,,36.38,23.08,2.04,289.41,,0.0,405.17,740.0,
2016-05-16 08:00:00,165.12,644.83,,,,,47.26,0.36,1.63,13.9,17.95,,,,,38.35,20.08,2.1,286.59,,0.0,421.08,740.0,
2016-05-16 09:00:00,136.5,527.0,,,,,22.9,0.27,21.05,10.18,15.04,,,,,40.63,16.67,1.94,286.67,,0.0,429.08,740.0,
2016-05-16 10:00:00,75.38,395.17,33.92,92.74,129.08,78.32,16.15,0.52,29.87,9.2,15.52,,,,,42.54,14.0,2.15,258.5,,0.0,432.84,740.0,
2016-05-16 11:00:00,64.38,399.83,33.18,95.74,130.3,75.56,17.28,0.76,17.92,7.66,15.36,,,,,43.82,12.92,2.31,256.83,,0.0,434.58,740.0,
2016-05-16 12:00:00,67.38,399.33,73.62,120.98,208.36,56.45,14.2,0.68,18.96,13.63,27.81,,,,,44.52,11.58,3.14,282.08,,0.0,434.92,740.0,
2016-05-16 13:00:00,68.12,640.33,60.52,99.03,170.86,64.84,12.16,0.45,19.61,14.91,31.03,,,,,45.31,9.08,3.13,272.75,,0.0,430.17,740.0,
2016-05-16 14:00:00,54.5,457.67,70.51,98.38,183.77,79.22,12.49,0.45,24.33,9.34,21.32,,,,,45.54,8.84,3.04,281.42,,0.0,421.0,740.0,
2016-05-16 15:00:00,50.38,432.83,65.95,79.38,161.37,67.53,10.55,0.42,22.72,4.4,11.53,,,,,44.79,8.92,3.38,287.59,,0.0,411.25,740.0,
2016-05-16 16:00:00,45.75,405.17,75.33,74.59,169.42,60.43,11.84,0.44,32.33,3.63,10.53,,,,,,9.08,3.09,285.5,,0.0,394.08,740.0,
2016-05-16 17:00:00,43.5,332.67,55.18,69.11,137.06,53.74,15.01,0.45,41.92,3.43,10.02,,,,,,10.42,2.1,248.67,,0.0,361.33,740.0,
2016-05-16 18:00:00,44.62,298.33,75.63,99.34,191.87,57.78,20.93,0.92,27.36,4.61,16.95,,,,,,13.58,1.32,206.17,,0.0,163.0,740.0,
2016-05-16 19:00:00,79.25,472.0,66.68,93.49,174.46,57.98,38.92,1.28,21.82,9.7,19.87,,,,,,16.58,1.72,228.42,,0.0,15.58,740.0,
2016-05-16 20:00:00,91.75,559.83,98.64,105.58,228.88,34.39,13.56,0.96,18.12,10.08,23.22,,,,,,16.92,1.34,194.33,,0.0,12.67,740.0,
2016-05-16 21:00:00,80.38,699.0,350.58,129.61,453.13,37.01,13.86,1.86,24.93,13.12,28.99,,,,,,20.5,0.65,262.09,,0.0,12.16,740.0,
2016-05-16 22:00:00,168.5,,331.2,132.71,,39.53,12.98,1.52,26.28,18.62,32.59,,,,,,21.83,0.99,259.75,,0.0,12.17,740.0,
2016-05-16 23:00:00,211.75,492.0,148.68,122.54,312.23,47.66,10.79,1.42,25.23,17.36,32.38,,,,,,20.67,1.63,280.09,,0.0,12.33,740.0,
2016-05-17 00:00:00,102.75,542.17,143.38,104.48,288.99,62.42,8.56,0.96,27.47,20.25,43.43,,,,,,23.08,1.48,261.5,,0.0,12.58,740.0,
2016-05-17 01:00:00,131.75,730.33,44.9,66.15,120.21,66.22,8.91,0.29,20.46,14.62,31.17,,,,,,24.58,1.87,264.5,,0.0,12.5,740.0,
2016-05-17 02:00:00,98.62,418.5,34.19,56.97,97.47,60.56,8.46,0.17,21.22,10.64,19.98,,,,,,26.25,1.37,256.67,,0.0,12.33,740.0,
2016-05-17 03:00:00,74.25,404.17,48.86,47.43,109.01,49.62,5.46,0.37,16.27,11.38,19.11,,,,,,26.42,1.37,251.92,,0.0,12.33,740.0,
2016-05-17 04:00:00,76.38,387.83,168.18,63.64,286.35,57.93,9.67,0.76,15.96,9.96,20.54,,,,,,29.83,0.61,186.67,,0.0,12.5,740.0,
2016-05-17 05:00:00,129.0,854.12,292.28,78.56,449.86,67.07,11.69,1.23,17.1,12.26,23.57,,,,,,32.92,0.66,233.33,,0.0,104.16,740.0,
2016-05-17 06:00:00,145.0,869.0,296.54,77.78,442.56,66.08,12.2,1.23,13.64,13.41,24.25,,,,,,30.5,1.12,269.08,,0.0,364.16,740.0,
2016-05-17 07:00:00,199.25,489.0,195.56,93.72,350.57,66.23,10.21,1.18,19.63,14.22,19.38,,,,,,25.33,2.24,280.67,,0.0,403.75,740.0,
2016-05-17 08:00:00,140.38,518.5,176.8,96.68,327.74,75.07,12.96,1.41,20.62,14.14,17.94,,,,,,23.08,2.88,276.5,,0.0,421.25,740.0,
2016-05-17 09:00:00,150.38,663.17,188.69,115.88,360.79,69.83,14.31,0.94,18.55,11.5,16.06,,,,,,20.25,2.52,271.75,,0.0,429.34,740.0,
2016-05-17 10:00:00,100.5,631.5,61.0,108.8,180.31,67.03,7.91,0.36,22.17,9.33,15.12,,,,,,17.08,1.98,253.83,,0.0,432.17,740.0,
2016-05-17 11:00:00,75.12,529.62,66.84,112.44,191.39,80.66,10.99,0.7,24.81,7.7,12.84,,,,,,14.75,2.3,270.92,,0.0,434.92,740.0,
2016-05-17 12:00:00,67.62,425.0,33.54,85.24,121.73,74.74,13.58,1.36,26.06,3.74,7.54,,,,,,13.08,2.53,264.42,,0.0,433.5,740.0,
2016-05-17 13:00:00,56.62,418.25,55.32,86.2,152.35,62.78,11.82,1.27,25.46,3.15,9.18,,,,,,11.75,3.79,278.33,,0.0,429.75,740.0,
2016-05-17 14:00:00,47.12,506.75,43.71,76.34,127.55,54.24,9.92,1.6,39.61,2.83,6.77,,,,,,9.84,3.45,276.5,,0.0,421.92,740.0,
2016-05-17 15:00:00,48.25,468.62,60.87,73.09,147.03,46.28,8.12,1.83,33.95,2.42,6.66,,,,,44.69,9.67,3.74,282.91,,0.0,410.92,739.33,
2016-05-17 16:00:00,48.5,398.75,60.5,71.86,146.58,46.47,8.83,1.83,58.51,3.38,8.25,,,,,44.46,9.75,3.02,288.92,,0.0,394.83,739.0,
2016-05-17 17:00:00,40.25,326.75,51.88,65.83,129.64,47.31,10.18,1.91,75.28,3.39,8.73,,,,,43.27,11.58,2.88,273.25,,0.0,365.25,739.0,
2016-05-17 18:00:00,53.62,365.0,50.55,74.52,135.43,38.39,13.68,1.56,55.21,5.22,14.43,,,,,41.41,13.42,1.67,252.0,,0.0,230.92,739.0,
2016-05-17 19:00:00,38.38,324.25,93.12,103.64,219.24,38.55,13.98,0.94,33.57,8.68,21.69,,,,,39.29,16.25,1.03,280.25,,0.0,16.75,739.0,
2016-05-17 20:00:00,55.75,396.38,148.5,103.72,295.14,37.82,12.36,1.89,26.88,15.68,34.96,,,,,38.2,16.58,1.19,285.17,,0.0,12.67,739.67,
2016-05-17 21:00:00,107.25,673.38,132.31,98.58,268.39,39.24,11.04,1.78,28.57,20.19,42.6,,,,,37.91,16.5,1.4,287.5,,0.0,12.75,740.0,
2016-05-17 22:00:00,86.12,514.88,65.03,78.51,158.66,33.98,12.34,1.18,39.6,14.5,42.6,,,,,37.47,16.58,1.44,272.0,,0.0,12.67,740.0,
2016-05-17 23:00:00,72.5,376.0,62.11,75.06,151.54,39.25,14.78,0.71,33.12,11.47,34.4,,,,,36.88,17.42,1.47,288.59,,0.0,12.33,739.33,
2016-05-18 00:00:00,69.12,431.5,76.85,85.66,181.08,38.93,17.06,1.08,28.36,9.72,25.82,,,,,35.72,19.34,1.04,280.5,,0.0,12.33,739.08,
2016-05-18 01:00:00,74.25,399.0,85.49,86.36,193.56,42.98,20.13,0.84,41.72,16.16,30.31,,,,,34.01,22.42,0.86,233.58,,0.0,12.67,739.0,
2016-05-18 02:00:00,113.38,539.0,210.89,89.14,367.54,46.21,19.9,1.54,38.95,15.77,31.91,,,,,32.05,27.75,0.41,199.5,,0.0,12.25,739.0,
2016-05-18 03:00:00,174.0,748.0,152.78,93.91,292.38,42.26,11.64,1.18,31.84,18.14,33.26,,,,,32.39,26.75,0.95,219.42,,0.0,12.67,739.0,
2016-05-18 04:00:00,152.0,737.75,175.23,85.77,315.74,41.02,6.85,1.08,23.03,18.92,33.12,,,,,31.12,29.84,0.99,248.08,,0.0,12.67,739.75,
2016-05-18 05:00:00,180.62,699.75,230.61,83.48,337.63,45.51,,1.74,21.34,19.28,23.42,,,,,30.86,28.83,0.72,228.08,,0.0,114.34,740.0,
2016-05-18 06:00:00,238.0,936.0,227.65,87.51,388.83,38.1,,1.91,24.69,20.07,22.0,,,,,33.51,26.34,1.01,239.0,,0.0,371.08,740.0,
2016-05-18 07:00:00,252.5,721.0,289.89,122.86,453.72,47.27,,2.39,17.6,16.83,22.89,,,,,37.45,21.58,1.77,269.59,,0.0,404.75,740.0,
2016-05-18 08:00:00,157.25,716.88,123.61,97.74,255.86,48.64,10.16,1.11,27.92,15.39,20.35,,,,,39.47,19.08,1.81,274.33,,0.0,418.25,740.0,
2016-05-18 09:00:00,149.62,680.0,,,,,8.69,1.37,43.82,15.82,17.96,,,,,41.48,16.16,2.2,283.41,,0.0,427.25,740.0,
2016-05-18 10:00:00,133.0,597.12,57.71,119.96,185.52,50.2,6.99,0.9,49.96,11.5,14.84,,,,,43.44,14.33,2.45,277.33,,0.0,431.75,740.0,
2016-05-18 11:00:00,120.67,398.38,54.99,101.34,165.58,63.19,6.24,0.3,41.07,7.06,11.75,,,,,44.94,12.0,2.68,273.84,,0.0,434.5,740.0,
2016-05-18 12:00:00,58.75,342.62,64.35,96.85,174.2,52.45,6.89,0.54,53.25,4.46,11.93,,,,,45.76,9.58,3.1,269.67,,0.0,434.25,740.0,
2016-05-18 13:00:00,54.38,443.25,21.09,82.94,102.6,55.87,15.48,0.29,82.19,3.08,9.25,,,,,46.42,9.0,2.81,245.17,,0.0,428.25,740.0,
2016-05-18 14:00:00,37.25,235.62,26.43,86.03,112.79,54.82,44.55,1.38,80.65,2.78,7.44,,,,,46.42,9.08,2.61,264.66,,0.0,419.58,739.25,
2016-05-18 15:00:00,45.0,246.75,25.76,81.87,108.01,42.36,43.91,1.25,88.24,2.76,7.29,,,,,45.83,9.75,2.8,264.09,,0.0,408.75,739.0,
2016-05-18 16:00:00,37.88,299.5,31.44,72.68,107.72,37.12,14.89,2.79,99.61,3.17,9.75,,,,,45.46,9.58,2.38,232.42,,0.0,392.16,739.0,
2016-05-18 17:00:00,38.25,326.38,59.36,101.77,171.85,34.28,14.65,2.91,100.86,3.46,12.51,,,,,44.33,12.33,1.61,197.67,,0.0,359.83,739.0,
2016-05-18 18:00:00,50.25,255.38,25.01,136.88,156.11,55.85,32.55,3.24,139.35,5.98,20.24,,,,,41.75,17.34,1.98,76.59,,0.0,209.0,739.0,
2016-05-18 19:00:00,81.38,356.75,56.64,166.68,225.83,61.78,32.01,4.92,177.53,13.46,84.88,,,,,39.44,21.83,0.78,102.67,,0.0,16.5,739.0,
2016-05-18 20:00:00,143.12,591.5,252.48,177.09,369.08,65.88,17.16,6.1,121.56,17.18,69.6,,,,,38.03,24.66,0.48,142.83,,0.0,12.5,739.0,
2016-05-18 21:00:00,171.5,826.0,228.06,177.37,347.83,70.19,15.72,6.99,63.4,26.79,83.55,,,,,37.28,26.16,0.65,146.33,,0.0,12.42,739.5,
2016-05-18 22:00:00,209.38,649.0,78.65,149.46,240.54,67.66,21.01,3.81,21.94,22.6,76.88,,,,,37.2,24.92,1.25,95.25,,0.0,12.58,740.0,
2016-05-18 23:00:00,152.25,628.75,38.87,123.58,163.19,67.82,28.59,3.54,23.4,16.6,66.91,,,,,36.47,25.42,1.51,127.58,,0.0,12.5,740.0,
2016-05-19 00:00:00,123.75,469.12,18.43,109.95,123.13,66.34,25.85,1.19,21.28,15.42,37.11,,,,,35.64,26.17,1.01,93.92,,0.0,12.42,740.0,
2016-05-19 01:00:00,110.88,373.62,33.22,113.05,146.14,70.8,23.76,1.29,19.91,12.84,44.55,,,,,34.62,27.75,1.78,98.16,,0.0,12.42,739.5,
2016-05-19 02:00:00,129.75,543.88,2.81,54.95,52.8,65.66,15.81,1.65,18.86,14.04,40.88,,,,,33.77,29.0,2.68,89.83,,0.0,12.75,739.0,
2016-05-19 03:00:00,119.38,283.0,1.98,35.19,34.07,68.56,18.49,1.26,23.42,14.76,22.26,,,,,32.26,34.67,3.31,87.92,,0.0,12.5,739.58,
2016-05-19 04:00:00,106.0,273.88,2.77,41.02,40.33,90.56,24.13,1.17,14.52,10.86,13.54,,,,,31.51,39.75,3.48,90.75,,0.0,12.75,740.0,
2016-05-19 05:00:00,92.0,267.62,3.69,38.02,38.9,97.5,,1.19,11.89,10.18,14.14,,,,,30.68,42.0,4.68,91.33,,0.0,110.5,740.0,
2016-05-19 06:00:00,90.88,333.38,4.92,37.45,40.07,94.87,,1.29,10.68,7.92,7.72,,,,,30.68,44.16,5.12,89.92,,0.0,368.08,740.0,
2016-05-19 07:00:00,82.62,369.25,6.08,33.11,37.82,99.37,,1.44,19.87,6.93,6.94,,,,,31.55,48.0,5.52,91.33,,0.0,414.08,740.0,
2016-05-19 08:00:00,79.75,361.38,7.23,34.24,40.38,88.58,6.82,1.51,29.56,6.37,6.31,,,,,33.17,48.33,5.14,93.0,,0.0,432.08,740.0,
2016-05-19 09:00:00,77.75,396.5,6.26,34.07,38.89,131.26,6.23,1.5,24.08,8.5,13.32,,,,,35.05,44.66,5.87,92.08,,0.0,441.83,740.0,
2016-05-19 10:00:00,76.75,425.62,5.0,34.11,37.22,128.26,6.47,1.28,24.91,9.67,17.74,,,,,36.86,40.17,5.68,98.58,,0.0,446.0,740.0,
2016-05-19 11:00:00,80.75,401.5,5.06,42.3,44.58,130.96,6.54,1.16,24.38,5.49,9.9,,,,,38.79,36.08,5.18,94.67,,0.0,446.34,740.0,
2016-05-19 12:00:00,71.25,342.75,4.99,41.47,43.76,99.48,6.36,1.28,27.66,4.01,10.39,,,,,40.47,32.16,4.72,98.84,,0.0,443.42,740.0,
2016-05-19 13:00:00,65.5,298.62,4.04,42.52,43.41,93.95,17.82,1.24,28.1,3.88,13.59,,,,,41.71,30.08,4.47,100.5,,0.0,437.0,740.0,
2016-05-19 14:00:00,61.38,290.38,3.23,35.69,36.22,74.5,38.27,1.65,22.42,3.72,11.62,,,,,42.32,28.5,3.83,105.5,,0.0,427.67,739.67,
2016-05-19 15:00:00,57.5,252.0,3.01,36.21,36.4,58.88,34.78,0.83,22.75,3.94,8.96,,,,,42.28,28.0,3.85,100.58,,0.0,415.33,739.0,
2016-05-19 16:00:00,62.12,258.62,3.52,46.32,46.08,53.52,10.84,0.62,27.84,4.65,10.23,,,,,42.08,28.42,3.41,108.25,,0.0,396.58,739.0,
2016-05-19 17:00:00,68.88,257.38,3.88,49.88,49.77,58.04,7.66,0.62,24.05,4.46,10.98,,,,,41.24,29.5,3.61,105.34,,0.0,366.08,739.0,
2016-05-19 18:00:00,64.12,278.0,3.86,72.71,70.06,89.86,8.16,1.0,22.02,6.02,12.58,,,,,40.12,30.92,2.67,93.67,,0.0,223.83,739.0,
2016-05-19 19:00:00,84.75,356.5,5.64,95.12,92.47,86.34,7.6,1.28,26.02,7.21,14.74,,,,,38.77,33.75,2.27,85.67,,0.0,16.34,739.0,
2016-05-19 20:00:00,77.5,367.38,13.3,108.11,114.47,84.46,5.22,1.64,23.98,9.41,20.52,,,,,37.82,35.83,2.25,82.33,,0.0,12.58,739.0,
2016-05-19 21:00:00,87.12,366.88,14.82,98.02,107.55,83.61,3.92,1.54,22.0,9.3,19.08,,,,,37.22,37.0,2.8,91.33,,0.0,12.67,739.0,
2016-05-19 22:00:00,86.5,361.0,19.06,87.42,103.9,73.94,3.58,1.3,23.7,10.87,33.41,,,,,35.88,40.83,3.92,82.25,,0.0,12.92,739.42,
2016-05-19 23:00:00,119.0,451.62,8.98,59.76,65.52,97.22,3.92,0.67,19.73,7.6,34.33,,,,,34.72,46.25,4.22,86.08,,0.0,12.42,740.0,
2016-05-20 00:00:00,76.0,293.62,5.88,44.17,47.35,94.84,6.69,0.95,22.82,4.7,19.5,,,,,34.24,46.25,4.74,97.33,,0.0,12.67,740.0,
2016-05-20 01:00:00,68.62,232.75,3.9,29.05,31.22,79.18,5.52,1.01,18.36,4.01,12.06,,,,,33.84,46.17,4.08,93.67,,0.0,12.58,739.67,
2016-05-20 02:00:00,65.5,215.75,3.08,24.72,26.24,61.95,4.81,0.91,25.13,4.68,7.1,,,,,33.3,47.5,3.66,99.67,,0.0,12.58,739.75,
2016-05-20 03:00:00,62.25,204.88,4.06,35.67,37.34,55.43,4.31,0.85,31.58,4.39,4.88,,,,,32.98,48.75,3.86,95.5,,0.0,12.5,740.0,
2016-05-20 04:00:00,64.38,202.12,3.56,24.27,26.49,67.2,6.44,0.76,28.44,5.61,5.47,,,,,32.14,51.42,5.26,89.0,,0.0,12.67,740.0,
2016-05-20 05:00:00,67.12,284.75,4.42,23.66,27.14,114.5,7.32,0.71,15.9,6.59,4.5,,,,,31.15,57.09,6.37,93.83,,0.0,106.25,740.0,
2016-05-20 06:00:00,67.75,287.5,5.82,21.68,27.27,103.19,7.22,0.59,14.34,5.74,6.42,,,,,31.14,59.92,7.28,97.75,,0.0,362.67,740.0,
2016-05-20 07:00:00,66.12,425.38,7.36,23.24,30.76,94.23,7.2,0.48,13.83,5.91,7.67,,,,,31.77,58.42,7.06,96.25,,0.0,413.08,740.0,
2016-05-20 08:00:00,64.75,461.75,8.07,25.22,33.46,102.08,5.2,0.62,15.4,5.19,6.59,,,,,32.95,54.92,6.14,94.67,,0.0,432.16,740.0,
2016-05-20 09:00:00,48.88,303.0,7.61,26.94,34.39,73.88,3.69,0.49,29.39,6.26,9.95,,,,,34.34,51.33,5.83,89.25,,0.0,442.58,740.0,
2016-05-20 10:00:00,49.38,278.25,6.1,30.79,35.74,71.12,2.54,0.48,29.25,6.6,14.74,,,,,36.42,46.08,4.39,91.83,,0.0,445.83,740.0,
2016-05-20 11:00:00,59.75,257.75,9.86,38.0,45.1,90.54,3.82,0.6,25.16,3.56,8.05,,,,,38.48,41.12,3.42,107.04,,0.0,444.42,740.0,
2016-05-20 12:00:00,64.5,288.17,4.99,30.61,33.9,88.84,5.84,0.46,24.29,3.35,9.5,,,,,39.76,38.04,3.4,105.58,,0.0,442.54,739.67,
2016-05-20 13:00:00,60.83,240.67,5.49,36.42,39.98,89.9,6.05,1.03,22.98,3.39,9.33,,,,,41.02,35.58,3.1,130.58,,0.0,435.33,739.0,
2016-05-20 14:00:00,55.5,244.83,6.39,39.46,43.88,74.13,5.2,1.01,23.46,3.21,10.26,,,,,41.97,32.83,2.55,115.25,,0.0,424.67,739.0,
2016-05-20 15:00:00,58.33,226.67,6.25,47.04,50.47,76.84,4.33,1.04,29.48,3.31,15.77,,,,,42.74,30.92,1.68,179.21,,0.0,410.21,739.0,
2016-05-20 16:00:00,59.83,237.0,3.62,43.4,43.61,63.38,5.15,0.98,21.28,3.61,11.15,,,,,42.42,30.08,1.67,149.0,,0.0,391.92,739.0,
2016-05-20 17:00:00,62.67,238.0,43.84,86.82,137.24,65.8,4.9,1.18,23.19,4.29,11.42,,,,,41.84,31.25,1.22,216.83,,0.0,360.34,739.0,
2016-05-20 18:00:00,78.0,316.67,8.02,77.63,80.11,64.11,4.12,0.99,29.24,5.05,13.5,,,,,40.25,33.25,1.08,169.08,,0.0,219.58,739.0,
2016-05-20 19:00:00,68.67,331.17,16.44,120.42,129.76,57.83,2.94,2.06,27.8,7.35,19.48,,,,,39.22,35.25,1.05,97.67,,0.0,17.0,739.0,
2016-05-20 20:00:00,100.5,456.33,27.92,104.26,131.01,47.38,6.26,0.64,21.78,14.08,168.89,,,,,38.33,38.25,2.88,87.83,,0.0,12.58,739.0,
2016-05-20 21:00:00,112.67,521.17,10.67,76.64,82.84,50.52,5.49,0.33,21.28,12.55,43.14,,,,,36.94,42.66,3.44,92.75,,0.0,12.58,739.0,
2016-05-20 22:00:00,84.0,362.0,9.32,61.61,67.6,59.85,5.38,0.1,22.53,16.18,44.48,,,,,35.85,45.5,3.6,92.5,,0.0,12.42,739.0,
2016-05-20 23:00:00,71.83,250.0,4.36,39.58,41.22,86.85,5.21,0.77,19.57,10.82,28.22,,,,,34.91,47.25,4.67,97.08,,0.0,12.67,739.0,
2016-05-21 00:00:00,60.0,267.67,3.75,24.75,27.16,72.98,5.29,0.44,20.9,5.28,11.18,,,,,33.63,51.59,5.88,96.58,,0.0,12.92,739.0,
2016-05-21 01:00:00,54.17,354.0,2.45,18.61,19.93,55.06,4.23,0.23,29.42,3.64,6.56,,,,,32.93,53.58,3.99,102.5,,0.0,12.84,739.0,
2016-05-21 02:00:00,51.0,335.67,3.96,31.64,33.6,47.73,4.11,,29.76,2.88,6.8,,,,,32.59,52.33,3.02,108.25,,0.0,12.75,739.0,
2016-05-21 03:00:00,57.33,307.67,4.73,27.32,30.81,52.18,4.44,0.3,31.62,5.37,8.8,,,,,32.36,52.84,3.09,124.92,,0.0,12.92,739.0,
2016-05-21 04:00:00,63.5,367.33,9.62,33.64,43.07,107.55,5.93,0.65,13.0,5.72,7.15,,,,,31.9,52.5,3.23,121.84,,0.0,12.75,739.0,
2016-05-21 05:00:00,60.17,342.17,8.8,40.78,48.32,95.06,6.92,0.5,13.61,5.05,3.75,,,,,31.49,51.92,4.11,113.25,,0.0,102.58,739.0,
2016-05-21 06:00:00,56.0,435.83,7.88,36.95,43.7,79.78,7.55,,12.85,3.78,4.72,,,,,31.47,52.0,4.1,93.25,,0.0,361.83,739.67,
2016-05-21 07:00:00,58.83,464.33,8.56,34.68,42.58,78.46,7.74,,11.96,7.46,7.62,,,,,31.61,48.0,4.42,98.25,,0.0,411.58,740.0,
2016-05-21 08:00:00,70.67,520.33,8.43,34.78,42.49,56.25,6.86,,17.43,5.66,5.06,,,,,32.61,46.5,4.42,92.92,,0.0,431.83,740.0,
2016-05-21 09:00:00,59.67,443.5,7.7,37.05,43.54,47.17,6.32,0.95,28.47,5.17,8.49,,,,,34.18,43.67,3.99,96.58,,0.0,441.42,740.0,
2016-05-21 10:00:00,64.33,456.17,5.82,36.7,40.66,50.55,6.12,1.23,28.49,5.85,11.71,,,,,36.57,40.83,4.0,104.83,,0.0,445.08,740.0,
2016-05-21 11:00:00,72.17,492.83,5.41,34.04,37.7,55.38,7.49,0.73,29.36,5.31,12.19,,,,,38.03,38.92,4.35,97.25,,0.0,445.84,740.0,
2016-05-21 12:00:00,77.67,542.33,4.59,32.95,35.61,70.22,7.71,1.14,27.34,5.11,16.46,,,,,39.31,37.42,4.23,97.0,,0.0,442.33,739.08,
2016-05-21 13:00:00,76.83,514.17,3.97,29.62,31.84,69.26,7.55,0.98,26.71,4.86,12.95,,,,,39.67,37.25,5.38,86.75,,0.0,438.25,739.0,
2016-05-21 14:00:00,78.5,475.67,3.52,36.29,37.14,54.31,6.65,1.02,26.21,4.64,17.84,,,,,40.54,36.33,4.6,97.58,,0.0,428.08,739.0,
2016-05-21 15:00:00,,,,,,,,,,,,,,,,,,,,,0.0,,,
2016-05-21 16:00:00,,,,,,,,,,,,,,,,,,,,,0.0,,,
2016-05-21 17:00:00,,,,,,,,,,,,,,,,,,,,,0.0,,,
2016-05-21 18:00:00,,,,,,,,,,,,,,,,,,,,,0.0,,,
2016-05-21 19:00:00,,,,,,,,,,,,,,,,,,,,,0.0,,,
2016-05-21 20:00:00,,,,,,,,,,,,,,,,,,,,,0.0,,,
2016-05-21 21:00:00,,,,,,,,,,,,,,,,,,,,,0.0,,,
2016-05-21 22:00:00,,,,,,,,,,,,,,,,,,,,,0.0,,,
2016-05-21 23:00:00,,,,,,,,,,,,,,,,,,,,,0.0,,,
2016-05-22 00:00:00,,,,,,,,,,,,,,,,,,,,,0.0,,,
2016-05-22 01:00:00,,,,,,,,,,,,,,,,,,,,,0.0,,,
2016-05-22 02:00:00,,,,,,,,,,,,,,,,,,,,,0.0,,,
2016-05-22 03:00:00,,,,,,,,,,,,,,,,,,,,,0.0,,,
2016-05-22 04:00:00,,,,,,,,,,,,,,,,,,,,,0.0,,,
2016-05-22 05:00:00,,,,,,,,,,,,,,,,,,,,,0.0,,,
2016-05-22 06:00:00,,,,,,,,,,,,,,,,,,,,,0.0,,,
2016-05-22 07:00:00,,,,,,,,,,,,,,,,,,,,,0.0,,,
2016-05-22 08:00:00,,,,,,,,,,,,,,,,,,,,,0.0,,,
2016-05-22 09:00:00,,,,,,,,,,,,,,,,,,,,,0.0,,,
2016-05-22 10:00:00,,,,,,,,,,,,,,,,,,,,,0.0,,,
2016-05-22 11:00:00,,,,,,,,,,,,,,,,,,,,,0.0,,,
2016-05-22 12:00:00,,,,,,,,,,,,,,,,,,,,,0.0,,,
2016-05-22 13:00:00,,,,,,,,,,,,,,,,,,,,,0.0,,,
2016-05-22 14:00:00,,,,,,,,,,,,,,,,,,,,,0.0,,,
2016-05-22 15:00:00,,,,,,,,,,,,,,,,,,,,,0.0,,,
2016-05-22 16:00:00,,,,,,,,,,,,,,,,,,,,,0.0,,,
2016-05-22 17:00:00,,,,,,,,,,,,,,,,,,,,,0.0,,,
2016-05-22 18:00:00,,,,,,,,,,,,,,,,,,,,,0.0,,,
2016-05-22 19:00:00,,,,,,,,,,,,,,,,,,,,,0.0,,,
2016-05-22 20:00:00,,,,,,,,,,,,,,,,,,,,,0.0,,,
2016-05-22 21:00:00,,,,,,,,,,,,,,,,,,,,,0.0,,,
2016-05-22 22:00:00,,,,,,,,,,,,,,,,,,,,,0.0,,,
2016-05-22 23:00:00,,,,,,,,,,,,,,,,,,,,,0.0,,,
2016-05-23 00:00:00,,,,,,,,,,,,,,,,,,,,,0.0,,,
2016-05-23 01:00:00,,,,,,,,,,,,,,,,,,,,,0.0,,,
2016-05-23 02:00:00,,,,,,,,,,,,,,,,,,,,,0.0,,,
2016-05-23 03:00:00,,,,,,,,,,,,,,,,,,,,,0.0,,,
2016-05-23 04:00:00,,,,,,,,,,,,,,,,,,,,,0.0,,,
2016-05-23 05:00:00,,,,,,,,,,,,,,,,,,,,,0.0,,,
2016-05-23 06:00:00,,,,,,,,,,,,,,,,,,,,,0.0,,,
2016-05-23 07:00:00,,,,,,,,,,,,,,,,,,,,,0.0,,,
2016-05-23 08:00:00,,,,,,,,,,,,,,,,,,,,,0.0,,,
2016-05-23 09:00:00,,,,,,,,,,,,,,,,,,,,,0.0,,,
2016-05-23 10:00:00,,,,,,,,,,,,,,,,,,,,,0.0,,,
2016-05-23 11:00:00,,,,,,,,,,,,,,,,,,,,,0.0,,,
2016-05-23 12:00:00,,,,,,,,,,,,,,,,,,,,,0.0,,,
2016-05-23 13:00:00,,,,,,,,,,,,,,,,,,,,,0.0,,,
2016-05-23 14:00:00,,,,,,,,,,,,,,,,,,,,,0.0,,,
2016-05-23 15:00:00,,,,,,,,,,,,,,,,,,,,,0.0,,,
2016-05-23 16:00:00,,,,,,,,,,,,,,,,,,,,,0.0,,,
2016-05-23 17:00:00,,,,,,,,,,,,,,,,,,,,,0.0,,,
2016-05-23 18:00:00,,,,,,,,,,,,,,,,,,,,,0.0,,,
2016-05-23 19:00:00,,,,,,,,,,,,,,,,,,,,,0.0,,,
2016-05-23 20:00:00,,,,,,,,,,,,,,,,,,,,,0.0,,,
2016-05-23 21:00:00,,,,,,,,,,,,,,,,,,,,,0.0,,,
2016-05-23 22:00:00,,,,,,,,,,,,,,,,,,,,,0.0,,,
2016-05-23 23:00:00,,,,,,,,,,,,,,,,,,,,,0.0,,,
2016-05-24 00:00:00,,,,,,,,,,,,,,,,,,,,,0.0,,,
2016-05-24 01:00:00,,,,,,,,,,,,,,,,,,,,,0.0,,,
2016-05-24 02:00:00,,,,,,,,,,,,,,,,,,,,,0.0,,,
2016-05-24 03:00:00,,,,,,,,,,,,,,,,,,,,,0.0,,,
2016-05-24 04:00:00,,,,,,,,,,,,,,,,,,,,,0.0,,,
2016-05-24 05:00:00,,,,,,,,,,,,,,,,,,,,,0.0,,,
2016-05-24 06:00:00,,,,,,,,,,,,,,,,,,,,,0.0,,,
2016-05-24 07:00:00,,,,,,,,,,,,,,,,,,,,,0.0,,,
2016-05-24 08:00:00,,,,,,,,,,,,,,,,,,,,,0.0,,,
2016-05-24 09:00:00,,,,,,,,,,,,,,,,,,,,,0.0,,,
2016-05-24 10:00:00,,,,,,,,,,,,,,,,,,,,,0.0,,,
2016-05-24 11:00:00,,,,,,,,,,,,,,,,,,,,,0.0,,,
2016-05-24 12:00:00,,,,,,,,,,,,,,,,,,,,,0.0,,,
2016-05-24 13:00:00,,,,,,,,,,,,,,,,,,,,,0.0,,,
2016-05-24 14:00:00,,,,,,,,,,,,,,,,,,,,,0.0,,,
2016-05-24 15:00:00,,,,,,,,,,,,,,,,,,,,,0.0,,,
2016-05-24 16:00:00,,,,,,,,,,,,,,,,,,,,,0.0,,,
2016-05-24 17:00:00,,,,,,,,,,,,,,,,,,,,,0.0,,,
2016-05-24 18:00:00,,,,,,,,,,,,,,,,,,,,,0.0,,,
2016-05-24 19:00:00,,,,,,,,,,,,,,,,,,,,,0.0,,,
2016-05-24 20:00:00,,,,,,,,,,,,,,,,,,,,,0.0,,,
2016-05-24 21:00:00,,,,,,,,,,,,,,,,,,,,,0.0,,,
2016-05-24 22:00:00,,,,,,,,,,,,,,,,,,,,,0.0,,,
2016-05-24 23:00:00,,,,,,,,,,,,,,,,,,,,,0.0,,,
2016-05-25 00:00:00,,,,,,,,,,,,,,,,,,,,,0.0,,,
2016-05-25 01:00:00,,,,,,,,,,,,,,,,,,,,,0.0,,,
2016-05-25 02:00:00,,,,,,,,,,,,,,,,,,,,,0.0,,,
2016-05-25 03:00:00,,,,,,,,,,,,,,,,,,,,,0.0,,,
2016-05-25 04:00:00,,,,,,,,,,,,,,,,,,,,,0.0,,,
2016-05-25 05:00:00,,,,,,,,,,,,,,,,,,,,,0.0,,,
2016-05-25 06:00:00,,,,,,,,,,,,,,,,,,,,,0.0,,,
2016-05-25 07:00:00,,,,,,,,,,,,,,,,,,,,,0.0,,,
2016-05-25 08:00:00,,,,,,,,,,,,,,,,,,,,,0.0,,,
2016-05-25 09:00:00,,,,,,,,,,,,,,,,,,,,,0.0,,,
2016-05-25 10:00:00,,,,,,,,,,,,,,,,,,,,,0.0,,,
2016-05-25 11:00:00,,,,,,,,,,,,,,,,,,,,,0.0,,,
2016-05-25 12:00:00,,,,,,,,,,,,,,,,,,,,,0.0,,,
2016-05-25 13:00:00,,,,,,,,,,,,,,,,,,,,,0.0,,,
2016-05-25 14:00:00,,,,,,,,,,,,,,,,,,,,,0.0,,,
2016-05-25 15:00:00,,,,,,,,,,,,,,,,,,,,,0.0,,,
2016-05-25 16:00:00,,,,,,,,,,,,,,,,,,,,,0.0,,,
2016-05-25 17:00:00,,,,,,,,,,,,,,,,,,,,,0.0,,,
2016-05-25 18:00:00,,,,,,,,,,,,,,,,,,,,,0.0,,,
2016-05-25 19:00:00,,,,,,,,,,,,,,,,,,,,,0.0,,,
2016-05-25 20:00:00,,,,,,,,,,,,,,,,,,,,,0.0,,,
2016-05-25 21:00:00,,,,,,,,,,,,,,,,,,,,,0.0,,,
2016-05-25 22:00:00,,,,,,,,,,,,,,,,,,,,,0.0,,,
2016-05-25 23:00:00,,,,,,,,,,,,,,,,,,,,,0.0,,,
2016-05-26 00:00:00,,,,,,,,,,,,,,,,,,,,,0.0,,,
2016-05-26 01:00:00,,,,,,,,,,,,,,,,,,,,,0.0,,,
2016-05-26 02:00:00,,,,,,,,,,,,,,,,,,,,,0.0,,,
2016-05-26 03:00:00,,,,,,,,,,,,,,,,,,,,,0.0,,,
2016-05-26 04:00:00,,,,,,,,,,,,,,,,,,,,,0.0,,,
2016-05-26 05:00:00,,,,,,,,,,,,,,,,,,,,,0.0,,,
2016-05-26 06:00:00,,,,,,,,,,,,,,,,,,,,,0.0,,,
2016-05-26 07:00:00,,,,,,,,,,,,,,,,,,,,,0.0,,,
2016-05-26 08:00:00,,,,,,,,,,,,,,,,,,,,,0.0,,,
2016-05-26 09:00:00,,,,,,,,,,,,,,,,,,,,,0.0,,,
2016-05-26 10:00:00,,,,,,,,,,,,,,,,,,,,,0.0,,,
2016-05-26 11:00:00,,,,,,,,,,,,,,,,,,,,,0.0,,,
2016-05-26 12:00:00,,,,,,,,,,,,,,,,,,,,,0.0,,,
2016-05-26 13:00:00,,,,,,,,,,,,,,,,,,,,,0.0,,,
2016-05-26 14:00:00,,,,,,,,,,,,,,,,,,,,,0.0,,,
2016-05-26 15:00:00,,,,,,,,,,,,,,,,,,,,,0.0,,,
2016-05-26 16:00:00,,,,,,,,,,,,,,,,,,,,,0.0,,,
2016-05-26 17:00:00,,,,,,,,,,,,,,,,,,,,,0.0,,,
2016-05-26 18:00:00,,,,,,,,,,,,,,,,,,,,,0.0,,,
2016-05-26 19:00:00,,,,,,,,,,,,,,,,,,,,,0.0,,,
2016-05-26 20:00:00,,,,,,,,,,,,,,,,,,,,,0.0,,,
2016-05-26 21:00:00,,,,,,,,,,,,,,,,,,,,,0.0,,,
2016-05-26 22:00:00,,,,,,,,,,,,,,,,,,,,,0.0,,,
2016-05-26 23:00:00,,,,,,,,,,,,,,,,,,,,,0.0,,,
2016-05-27 00:00:00,,,,,,,,,,,,,,,,,,,,,0.0,,,
2016-05-27 01:00:00,,,,,,,,,,,,,,,,,,,,,0.0,,,
2016-05-27 02:00:00,,,,,,,,,,,,,,,,,,,,,0.0,,,
2016-05-27 03:00:00,,,,,,,,,,,,,,,,,,,,,0.0,,,
2016-05-27 04:00:00,,,,,,,,,,,,,,,,,,,,,0.0,,,
2016-05-27 05:00:00,,,,,,,,,,,,,,,,,,,,,0.0,,,
2016-05-27 06:00:00,,,,,,,,,,,,,,,,,,,,,0.0,,,
2016-05-27 07:00:00,,,,,,,,,,,,,,,,,,,,,0.0,,,
2016-05-27 08:00:00,,,,,,,,,,,,,,,,,,,,,0.0,,,
2016-05-27 09:00:00,,,,,,,,,,,,,,,,,,,,,0.0,,,
2016-05-27 10:00:00,,,,,,,,,,,,,,,,,,,,,0.0,,,
2016-05-27 11:00:00,,,,,,,,,,,,,,,,,,,,,0.0,,,
2016-05-27 12:00:00,,,,,,,,,,,,,,,,,,,,,0.0,,,
2016-05-27 13:00:00,,,,,,,,,,,,,,,,,,,,,0.0,,,
2016-05-27 14:00:00,,,,,,,,,,,,,,,,,,,,,0.0,,,
2016-05-27 15:00:00,,,,,,,,,,,,,,,,,,,,,0.0,,,
2016-05-27 16:00:00,,,,,,,,,,,,,,,,,,,,,0.0,,,
2016-05-27 17:00:00,,,,,,,,,,,,,,,,,,,,,0.0,,,
2016-05-27 18:00:00,,,,,,,,,,,,,,,,,,,,,0.0,,,
2016-05-27 19:00:00,,,,,,,,,,,,,,,,,,,,,0.0,,,
2016-05-27 20:00:00,,,,,,,,,,,,,,,,,,,,,0.0,,,
2016-05-27 21:00:00,,,,,,,,,,,,,,,,,,,,,0.0,,,
2016-05-27 22:00:00,,,,,,,,,,,,,,,,,,,,,0.0,,,
2016-05-27 23:00:00,,,,,,,,,,,,,,,,,,,,,0.0,,,
2016-05-28 00:00:00,,,,,,,,,,,,,,,,,,,,,0.0,,,
2016-05-28 01:00:00,,,,,,,,,,,,,,,,,,,,,0.0,,,
2016-05-28 02:00:00,,,,,,,,,,,,,,,,,,,,,0.0,,,
2016-05-28 03:00:00,,,,,,,,,,,,,,,,,,,,,0.0,,,
2016-05-28 04:00:00,,,,,,,,,,,,,,,,,,,,,0.0,,,
2016-05-28 05:00:00,,,,,,,,,,,,,,,,,,,,,0.0,,,
2016-05-28 06:00:00,,,,,,,,,,,,,,,,,,,,,0.0,,,
2016-05-28 07:00:00,,,,,,,,,,,,,,,,,,,,,0.0,,,
2016-05-28 08:00:00,,,,,,,,,,,,,,,,,,,,,0.0,,,
2016-05-28 09:00:00,,,,,,,,,,,,,,,,,,,,,0.0,,,
2016-05-28 10:00:00,,,,,,,,,,,,,,,,,,,,,0.0,,,
2016-05-28 11:00:00,,,,,,,,,,,,,,,,,,,,,0.0,,,
2016-05-28 12:00:00,,,,,,,,,,,,,,,,,,,,,0.0,,,
2016-05-28 13:00:00,,,,,,,,,,,,,,,,,,,,,0.0,,,
2016-05-28 14:00:00,,,,,,,,,,,,,,,,,,,,,0.0,,,
2016-05-28 15:00:00,,,,,,,,,,,,,,,,,,,,,0.0,,,
2016-05-28 16:00:00,,,,,,,,,,,,,,,,,,,,,0.0,,,
2016-05-28 17:00:00,,,,,,,,,,,,,,,,,,,,,0.0,,,
2016-05-28 18:00:00,,,,,,,,,,,,,,,,,,,,,0.0,,,
2016-05-28 19:00:00,,,,,,,,,,,,,,,,,,,,,0.0,,,
2016-05-28 20:00:00,,,,,,,,,,,,,,,,,,,,,0.0,,,
2016-05-28 21:00:00,,,,,,,,,,,,,,,,,,,,,0.0,,,
2016-05-28 22:00:00,,,,,,,,,,,,,,,,,,,,,0.0,,,
2016-05-28 23:00:00,,,,,,,,,,,,,,,,,,,,,0.0,,,
2016-05-29 00:00:00,,,,,,,,,,,,,,,,,,,,,0.0,,,
2016-05-29 01:00:00,,,,,,,,,,,,,,,,,,,,,0.0,,,
2016-05-29 02:00:00,,,,,,,,,,,,,,,,,,,,,0.0,,,
2016-05-29 03:00:00,,,,,,,,,,,,,,,,,,,,,0.0,,,
2016-05-29 04:00:00,,,,,,,,,,,,,,,,,,,,,0.0,,,
2016-05-29 05:00:00,,,,,,,,,,,,,,,,,,,,,0.0,,,
2016-05-29 06:00:00,,,,,,,,,,,,,,,,,,,,,0.0,,,
2016-05-29 07:00:00,,,,,,,,,,,,,,,,,,,,,0.0,,,
2016-05-29 08:00:00,,,,,,,,,,,,,,,,,,,,,0.0,,,
2016-05-29 09:00:00,,,,,,,,,,,,,,,,,,,,,0.0,,,
2016-05-29 10:00:00,,,,,,,,,,,,,,,,,,,,,0.0,,,
2016-05-29 11:00:00,,,,,,,,,,,,,,,,,,,,,0.0,,,
2016-05-29 12:00:00,,,,,,,,,,,,,,,,,,,,,0.0,,,
2016-05-29 13:00:00,,,,,,,,,,,,,,,,,,,,,0.0,,,
2016-05-29 14:00:00,,,,,,,,,,,,,,,,,,,,,0.0,,,
2016-05-29 15:00:00,,,,,,,,,,,,,,,,,,,,,0.0,,,
2016-05-29 16:00:00,,,,,,,,,,,,,,,,,,,,,0.0,,,
2016-05-29 17:00:00,,,,,,,,,,,,,,,,,,,,,0.0,,,
2016-05-29 18:00:00,,,,,,,,,,,,,,,,,,,,,0.0,,,
2016-05-29 19:00:00,,,,,,,,,,,,,,,,,,,,,0.0,,,
2016-05-29 20:00:00,,,,,,,,,,,,,,,,,,,,,0.0,,,
2016-05-29 21:00:00,,,,,,,,,,,,,,,,,,,,,0.0,,,
2016-05-29 22:00:00,,,,,,,,,,,,,,,,,,,,,0.0,,,
2016-05-29 23:00:00,,,,,,,,,,,,,,,,,,,,,0.0,,,
2016-05-30 00:00:00,,,,,,,,,,,,,,,,,,,,,0.0,,,
2016-05-30 01:00:00,,,,,,,,,,,,,,,,,,,,,0.0,,,
2016-05-30 02:00:00,,,,,,,,,,,,,,,,,,,,,0.0,,,
2016-05-30 03:00:00,,,,,,,,,,,,,,,,,,,,,0.0,,,
2016-05-30 04:00:00,,,,,,,,,,,,,,,,,,,,,0.0,,,
2016-05-30 05:00:00,,,,,,,,,,,,,,,,,,,,,0.0,,,
2016-05-30 06:00:00,,,,,,,,,,,,,,,,,,,,,0.0,,,
2016-05-30 07:00:00,,,,,,,,,,,,,,,,,,,,,0.0,,,
2016-05-30 08:00:00,,,,,,,,,,,,,,,,,,,,,0.0,,,
2016-05-30 09:00:00,,,,,,,,,,,,,,,,,,,,,0.0,,,
2016-05-30 10:00:00,,,,,,,,,,,,,,,,,,,,,0.0,,,
2016-05-30 11:00:00,,,,,,,,,,,,,,,,,,,,,0.0,,,
2016-05-30 12:00:00,,,,,,,,,,,,,,,,,,,,,0.0,,,
2016-05-30 13:00:00,,,,,,,,,,,,,,,,,,,,,0.0,,,
2016-05-30 14:00:00,,,,,,,,,,,,,,,,,,,,,0.0,,,
2016-05-30 15:00:00,,,,,,,,,,,,,,,,,,,,,0.0,,,
2016-05-30 16:00:00,73.33,269.17,65.44,52.72,136.52,55.02,4.3,,32.94,11.24,55.4,,,,,26.58,62.42,3.59,153.08,,0.0,385.0,740.0,
2016-05-30 17:00:00,44.0,67.5,226.65,85.48,345.29,58.71,7.58,0.4,34.27,16.8,111.48,,,,,30.78,46.42,1.69,253.33,,0.0,406.17,740.0,
2016-05-30 18:00:00,43.5,152.5,67.03,82.3,164.74,51.68,4.14,0.35,35.4,23.07,87.78,,,,,29.23,51.58,0.94,174.33,,0.0,277.67,740.0,
2016-05-30 19:00:00,71.83,255.83,50.05,70.83,131.45,52.6,6.66,0.84,33.06,26.27,94.04,,,,,27.7,57.34,0.46,109.5,,0.0,22.84,740.0,
2016-05-30 20:00:00,103.67,226.17,75.12,80.79,174.58,72.11,7.47,0.78,30.88,24.1,92.26,,,,,27.55,58.67,1.08,96.92,,0.0,14.0,740.0,
2016-05-30 21:00:00,116.67,319.0,138.91,73.91,255.56,71.5,8.42,1.68,33.01,25.34,129.39,,,,,26.92,63.08,1.05,86.08,,0.0,13.67,740.0,
2016-05-30 22:00:00,132.5,402.17,199.55,72.37,337.02,72.34,11.82,2.66,52.92,32.18,186.95,,,,,26.23,68.17,0.58,84.08,,0.0,13.5,740.0,
2016-05-30 23:00:00,197.25,584.17,125.01,78.72,240.75,75.24,7.09,1.36,24.59,29.86,155.04,,,,,26.73,66.42,1.15,123.75,,0.0,13.75,740.0,
2016-05-31 00:00:00,129.33,328.17,166.09,81.36,299.29,60.78,5.88,1.59,27.16,22.23,64.96,,,,,26.21,69.08,0.36,195.58,,0.0,13.42,740.0,
2016-05-31 01:00:00,131.17,391.83,169.72,78.67,301.88,51.48,4.56,2.16,34.99,29.0,79.43,,,,,25.97,70.58,0.36,227.33,,0.0,13.75,740.0,
2016-05-31 02:00:00,129.0,388.5,145.46,73.1,263.79,49.31,2.99,2.18,43.08,27.84,78.9,,,,,25.87,71.08,0.48,123.08,,0.0,13.92,740.0,
2016-05-31 03:00:00,122.67,429.0,91.88,68.51,186.48,61.66,7.76,1.56,48.25,23.53,102.79,,,,,25.75,72.25,1.67,143.92,,0.0,13.83,740.0,
2016-05-31 04:00:00,148.83,390.17,103.02,79.38,211.4,75.73,9.07,1.26,19.61,17.58,92.64,,,,,24.77,74.58,0.44,145.42,,0.0,13.83,740.0,
2016-05-31 05:00:00,64.33,128.83,182.58,77.59,318.48,66.0,11.36,1.78,24.86,12.34,129.45,,,,,25.39,73.41,0.99,130.92,,0.0,109.17,740.0,
2016-05-31 06:00:00,81.5,188.17,179.24,85.38,320.74,71.14,11.32,1.92,28.55,19.67,209.09,,,,,26.54,70.17,0.61,109.92,,0.0,340.42,740.0,
2016-05-31 07:00:00,127.0,272.5,33.95,82.21,119.6,82.42,3.13,1.14,21.98,20.02,94.24,,,,,29.34,61.0,1.61,91.16,,0.0,415.92,740.0,
2016-05-31 08:00:00,93.0,190.17,22.32,76.06,98.26,63.34,6.91,0.73,28.34,17.44,66.7,,,,,31.45,53.42,1.73,117.16,,0.0,428.0,740.0,
2016-05-31 09:00:00,97.83,195.5,13.43,66.8,77.84,63.49,7.56,0.43,25.98,15.44,50.28,,,,,34.32,43.67,1.6,146.83,,0.0,434.25,740.0,
2016-05-31 10:00:00,94.17,218.83,9.76,63.59,69.98,66.67,7.45,0.31,26.69,13.32,43.48,,,,,35.16,40.42,2.42,115.42,,0.0,441.34,740.0,
2016-05-31 11:00:00,81.0,230.5,5.17,52.91,54.17,55.57,9.59,0.45,30.77,12.75,36.83,,,,,36.33,39.58,2.72,105.83,,0.0,445.92,740.0,
2016-05-31 12:00:00,169.5,267.5,21.7,87.52,107.63,52.46,6.76,1.18,29.51,13.44,50.49,,,,,36.96,40.66,3.08,108.0,,0.0,444.33,740.0,
2016-05-31 13:00:00,506.17,267.33,6.36,63.68,65.41,52.84,15.16,0.91,38.42,14.08,66.58,,,,,38.86,36.75,1.92,138.5,,0.0,432.5,740.0,
2016-05-31 14:00:00,104.33,303.83,7.37,68.59,71.15,49.68,16.6,0.72,41.92,15.52,54.0,,,,,39.97,33.84,1.41,204.08,,0.0,424.33,740.0,
2016-05-31 15:00:00,124.67,479.5,19.51,90.3,107.05,74.91,16.68,0.71,37.51,15.43,37.45,,,,,39.66,34.42,1.48,218.75,,0.0,411.25,740.0,
2016-05-31 16:00:00,167.17,757.33,16.73,109.4,120.22,83.28,7.88,1.32,29.89,12.44,31.54,,,,,39.05,36.0,1.26,178.33,,0.0,390.0,740.0,
2016-05-31 17:00:00,167.0,816.17,13.74,94.4,102.82,86.92,7.21,2.09,30.88,16.73,32.05,,,,,37.38,39.16,0.95,135.5,,0.0,357.17,740.0,
2016-05-31 18:00:00,183.83,615.0,31.32,111.81,142.38,96.73,7.08,2.09,26.02,18.58,33.46,,,,,36.02,41.5,2.04,241.17,,0.0,176.25,740.0,
2016-05-31 19:00:00,157.33,717.33,110.95,75.73,219.17,66.73,6.8,1.76,19.95,9.65,23.37,,,,,32.97,46.34,2.58,254.41,,0.0,21.5,740.0,
2016-05-31 20:00:00,103.5,898.5,132.78,75.62,248.68,70.72,7.16,1.82,18.32,6.82,19.12,,,,,31.74,43.58,2.15,257.08,,0.0,12.84,740.0,
2016-05-31 21:00:00,100.0,863.17,132.77,75.6,248.87,62.17,7.2,1.61,21.33,6.68,16.93,,,,,31.61,42.33,2.29,255.83,,0.0,13.0,740.0,
2016-05-31 22:00:00,95.17,814.33,118.53,73.92,227.38,61.21,7.21,1.85,19.34,5.82,13.84,,,,,30.94,45.34,1.92,256.25,,0.0,13.0,740.0,
2016-05-31 23:00:00,100.67,766.0,94.14,70.83,191.62,51.51,6.6,1.62,19.66,8.78,17.42,,,,,30.87,43.25,1.58,257.67,,0.0,13.0,740.0,
2016-06-01 00:00:00,118.83,705.0,60.25,60.32,135.96,52.88,6.91,0.68,19.23,15.18,19.59,,,,,30.69,42.17,1.66,256.92,,0.0,12.75,740.0,
2016-06-01 01:00:00,88.17,651.67,21.61,42.1,66.99,46.5,6.72,0.6,18.38,20.78,22.03,,,,,30.79,40.67,2.07,275.5,,0.0,13.0,740.0,
2016-06-01 02:00:00,61.25,356.17,14.82,40.65,56.47,44.74,6.65,0.34,19.58,13.3,22.34,,,,,30.31,42.83,1.32,244.25,,0.0,13.0,740.0,
2016-06-01 03:00:00,56.33,230.0,22.7,42.77,69.08,48.92,6.76,0.59,21.71,10.06,24.12,,,,,28.86,49.67,0.88,96.67,,0.0,13.0,740.0,
2016-06-01 04:00:00,99.67,313.0,33.85,45.32,86.62,55.41,7.25,0.97,21.74,20.46,29.61,,,,,28.16,53.84,1.13,83.33,,0.0,13.33,740.0,
2016-06-01 05:00:00,215.33,445.83,39.79,43.37,92.95,53.53,7.2,0.94,22.36,23.54,27.41,,,,,27.97,55.0,0.78,85.42,,0.0,125.25,740.0,
2016-06-01 06:00:00,131.0,469.33,162.01,57.79,272.82,52.48,7.32,1.27,,16.75,91.72,,,,,29.76,52.42,0.77,216.25,,0.0,374.75,740.0,
2016-06-01 07:00:00,145.33,891.0,129.53,61.78,231.89,44.19,6.98,0.98,123.21,12.88,62.68,,,,,32.64,45.17,1.26,224.33,,0.0,409.34,740.0,
2016-06-01 08:00:00,113.83,349.0,45.2,63.11,118.04,42.48,7.23,1.24,126.04,14.68,29.41,,,,,34.65,40.92,1.48,172.58,,0.0,425.0,740.0,
2016-06-01 09:00:00,99.67,348.33,24.78,72.33,98.26,39.26,6.88,1.84,58.62,16.74,32.12,,,,,36.79,37.08,1.6,158.08,,0.0,432.84,740.0,
2016-06-01 10:00:00,109.67,399.17,58.52,82.76,153.68,41.21,5.94,1.69,43.24,17.25,41.22,,,,,39.08,32.17,1.74,253.17,,0.0,435.67,740.0,
2016-06-01 11:00:00,115.5,630.17,42.44,93.27,141.12,50.24,4.88,1.74,35.93,13.74,26.99,,,,,40.53,29.58,1.82,239.33,,0.0,435.92,740.0,
2016-06-01 12:00:00,102.17,451.17,43.65,97.44,146.88,40.41,3.23,1.96,29.14,23.59,44.03,,,,,41.61,27.33,2.04,238.16,,0.0,434.08,740.0,
2016-06-01 13:00:00,100.17,570.5,8.45,65.79,70.25,36.38,3.01,1.63,45.62,20.38,42.12,,,,,41.98,26.42,1.94,236.17,,0.0,431.75,740.0,
2016-06-01 14:00:00,109.17,661.5,28.99,89.66,119.49,29.36,1.26,0.74,41.12,16.44,34.28,,,,,42.56,25.75,2.17,256.58,,0.0,422.17,740.0,
2016-06-01 15:00:00,101.67,685.5,46.54,68.86,124.93,27.2,0.2,0.65,31.94,12.32,29.25,,,,,41.79,27.33,2.65,273.92,,0.0,413.25,740.0,
2016-06-01 16:00:00,115.67,843.0,86.05,70.63,180.53,29.84,5.89,0.74,36.02,9.03,21.76,,,,,40.57,28.5,3.29,276.59,,0.0,384.0,740.0,
2016-06-01 17:00:00,143.5,848.0,123.57,78.82,238.98,30.24,6.51,1.02,32.24,7.38,20.05,,,,,39.81,30.0,2.54,285.75,,0.0,329.83,740.0,
2016-06-01 18:00:00,139.0,844.0,134.41,93.14,266.21,30.62,6.83,1.07,28.87,11.84,35.28,,,,,38.76,31.67,1.83,284.75,,0.0,211.0,740.0,
2016-06-01 19:00:00,141.0,824.0,134.89,116.08,287.68,37.62,8.25,2.21,51.45,24.51,56.27,,,,,37.84,34.67,0.88,273.0,,0.0,18.0,740.0,
2016-06-01 20:00:00,194.83,,108.28,109.95,245.73,44.94,6.25,2.85,78.68,35.99,77.09,,,,,37.36,37.0,1.51,292.91,,0.0,12.84,740.0,
2016-06-01 21:00:00,154.17,661.0,108.89,68.0,209.14,72.23,6.0,0.98,34.07,30.96,79.92,,,,,36.06,35.16,2.27,282.08,,0.0,12.92,740.0,
2016-06-01 22:00:00,115.25,717.17,118.02,83.82,235.97,86.64,6.58,1.35,32.07,12.86,32.72,,,,,35.02,36.25,1.18,258.67,,0.0,12.92,740.0,
2016-06-01 23:00:00,147.83,996.5,77.84,79.94,177.58,85.92,6.17,1.12,24.0,19.63,43.78,,,,,34.04,38.58,0.38,210.33,,0.0,12.92,740.0,
2016-06-02 00:00:00,166.83,989.0,147.7,80.43,273.36,63.53,5.8,1.07,32.54,20.36,48.53,,,,,33.57,41.08,0.32,225.42,,0.0,12.92,740.0,
2016-06-02 01:00:00,207.33,,131.57,82.39,253.09,58.12,5.45,1.28,40.51,28.01,57.46,,,,,33.43,42.5,0.44,225.58,,0.0,13.0,740.0,
2016-06-02 02:00:00,158.5,729.0,83.91,71.68,178.5,64.09,5.5,1.16,36.97,33.78,58.75,,,,,32.72,45.0,1.2,234.33,,0.0,13.08,740.0,
2016-06-02 03:00:00,133.33,694.33,63.91,60.32,141.0,69.71,5.53,0.55,37.21,17.09,33.02,,,,,31.93,45.17,1.14,240.17,,0.0,13.0,740.0,
2016-06-02 04:00:00,135.33,509.0,113.39,55.65,204.39,71.89,6.31,0.5,29.21,10.73,12.48,,,,,31.7,44.5,1.3,252.08,,0.0,13.08,740.0,
2016-06-02 05:00:00,92.0,486.17,110.61,59.82,204.25,65.82,7.67,1.0,32.87,7.79,9.33,,,,,31.74,45.75,1.0,241.42,,0.0,128.67,740.0,
2016-06-02 06:00:00,123.83,672.0,190.46,71.72,323.93,88.3,7.69,1.1,27.71,11.04,15.89,,,,,33.22,42.42,1.82,275.16,,0.0,361.66,740.0,
2016-06-02 07:00:00,154.5,746.0,153.43,73.54,275.94,61.45,6.63,0.94,29.38,16.34,22.86,,,,,35.23,38.92,2.47,285.92,,0.0,401.83,740.0,
2016-06-02 08:00:00,134.17,724.33,249.31,84.74,352.31,46.99,5.66,1.28,36.02,14.03,21.61,,,,,37.68,36.34,2.2,290.58,,0.0,416.5,740.0,
2016-06-02 09:00:00,119.33,604.0,156.82,77.81,283.61,64.58,5.03,0.55,26.71,14.01,23.98,,,,,39.75,32.92,2.05,290.0,,0.0,425.33,740.0,
2016-06-02 10:00:00,119.5,570.67,51.56,76.26,138.43,46.09,4.21,0.89,36.01,14.46,23.61,,,,,41.72,30.16,1.82,273.25,,0.0,427.83,740.0,
2016-06-02 11:00:00,140.33,725.33,68.86,83.9,168.72,46.49,3.82,1.69,43.04,16.82,26.47,,,,,42.83,26.34,2.93,282.5,,0.0,431.5,740.0,
2016-06-02 12:00:00,146.83,805.0,79.23,65.47,166.52,47.58,6.21,1.31,39.29,12.68,22.04,,,,,44.39,19.5,3.17,286.83,,0.0,430.58,740.0,
2016-06-02 13:00:00,96.17,665.67,44.06,58.14,112.44,64.65,9.86,1.16,44.07,9.14,18.45,,,,,44.26,18.08,3.65,285.5,,0.0,428.0,740.0,
2016-06-02 14:00:00,98.5,656.83,56.94,60.19,131.21,43.48,9.08,0.74,37.18,7.01,14.14,,,,,44.63,16.58,3.38,283.91,,0.0,419.92,740.0,
2016-06-02 15:00:00,102.33,688.0,24.94,56.63,84.47,46.63,9.39,0.62,38.18,4.59,12.38,,,,,44.24,16.66,3.2,269.42,,0.0,409.58,740.0,
2016-06-02 16:00:00,83.83,536.17,71.43,68.9,158.95,36.99,5.45,1.14,37.27,5.09,16.13,,,,,43.34,17.83,3.35,283.33,,0.0,394.84,740.0,
2016-06-02 17:00:00,77.17,572.0,63.49,50.53,131.48,30.29,2.18,0.74,38.89,7.04,20.37,,,,,42.39,17.58,3.06,286.17,,0.0,365.92,740.0,
2016-06-02 18:00:00,54.67,444.17,165.28,79.98,297.78,31.71,2.12,1.1,36.18,13.35,34.97,,,,,41.02,19.17,2.54,291.83,,0.0,254.16,740.0,
2016-06-02 19:00:00,90.0,571.33,110.24,87.65,228.59,38.88,2.94,1.64,44.26,24.78,60.68,,,,,39.35,22.75,1.76,284.5,,0.0,22.58,740.0,
2016-06-02 20:00:00,107.0,691.0,179.7,114.08,346.96,42.04,6.4,2.44,35.14,27.42,78.61,,,,,38.24,25.84,1.3,285.5,,0.0,12.92,740.0,
2016-06-02 21:00:00,144.83,882.67,178.56,118.71,349.66,55.44,8.01,3.15,45.4,39.34,104.26,,,,,37.45,28.33,1.26,284.16,,0.0,12.92,740.0,
2016-06-02 22:00:00,168.5,891.0,205.78,114.4,382.87,51.64,7.62,3.06,43.36,40.09,120.48,,,,,36.34,31.34,0.38,242.84,,0.0,12.92,740.0,
2016-06-02 23:00:00,250.0,,214.5,123.86,376.53,62.27,8.76,3.56,41.42,36.24,125.91,,,,,34.59,36.42,0.3,196.83,,0.0,12.84,740.0,
2016-06-03 00:00:00,427.17,,304.68,130.83,410.2,67.33,7.41,1.8,45.48,46.03,130.23,,,,,34.06,37.08,0.64,174.33,,0.0,13.0,740.0,
2016-06-03 01:00:00,418.17,512.0,102.14,89.68,219.42,66.92,6.06,0.23,64.6,41.21,112.02,,,,,33.65,35.67,0.62,78.25,,0.0,12.92,740.0,
2016-06-03 02:00:00,199.33,573.17,199.91,93.73,356.51,56.3,5.54,0.18,,37.9,133.8,,,,,32.34,39.67,0.3,177.83,,0.0,13.0,740.0,
2016-06-03 03:00:00,225.5,879.0,249.66,92.72,392.28,64.31,5.76,0.47,,37.78,132.85,,,,,31.81,42.33,0.3,224.25,,0.0,12.92,740.0,
2016-06-03 04:00:00,224.17,,323.68,102.38,425.73,66.56,42.09,1.83,,40.46,126.54,,,,,31.67,43.67,0.43,247.0,,0.0,13.08,740.0,
2016-06-03 05:00:00,233.67,,331.93,99.92,439.06,84.81,47.46,1.02,142.56,38.74,100.61,,,,,31.82,44.08,0.36,186.92,,0.0,111.58,740.0,
2016-06-03 06:00:00,245.0,698.0,174.49,97.15,324.82,86.05,47.42,1.03,81.3,36.5,74.41,,,,,33.21,42.42,0.72,100.08,,0.0,360.25,740.0,
2016-06-03 07:00:00,207.33,669.5,47.94,122.48,174.61,78.62,38.66,1.97,54.78,28.64,55.87,,,,,35.46,39.08,1.76,96.58,,0.0,400.66,740.0,
2016-06-03 08:00:00,194.33,527.5,33.16,126.1,157.63,76.91,6.31,1.81,89.69,30.26,86.58,,,,,37.36,39.33,1.88,115.25,,0.0,415.0,740.0,
2016-06-03 09:00:00,196.83,530.67,14.0,109.48,116.68,89.48,5.31,1.84,,30.92,77.58,,,,,38.35,39.58,2.5,96.08,,0.0,425.0,740.0,
2016-06-03 10:00:00,197.5,524.5,6.59,69.41,70.85,78.8,7.38,1.43,145.81,27.13,58.75,,,,,40.36,34.33,2.45,107.66,,0.0,429.67,740.0,
2016-06-03 11:00:00,174.33,472.0,4.59,56.43,56.54,73.08,43.71,1.18,81.84,24.55,46.67,,,,,43.16,27.08,1.64,137.92,,0.0,425.25,740.0,
2016-06-03 12:00:00,146.33,481.67,24.72,87.94,112.36,74.06,9.49,2.72,129.32,21.55,51.58,,,,,44.88,20.83,1.91,226.58,,0.0,419.92,740.0,
2016-06-03 13:00:00,146.83,641.5,16.23,78.15,91.72,70.45,6.27,1.11,55.64,17.61,35.48,,,,,44.94,21.83,2.2,185.08,,0.0,417.83,740.0,
2016-06-03 14:00:00,137.0,559.83,18.92,67.5,85.93,83.27,7.68,0.96,42.61,13.47,27.71,,,,,44.44,22.83,2.58,141.92,,0.0,413.34,740.0,
2016-06-03 15:00:00,113.67,477.67,18.66,56.02,75.44,54.61,6.33,0.54,37.76,8.97,31.37,,,,,43.92,24.0,2.0,189.83,,0.0,403.16,740.0,
2016-06-03 16:00:00,100.67,442.83,24.59,66.59,92.93,58.42,6.75,0.55,41.61,7.92,17.5,,,,,43.04,25.75,1.91,187.08,,0.0,385.58,740.0,
2016-06-03 17:00:00,212.83,548.83,34.98,84.95,123.48,68.7,7.67,3.83,40.93,9.17,28.13,,,,,41.73,29.34,1.98,125.34,,0.0,359.08,740.0,
2016-06-03 18:00:00,682.0,515.0,13.73,87.07,96.32,70.25,7.85,2.12,39.83,11.61,55.04,,,,,39.96,33.66,1.91,82.58,,0.0,241.67,740.0,
2016-06-03 19:00:00,411.0,434.5,36.7,118.4,155.59,59.99,6.66,2.21,51.31,19.0,73.31,,,,,38.45,36.25,1.29,74.33,,0.0,22.08,740.0,
2016-06-03 20:00:00,408.67,490.17,102.23,121.93,248.33,68.99,6.84,4.04,,31.58,148.88,,,,,37.42,38.83,0.69,118.25,,0.0,13.0,740.0,
2016-06-03 21:00:00,375.33,531.0,216.22,136.52,369.33,85.53,7.37,4.64,,34.3,238.45,,,,,36.61,41.34,0.56,200.0,,0.0,12.83,740.0,
2016-06-03 22:00:00,255.33,821.0,204.1,131.14,262.97,152.09,8.62,4.87,137.44,41.18,169.18,,,,,36.68,39.66,0.82,174.08,,0.0,13.0,740.0,
2016-06-03 23:00:00,200.38,821.0,230.92,124.58,326.02,105.79,8.56,3.02,102.39,36.85,100.4,,,,,35.73,42.75,0.5,204.92,,0.0,13.0,740.0,
2016-06-04 00:00:00,242.67,548.0,46.29,102.49,154.54,93.05,6.41,1.68,56.21,29.84,77.54,,,,,35.35,44.0,1.0,178.67,,0.0,13.0,740.0,
2016-06-04 01:00:00,300.5,514.83,14.94,89.38,100.02,93.72,6.64,0.8,65.53,18.84,31.49,,,,,34.83,44.75,0.62,114.25,,0.0,13.0,740.0,
2016-06-04 02:00:00,131.17,389.5,89.61,92.32,204.62,84.24,6.4,0.57,85.8,28.52,35.64,,,,,34.42,46.08,0.65,195.08,,0.0,13.0,740.0,
2016-06-04 03:00:00,188.5,610.33,102.71,88.11,218.74,90.39,6.52,1.36,82.79,32.98,54.11,,,,,33.59,48.08,0.81,277.25,,0.0,13.0,740.0,
2016-06-04 04:00:00,316.33,682.17,81.89,94.24,195.8,93.62,6.47,0.4,66.72,26.56,48.0,,,,,33.6,45.5,1.24,182.67,,0.0,13.08,740.0,
2016-06-04 05:00:00,481.0,577.83,70.88,88.25,175.43,96.86,6.98,0.7,53.91,23.97,200.6,,,,,33.44,47.17,1.62,83.5,,0.0,120.67,740.0,
2016-06-04 06:00:00,245.17,539.5,35.45,74.55,114.83,99.49,6.88,0.8,35.65,28.12,132.88,,,,,33.88,47.67,2.01,91.25,,0.0,358.42,740.0,
2016-06-04 07:00:00,604.83,484.67,19.04,79.03,96.41,74.09,5.63,0.52,46.29,28.83,52.9,,,,,35.72,44.0,2.38,85.0,,0.0,400.0,740.0,
2016-06-04 08:00:00,522.0,511.5,10.74,68.0,75.22,75.61,6.39,0.25,67.26,28.59,52.99,,,,,38.06,37.5,2.51,129.5,,0.0,415.5,740.0,
2016-06-04 09:00:00,359.5,470.83,49.08,99.12,155.39,79.29,6.59,0.96,99.39,28.64,46.73,,,,,42.21,28.58,1.67,210.75,,0.0,418.58,740.0,
2016-06-04 10:00:00,210.83,563.17,36.69,100.46,139.62,62.38,6.78,0.6,106.11,23.57,42.58,,,,,44.23,22.83,1.74,258.25,,0.0,422.17,740.0,
2016-06-04 11:00:00,149.12,566.83,16.09,78.56,91.97,43.45,6.74,0.97,103.57,13.64,26.8,,,,,45.67,19.67,1.79,189.5,,0.0,421.92,740.0,
2016-06-04 12:00:00,133.17,389.0,8.99,78.3,82.02,38.54,6.96,0.84,84.82,15.59,29.67,,,,,46.64,18.42,1.68,189.58,,0.0,412.75,740.0,
2016-06-04 13:00:00,357.17,431.67,7.13,59.36,62.62,44.91,6.57,0.62,82.22,14.28,30.17,,,,,44.47,22.25,3.08,95.34,,0.0,406.42,740.0,
2016-06-04 14:00:00,767.33,431.5,16.51,63.66,79.26,48.53,7.13,0.89,67.23,12.77,32.05,,,,,44.56,23.0,2.72,134.67,,0.0,408.08,740.0,
2016-06-04 15:00:00,321.33,378.0,17.59,52.79,71.09,48.46,6.95,0.98,61.29,10.09,31.18,,,,,44.31,21.83,1.87,171.25,,0.0,391.67,740.0,
2016-06-04 16:00:00,108.0,457.17,22.62,57.64,82.32,52.85,6.58,0.56,57.94,8.78,22.13,,,,,44.09,21.42,1.5,168.83,,0.0,379.75,740.0,
2016-06-04 17:00:00,151.17,490.33,13.24,66.94,77.76,64.74,7.79,1.49,96.18,8.81,29.55,,,,,42.82,24.66,1.99,118.42,,0.0,349.92,740.0,
2016-06-04 18:00:00,335.83,438.0,30.96,105.09,135.91,60.32,7.21,1.83,113.04,16.58,66.6,,,,,41.04,29.67,1.83,95.42,,0.0,226.58,740.0,
2016-06-04 19:00:00,168.17,477.17,58.16,116.57,183.26,59.34,6.48,2.12,39.42,17.02,117.94,,,,,39.85,29.42,1.6,91.75,,0.0,21.83,740.0,
2016-06-04 20:00:00,122.17,445.0,119.98,116.78,267.89,60.4,6.33,2.84,41.99,28.27,323.17,,,,,38.78,32.08,1.24,83.66,,0.0,12.84,740.0,
2016-06-04 21:00:00,177.33,632.33,13.81,63.43,75.38,74.9,8.33,1.49,35.71,23.71,149.24,,,,,37.36,41.67,3.95,91.16,,0.0,12.92,740.0,
2016-06-04 22:00:00,119.83,376.5,5.02,34.01,37.16,78.51,9.82,0.74,29.68,12.58,37.33,,,,,35.22,49.67,4.71,91.84,,0.0,13.0,740.0,
2016-06-04 23:00:00,97.17,275.83,3.82,29.5,31.49,63.68,7.1,3.89,29.58,8.56,22.28,,,,,34.22,52.83,3.24,91.0,,0.0,13.0,740.0,
2016-06-05 00:00:00,86.5,208.33,4.43,30.53,33.23,67.21,7.66,1.25,24.82,7.97,22.33,,,,,33.75,54.75,2.63,99.75,,0.0,13.08,740.0,
2016-06-05 01:00:00,82.67,205.67,4.18,32.86,34.98,70.26,6.88,0.6,22.06,8.54,35.33,,,,,33.53,56.67,2.96,109.25,,0.0,13.0,740.0,
2016-06-05 02:00:00,101.5,231.33,4.36,34.93,37.08,163.43,8.22,,8.06,6.82,27.56,,,,,32.66,59.75,3.43,92.42,,0.0,12.92,740.0,
2016-06-05 03:00:00,100.0,209.5,4.01,21.22,24.39,179.92,8.89,3.89,9.09,7.42,19.81,,,,,31.78,62.75,4.18,88.5,,0.0,13.0,740.0,
2016-06-05 04:00:00,79.0,163.33,3.85,18.76,21.98,168.28,6.42,0.76,8.31,7.54,8.72,,,,,31.16,64.42,3.45,98.34,,0.0,13.0,740.0,
2016-06-05 05:00:00,74.75,148.83,6.65,24.16,30.6,145.91,6.38,1.34,10.01,7.29,7.07,,,,,30.54,66.17,4.58,92.25,,0.0,125.0,740.0,
2016-06-05 06:00:00,79.5,171.5,8.68,23.03,32.35,87.61,4.12,1.75,20.35,8.83,7.08,,,,,30.76,66.08,5.23,91.58,,0.0,363.33,740.0,
2016-06-05 07:00:00,85.83,199.83,9.36,22.81,33.09,59.7,3.69,0.2,21.96,10.69,11.73,,,,,32.21,61.34,5.1,101.0,,0.0,409.58,740.0,
2016-06-05 08:00:00,139.17,260.17,8.86,32.36,40.9,50.16,6.18,,18.01,7.46,9.78,,,,,33.84,56.08,4.75,97.58,,0.0,426.25,740.0,
2016-06-05 09:00:00,173.67,284.83,7.67,32.17,39.13,105.09,7.0,0.2,23.28,7.51,11.76,,,,,35.94,49.58,4.33,94.5,,0.0,434.25,740.0,
2016-06-05 10:00:00,116.83,253.5,4.92,29.52,33.04,143.11,7.05,0.38,14.36,7.51,15.66,,,,,38.08,43.92,3.42,99.42,,0.0,437.5,740.0,
2016-06-05 11:00:00,114.33,256.33,4.69,31.61,34.56,100.02,6.55,0.28,22.02,8.22,18.19,,,,,39.52,40.92,4.0,96.33,,0.0,439.16,740.0,
2016-06-05 12:00:00,108.67,280.17,3.82,28.68,30.76,93.43,6.96,0.22,20.8,7.88,18.48,,,,,40.49,37.83,4.12,103.0,,0.0,437.92,740.0,
2016-06-05 13:00:00,116.33,264.33,3.34,26.49,28.16,82.81,7.47,0.18,24.76,7.13,14.42,,,,,41.68,35.08,3.71,96.5,,0.0,431.58,740.0,
2016-06-05 14:00:00,86.83,265.33,6.21,29.5,34.73,53.18,5.48,0.24,38.66,6.49,11.48,,,,,42.78,31.75,3.04,115.08,,0.0,421.17,740.0,
2016-06-05 15:00:00,86.83,338.67,8.2,29.93,37.84,44.26,5.45,0.12,52.88,5.46,10.46,,,,,42.65,30.84,3.01,109.08,,0.0,408.17,740.0,
2016-06-05 16:00:00,112.33,436.83,5.07,29.86,33.52,43.91,6.47,0.15,58.94,5.48,45.02,,,,,42.26,29.92,2.64,99.67,,0.0,389.66,740.0,
2016-06-05 17:00:00,92.83,259.33,6.41,47.87,51.36,55.83,7.75,0.27,50.0,5.22,55.7,,,,,41.14,33.0,3.51,83.34,,0.0,352.75,740.0,
2016-06-05 18:00:00,88.5,258.0,5.6,53.38,55.22,50.98,8.08,0.39,28.15,7.58,193.11,,,,,39.92,36.67,3.94,79.34,,0.0,248.17,740.0,
2016-06-05 19:00:00,94.83,293.33,6.58,52.79,56.03,59.1,8.35,0.39,23.6,9.99,139.03,,,,,38.62,41.17,3.84,85.92,,0.0,21.66,740.0,
2016-06-05 20:00:00,90.67,290.33,8.07,51.38,56.78,78.84,7.05,0.42,14.59,10.67,109.78,,,,,36.84,48.75,4.66,84.08,,0.0,13.0,740.0,
2016-06-05 21:00:00,94.5,269.5,8.32,40.16,47.14,98.48,7.42,0.63,15.14,8.76,136.24,,,,,35.78,49.92,5.32,79.58,,0.0,13.0,740.0,
2016-06-05 22:00:00,81.33,364.33,8.59,32.8,40.97,77.05,6.01,0.53,59.92,7.52,54.06,,,,,34.14,49.67,5.14,80.0,,0.0,13.0,740.0,
2016-06-05 23:00:00,129.67,719.5,8.92,45.0,52.31,61.28,5.92,1.11,55.37,6.18,54.96,,,,,33.31,44.08,4.75,82.92,,0.0,13.0,740.0,
2016-06-06 00:00:00,167.5,394.17,3.38,29.58,30.97,64.45,8.95,2.18,21.8,4.26,88.54,,,,,33.42,44.0,3.57,87.08,,0.0,13.0,740.0,
2016-06-06 01:00:00,273.17,181.33,4.76,35.18,37.86,60.58,6.59,1.52,33.5,5.4,63.15,,,,,32.78,46.08,3.2,90.92,,0.0,13.0,740.0,
2016-06-06 02:00:00,66.67,194.33,2.92,32.4,32.88,60.97,7.76,0.73,24.58,6.85,39.27,,,,,32.41,47.25,2.58,90.83,,0.0,13.0,740.0,
2016-06-06 03:00:00,80.17,226.0,5.42,48.1,50.24,65.72,40.02,1.13,12.26,5.4,17.21,,,,,32.51,47.92,1.78,93.83,,0.0,12.92,740.0,
2016-06-06 04:00:00,85.5,219.67,3.9,33.5,35.17,60.8,8.74,0.88,11.4,4.96,20.02,,,,,32.09,47.92,3.0,100.58,,0.0,13.08,740.0,
2016-06-06 05:00:00,99.5,198.67,6.58,40.33,44.9,55.02,6.46,1.07,9.67,8.14,11.65,,,,,31.66,50.66,2.62,103.16,,0.0,114.92,740.0,
2016-06-06 06:00:00,110.83,242.83,16.06,48.82,65.33,50.03,6.23,0.47,11.66,8.61,11.17,,,,,32.33,50.92,2.51,102.25,,0.0,339.58,740.0,
2016-06-06 07:00:00,336.75,210.67,16.01,45.23,62.18,45.76,6.2,2.34,18.15,10.94,12.57,,,,,33.51,49.5,2.83,86.42,,0.0,404.83,740.0,
2016-06-06 08:00:00,167.83,278.83,11.22,43.28,53.88,36.83,6.12,0.65,30.3,13.14,86.48,,,,,34.93,43.75,3.05,98.83,,0.0,422.66,740.0,
2016-06-06 09:00:00,75.0,270.83,5.12,32.12,35.63,34.38,43.31,0.25,39.36,12.44,61.68,,,,,36.32,41.08,3.21,103.92,,0.0,433.5,740.0,
2016-06-06 10:00:00,78.83,248.0,4.56,38.55,40.56,35.05,44.2,1.23,35.29,10.84,36.67,,,,,38.24,38.17,2.78,102.08,,0.0,436.67,740.0,
2016-06-06 11:00:00,98.0,314.33,7.74,57.42,61.71,35.65,44.2,1.5,41.8,10.9,40.66,,,,,40.29,34.17,2.94,112.16,,0.0,435.42,740.0,
2016-06-06 12:00:00,99.67,331.0,10.22,55.74,63.62,38.17,8.85,2.42,102.68,9.68,42.42,,,,,39.78,38.33,4.68,89.75,,0.0,433.25,740.0,
2016-06-06 13:00:00,110.83,381.0,19.62,54.31,75.19,39.48,7.13,1.96,54.32,8.09,60.72,,,,,36.52,44.25,7.34,79.09,,0.0,442.17,740.0,
2016-06-06 14:00:00,115.5,487.0,13.64,43.98,57.82,36.01,4.66,1.64,23.71,5.93,76.02,,,,,36.54,41.42,6.32,82.34,,0.0,438.5,740.0,
2016-06-06 15:00:00,67.17,461.67,5.87,35.02,39.23,33.89,6.72,1.77,30.45,4.87,51.39,,,,,37.07,39.83,5.92,90.92,,0.0,426.66,740.0,
2016-06-06 16:00:00,64.5,317.5,5.33,45.36,47.67,34.14,4.75,1.77,28.25,5.08,63.02,,,,,36.62,37.42,4.42,92.08,,0.0,282.25,740.0,
2016-06-06 17:00:00,139.5,230.0,95.37,88.02,208.65,35.62,10.3,1.96,34.09,6.62,41.45,,,,,35.53,35.75,3.87,217.83,,0.0,216.42,740.0,
2016-06-06 18:00:00,425.67,675.0,22.78,88.09,109.6,26.58,42.94,1.11,24.24,8.55,53.88,,,,,36.26,29.67,3.61,114.83,,0.0,325.5,740.0,
2016-06-06 19:00:00,155.67,643.5,9.33,69.66,74.83,32.86,42.87,1.73,23.8,11.73,40.29,,,,,34.89,40.67,2.28,114.83,,0.0,50.16,740.0,
2016-06-06 20:00:00,89.0,468.0,21.6,85.53,105.72,34.84,8.72,2.27,19.74,16.82,87.74,,,,,34.18,44.33,2.47,84.25,,0.0,13.0,740.0,
2016-06-06 21:00:00,88.5,372.67,12.58,65.35,75.39,38.14,8.06,1.86,16.03,14.99,110.23,,,,,33.57,47.25,2.64,84.34,,0.0,13.0,740.0,
2016-06-06 22:00:00,86.5,333.0,18.66,65.8,84.08,41.81,6.56,1.66,27.85,14.16,57.58,,,,,32.73,44.58,3.08,75.91,,0.0,13.0,740.0,
2016-06-06 23:00:00,85.67,254.83,6.89,50.67,54.53,38.32,6.52,1.17,19.41,12.23,49.08,,,,,31.93,48.5,3.07,92.0,,0.0,13.0,740.0,
2016-06-07 00:00:00,69.83,183.5,4.39,36.34,38.35,36.55,6.62,2.05,22.86,8.98,52.53,,,,,31.38,52.92,3.15,96.66,,0.0,13.0,740.0,
2016-06-07 01:00:00,75.33,155.17,2.58,29.74,30.02,36.92,6.86,1.22,27.36,10.42,18.07,,,,,30.92,56.25,2.19,110.42,,0.0,13.0,740.0,
2016-06-07 02:00:00,80.67,158.67,4.17,34.17,36.16,37.99,7.14,1.18,17.38,9.79,31.08,,,,,30.65,58.67,2.76,100.83,,0.0,13.08,740.0,
2016-06-07 03:00:00,73.17,188.5,5.5,38.67,41.99,48.36,7.25,0.74,12.01,8.05,33.7,,,,,30.28,60.09,2.74,90.58,,0.0,12.84,740.0,
2016-06-07 04:00:00,70.5,153.0,12.32,40.61,53.0,50.0,7.57,0.85,20.26,7.21,51.38,,,,,29.8,62.0,2.28,82.5,,0.0,13.0,740.0,
2016-06-07 05:00:00,84.0,194.33,11.66,38.67,50.37,49.12,,1.46,20.85,11.28,102.2,,,,,29.37,64.0,2.8,91.92,,0.0,123.58,740.0,
2016-06-07 06:00:00,106.67,219.17,14.62,36.96,52.9,41.78,,1.07,15.45,11.55,24.5,,,,,30.18,61.42,3.66,87.75,,0.0,373.08,740.0,
2016-06-07 07:00:00,72.33,187.33,14.49,37.56,53.24,37.42,,0.64,24.09,12.96,71.12,,,,,31.36,58.08,4.07,83.25,,0.0,414.58,740.0,
2016-06-07 08:00:00,82.67,202.0,10.32,37.36,47.38,33.02,6.32,0.7,24.74,10.4,39.05,,,,,32.81,53.83,5.07,97.34,,0.0,432.17,740.0,
2016-06-07 09:00:00,78.83,221.0,7.32,30.8,37.42,30.99,6.92,1.23,43.56,9.76,18.4,,,,,34.86,49.66,4.61,91.5,,0.0,439.75,740.0,
2016-06-07 10:00:00,93.83,265.83,9.94,43.05,51.91,34.22,7.5,1.45,31.85,8.65,26.94,,,,,36.66,45.83,5.32,76.5,,0.0,442.92,740.0,
2016-06-07 11:00:00,132.5,399.67,8.58,45.71,52.45,65.74,8.27,1.31,67.79,8.0,45.42,,,,,37.51,44.83,5.45,80.83,,0.0,442.92,740.0,
2016-06-07 12:00:00,287.17,496.83,10.13,49.68,59.04,32.93,7.38,0.92,18.8,7.2,38.36,,,,,36.42,46.0,6.78,80.08,,0.0,446.84,740.0,
2016-06-07 13:00:00,193.83,750.33,11.46,47.22,57.76,37.11,8.11,0.82,71.69,5.05,40.37,,,,,36.28,41.25,7.06,82.08,,0.0,449.34,740.0,
2016-06-07 14:00:00,171.5,721.33,11.07,37.12,48.22,35.96,26.66,0.82,134.52,4.77,54.79,,,,,36.14,37.08,6.79,83.42,,0.0,443.33,740.0,
2016-06-07 15:00:00,146.17,351.67,10.06,44.01,52.94,47.31,4.5,1.15,,4.72,58.44,,,,,36.41,34.5,5.82,79.0,,0.0,431.33,740.0,
2016-06-07 16:00:00,55.0,365.0,21.16,61.29,83.5,45.64,6.61,1.04,,5.86,70.01,,,,,36.64,31.08,4.59,83.33,,0.0,414.16,740.0,
2016-06-07 17:00:00,45.17,215.0,19.49,71.76,90.59,30.94,7.6,0.9,,5.77,74.36,,,,,35.83,31.83,3.98,86.66,,0.0,386.58,740.0,
2016-06-07 18:00:00,54.17,196.0,,,,,,,4.92,6.03,67.09,,,,,34.8,34.33,3.52,83.42,,0.0,261.67,740.0,
2016-06-07 19:00:00,91.0,208.5,16.03,98.9,110.01,45.23,41.63,1.14,9.43,8.84,140.57,,,,,34.04,36.58,1.95,84.08,,0.0,24.92,740.0,
2016-06-07 20:00:00,69.83,264.0,14.89,90.69,101.11,42.87,19.9,1.43,8.96,12.43,205.14,,,,,33.63,37.34,2.16,80.0,,0.0,13.0,740.0,
2016-06-07 21:00:00,67.0,233.33,37.83,89.13,130.62,42.18,,1.29,8.36,12.84,267.62,,,,,33.29,38.34,1.69,124.67,,0.0,13.0,740.0,
2016-06-07 22:00:00,79.0,249.5,28.78,92.85,122.0,39.26,,0.95,8.8,16.39,61.38,,,,,33.06,38.67,1.62,102.34,,0.0,13.0,740.0,
2016-06-07 23:00:00,60.0,206.17,6.69,73.16,74.32,33.52,6.07,0.87,18.4,11.24,42.17,,,,,32.68,38.75,1.81,95.75,,0.0,13.0,740.0,
2016-06-08 00:00:00,43.67,137.5,13.12,82.66,91.56,34.1,6.55,1.14,21.12,9.99,48.58,,,,,32.34,39.83,1.63,86.92,,0.0,13.0,740.0,
2016-06-08 01:00:00,63.0,183.5,6.61,68.8,70.31,35.3,6.72,1.11,19.27,11.3,55.72,,,,,31.98,41.17,1.81,86.33,,0.0,13.0,740.0,
2016-06-08 02:00:00,68.67,151.83,6.44,59.06,61.39,33.35,27.48,1.05,16.56,10.62,55.66,,,,,31.82,41.34,2.38,87.67,,0.0,13.0,740.0,
2016-06-08 03:00:00,73.17,160.67,3.97,59.75,58.66,37.79,45.21,1.35,8.9,11.08,89.56,,,,,31.55,42.0,1.72,91.0,,0.0,12.92,740.0,
2016-06-08 04:00:00,78.33,195.25,5.42,51.3,53.11,41.33,9.6,1.54,7.12,16.52,55.26,,,,,30.89,44.42,3.15,87.83,,0.0,13.08,740.0,
2016-06-08 05:00:00,76.0,222.33,13.95,62.81,75.02,40.37,4.05,1.38,7.12,16.3,76.04,,,,,30.2,47.66,2.95,76.34,,0.0,128.16,740.0,
2016-06-08 06:00:00,81.5,190.67,15.06,55.88,70.36,41.2,6.41,1.52,7.46,16.58,193.94,,,,,30.4,49.42,3.24,82.33,,0.0,371.92,740.0,
2016-06-08 07:00:00,85.5,201.67,12.52,50.75,62.29,39.17,5.97,1.58,13.47,16.09,110.35,,,,,31.75,47.25,3.87,86.17,,0.0,410.0,740.0,
2016-06-08 08:00:00,92.33,217.17,8.84,42.74,50.16,37.08,6.52,1.61,19.84,14.59,51.61,,,,,33.44,44.83,3.73,97.58,,0.0,428.5,740.0,
2016-06-08 09:00:00,88.33,233.33,6.44,38.81,43.39,34.28,6.52,1.57,23.46,15.18,27.94,,,,,35.27,40.67,3.88,103.83,,0.0,437.25,740.0,
2016-06-08 10:00:00,88.67,262.33,3.45,43.46,43.41,29.42,6.5,1.5,21.5,13.6,37.63,,,,,37.44,35.92,3.72,115.92,,0.0,440.75,740.0,
2016-06-08 11:00:00,101.5,267.33,3.49,41.83,42.03,32.28,6.78,1.35,16.9,12.52,39.64,,,,,38.66,34.5,4.09,97.34,,0.0,442.83,740.0,
2016-06-08 12:00:00,72.0,234.0,2.8,35.58,35.53,36.46,6.64,1.23,17.48,9.14,32.55,,,,,39.71,33.34,3.95,103.5,,0.0,390.25,740.0,
2016-06-08 13:00:00,65.83,243.5,6.86,55.13,58.5,36.21,24.32,1.32,18.56,7.88,27.02,,,,,40.27,34.17,4.3,85.75,,0.0,436.75,740.0,
2016-06-08 14:00:00,84.33,300.83,5.26,48.82,50.65,36.38,12.33,1.16,14.68,7.05,33.93,,,,,39.93,35.08,4.68,82.84,,0.0,430.92,740.0,
2016-06-08 15:00:00,81.0,326.67,4.61,46.54,47.75,35.2,4.86,1.2,27.92,7.26,41.28,,,,,39.83,35.92,4.64,81.16,,0.0,419.16,739.75,
2016-06-08 16:00:00,80.83,225.67,12.19,58.68,68.94,36.56,6.53,1.44,50.53,7.18,62.48,,,,,,37.75,4.78,81.75,,0.0,403.33,739.0,
2016-06-08 17:00:00,80.17,297.67,5.94,56.7,58.63,36.98,21.13,1.41,23.88,8.07,61.98,,,,,,38.0,4.26,87.84,,0.0,373.08,739.0,
2016-06-08 18:00:00,80.33,272.67,12.85,86.42,94.57,34.42,16.29,1.58,25.67,6.9,54.84,,,,,,39.25,3.46,90.17,,0.0,253.25,739.0,
2016-06-08 19:00:00,78.67,306.17,10.03,84.75,89.2,42.59,8.85,1.68,10.39,8.48,100.25,,,,,,42.92,3.28,81.17,,0.0,24.16,739.08,
2016-06-08 20:00:00,84.83,294.0,8.35,84.73,86.91,64.72,6.92,1.8,9.47,10.14,82.57,,,,,,45.0,1.92,108.42,,0.0,13.0,740.0,
2016-06-08 21:00:00,76.33,236.17,8.73,77.34,80.82,66.04,39.02,1.98,10.57,12.26,43.12,,,,,,46.25,2.71,90.0,,0.0,13.0,740.0,
2016-06-08 22:00:00,85.0,265.83,5.99,68.11,68.88,63.2,23.9,1.85,7.83,10.57,36.78,,,,,,47.25,2.59,89.75,,0.0,13.0,740.0,
2016-06-08 23:00:00,68.0,229.33,6.01,57.37,59.33,55.92,4.37,1.63,17.12,10.78,36.03,,,,,,47.84,3.17,92.42,,0.0,13.0,740.0,
2016-06-09 00:00:00,59.67,202.0,2.72,34.04,34.06,46.52,6.58,1.26,19.33,10.35,35.78,,,,,,49.08,3.92,85.16,,0.0,13.0,740.0,
2016-06-09 01:00:00,68.5,198.83,2.77,23.72,24.94,41.09,6.66,0.98,19.6,9.41,21.58,,,,,,52.17,3.57,91.75,,0.0,13.0,740.0,
2016-06-09 02:00:00,72.83,165.17,2.3,19.74,20.73,40.1,8.57,1.0,24.42,9.0,12.15,,,,,,56.42,3.37,89.83,,0.0,12.92,740.0,
2016-06-09 03:00:00,79.83,188.0,2.83,31.44,31.87,56.48,10.39,0.85,8.7,8.32,11.8,,,,,,56.58,2.91,90.5,,0.0,12.92,740.0,
2016-06-09 04:00:00,67.5,124.67,2.89,28.83,29.62,78.05,6.5,0.93,9.45,7.71,17.62,,,,,,56.33,3.92,87.0,,0.0,13.08,740.0,
2016-06-09 05:00:00,60.5,140.5,28.07,42.38,76.05,68.12,6.32,0.97,21.73,10.06,12.45,,,,,,58.09,2.64,127.0,,0.0,63.17,740.0,
2016-06-09 06:00:00,65.33,174.67,61.03,67.18,143.23,66.54,5.25,1.32,25.98,12.07,86.64,,,,,,61.25,2.86,134.0,,0.0,247.34,740.0,
2016-06-09 07:00:00,75.83,167.5,20.06,49.39,71.38,53.56,3.09,1.17,14.5,16.36,44.78,,,,,,58.34,3.49,96.25,,0.0,399.5,740.0,
2016-06-09 08:00:00,67.33,201.5,10.82,38.48,49.05,42.36,6.06,1.11,23.0,9.52,99.5,,,,,,56.16,3.85,100.0,,0.0,422.33,740.0,
2016-06-09 09:00:00,58.67,141.33,6.36,35.36,40.2,36.86,6.19,1.36,25.7,8.98,29.12,,,,,,48.42,3.4,105.08,,0.0,438.75,740.0,
2016-06-09 10:00:00,80.67,193.67,6.98,39.95,45.15,30.01,7.64,0.94,25.8,9.64,36.78,,,,,,43.33,4.14,98.42,,0.0,443.42,740.0,
2016-06-09 11:00:00,73.5,263.67,4.54,41.34,43.0,44.9,20.1,0.97,13.45,8.62,34.89,,,,,,40.58,3.62,108.42,,0.0,428.5,740.0,
2016-06-09 12:00:00,71.17,227.67,12.72,51.65,63.35,49.76,8.71,0.87,13.7,8.8,30.68,,,,,,36.67,2.98,134.5,,0.0,435.66,740.0,
2016-06-09 13:00:00,72.0,259.83,10.1,62.7,69.67,41.88,6.26,0.82,46.47,8.76,36.68,,,,,,32.42,3.06,157.17,,0.0,430.75,740.0,
2016-06-09 14:00:00,72.0,277.0,9.32,67.44,72.82,42.47,,0.89,15.79,8.59,38.36,,,,,,33.92,4.25,80.75,,0.0,423.67,739.17,
2016-06-09 15:00:00,72.83,299.0,6.95,48.64,52.81,41.38,,0.85,93.48,8.74,66.67,,,,,,36.92,4.49,79.75,,0.0,406.25,739.0,
2016-06-09 16:00:00,76.5,434.67,30.72,84.71,117.46,42.9,6.6,0.99,22.3,7.94,74.76,,,,,,39.5,3.16,109.92,,0.0,360.58,739.0,
2016-06-09 17:00:00,87.33,313.0,95.93,63.4,187.52,28.71,6.24,0.81,41.96,8.64,40.52,,,,,,27.34,3.21,259.0,,0.0,330.83,739.0,
2016-06-09 18:00:00,148.67,990.0,184.07,92.22,333.56,30.89,20.23,1.04,18.33,5.29,18.72,,,,,,27.33,2.81,236.08,,0.0,293.58,739.0,
2016-06-09 19:00:00,111.17,892.5,43.63,93.01,142.46,38.08,45.44,0.92,10.49,13.05,63.36,,,,,,26.16,2.2,139.0,,0.0,37.92,739.0,
2016-06-09 20:00:00,58.33,363.21,16.44,73.46,87.94,40.78,8.89,0.92,6.27,19.05,68.5,,,,,,30.66,2.42,97.92,,0.0,12.92,739.0,
2016-06-09 21:00:00,64.0,331.67,37.82,83.27,125.84,40.54,6.72,1.19,6.95,12.85,73.36,,,,,,34.5,1.84,86.5,,0.0,13.0,739.0,
2016-06-09 22:00:00,68.17,342.5,104.93,84.84,218.85,40.47,,1.62,9.27,17.17,167.68,,,,,,37.25,1.57,75.92,,0.0,13.08,739.5,
2016-06-09 23:00:00,117.33,606.5,93.02,84.18,201.97,45.48,6.35,1.52,77.01,25.19,152.78,,,,,,37.92,1.48,121.67,,0.0,13.0,739.83,
2016-06-10 00:00:00,124.5,556.5,16.7,68.11,83.49,40.2,6.52,0.75,22.45,20.32,79.75,,,,,,38.75,2.34,92.0,,0.0,13.0,740.0,
2016-06-10 01:00:00,77.67,259.33,5.96,52.66,55.03,39.52,6.79,0.52,19.13,16.82,59.97,,,,,,38.92,2.55,93.58,,0.0,13.0,740.0,
2016-06-10 02:00:00,79.17,221.33,7.49,40.17,46.02,39.12,8.63,0.36,16.08,16.99,37.59,,,,,,42.67,2.45,94.0,,0.0,13.0,740.0,
2016-06-10 03:00:00,69.33,265.17,9.08,55.58,61.91,39.68,12.37,0.38,6.33,13.92,56.81,,,,,,41.58,2.46,108.75,,0.0,13.0,740.0,
2016-06-10 04:00:00,64.17,217.83,7.61,49.96,54.88,39.64,13.1,0.48,7.32,9.85,59.77,,,,,,41.5,2.42,91.17,,0.0,12.92,740.0,
2016-06-10 05:00:00,55.67,187.5,21.45,51.48,75.16,36.9,10.25,0.25,7.59,11.36,42.9,,,,,,46.08,2.19,83.75,,0.0,81.66,740.0,
2016-06-10 06:00:00,60.67,249.33,33.0,55.36,94.36,36.0,6.48,0.5,9.16,16.16,42.42,,,,,,46.0,2.73,87.33,,0.0,359.83,740.0,
2016-06-10 07:00:00,69.17,297.5,14.68,45.82,60.88,36.72,3.73,0.48,13.72,18.02,46.82,,,,,,44.92,3.46,90.75,,0.0,410.34,740.0,
2016-06-10 08:00:00,69.33,301.67,10.08,43.54,52.57,33.85,6.04,0.44,18.61,13.47,22.62,,,,,,46.42,3.72,94.75,,0.0,426.25,740.0,
2016-06-10 09:00:00,66.33,282.0,7.45,40.24,46.03,32.44,6.15,0.34,24.52,8.98,20.72,,,,,,40.83,3.47,103.16,,0.0,434.5,740.0,
2016-06-10 10:00:00,71.83,286.0,16.98,51.9,69.44,23.65,22.79,0.38,23.51,9.96,38.49,,,,,,34.5,2.92,129.42,,0.0,436.25,740.0,
2016-06-10 11:00:00,87.17,380.17,8.3,48.68,54.69,23.8,44.6,0.33,19.78,7.93,28.45,,,,,,29.75,2.17,139.25,,0.0,433.58,740.0,
2016-06-10 12:00:00,68.0,374.5,14.93,56.34,70.53,29.3,8.48,0.44,20.16,7.68,36.93,,,,,,28.58,2.28,175.75,,0.0,431.08,740.0,
2016-06-10 13:00:00,72.83,391.5,12.01,59.4,67.86,30.97,5.92,0.33,21.48,7.52,28.28,,,,,,26.16,1.8,192.25,,0.0,422.42,739.17,
2016-06-10 14:00:00,97.0,534.17,19.53,55.8,76.05,32.16,5.0,0.5,18.84,7.72,22.26,,,,,,26.25,1.86,178.5,,0.0,411.84,739.0,
2016-06-10 15:00:00,97.67,613.83,4.8,53.37,54.13,32.2,4.8,0.65,27.12,8.84,31.72,,,,,,28.84,2.62,121.5,,0.0,370.58,739.0,
2016-06-10 16:00:00,105.0,508.0,64.59,65.22,146.43,28.22,6.0,0.44,31.02,9.39,34.66,,,,,,33.92,4.0,235.08,,0.0,281.42,739.0,
2016-06-10 17:00:00,118.0,383.0,114.16,76.69,224.17,38.21,7.15,0.55,19.14,9.35,47.94,,,,,,47.42,2.77,166.33,,0.0,190.83,740.0,
2016-06-10 18:00:00,85.67,407.67,137.76,99.32,277.89,40.47,9.27,1.56,19.33,18.51,121.08,,,,,,41.17,2.52,121.0,,0.0,290.0,739.17,
2016-06-10 19:00:00,98.5,511.5,156.66,103.41,306.14,54.21,9.97,1.32,10.31,19.48,78.1,,,,,,41.17,1.18,153.75,,0.0,61.83,739.0,
2016-06-10 20:00:00,107.33,414.0,239.82,109.13,424.81,52.8,7.15,1.98,16.54,22.38,102.51,,,,,,42.08,0.32,239.75,,0.0,13.08,739.0,
2016-06-10 21:00:00,155.5,498.83,201.54,104.34,368.09,41.84,7.17,1.36,10.08,21.87,60.05,,,,,,34.5,0.99,242.25,,0.0,13.08,739.0,
2016-06-10 22:00:00,109.5,891.83,121.52,87.65,244.02,35.71,10.44,0.9,10.68,14.03,35.35,,,,,,32.0,0.78,218.42,,0.0,13.0,739.0,
2016-06-10 23:00:00,97.0,757.5,36.23,57.98,101.1,39.74,3.65,0.79,20.56,19.43,45.03,,,,,,40.08,2.35,185.17,,0.0,13.0,739.92,
2016-06-11 00:00:00,124.5,855.67,9.62,47.11,55.03,37.94,9.59,0.97,22.89,10.26,26.61,,,,,,45.25,2.5,97.08,,0.0,13.0,740.0,
2016-06-11 01:00:00,86.17,744.17,14.11,60.65,73.28,39.05,7.64,1.14,146.2,10.42,44.81,,,,,,45.25,1.09,177.58,,0.0,13.0,740.0,
2016-06-11 02:00:00,79.67,409.17,18.06,35.79,56.55,43.75,32.22,0.9,41.22,10.58,32.91,,,,,,57.5,2.16,222.92,,0.0,12.0,740.0,
2016-06-11 03:00:00,67.17,315.5,18.94,44.17,65.27,63.08,10.14,1.08,12.84,6.48,19.81,,,,,,69.92,1.58,161.33,,0.0,11.75,740.0,
2016-06-11 04:00:00,63.33,115.83,66.1,58.2,142.09,71.32,7.04,1.08,15.02,8.99,42.82,,,,,,76.09,1.3,225.67,,0.0,9.92,740.0,
2016-06-11 05:00:00,63.17,106.5,45.66,57.53,113.61,72.57,34.23,1.21,12.93,5.38,15.76,,,,,,71.67,1.74,110.16,,0.0,112.33,740.0,
2016-06-11 06:00:00,55.17,123.17,108.22,64.99,205.8,62.66,29.19,1.6,6.78,8.18,30.1,,,,,,64.92,1.59,174.58,,0.0,362.67,740.0,
2016-06-11 07:00:00,62.83,186.0,102.68,69.76,202.31,59.29,3.07,1.38,22.29,10.72,44.13,,,,,,58.33,1.14,124.25,,0.0,416.75,740.0,
2016-06-11 08:00:00,90.67,316.67,119.31,75.28,230.18,56.34,6.54,2.01,32.65,20.42,45.29,,,,,,60.84,1.26,223.75,,0.0,409.5,740.0,
2016-06-11 09:00:00,180.0,535.33,75.77,72.32,168.08,43.91,6.66,1.71,25.59,23.96,40.41,,,,,,57.25,1.66,270.25,,0.0,422.66,740.0,
2016-06-11 10:00:00,151.5,489.17,93.0,87.58,205.42,37.15,7.66,1.73,38.4,17.61,43.76,,,,,,51.17,1.42,203.25,,0.0,422.5,740.0,
2016-06-11 11:00:00,104.33,493.33,89.08,79.24,192.27,78.46,7.68,1.35,15.04,12.36,31.86,,,,,,41.84,1.89,220.17,,0.0,417.42,740.0,
2016-06-11 12:00:00,79.33,413.67,135.66,95.4,132.53,68.11,7.19,1.68,16.3,16.08,56.78,,,,,,36.42,3.12,170.17,,0.0,440.42,740.0,
2016-06-11 13:00:00,72.17,253.17,77.28,104.67,198.22,54.09,8.62,1.51,61.66,17.12,53.17,,,,,,31.08,2.47,278.92,,0.0,443.5,740.0,
2016-06-11 14:00:00,80.33,619.17,35.21,84.14,123.1,48.31,42.82,1.07,22.48,15.46,43.24,,,,,,26.42,1.61,246.58,,0.0,430.08,740.0,
2016-06-11 15:00:00,96.5,717.0,34.06,60.6,100.52,41.51,42.88,1.56,24.2,12.59,37.37,,,,,,26.67,1.68,212.0,,0.0,417.25,739.42,
2016-06-11 16:00:00,117.0,831.83,56.68,70.68,140.41,55.34,9.07,1.02,17.96,7.47,24.34,,,,,,26.92,1.71,264.75,,0.0,401.58,739.0,
2016-06-11 17:00:00,108.17,704.5,68.27,82.52,166.78,48.16,0.6,1.28,18.65,7.78,23.18,,,,,,32.42,1.32,232.17,,0.0,360.83,739.0,
2016-06-11 18:00:00,116.33,730.17,144.17,118.29,302.09,54.35,,1.74,25.91,12.63,34.24,,,,,,35.58,1.33,291.25,,0.0,135.33,739.0,
2016-06-11 19:00:00,136.33,771.0,85.33,86.94,193.74,82.27,,1.46,14.85,18.04,57.17,,,,,,40.5,4.3,267.92,,0.0,17.5,739.75,
2016-06-11 20:00:00,163.0,731.17,42.07,44.26,96.92,79.11,7.1,0.92,11.78,7.44,23.47,,,,,,48.09,3.41,281.91,,0.0,13.0,740.0,
2016-06-11 21:00:00,86.67,527.17,79.65,68.17,169.38,70.26,7.8,1.06,11.94,7.82,23.05,,,,,,49.75,1.6,242.0,,0.0,13.0,740.0,
2016-06-11 22:00:00,84.33,554.0,137.19,89.37,266.98,65.1,6.78,1.33,11.25,14.69,29.38,,,,,,47.34,1.01,238.75,,0.0,13.0,740.0,
2016-06-11 23:00:00,101.0,759.17,54.72,77.68,143.83,51.02,4.77,1.14,16.86,19.72,34.14,,,,,,44.83,0.68,178.33,,0.0,13.0,740.0,
2016-06-12 00:00:00,71.5,472.83,56.08,74.44,142.92,48.07,6.61,1.11,19.97,16.63,34.83,,,,,,42.75,0.62,158.58,,0.0,13.0,740.0,
2016-06-12 01:00:00,55.67,354.83,87.86,74.32,186.2,46.68,6.64,1.32,20.43,14.14,38.79,,,,,,45.58,0.74,248.66,,0.0,13.0,740.0,
2016-06-12 02:00:00,92.0,707.17,74.57,65.89,160.61,46.81,8.68,1.27,19.76,14.78,37.02,,,,,,48.0,0.68,241.58,,0.0,13.08,740.0,
2016-06-12 03:00:00,103.17,767.5,108.95,69.26,210.42,55.08,10.12,1.2,11.78,19.16,45.19,,,,,,50.09,0.67,234.67,,0.0,13.0,740.0,
2016-06-12 04:00:00,84.62,720.17,126.9,73.86,238.99,53.24,7.07,1.18,11.78,11.39,33.2,,,,,,51.58,0.66,250.08,,0.0,13.08,740.0,
2016-06-12 05:00:00,91.0,608.5,169.5,79.05,301.85,49.5,6.7,1.47,8.43,8.69,28.44,,,,,,48.83,0.84,272.42,,0.0,106.5,740.0,
2016-06-12 06:00:00,106.17,833.5,151.11,69.48,268.18,55.32,5.08,1.68,16.48,18.97,40.54,,,,,,47.42,1.04,270.08,,0.0,357.5,740.0,
2016-06-12 07:00:00,126.0,722.0,277.08,91.89,308.59,48.76,3.24,1.85,14.86,15.6,27.03,,,,,,41.5,1.88,278.83,,0.0,409.58,740.0,
2016-06-12 08:00:00,98.33,724.17,265.25,74.93,429.05,45.74,5.58,1.6,16.43,13.9,17.68,,,,,,36.5,2.09,273.92,,0.0,424.84,740.0,
2016-06-12 09:00:00,114.5,718.33,186.56,87.82,332.75,47.35,5.05,1.94,20.24,11.52,17.54,,,,,,31.5,1.78,282.67,,0.0,434.42,740.0,
2016-06-12 10:00:00,141.0,738.83,72.87,63.98,156.48,41.81,6.09,1.07,19.73,6.91,15.64,,,,,,29.67,1.79,241.5,,0.0,434.58,740.0,
2016-06-12 11:00:00,150.33,631.0,57.38,69.53,140.34,39.02,5.7,1.02,17.22,6.32,16.49,,,,,,29.5,1.77,257.5,,0.0,440.25,740.0,
2016-06-12 12:00:00,93.33,590.17,30.37,65.12,99.49,38.52,6.45,0.99,19.14,6.78,18.91,,,,,,28.0,1.78,231.0,,0.0,437.75,740.0,
2016-06-12 13:00:00,77.33,446.67,21.77,61.84,85.03,33.87,5.98,1.0,20.44,7.6,21.52,,,,,,27.58,1.91,217.08,,0.0,433.25,740.0,
2016-06-12 14:00:00,92.33,529.17,40.01,71.48,118.24,48.4,5.89,1.18,19.22,6.08,15.59,,,,,,28.0,1.76,258.67,,0.0,424.25,740.0,
2016-06-12 15:00:00,113.67,723.83,46.68,73.79,129.72,43.86,5.44,1.09,24.86,6.35,18.3,,,,,,28.42,1.91,264.25,,0.0,412.42,739.25,
2016-06-12 16:00:00,137.67,941.5,59.11,71.61,144.45,47.34,6.18,1.08,20.99,5.82,20.23,,,,,,29.25,1.7,256.42,,0.0,396.08,739.0,
2016-06-12 17:00:00,138.0,793.0,63.61,70.95,150.14,51.85,6.44,1.08,26.66,6.52,22.59,,,,,,30.5,2.09,289.83,,0.0,362.58,739.0,
2016-06-12 18:00:00,127.17,744.67,71.47,76.69,165.88,45.55,8.34,1.13,27.76,5.86,21.71,,,,,,32.17,2.1,292.92,,0.0,267.08,739.0,
2016-06-12 19:00:00,143.5,866.67,109.58,81.87,222.8,66.19,9.02,1.57,19.08,11.0,37.14,,,,,,32.58,2.21,285.58,,0.0,26.5,739.0,
2016-06-12 20:00:00,121.5,692.33,67.92,85.58,168.98,66.26,6.83,1.62,15.96,13.36,50.92,,,,,,34.66,2.03,288.17,,0.0,13.0,739.25,
2016-06-12 21:00:00,123.83,728.33,83.42,87.65,191.89,65.37,7.11,1.79,12.86,13.9,47.8,,,,,,35.92,1.82,287.08,,0.0,13.0,740.0,
2016-06-12 22:00:00,119.0,710.5,63.64,65.72,145.43,61.03,6.47,1.29,11.16,12.84,40.17,,,,,,35.92,2.05,283.58,,0.0,13.0,740.0,
2016-06-12 23:00:00,109.5,638.0,100.76,77.17,206.69,46.7,34.64,1.25,14.37,13.34,28.14,,,,,,35.08,1.72,276.83,,0.0,12.92,740.0,
2016-06-13 00:00:00,154.0,646.0,74.44,69.7,164.25,47.18,8.74,1.14,17.35,12.8,28.59,,,,,,37.25,1.69,283.92,,0.0,12.92,740.0,
2016-06-13 01:00:00,110.17,608.33,42.48,56.58,108.44,47.73,6.69,0.89,19.12,10.98,30.2,,,,,,41.25,1.57,291.33,,0.0,12.92,740.0,
2016-06-13 02:00:00,89.67,410.67,42.8,56.13,108.46,49.95,6.94,0.55,18.97,10.02,33.11,,,,,,44.16,1.72,288.17,,0.0,13.0,740.0,
2016-06-13 03:00:00,83.0,358.5,38.55,56.22,102.78,56.39,7.24,0.39,11.26,9.85,18.96,,,,,,46.5,1.34,289.25,,0.0,13.0,740.0,
2016-06-13 04:00:00,84.0,350.67,61.93,60.37,138.66,62.91,6.68,0.74,13.7,10.21,15.72,,,,,,49.58,1.02,280.67,,0.0,13.16,740.0,
2016-06-13 05:00:00,94.33,490.17,62.77,58.05,137.39,62.08,6.61,0.86,18.32,11.06,14.61,,,,,,51.34,0.7,121.42,,0.0,129.42,740.0,
2016-06-13 06:00:00,120.67,702.67,129.8,63.65,234.15,55.03,6.32,1.17,17.65,12.99,22.14,,,,,,49.5,0.82,208.75,,0.0,366.17,740.0,
2016-06-13 07:00:00,116.0,714.0,263.08,76.12,373.3,57.63,5.96,1.59,13.98,13.8,22.62,,,,,,41.75,1.31,267.75,,0.0,404.92,740.0,
2016-06-13 08:00:00,101.5,634.0,186.11,83.24,328.47,41.32,6.26,1.37,24.72,11.37,16.22,,,,,,38.08,1.25,262.08,,0.0,406.92,740.0,
2016-06-13 09:00:00,104.33,768.67,121.98,84.24,241.8,31.71,6.38,1.38,21.99,11.55,17.04,,,,,,33.75,1.56,247.5,,0.0,421.42,740.0,
2016-06-13 10:00:00,119.33,692.0,97.42,89.71,212.98,35.13,7.38,0.96,27.11,12.34,19.09,,,,,,31.25,2.33,269.5,,0.0,429.42,740.0,
2016-06-13 11:00:00,176.83,,81.79,71.02,174.79,41.72,6.71,0.62,17.34,6.82,14.03,,,,,,30.42,2.51,261.67,,0.0,431.75,740.0,
2016-06-13 12:00:00,130.67,,78.72,69.88,170.08,38.78,6.62,0.67,18.25,7.0,15.6,,,,,,29.58,2.88,276.84,,0.0,428.33,740.0,
2016-06-13 13:00:00,130.0,,59.79,58.59,133.84,35.43,7.51,0.56,17.77,5.72,17.8,,,,,,31.5,2.92,286.25,,0.0,421.08,739.83,
2016-06-13 14:00:00,135.17,,92.85,59.58,179.85,38.63,5.76,0.68,15.45,5.59,17.82,,,,,,31.58,2.99,276.66,,0.0,414.25,739.0,
2016-06-13 15:00:00,135.67,998.0,81.43,45.83,151.82,32.05,5.42,0.54,18.75,4.85,14.85,,,,,,30.0,3.34,273.17,,0.0,408.0,739.0,
2016-06-13 16:00:00,139.17,998.0,128.76,50.76,221.22,30.44,6.98,0.71,20.64,4.86,12.67,,,,,,31.08,3.11,280.34,,0.0,390.58,739.0,
2016-06-13 17:00:00,159.83,920.0,216.32,62.56,351.63,44.13,20.02,1.74,19.93,5.63,14.38,,,,,,31.17,3.0,272.09,,0.0,362.67,739.0,
2016-06-13 18:00:00,142.17,920.0,146.74,55.84,246.96,45.18,46.77,1.07,31.36,9.39,21.62,,,,,,32.92,2.45,266.17,,0.0,218.42,739.0,
2016-06-13 19:00:00,173.33,965.0,73.56,46.97,142.39,64.13,31.68,0.93,14.92,14.3,36.3,,,,,,53.17,4.38,224.25,,0.0,18.92,739.33,
2016-06-13 20:00:00,113.67,819.5,84.97,54.18,164.26,101.22,7.38,1.01,17.48,4.6,16.31,,,,,,64.0,2.42,247.67,,0.0,18.58,739.92,
2016-06-13 21:00:00,56.33,92.67,107.86,70.22,209.82,94.52,7.16,0.85,14.5,5.18,12.81,,,,,,55.5,1.72,246.92,,0.0,16.92,740.0,
2016-06-13 22:00:00,52.17,106.17,81.72,55.75,161.33,69.62,6.01,0.72,10.91,7.03,16.82,,,,,,62.34,2.0,200.67,,0.0,20.25,740.0,
2016-06-13 23:00:00,45.67,148.62,13.82,48.05,61.69,55.58,4.38,0.56,12.02,4.84,16.56,,,,,,61.75,2.0,116.5,,0.0,20.33,740.0,
2016-06-14 00:00:00,37.0,91.0,40.55,57.7,106.79,50.62,6.28,0.99,18.04,7.42,18.89,,,,,,56.67,1.07,188.83,,0.0,20.5,740.0,
2016-06-14 01:00:00,46.83,107.17,48.11,54.05,113.82,51.66,6.12,1.07,17.83,6.98,23.08,,,,,,60.75,1.0,214.42,,0.0,19.75,740.0,
2016-06-14 02:00:00,48.5,150.17,24.8,40.76,70.21,50.98,7.72,0.84,18.47,4.72,16.43,,,,,,60.92,1.6,248.33,,0.0,21.5,740.0,
2016-06-14 03:00:00,35.67,84.17,34.02,34.14,76.93,77.16,9.62,0.79,13.02,2.54,7.43,,,,,,59.58,2.16,262.08,,0.0,20.16,740.0,
2016-06-14 04:00:00,33.17,78.17,53.18,31.12,100.45,67.55,6.81,0.71,15.18,2.76,4.74,,,,,,61.33,3.42,268.09,,0.0,20.25,740.0,
2016-06-14 05:00:00,29.0,104.67,111.2,48.11,195.05,65.57,6.76,0.93,18.95,2.78,3.96,,,,,,62.42,3.14,271.16,,0.0,162.5,740.0,
2016-06-14 06:00:00,28.5,157.5,101.9,44.83,178.63,55.54,5.68,1.02,11.61,3.59,5.36,,,,,,65.25,3.48,272.75,,0.0,384.58,740.0,
2016-06-14 07:00:00,27.5,160.83,139.6,46.06,231.37,44.38,2.97,1.11,15.0,3.62,5.38,,,,,,55.17,3.88,273.16,,0.0,412.0,740.0,
2016-06-14 08:00:00,37.5,202.5,84.4,38.46,150.17,41.96,6.35,0.99,21.41,4.04,8.16,,,,,,51.42,4.41,284.59,,0.0,433.92,740.0,
2016-06-14 09:00:00,51.33,291.17,59.52,40.4,117.23,40.13,6.49,1.08,21.92,4.17,12.9,,,,,,49.0,4.66,288.59,,0.0,437.08,740.0,
2016-06-14 10:00:00,61.17,395.0,110.01,49.58,194.56,37.72,11.68,1.56,23.54,7.26,20.57,,,,,,52.25,3.23,295.5,,0.0,431.0,740.0,
2016-06-14 11:00:00,76.5,269.5,203.99,60.77,333.54,56.08,8.54,1.63,16.23,11.1,32.84,,,,,,50.75,2.75,285.5,,0.0,409.67,740.0,
2016-06-14 12:00:00,74.25,344.67,135.53,78.46,254.76,56.31,5.89,1.73,18.5,15.38,45.86,,,,,,45.33,2.34,274.25,,0.0,428.0,740.0,
2016-06-14 13:00:00,79.33,514.83,223.5,82.1,329.61,44.45,4.83,1.47,16.91,18.06,46.44,,,,,,43.09,2.42,260.5,,0.0,427.0,740.0,
2016-06-14 14:00:00,96.33,692.33,111.84,60.82,206.73,43.28,3.89,1.46,19.19,7.67,22.56,,,,,,44.34,2.17,257.92,,0.0,421.83,739.75,
2016-06-14 15:00:00,98.67,789.17,89.69,56.98,173.08,42.16,3.5,1.49,23.91,9.69,18.89,,,,,,45.83,2.28,266.42,,0.0,420.42,739.0,
2016-06-14 16:00:00,104.17,818.5,90.16,56.96,173.7,42.28,6.23,1.39,19.86,7.83,19.35,,,,,,45.17,1.97,254.0,,0.0,405.42,739.0,
2016-06-14 17:00:00,114.5,836.33,129.36,72.78,241.41,33.16,6.62,1.69,20.0,3.36,8.9,,,,,,46.5,1.84,256.25,,0.0,377.08,739.0,
2016-06-14 18:00:00,114.0,838.0,124.01,81.18,242.38,34.56,8.06,1.93,30.04,4.53,11.8,,,,,,47.67,1.43,255.42,,0.0,274.08,739.0,
2016-06-14 19:00:00,125.5,901.0,119.44,92.11,245.31,58.02,9.13,1.9,12.19,6.56,21.5,,,,,,52.0,1.02,241.67,,0.0,22.92,739.0,
2016-06-14 20:00:00,127.67,862.33,93.02,101.37,217.39,86.94,7.0,2.3,11.57,13.62,36.81,,,,,,53.91,1.0,203.0,,0.0,13.0,739.0,
2016-06-14 21:00:00,100.5,643.67,88.28,95.14,205.16,81.58,7.21,2.95,12.92,18.45,50.83,,,,,,55.0,0.89,156.25,,0.0,13.0,739.0,
2016-06-14 22:00:00,97.0,495.5,37.61,62.72,107.19,80.94,6.03,2.18,11.03,22.17,53.71,,,,,,55.92,1.35,122.67,,0.0,13.0,739.0,
2016-06-14 23:00:00,94.0,405.75,26.57,41.35,73.13,60.72,3.88,1.88,19.53,18.73,48.23,,,,,,57.08,1.13,122.17,,0.0,13.0,739.0,
2016-06-15 00:00:00,107.0,522.67,35.59,29.18,74.61,43.46,6.52,1.27,26.17,19.08,78.94,,,,,,60.0,1.92,81.92,,0.0,13.0,739.0,
2016-06-15 01:00:00,124.33,479.17,26.29,22.62,56.07,35.8,6.48,1.43,20.38,19.27,132.64,,,,,,61.92,2.33,85.0,,0.0,12.92,739.0,
2016-06-15 02:00:00,134.0,442.67,11.21,35.19,46.68,30.38,8.11,0.9,14.66,17.22,77.5,,,,,,62.83,2.08,82.75,,0.0,13.0,739.0,
2016-06-15 03:00:00,121.17,408.5,12.37,164.28,163.23,72.59,9.99,1.1,11.23,13.74,82.63,,,,,,64.08,1.94,100.58,,0.0,12.92,739.0,
2016-06-15 04:00:00,102.5,296.33,13.34,44.92,58.26,171.63,18.56,0.9,3.41,10.05,26.36,,,,,,64.17,1.54,102.5,,0.0,13.08,739.0,
2016-06-15 05:00:00,80.67,314.0,48.58,51.47,112.16,149.07,10.96,0.81,4.62,8.7,29.71,,,,,,63.83,1.21,116.33,,0.0,85.92,739.0,
2016-06-15 06:00:00,83.17,410.0,79.39,49.23,152.24,118.98,5.44,0.77,7.53,13.22,33.58,,,,,,60.17,1.11,133.83,,0.0,330.33,739.0,
2016-06-15 07:00:00,82.5,494.5,108.93,54.33,197.3,71.41,3.1,1.06,16.68,15.07,27.33,,,,,,53.5,1.35,232.17,,0.0,396.0,739.0,
2016-06-15 08:00:00,102.17,594.0,220.68,62.63,289.4,37.09,8.48,0.7,18.48,13.07,20.42,,,,,,46.92,2.14,275.16,,0.0,398.25,739.0,
2016-06-15 09:00:00,112.0,980.0,86.23,39.0,152.48,46.8,7.74,0.45,20.14,7.83,17.59,,,,,,45.09,3.38,284.17,,0.0,417.08,739.67,
2016-06-15 10:00:00,113.0,969.5,89.88,42.7,160.75,69.26,7.7,0.4,21.29,7.57,17.93,,,,,,42.75,3.61,288.42,,0.0,435.34,740.0,
2016-06-15 11:00:00,157.83,909.5,121.66,59.16,218.54,74.62,7.15,0.98,13.8,8.45,20.8,,,,,,41.25,2.67,274.25,,0.0,431.75,739.75,
2016-06-15 12:00:00,216.83,968.33,37.78,45.87,92.44,63.33,7.05,0.55,12.05,13.16,21.33,,,,,,46.5,2.38,151.33,,0.0,403.5,739.0,
2016-06-15 13:00:00,133.83,752.83,10.35,46.52,55.61,61.29,7.7,0.32,18.57,8.27,31.26,,,,,,47.5,3.26,90.58,,0.0,437.66,739.0,
2016-06-15 14:00:00,98.67,398.67,12.25,36.67,49.41,67.46,6.25,0.24,16.95,7.67,27.83,,,,,,45.34,1.94,133.17,,0.0,425.25,739.0,
2016-06-15 15:00:00,106.17,425.33,10.23,39.18,48.83,52.6,25.78,0.32,25.78,8.24,36.52,,,,,,44.42,1.99,149.25,,0.0,416.58,739.0,
2016-06-15 16:00:00,138.5,392.0,41.05,62.98,112.02,47.98,9.25,0.5,21.67,9.59,40.53,,,,,,44.84,1.88,161.5,,0.0,392.75,739.0,
2016-06-15 17:00:00,182.0,449.0,21.55,64.35,86.75,45.64,7.62,0.5,25.44,11.25,75.09,,,,,,47.66,3.22,82.66,,0.0,350.0,739.0,
2016-06-15 18:00:00,110.0,478.33,13.44,67.27,78.26,53.61,7.29,0.46,26.34,10.38,119.97,,,,,,50.92,4.49,80.66,,0.0,193.0,739.0,
2016-06-15 19:00:00,96.67,580.83,20.26,68.59,88.76,119.26,,0.72,17.71,8.66,56.2,,,,,,52.5,2.58,79.83,,0.0,26.25,739.0,
2016-06-15 20:00:00,76.33,341.5,17.24,68.1,84.2,81.28,36.62,1.26,3.93,11.95,66.7,,,,,,50.66,2.62,96.33,,0.0,13.0,739.0,
2016-06-15 21:00:00,59.33,247.33,15.08,56.18,70.64,68.22,35.69,0.54,5.66,10.49,35.03,,,,,,56.42,3.24,90.34,,0.0,13.0,739.0,
2016-06-15 22:00:00,64.83,230.5,9.78,41.9,50.7,61.13,5.66,0.36,6.3,7.96,17.04,,,,,,58.67,3.08,96.83,,0.0,13.0,739.0,
2016-06-15 23:00:00,59.0,194.5,8.05,43.01,49.3,54.26,3.9,0.79,10.86,7.68,25.28,,,,,,61.0,3.53,101.92,,0.0,13.0,739.0,
2016-06-16 00:00:00,59.83,221.33,4.03,18.84,22.28,42.17,6.09,1.02,15.93,7.19,27.8,,,,,,65.58,3.17,108.92,,0.0,13.0,739.0,
2016-06-16 01:00:00,63.17,185.83,3.51,14.82,17.98,35.26,6.13,0.96,16.59,7.25,22.92,,,,,,64.58,3.07,102.08,,0.0,13.0,739.0,
2016-06-16 02:00:00,59.83,149.17,3.59,20.9,23.52,31.15,6.09,0.8,15.04,6.66,32.57,,,,,,66.17,3.57,91.58,,0.0,13.0,739.0,
2016-06-16 03:00:00,65.17,153.5,3.5,14.24,17.43,28.01,5.92,0.68,15.32,7.68,9.79,,,,,,67.25,3.12,102.67,,0.0,12.92,739.0,
2016-06-16 04:00:00,71.0,195.5,3.58,14.15,17.48,27.26,6.64,0.93,13.09,8.06,18.24,,,,,,67.41,4.21,87.58,,0.0,12.92,739.25,
2016-06-16 05:00:00,71.17,189.67,11.47,16.91,30.73,30.54,6.7,0.85,12.72,9.43,83.64,,,,,,71.09,4.53,88.75,,0.0,59.16,740.0,
2016-06-16 06:00:00,72.5,177.67,21.42,28.24,54.42,36.44,6.76,0.99,34.72,6.02,83.58,,,,,,71.67,5.47,80.75,,0.0,265.5,740.0,
2016-06-16 07:00:00,72.17,206.67,31.28,103.99,135.35,44.3,6.99,1.21,13.19,6.12,87.14,,,,,,67.41,6.01,80.25,,0.0,406.0,740.0,
2016-06-16 08:00:00,56.33,218.17,30.58,53.22,89.21,74.6,6.62,1.56,20.31,4.53,70.9,,,,,,60.92,3.94,87.58,,0.0,435.58,740.0,
2016-06-16 09:00:00,47.83,139.33,25.54,47.66,77.33,81.83,7.08,1.23,83.54,4.87,67.22,,,,,,52.5,4.53,84.83,,0.0,451.08,740.0,
2016-06-16 10:00:00,50.0,164.5,25.68,51.57,81.0,77.33,11.87,0.95,11.32,3.97,59.5,,,,,,46.0,4.62,94.0,,0.0,456.25,740.0,
2016-06-16 11:00:00,59.17,153.17,8.24,39.09,46.07,73.56,9.67,0.56,23.3,3.67,57.22,,,,,,41.67,4.43,103.08,,0.0,455.34,740.0,
2016-06-16 12:00:00,30.67,133.17,8.38,34.72,42.39,63.59,5.98,1.31,18.32,4.35,26.9,,,,,,38.25,4.15,100.75,,0.0,452.08,740.0,
2016-06-16 13:00:00,33.17,127.17,9.43,34.93,44.02,55.13,5.15,2.12,21.34,3.64,17.23,,,,,,36.17,3.49,117.17,,0.0,445.08,740.0,
2016-06-16 14:00:00,29.0,123.33,5.18,29.9,33.72,40.55,2.08,2.33,18.48,3.92,20.14,,,,,,36.0,3.46,115.5,,0.0,437.5,740.0,
2016-06-16 15:00:00,28.5,148.17,7.52,27.67,34.92,36.58,1.8,1.47,23.61,3.84,19.15,,,,,,38.0,3.13,119.75,,0.0,427.42,739.5,
2016-06-16 16:00:00,29.67,146.33,6.88,34.5,40.12,47.88,6.72,1.02,31.46,3.19,16.48,,,,,,38.92,2.86,121.67,,0.0,411.58,739.0,
2016-06-16 17:00:00,44.33,178.83,5.39,38.6,41.78,55.45,7.76,1.28,27.29,3.46,16.84,,,,,,40.66,3.29,92.25,,0.0,384.5,739.0,
2016-06-16 18:00:00,27.67,162.67,7.44,53.33,57.69,55.58,8.43,1.82,20.86,4.78,22.88,,,,,,42.92,2.6,99.75,,0.0,289.5,739.0,
2016-06-16 19:00:00,,,,,,,,,,,,,,,,,,,,,0.0,,,
2016-06-16 20:00:00,36.0,186.0,12.5,77.4,86.1,67.6,,0.8,11.07,3.65,13.2,,,,,,55.0,4.29,94.78,,0.0,13.0,740.0,
2016-06-16 21:00:00,39.0,121.0,12.28,51.46,62.6,60.5,,1.48,8.17,7.58,81.01,,,,,,63.83,4.48,87.42,,0.0,12.92,740.0,
2016-06-16 22:00:00,38.83,116.67,12.82,43.84,56.56,58.37,,1.3,11.64,8.05,28.74,,,,,,67.58,3.71,92.17,,0.0,12.92,740.0,
2016-06-16 23:00:00,39.17,99.0,10.84,43.92,53.92,48.27,,1.06,13.87,8.73,21.56,,,,,,64.41,3.68,91.17,,0.0,13.0,740.0,
2016-06-17 00:00:00,43.0,114.0,4.71,27.9,31.29,51.11,,,12.62,7.78,21.33,,,,,,66.09,3.26,98.25,,0.0,12.75,740.0,
2016-06-17 01:00:00,33.67,86.33,11.91,26.99,40.3,55.42,,0.1,13.96,6.11,13.24,,,,,,73.08,3.74,141.66,,0.0,15.25,740.0,
2016-06-17 02:00:00,40.5,85.67,17.96,42.77,62.63,47.6,,1.28,104.98,4.31,32.38,,,,,,73.75,2.97,175.5,,0.0,14.25,740.0,
2016-06-17 03:00:00,56.33,135.33,4.75,35.35,37.96,62.97,,0.91,29.07,6.84,57.41,,,,,,68.75,3.41,94.92,,0.0,12.75,740.0,
2016-06-17 04:00:00,45.67,64.67,10.47,52.24,60.83,68.52,,0.87,15.03,2.97,22.54,,,,,,67.5,1.86,90.17,,0.0,13.0,740.0,
2016-06-17 05:00:00,33.33,51.5,23.5,52.16,78.56,57.31,,0.84,14.83,2.45,19.13,,,,,,64.42,2.58,83.16,,0.0,124.75,740.0,
2016-06-17 06:00:00,32.33,51.67,26.82,55.0,85.64,58.4,,1.05,12.92,5.49,190.37,,,,,,67.17,2.09,94.0,,0.0,204.58,740.0,
2016-06-17 07:00:00,45.0,88.5,16.68,43.83,61.85,48.2,,1.14,14.72,8.43,30.72,,,,,,66.25,2.84,91.58,,0.0,382.16,740.0,
2016-06-17 08:00:00,48.33,80.33,12.71,36.36,49.74,41.04,,1.08,18.66,7.7,19.02,,,,,,61.0,3.78,95.42,,0.0,434.34,740.0,
2016-06-17 09:00:00,40.33,78.0,10.3,33.25,43.69,37.35,4.12,1.0,20.22,5.95,19.83,,,,,,53.33,3.42,99.92,,0.0,445.5,740.0,
2016-06-17 10:00:00,42.5,88.83,25.29,196.24,219.22,50.46,8.95,0.9,30.68,6.45,19.04,,,,,,49.25,3.32,98.42,,0.0,448.92,740.0,
2016-06-17 11:00:00,47.5,127.0,5.81,40.48,44.02,36.92,1.3,0.68,30.44,7.24,25.52,,,,,,45.83,2.85,99.58,,0.0,448.25,740.0,
2016-06-17 12:00:00,61.0,171.0,6.78,37.5,42.46,45.93,12.72,0.81,24.76,7.2,22.9,,,,,,42.84,2.56,133.84,,0.0,445.0,740.0,
2016-06-17 13:00:00,66.83,173.83,7.76,45.74,51.36,50.18,3.49,1.01,24.59,5.48,21.59,,,,,,40.84,2.48,129.16,,0.0,438.42,740.0,
2016-06-17 14:00:00,68.83,205.17,3.72,31.89,33.49,47.21,,1.08,34.94,6.62,21.88,,,,,,41.25,3.12,105.25,,0.0,433.75,740.0,
2016-06-17 15:00:00,59.17,171.83,4.88,32.83,35.91,43.74,,1.03,33.83,5.39,19.62,,,,,,41.75,3.88,98.0,,0.0,423.92,739.17,
2016-06-17 16:00:00,66.67,203.83,7.51,43.11,48.64,75.18,,0.71,28.52,5.24,26.12,,,,,,43.08,2.78,109.92,,0.0,405.5,739.0,
2016-06-17 17:00:00,74.17,209.33,11.16,57.58,66.56,94.15,,0.82,17.76,4.51,16.37,,,,,,45.67,2.48,119.17,,0.0,333.33,739.0,
2016-06-17 18:00:00,75.17,166.0,171.58,106.34,329.22,54.92,7.14,0.78,10.02,4.04,10.74,,,,,,46.0,2.61,244.5,,0.0,117.08,739.34,
2016-06-17 19:00:00,94.67,310.0,42.41,123.31,167.78,3.8,5.69,0.8,9.65,6.91,15.25,,,,,,47.84,1.7,87.75,,0.0,20.92,739.5,
2016-06-17 20:00:00,67.0,339.67,90.82,135.17,244.42,,7.09,1.44,28.27,9.62,34.85,,,,,,47.75,1.12,69.91,,0.0,13.25,740.0,
2016-06-17 21:00:00,89.67,519.0,135.08,111.43,283.72,,4.8,1.84,99.33,11.76,81.83,,,,,,49.75,1.04,71.5,,0.0,13.16,740.0,
2016-06-17 22:00:00,112.5,692.33,108.79,96.25,234.32,,3.08,1.35,47.94,16.8,177.56,,,,,,51.25,1.58,81.91,,0.0,13.0,740.0,
2016-06-17 23:00:00,148.33,705.17,15.26,58.09,72.58,,0.95,0.23,21.51,16.74,138.83,,,,,,59.16,3.99,90.42,,0.0,13.0,740.0,
2016-06-18 00:00:00,86.0,281.67,4.01,27.18,29.7,,0.41,0.56,20.59,8.39,34.37,,,,,,65.5,4.5,92.0,,0.0,13.0,740.0,
2016-06-18 01:00:00,61.0,134.75,3.45,24.54,26.56,,0.61,0.54,11.93,7.17,21.7,,,,,,65.0,3.82,89.67,,0.0,13.0,740.0,
2016-06-18 02:00:00,42.0,134.33,5.16,29.67,33.44,,0.47,0.42,30.19,6.21,17.54,,,,,,62.83,3.42,91.25,,0.0,13.08,740.0,
2016-06-18 03:00:00,68.83,160.0,4.46,27.4,30.51,,0.1,0.76,8.72,5.42,17.44,,,,,,63.17,3.44,96.08,,0.0,13.0,740.0,
2016-06-18 04:00:00,52.17,171.17,7.9,35.72,42.62,,0.62,0.78,6.9,7.76,10.17,,,,,,65.67,2.74,90.08,,0.0,13.08,740.0,
2016-06-18 05:00:00,48.83,294.0,13.49,39.88,53.94,,0.32,1.05,12.23,7.01,9.24,,,,,,66.08,2.56,97.58,,0.0,128.66,740.0,
2016-06-18 06:00:00,54.83,294.0,16.47,41.92,59.85,,0.55,1.31,10.58,8.01,9.79,,,,,,64.75,2.82,96.42,,0.0,370.84,740.0,
2016-06-18 07:00:00,64.17,555.0,14.56,40.63,56.08,,0.79,1.7,12.47,8.69,15.98,,,,,,59.0,3.68,102.08,,0.0,410.34,740.0,
2016-06-18 08:00:00,64.33,264.0,10.1,38.92,48.47,,0.76,1.38,17.92,7.6,14.34,,,,,,55.33,3.99,101.58,,0.0,427.83,740.0,
2016-06-18 09:00:00,60.83,134.0,10.43,40.7,50.53,,0.72,0.9,20.17,6.76,13.91,,,,,,52.0,4.33,103.5,,0.0,436.92,740.0,
2016-06-18 10:00:00,59.17,138.0,11.12,42.08,52.68,146.5,3.68,0.83,17.99,6.48,18.2,,,,,,48.42,4.54,103.42,,0.0,445.0,740.0,
2016-06-18 11:00:00,52.83,147.0,7.07,34.77,40.66,58.05,0.22,0.78,21.2,5.52,15.36,,,,,,45.17,5.06,99.08,,0.0,447.67,740.0,
2016-06-18 12:00:00,42.83,160.67,6.2,29.52,34.76,50.28,8.14,0.78,20.82,4.95,11.74,,,,,,42.58,4.24,103.08,,0.0,444.16,740.0,
2016-06-18 13:00:00,45.0,157.25,5.43,30.28,34.44,36.21,9.12,0.83,21.55,4.69,11.74,,,,,,41.92,4.06,92.92,,0.0,424.42,740.0,
2016-06-18 14:00:00,36.17,169.67,3.52,18.38,21.17,24.41,9.17,0.85,31.23,4.24,25.02,,,,,,38.42,3.65,93.92,,0.0,430.08,740.0,
2016-06-18 15:00:00,44.75,183.0,4.4,25.19,28.44,23.95,8.62,0.94,37.14,3.39,10.5,,,,,,39.42,4.16,96.25,,0.0,419.34,740.0,
2016-06-18 16:00:00,67.0,170.5,12.48,64.41,74.41,41.21,8.03,1.06,22.95,3.68,20.38,,,,,,39.75,4.03,94.16,,0.0,403.25,740.0,
2016-06-18 17:00:00,86.67,189.67,10.69,57.04,65.43,46.58,8.34,0.89,10.54,4.22,46.5,,,,,,40.75,4.41,88.67,,0.0,379.25,740.0,
2016-06-18 18:00:00,103.33,203.62,13.32,65.44,76.49,71.04,8.64,1.14,10.52,5.38,22.79,,,,,,46.09,3.93,87.25,,0.0,285.67,740.0,
2016-06-18 19:00:00,70.67,211.67,11.54,62.04,71.05,70.68,8.88,1.1,7.4,5.71,45.9,,,,,,52.58,4.72,83.08,,0.0,40.83,740.0,
2016-06-18 20:00:00,66.17,212.17,8.77,27.29,36.28,31.06,9.76,1.18,18.51,7.2,102.3,,,,,,56.58,4.45,79.67,,0.0,13.0,740.0,
2016-06-18 21:00:00,31.67,165.33,5.03,23.29,27.62,27.01,9.14,0.98,14.39,6.68,120.72,,,,,,57.33,4.73,91.75,,0.0,13.0,740.0,
2016-06-18 22:00:00,55.67,170.17,6.42,24.73,30.8,30.23,9.3,0.92,2.84,6.42,28.94,,,,,,60.5,3.62,91.58,,0.0,13.0,740.0,
2016-06-18 23:00:00,59.83,142.17,3.76,20.52,23.42,28.03,9.04,0.8,7.3,8.08,26.16,,,,,,62.33,3.28,98.33,,0.0,13.0,740.0,
2016-06-19 00:00:00,70.17,237.17,2.02,15.93,16.98,37.24,8.36,0.95,,5.88,17.65,,,,,,64.34,3.93,92.42,,0.0,13.0,740.0,
2016-06-19 01:00:00,96.33,631.5,2.73,7.83,10.69,45.24,8.02,0.96,,4.33,24.32,,,,,,67.33,3.65,92.92,,0.0,13.08,740.0,
2016-06-19 02:00:00,68.17,71.0,3.22,20.68,22.82,36.93,7.48,0.8,,3.97,14.98,,,,,,69.0,3.5,85.5,,0.0,12.92,740.0,
2016-06-19 03:00:00,45.83,64.5,7.82,112.09,110.54,134.38,7.13,0.72,,3.86,14.47,,,,,,68.33,3.03,97.58,,0.0,13.0,740.0,
2016-06-19 04:00:00,58.67,115.5,5.22,25.56,29.9,164.55,7.84,0.76,,5.52,8.68,,,,,,68.5,3.11,92.25,,0.0,13.08,740.0,
2016-06-19 05:00:00,74.33,157.17,8.46,31.27,39.44,145.03,13.32,0.78,,7.98,7.12,,,,,,68.25,2.76,87.83,,0.0,120.67,740.0,
2016-06-19 06:00:00,62.67,154.83,9.14,35.0,43.66,127.97,25.83,0.67,,8.96,8.09,,,,,,65.75,3.38,81.58,,0.0,371.67,740.0,
2016-06-19 07:00:00,71.17,163.33,9.45,36.3,45.26,107.87,31.49,0.29,,10.07,7.86,,,,,,60.92,3.28,96.5,,0.0,413.25,740.0,
2016-06-19 08:00:00,67.0,151.83,8.08,29.18,37.06,63.87,15.92,0.75,,7.04,7.17,,,,,,59.92,4.38,90.92,,0.0,431.17,740.0,
2016-06-19 09:00:00,43.33,117.5,7.72,29.85,37.15,50.15,8.68,0.92,2.62,5.85,7.96,,,,,,55.42,4.14,104.5,,0.0,436.0,740.0,
2016-06-19 10:00:00,50.0,144.67,8.7,30.73,39.28,46.27,8.5,0.83,5.3,5.39,9.39,,,,,,49.66,3.39,118.5,,0.0,438.42,740.0,
2016-06-19 11:00:00,49.5,115.83,4.07,27.5,30.07,46.69,8.02,0.91,13.03,4.51,9.84,,,,,,46.42,3.47,105.58,,0.0,428.83,740.0,
2016-06-19 12:00:00,47.0,109.0,7.01,32.26,38.34,75.97,9.36,0.78,8.51,3.87,11.12,,,,,,44.33,3.62,105.17,,0.0,441.16,740.0,
2016-06-19 13:00:00,48.17,124.5,7.44,38.66,44.59,86.26,21.02,0.59,0.55,3.65,21.67,,,,,,40.92,3.4,107.16,,0.0,439.42,740.0,
2016-06-19 14:00:00,56.0,127.67,13.4,65.01,76.21,73.46,22.52,0.44,4.65,3.75,16.75,,,,,,44.83,4.71,87.17,,0.0,404.83,740.0,
2016-06-19 15:00:00,62.5,238.83,19.95,72.2,91.5,,19.36,0.55,5.6,2.79,14.25,,,,,,51.84,5.1,87.08,,0.0,421.66,740.0,
2016-06-19 16:00:00,41.83,143.33,10.89,57.19,65.81,,11.77,1.23,6.95,2.49,19.0,,,,,,53.34,4.0,84.0,,0.0,383.84,740.0,
2016-06-19 17:00:00,30.83,99.33,6.7,46.48,50.54,,8.32,1.33,11.11,5.68,32.08,,,,,,51.42,3.56,98.42,,0.0,370.34,740.0,
2016-06-19 18:00:00,53.5,123.83,8.86,59.72,65.27,,7.69,1.39,9.37,6.69,30.73,,,,,,50.33,2.92,90.17,,0.0,324.75,740.0,
2016-06-19 19:00:00,47.0,139.0,9.27,63.54,69.28,,7.62,1.57,10.19,8.52,25.36,,,,,,51.91,2.92,92.0,,0.0,50.75,740.0,
2016-06-19 20:00:00,54.83,146.17,10.47,63.98,71.29,,12.37,1.46,4.04,11.61,35.76,,,,,,56.08,2.78,90.42,,0.0,13.08,740.0,
2016-06-19 21:00:00,69.0,163.33,13.94,70.84,82.18,,18.01,1.14,0.6,12.12,34.96,,,,,,58.33,2.86,87.92,,0.0,13.08,740.0,
2016-06-19 22:00:00,70.33,192.0,15.0,80.04,91.78,,15.74,0.88,,13.15,79.86,,,,,,59.58,2.89,86.08,,0.0,13.25,740.0,
2016-06-19 23:00:00,73.67,168.88,9.09,70.11,74.87,,16.78,0.6,7.39,6.02,26.4,,,,,,59.92,3.08,84.92,,0.0,13.42,740.0,
2016-06-20 00:00:00,57.0,112.33,9.78,63.83,70.25,41.38,12.61,1.23,9.45,4.69,28.42,,,,,,62.16,2.93,88.58,,0.0,13.0,740.0,
2016-06-20 01:00:00,55.83,108.5,5.27,37.49,40.59,50.59,9.52,0.87,8.33,6.44,29.77,,,,,,63.17,3.03,93.5,,0.0,12.92,740.0,
2016-06-20 02:00:00,47.67,77.33,2.86,24.82,26.03,54.32,9.43,0.86,7.78,6.52,17.4,,,,,,63.75,3.07,91.0,,0.0,13.08,740.0,
2016-06-20 03:00:00,38.33,64.83,3.08,26.16,27.49,54.05,9.31,0.92,7.16,6.31,7.13,,,,,,65.08,2.92,88.67,,0.0,12.92,740.0,
2016-06-20 04:00:00,52.0,96.0,4.96,28.06,31.77,53.2,9.44,1.07,8.09,6.82,11.42,,,,,,67.17,2.82,85.75,,0.0,13.08,740.0,
2016-06-20 05:00:00,62.83,112.83,11.16,34.01,45.53,51.28,9.68,1.17,8.36,9.94,11.9,,,,,,68.17,2.42,94.33,,0.0,118.67,740.0,
2016-06-20 06:00:00,67.33,147.67,16.07,35.98,53.99,50.42,8.69,1.05,8.88,8.87,19.54,,,,,,67.33,3.05,95.0,,0.0,368.25,740.0,
2016-06-20 07:00:00,70.0,151.67,9.8,34.82,44.42,50.97,8.33,1.16,10.79,10.46,9.72,,,,,,62.33,3.2,84.5,,0.0,410.58,740.0,
2016-06-20 08:00:00,77.0,158.33,9.85,46.48,54.86,48.18,10.16,1.02,7.19,9.98,9.31,,,,,,56.17,3.64,92.42,,0.0,427.75,740.0,
2016-06-20 09:00:00,85.25,173.12,10.99,54.44,63.55,56.8,50.35,0.85,4.19,7.97,12.17,,,,,,49.25,3.15,105.75,,0.0,434.0,740.0,
2016-06-20 10:00:00,68.83,157.5,5.82,38.35,42.12,76.1,38.41,0.86,5.22,5.77,12.88,,,,,,45.33,4.02,106.92,,0.0,433.08,740.0,
2016-06-20 11:00:00,46.67,146.0,7.62,39.64,45.76,44.95,33.62,0.96,10.04,5.11,12.68,,,,,,42.75,3.16,113.92,,0.0,435.17,740.0,
2016-06-20 12:00:00,39.67,145.33,3.75,30.23,32.07,38.04,12.23,0.97,16.79,4.88,19.05,,,,,,43.09,3.71,107.75,,0.0,430.75,740.0,
2016-06-20 13:00:00,45.33,252.5,35.35,51.1,93.81,41.92,9.52,1.06,9.24,5.48,24.29,,,,,,63.25,4.53,167.83,,0.0,149.17,740.0,
2016-06-20 14:00:00,75.83,781.0,78.83,91.09,188.8,55.84,10.78,1.12,4.07,5.19,38.11,,,,,,76.67,3.4,75.16,,0.0,72.67,740.0,
2016-06-20 15:00:00,44.83,39.17,30.8,76.42,110.15,62.14,,1.16,23.12,9.62,74.11,,,,,,74.5,4.28,79.59,,0.0,80.41,740.0,
2016-06-20 16:00:00,41.83,53.83,42.53,79.98,129.34,56.89,,1.48,4.15,7.84,107.0,,,,,,73.42,2.78,88.92,,0.0,134.33,740.0,
2016-06-20 17:00:00,31.5,48.0,57.15,78.7,148.13,54.22,,1.42,4.72,9.32,42.75,,,,,,73.17,2.71,86.0,,0.0,262.75,740.0,
2016-06-20 18:00:00,37.0,53.0,40.81,70.65,118.7,46.27,9.84,1.81,13.99,11.34,68.45,,,,,,73.75,3.28,85.16,,0.0,215.25,740.0,
2016-06-20 19:00:00,55.67,77.33,23.06,61.62,86.38,37.41,10.04,1.07,8.7,11.68,56.81,,,,,,74.0,2.78,92.75,,0.0,47.92,740.0,
2016-06-20 20:00:00,48.83,75.67,29.64,61.08,94.9,34.06,10.17,1.17,5.42,12.61,46.88,,,,,,73.16,2.12,93.67,,0.0,14.0,740.0,
2016-06-20 21:00:00,47.17,83.0,28.23,60.21,92.18,33.33,10.02,0.96,5.46,12.18,52.56,,,,,,72.34,2.3,94.42,,0.0,13.92,740.0,
2016-06-20 22:00:00,43.17,73.0,16.78,55.81,72.67,32.67,74.21,0.72,5.44,8.95,53.73,,,,,,73.08,2.62,90.0,,0.0,13.84,740.0,
2016-06-20 23:00:00,44.0,48.33,7.44,36.33,42.51,34.13,9.28,0.54,6.23,5.95,35.2,,,,,,75.58,2.7,95.25,,0.0,13.67,740.0,
2016-06-21 00:00:00,44.5,49.33,4.54,32.82,35.41,36.36,8.91,1.08,4.66,5.53,16.08,,,,,,76.0,2.13,97.67,,0.0,13.92,740.0,
2016-06-21 01:00:00,46.17,50.83,6.5,35.17,40.22,40.63,9.15,1.07,5.84,7.57,26.19,,,,,,76.33,1.65,117.42,,0.0,13.84,740.0,
2016-06-21 02:00:00,42.0,70.33,5.72,32.23,36.51,43.0,8.92,0.92,5.85,7.74,34.94,,,,,,76.0,2.3,101.83,,0.0,13.92,740.0,
2016-06-21 03:00:00,40.17,46.0,5.0,30.33,33.85,44.34,8.81,0.84,5.88,7.14,22.13,,,,,,76.17,1.68,120.17,,0.0,13.75,740.0,
2016-06-21 04:00:00,32.17,43.67,8.48,38.89,46.24,45.37,8.72,0.87,5.02,6.37,9.26,,,,,,75.42,1.66,97.16,,0.0,14.0,740.0,
2016-06-21 05:00:00,36.83,58.67,16.59,43.7,61.59,48.48,8.83,1.04,5.22,5.98,33.58,,,,,,73.59,1.73,97.5,,0.0,140.33,740.0,
2016-06-21 06:00:00,32.83,64.33,17.28,43.29,62.17,49.25,6.62,1.16,5.9,5.76,32.44,,,,,,72.42,2.58,93.0,,0.0,381.42,740.0,
2016-06-21 07:00:00,47.17,58.67,18.65,40.96,61.96,47.14,5.95,1.23,7.06,8.48,37.89,,,,,,71.75,2.92,98.75,,0.0,417.66,740.0,
2016-06-21 08:00:00,69.17,107.67,30.67,38.43,76.12,39.4,7.33,1.11,8.68,7.88,24.57,,,,,,65.84,2.71,137.83,,0.0,435.83,740.0,
2016-06-21 09:00:00,49.17,147.33,16.97,40.28,59.01,41.28,7.01,0.93,12.21,5.82,12.48,,,,,,59.5,2.88,135.08,,0.0,444.0,740.0,
2016-06-21 10:00:00,48.17,90.17,14.11,46.45,60.68,46.82,7.05,1.06,12.79,7.93,18.52,,,,,,54.42,2.88,125.0,,0.0,446.66,740.0,
2016-06-21 11:00:00,64.0,138.17,8.11,43.41,49.78,52.28,6.57,0.94,14.5,8.07,16.41,,,,,,50.5,3.04,118.0,,0.0,448.25,740.0,
2016-06-21 12:00:00,63.17,107.0,4.9,37.96,40.52,51.04,9.14,0.83,14.71,7.25,15.92,,,,,,50.0,3.79,104.5,,0.0,441.83,740.0,
2016-06-21 13:00:00,55.0,137.67,4.28,38.12,39.81,43.24,9.82,0.73,17.46,5.71,15.86,,,,,,51.0,4.08,97.92,,0.0,433.25,740.0,
2016-06-21 14:00:00,39.0,100.67,7.62,34.34,41.01,38.12,10.04,0.58,17.12,4.08,12.48,,,,,,49.42,3.47,111.75,,0.0,417.25,740.0,
2016-06-21 15:00:00,57.83,156.33,6.68,42.26,46.78,38.55,10.16,0.47,13.24,4.73,18.86,,,,,,52.58,5.94,93.84,,0.0,414.08,740.0,
2016-06-21 16:00:00,50.67,183.0,17.66,52.09,70.53,39.42,10.39,0.58,11.06,4.36,20.92,,,,,32.44,56.83,5.25,89.34,,0.0,423.25,740.0,
2016-06-21 17:00:00,40.17,126.83,32.86,69.61,106.9,42.44,10.54,0.55,8.88,4.95,40.18,,,,,31.14,57.58,4.46,92.42,,0.0,398.25,740.0,
2016-06-21 18:00:00,22.0,98.0,10.61,56.47,64.79,46.95,9.51,0.65,12.33,4.98,37.84,,,,,30.05,62.75,4.62,97.66,,0.0,313.34,740.0,
2016-06-21 19:00:00,28.0,103.33,6.57,43.39,47.63,48.29,9.09,0.72,9.72,6.63,26.98,,,,,29.32,72.42,4.42,98.75,,0.0,56.83,740.0,
2016-06-21 20:00:00,35.0,83.12,11.56,53.82,63.72,42.81,9.24,0.82,7.94,7.54,24.06,,,,,29.33,73.92,2.84,104.83,,0.0,12.92,740.0,
2016-06-21 21:00:00,43.83,101.5,10.28,53.12,61.38,41.76,9.34,0.68,8.96,7.93,41.82,,,,,29.88,70.75,2.8,111.92,,0.0,12.92,740.0,
2016-06-21 22:00:00,39.0,81.5,8.28,46.01,52.28,43.53,8.98,0.68,7.41,6.86,31.16,,,,,29.99,70.08,2.23,109.08,,0.0,12.92,740.0,
2016-06-21 23:00:00,41.5,68.0,7.46,47.71,52.69,46.98,9.13,0.6,6.3,5.53,23.23,,,,,29.62,71.25,3.14,88.33,,0.0,13.0,740.0,
2016-06-22 00:00:00,30.67,63.67,5.05,37.12,39.97,49.04,7.54,1.03,7.87,4.99,24.69,,,,,29.1,72.91,3.15,90.84,,0.0,13.0,740.0,
2016-06-22 01:00:00,42.0,69.33,4.23,27.35,30.17,48.16,7.35,1.05,6.92,8.12,32.09,,,,,28.46,75.41,3.33,93.83,,0.0,13.0,740.0,
2016-06-22 02:00:00,54.33,78.67,4.6,28.83,31.94,44.47,7.55,1.11,7.71,7.23,17.73,,,,,28.14,75.08,2.71,96.17,,0.0,13.0,740.0,
2016-06-22 03:00:00,44.67,71.67,7.84,34.87,41.76,44.59,7.77,1.05,7.39,7.62,88.48,,,,,27.55,76.17,3.28,87.58,,0.0,13.0,740.0,
2016-06-22 04:00:00,60.33,101.17,10.23,34.54,44.74,43.29,7.83,1.03,7.32,6.3,69.8,,,,,27.18,77.42,3.06,84.0,,0.0,13.0,740.0,
2016-06-22 05:00:00,45.5,124.0,9.1,31.22,40.27,43.43,7.56,1.59,6.85,5.37,28.3,,,,,27.02,78.0,3.06,101.33,,0.0,117.92,740.0,
2016-06-22 06:00:00,38.33,85.83,10.59,31.72,42.72,42.28,7.74,1.15,7.42,7.84,11.16,,,,,27.43,77.0,3.54,97.75,,0.0,372.84,740.0,
2016-06-22 07:00:00,41.67,96.17,17.41,40.85,60.17,43.58,8.23,1.15,8.02,6.8,9.73,,,,,28.9,73.41,2.92,93.25,,0.0,416.5,740.0,
2016-06-22 08:00:00,51.33,102.0,14.17,43.34,57.97,40.21,8.04,1.34,10.34,7.12,31.14,,,,,31.16,66.08,2.82,107.34,,0.0,434.66,740.0,
2016-06-22 09:00:00,55.17,107.0,10.82,41.65,51.89,37.99,8.38,1.01,11.44,7.02,20.51,,,,,32.62,59.67,3.21,116.08,,0.0,439.92,740.0,
2016-06-22 10:00:00,41.33,125.67,6.68,37.12,42.18,43.9,8.23,0.78,11.84,4.45,14.36,,,,,34.11,53.59,3.58,105.5,,0.0,450.17,740.0,
2016-06-22 11:00:00,42.17,98.5,5.56,38.66,42.04,47.1,8.06,0.61,18.35,5.22,23.43,,,,,34.88,51.25,4.46,102.62,,0.0,452.17,740.0,
2016-06-22 12:00:00,41.67,117.5,7.49,40.91,46.67,57.71,11.6,0.84,13.12,4.33,16.87,,,,,36.33,46.42,3.78,110.25,,0.0,452.58,740.0,
2016-06-22 13:00:00,56.17,100.33,5.12,37.07,40.03,39.06,9.91,0.86,16.4,3.58,17.18,,,,,36.5,47.0,3.8,102.5,,0.0,441.67,740.0,
2016-06-22 14:00:00,38.5,98.5,5.05,33.73,36.95,34.21,8.72,0.96,18.23,3.7,14.92,,,,,37.28,44.83,3.19,116.83,,0.0,437.67,740.0,
2016-06-22 15:00:00,47.17,94.33,25.55,48.12,77.77,36.26,8.89,0.99,36.06,2.95,19.04,,,,,37.44,44.25,2.42,112.5,,0.0,408.08,740.0,
2016-06-22 16:00:00,59.67,186.0,17.18,61.37,78.12,41.12,9.18,1.26,55.98,5.45,29.05,,,,,,47.17,2.71,96.0,,0.0,398.42,740.0,
2016-06-22 17:00:00,93.0,364.5,35.84,64.83,106.6,42.58,9.24,1.19,19.4,6.45,34.41,,,,,,50.92,2.45,153.0,,0.0,312.83,740.0,
2016-06-22 18:00:00,88.0,592.5,34.05,62.18,101.99,40.16,9.97,1.35,97.15,6.82,25.56,,,,,,56.83,2.75,115.58,,0.0,259.5,740.0,
2016-06-22 19:00:00,65.83,414.33,50.85,74.43,135.71,36.26,11.58,1.71,101.7,10.13,47.71,,,,,,56.33,1.11,167.0,,0.0,27.08,740.0,
2016-06-22 20:00:00,83.17,494.5,25.49,69.64,96.87,37.56,11.42,1.84,49.98,17.25,54.34,,,,,,60.08,2.52,86.42,,0.0,13.0,740.0,
2016-06-22 21:00:00,92.17,368.33,17.06,66.66,82.69,34.84,10.95,2.58,9.68,8.65,38.29,,,,,,62.09,2.37,100.92,,0.0,13.0,740.0,
2016-06-22 22:00:00,59.0,148.5,11.73,58.57,68.19,33.93,10.68,4.39,7.67,8.33,43.98,,,,,,64.75,2.35,98.42,,0.0,13.0,740.0,
2016-06-22 23:00:00,62.83,134.33,8.06,45.61,51.62,34.89,10.36,2.47,9.52,6.34,32.51,,,,,,65.0,2.17,117.75,,0.0,12.92,740.0,
2016-06-23 00:00:00,55.17,97.33,3.95,35.57,37.12,38.28,8.42,0.81,10.48,5.59,11.42,,,,,,65.0,2.47,105.75,,0.0,12.92,740.0,
2016-06-23 01:00:00,46.67,79.83,4.72,35.96,38.52,43.77,8.07,0.4,10.73,5.67,8.67,,,,,,65.92,1.92,103.58,,0.0,13.0,740.0,
2016-06-23 02:00:00,47.17,82.33,3.5,30.8,32.24,44.4,8.07,,8.46,5.23,26.24,,,,,,66.08,2.45,96.58,,0.0,13.0,740.0,
2016-06-23 03:00:00,34.67,74.67,4.21,39.42,40.85,43.91,8.1,,8.64,5.5,26.34,,,,,,68.16,2.85,90.92,,0.0,13.0,740.0,
2016-06-23 04:00:00,43.67,83.0,4.16,30.36,32.73,42.85,8.03,,8.02,5.33,13.7,,,,,,71.75,3.21,91.58,,0.0,13.08,740.0,
2016-06-23 05:00:00,48.5,113.0,19.44,44.88,66.58,39.17,8.04,,8.99,7.48,10.62,,,,,,71.33,2.3,129.08,,0.0,256.75,740.0,
2016-06-23 06:00:00,57.33,157.83,93.43,55.78,177.17,41.32,9.79,0.88,10.78,7.51,20.85,,,,,,68.08,1.95,162.5,,0.0,350.83,740.0,
2016-06-23 07:00:00,63.17,241.83,78.5,53.65,155.01,42.71,16.09,0.43,9.32,8.52,14.18,,,,,,68.75,1.91,162.83,,0.0,318.0,740.0,
2016-06-23 08:00:00,56.67,186.33,48.88,62.63,122.52,43.85,10.62,,8.54,8.46,15.45,,,,,,61.08,2.6,148.33,,0.0,386.5,740.0,
2016-06-23 09:00:00,48.83,278.33,27.19,64.33,94.44,45.02,10.32,0.1,10.56,8.18,21.29,,,,,,61.09,2.32,130.67,,0.0,399.83,740.0,
2016-06-23 10:00:00,66.33,234.5,19.29,62.12,81.65,36.9,10.37,0.15,11.07,11.66,32.59,,,,,,53.75,2.19,114.66,,0.0,427.92,740.0,
2016-06-23 11:00:00,57.25,258.5,39.9,63.26,106.39,24.63,12.12,1.43,15.34,8.45,30.07,,,,,,41.12,1.88,182.58,,0.0,443.08,740.0,
2016-06-23 12:00:00,55.17,286.83,29.08,76.86,108.22,23.65,10.36,1.33,18.02,10.62,37.07,,,,,,35.25,1.78,198.0,,0.0,439.42,740.0,
2016-06-23 13:00:00,70.67,380.67,28.62,81.35,111.5,23.66,9.28,1.43,18.11,8.91,34.11,,,,,,35.34,1.83,240.67,,0.0,435.17,740.0,
2016-06-23 14:00:00,69.5,404.0,83.4,105.35,207.72,24.28,9.69,1.08,18.28,5.13,16.92,,,,,,35.5,1.79,253.83,,0.0,427.25,740.0,
2016-06-23 15:00:00,72.33,404.0,33.61,83.42,120.18,21.08,9.63,0.96,25.48,4.6,15.29,,,,,,36.17,1.37,251.5,,0.0,408.75,739.5,
2016-06-23 16:00:00,75.0,,46.74,106.22,158.47,21.08,9.55,1.68,24.82,6.4,15.04,,,,,,37.0,1.33,226.25,,0.0,400.67,739.0,
2016-06-23 17:00:00,88.17,,42.45,136.82,179.84,26.55,9.98,2.13,42.64,9.94,29.17,,,,,,39.42,1.31,186.75,,0.0,372.75,739.0,
2016-06-23 18:00:00,124.33,,22.42,132.71,148.83,27.41,9.6,1.64,67.68,9.86,39.94,,,,,,42.16,1.48,109.42,,0.0,250.0,739.0,
2016-06-23 19:00:00,107.33,,19.47,148.38,158.77,34.49,9.1,1.87,,13.59,63.32,,,,,,45.0,1.2,95.08,,0.0,27.0,739.0,
2016-06-23 20:00:00,133.25,,53.22,127.14,185.94,41.04,10.09,2.06,63.76,21.51,132.85,,,,,,48.25,1.41,144.5,,0.0,13.0,739.58,
2016-06-23 21:00:00,148.33,,121.07,79.16,235.71,45.33,10.23,1.62,14.31,9.26,49.41,,,,,,55.33,1.49,251.0,,0.0,13.0,740.0,
2016-06-23 22:00:00,80.83,,93.5,67.03,187.36,50.58,12.98,1.38,15.44,11.19,33.42,,,,,,51.75,1.49,290.08,,0.0,13.0,740.0,
2016-06-23 23:00:00,87.33,,82.62,66.85,172.4,58.73,10.17,1.39,14.66,15.96,36.04,,,,,,51.83,0.97,261.91,,0.0,13.0,740.0,
2016-06-24 00:00:00,95.5,,55.92,59.62,129.37,55.49,9.94,0.99,16.82,17.43,35.75,,,,,,52.67,1.24,287.33,,0.0,13.0,740.0,
2016-06-24 01:00:00,77.33,,17.68,43.52,62.9,48.84,9.34,0.76,53.24,14.85,36.18,,,,,,53.92,0.81,181.42,,0.0,13.0,740.0,
2016-06-24 02:00:00,73.0,,17.34,37.97,57.56,43.75,9.0,0.46,33.16,8.54,28.63,,,,,,54.17,1.43,277.59,,0.0,13.0,740.0,
2016-06-24 03:00:00,72.83,,27.66,43.8,76.74,45.32,9.18,0.68,16.48,8.97,23.22,,,,,,55.25,0.97,281.59,,0.0,13.0,740.0,
2016-06-24 04:00:00,98.33,,66.4,45.83,131.5,43.82,10.54,0.69,19.66,12.42,29.48,,,,,,56.33,1.17,289.67,,0.0,13.08,740.0,
2016-06-24 05:00:00,108.0,,170.41,61.52,287.52,44.44,11.66,0.98,12.78,11.82,32.48,,,,,,56.83,1.47,280.41,,0.0,149.67,740.0,
2016-06-24 06:00:00,122.5,,136.21,61.73,240.81,50.0,7.08,1.25,12.9,8.29,25.64,,,,,,54.75,1.93,276.58,,0.0,365.17,740.0,
2016-06-24 07:00:00,125.67,,225.1,75.12,323.98,43.31,6.45,1.33,14.02,8.47,19.0,,,,,,51.08,2.12,278.58,,0.0,404.5,740.0,
2016-06-24 08:00:00,152.33,,144.85,67.72,257.73,34.86,5.71,1.36,17.0,8.51,14.71,,,,,,47.5,1.94,276.17,,0.0,419.08,740.0,
2016-06-24 09:00:00,146.33,,108.55,76.45,216.24,37.06,5.66,1.39,16.84,9.69,16.33,,,,,,42.5,1.96,282.5,,0.0,426.67,740.0,
2016-06-24 10:00:00,161.83,,83.32,93.2,196.8,51.46,4.78,1.33,19.68,11.16,19.92,,,,,,39.42,1.79,278.83,,0.0,432.0,740.0,
2016-06-24 11:00:00,172.83,763.0,61.27,110.48,182.04,65.13,3.62,1.2,21.2,12.82,23.5,,,,,,36.5,1.68,275.33,,0.0,431.75,740.0,
2016-06-24 12:00:00,131.0,762.33,38.0,92.58,134.4,73.31,7.14,1.12,21.03,12.51,26.62,,,,,,36.5,1.95,257.5,,0.0,423.84,740.0,
2016-06-24 13:00:00,121.67,754.0,61.67,84.98,159.95,48.39,8.98,1.02,21.32,7.7,21.11,,,,,,34.17,2.52,270.75,,0.0,429.17,740.0,
2016-06-24 14:00:00,98.67,729.08,52.22,76.42,139.5,36.71,9.95,1.04,23.25,5.15,17.64,,,,,,33.34,1.88,255.08,,0.0,416.33,739.0,
2016-06-24 15:00:00,92.0,582.58,109.6,87.84,228.12,35.39,11.88,1.25,22.16,4.16,11.44,,,,,,33.08,2.03,275.84,,0.0,408.0,739.0,
2016-06-24 16:00:00,97.5,654.0,51.22,74.98,136.76,27.01,11.24,0.99,19.62,3.99,15.21,,,,,,35.0,1.58,190.42,,0.0,391.92,739.0,
2016-06-24 17:00:00,125.5,643.0,22.22,56.4,80.61,30.16,10.87,1.09,15.92,3.46,16.74,,,,,,39.75,2.47,103.88,,0.0,369.62,739.0,
2016-06-24 18:00:00,132.0,601.17,21.11,58.43,80.94,29.22,10.52,1.2,34.86,5.52,33.99,,,,,,42.92,2.1,79.59,,0.0,302.17,739.0,
2016-06-24 19:00:00,149.17,624.33,17.23,63.15,79.81,33.42,10.56,1.45,119.47,7.89,75.23,,,,,,47.33,1.83,75.75,,0.0,45.25,739.0,
2016-06-24 20:00:00,161.33,624.5,12.38,59.21,69.65,44.69,10.28,1.82,21.22,12.98,121.23,,,,,,49.34,1.97,88.08,,0.0,13.0,739.0,
2016-06-24 21:00:00,163.5,561.83,7.26,70.85,73.05,54.04,9.98,1.64,10.83,10.32,51.25,,,,,,49.17,1.88,88.33,,0.0,12.84,739.75,
2016-06-24 22:00:00,141.33,542.33,15.02,86.55,97.61,62.41,10.04,1.66,9.16,12.31,44.54,,,,,,50.66,2.21,89.42,,0.0,13.0,740.0,
2016-06-24 23:00:00,139.0,552.5,9.25,122.98,122.2,73.94,9.96,1.3,12.95,11.03,32.34,,,,,,51.17,2.4,85.0,,0.0,12.96,740.0,
2016-06-25 00:00:00,119.83,435.5,4.92,68.1,67.4,79.03,8.98,1.04,17.21,9.12,23.05,,,,,,52.91,2.19,89.83,,0.0,13.0,740.0,
2016-06-25 01:00:00,124.67,381.67,3.34,44.33,44.04,73.34,8.56,0.92,18.42,8.98,24.32,,,,,,54.75,1.69,84.66,,0.0,12.84,740.0,
2016-06-25 02:00:00,131.5,349.17,3.54,41.14,41.48,70.78,8.62,0.99,15.22,10.41,23.82,,,,,,57.59,2.16,90.92,,0.0,12.92,740.0,
2016-06-25 03:00:00,146.0,331.83,5.53,48.1,50.4,69.53,8.84,0.96,13.98,9.59,32.55,,,,,,62.0,2.75,99.84,,0.0,12.92,740.0,
2016-06-25 04:00:00,128.33,256.67,4.69,37.26,39.6,75.8,9.68,0.71,11.3,7.32,29.62,,,,,,67.25,3.22,92.5,,0.0,12.84,740.0,
2016-06-25 05:00:00,112.83,211.0,6.35,30.42,35.76,83.19,7.03,0.7,9.59,6.24,11.22,,,,,,72.5,3.78,86.58,,0.0,76.91,740.0,
2016-06-25 06:00:00,101.67,212.67,8.49,32.11,40.2,82.34,7.85,0.82,10.68,6.32,9.77,,,,,,73.84,3.95,88.84,,0.0,332.92,740.0,
2016-06-25 07:00:00,97.33,188.67,7.98,30.04,37.68,75.89,8.07,0.66,9.69,6.51,11.92,,,,,,70.09,4.12,94.58,,0.0,401.67,740.0,
2016-06-25 08:00:00,81.5,154.5,9.24,33.88,42.78,68.1,8.31,0.69,10.99,5.52,10.8,,,,,,63.92,3.64,99.66,,0.0,425.33,740.0,
2016-06-25 09:00:00,68.5,171.0,7.96,37.21,43.99,58.7,8.77,0.62,15.54,5.63,19.6,,,,,,58.67,3.76,99.92,,0.0,434.08,740.0,
2016-06-25 10:00:00,66.67,192.0,4.72,37.39,39.72,58.6,30.95,0.52,16.96,5.68,21.46,,,,,,55.92,3.89,97.58,,0.0,441.25,740.0,
2016-06-25 11:00:00,74.33,203.67,6.07,38.32,42.46,56.42,11.94,0.87,15.72,5.65,24.95,,,,,,52.42,4.11,102.58,,0.0,442.0,740.0,
2016-06-25 12:00:00,91.5,234.83,4.88,35.17,38.02,54.48,8.68,1.68,20.06,5.25,25.61,,,,,,48.17,4.66,96.5,,0.0,444.0,740.0,
2016-06-25 13:00:00,67.5,223.67,3.71,28.88,30.79,63.03,7.21,1.42,20.25,5.35,50.64,,,,,,46.25,4.82,96.0,,0.0,443.25,740.0,
2016-06-25 14:00:00,59.0,223.83,3.14,27.3,28.51,56.02,6.64,1.19,21.63,3.91,33.79,,,,,,45.41,4.04,90.17,,0.0,436.58,740.0,
2016-06-25 15:00:00,57.33,231.33,3.53,29.77,31.33,49.42,6.58,1.27,20.92,3.82,24.82,,,,,,45.33,3.66,102.92,,0.0,415.0,740.0,
2016-06-25 16:00:00,64.12,220.12,2.3,31.75,31.42,44.86,6.98,1.16,12.64,3.79,17.91,,,,,,48.84,3.02,100.46,,0.0,377.67,740.0,
2016-06-25 17:00:00,64.67,198.17,3.09,34.03,34.53,42.8,6.61,1.56,14.53,3.75,16.43,,,,,,51.0,3.43,94.17,,0.0,370.5,740.0,
2016-06-25 18:00:00,62.83,195.33,4.47,47.54,48.46,50.18,8.02,1.39,13.44,4.67,47.52,,,,,,55.16,4.06,88.83,,0.0,253.0,740.0,
2016-06-25 19:00:00,61.5,226.33,5.76,51.76,53.97,73.76,8.86,1.12,13.66,5.11,21.68,,,,,,57.17,4.25,94.5,,0.0,37.17,740.0,
2016-06-25 20:00:00,56.17,210.67,4.98,38.58,41.18,79.84,8.55,0.92,12.94,5.38,14.82,,,,,,58.17,4.5,90.5,,0.0,13.0,740.0,
2016-06-25 21:00:00,41.33,147.33,4.07,34.31,36.12,75.33,8.36,0.88,13.64,7.54,12.25,,,,,,60.08,4.07,83.66,,0.0,13.0,740.0,
2016-06-25 22:00:00,38.67,135.17,3.78,33.22,34.75,68.08,8.53,0.76,12.08,11.5,12.34,,,,,,61.58,3.68,92.67,,0.0,13.08,740.0,
2016-06-25 23:00:00,42.5,115.33,3.82,31.39,33.19,61.24,8.2,0.38,12.34,16.77,10.45,,,,,,64.17,3.39,93.08,,0.0,13.0,740.0,
2016-06-26 00:00:00,45.5,111.83,5.85,38.67,42.46,57.66,8.22,1.11,12.69,15.45,47.66,,,,,,67.09,3.69,92.0,,0.0,13.0,740.0,
2016-06-26 01:00:00,48.0,111.0,2.78,25.06,26.14,55.85,8.05,0.81,9.88,13.72,19.78,,,,,,69.33,3.39,90.5,,0.0,13.0,740.0,
2016-06-26 02:00:00,49.83,111.0,2.29,17.63,18.84,54.5,8.19,0.98,10.33,9.38,11.02,,,,,,71.83,3.49,97.83,,0.0,13.0,740.0,
2016-06-26 03:00:00,59.17,111.0,3.18,17.88,20.24,53.96,7.86,1.02,10.06,6.01,5.18,,,,,,73.75,3.41,96.17,,0.0,13.0,740.0,
2016-06-26 04:00:00,60.83,111.0,3.32,19.08,21.55,55.12,8.0,1.13,10.58,6.12,5.17,,,,,,75.58,3.3,85.66,,0.0,13.0,740.0,
2016-06-26 05:00:00,66.17,111.0,5.95,22.23,27.94,55.2,7.9,1.12,10.58,6.12,4.23,,,,,,76.75,3.29,94.0,,0.0,118.0,740.0,
2016-06-26 06:00:00,70.83,111.0,7.85,25.42,33.37,52.68,8.48,1.15,11.38,6.13,9.72,,,,,,75.17,3.26,107.67,,0.0,356.0,740.0,
2016-06-26 07:00:00,63.83,,7.57,26.33,33.8,50.18,8.96,1.15,10.09,10.24,10.78,,,,,,72.92,3.32,108.17,,0.0,392.75,740.0,
2016-06-26 08:00:00,60.17,,7.24,25.5,32.62,47.32,9.12,1.05,9.8,10.38,8.29,,,,,,68.5,4.21,106.08,,0.0,426.33,740.0,
2016-06-26 09:00:00,69.83,,5.57,24.15,29.09,44.56,9.45,0.81,17.11,11.42,11.35,,,,,,63.08,3.71,98.33,,0.0,435.83,740.0,
2016-06-26 10:00:00,64.0,,5.03,26.59,30.58,48.76,22.13,4.74,16.61,8.5,14.82,,,,,,56.67,4.09,96.33,,0.0,437.67,740.0,
2016-06-26 11:00:00,64.67,,7.08,28.54,35.08,44.22,11.0,0.55,17.93,6.28,21.26,,,,,,52.08,3.82,102.42,,0.0,430.42,740.0,
2016-06-26 12:00:00,66.0,,4.72,29.56,32.79,40.48,8.1,0.43,18.02,4.64,23.35,,,,,,47.66,3.76,102.66,,0.0,436.5,740.0,
2016-06-26 13:00:00,58.33,,4.46,32.34,34.92,38.42,7.52,0.45,19.99,5.48,37.7,,,,,,45.41,4.28,90.92,,0.0,435.17,740.0,
2016-06-26 14:00:00,73.0,,5.76,40.44,43.87,38.76,7.79,0.56,19.34,4.42,60.3,,,,,,46.5,4.3,91.75,,0.0,422.75,740.0,
2016-06-26 15:00:00,88.67,,4.4,36.53,38.57,41.89,7.34,0.56,20.02,3.47,42.18,,,,,,47.33,3.76,107.66,,0.0,404.75,740.0,
2016-06-26 16:00:00,88.17,222.0,6.06,42.92,46.52,38.44,7.45,0.58,20.56,3.28,30.32,,,,,37.71,45.58,3.34,95.25,,0.0,400.83,739.58,
2016-06-26 17:00:00,70.83,221.0,8.28,52.42,58.0,39.21,7.57,0.74,18.62,3.42,45.38,,,,,37.11,47.16,3.09,90.58,,0.0,371.42,739.0,
2016-06-26 18:00:00,76.83,207.67,4.82,47.58,48.99,42.92,9.37,0.89,16.72,4.15,84.66,,,,,36.05,51.59,3.71,92.33,,0.0,317.33,739.0,
2016-06-26 19:00:00,61.67,169.33,11.26,68.96,76.83,46.7,9.59,0.98,13.69,4.42,22.06,,,,,35.03,55.33,3.42,90.08,,0.0,41.25,739.83,
2016-06-26 20:00:00,65.33,183.17,5.79,45.11,48.1,56.29,9.22,0.93,14.67,4.82,12.0,,,,,34.55,55.66,3.39,93.66,,0.0,13.0,740.0,
2016-06-26 21:00:00,65.5,172.5,4.77,43.79,45.53,59.35,9.7,0.92,15.45,5.52,11.33,,,,,34.16,57.75,3.33,91.92,,0.0,12.92,740.0,
2016-06-26 22:00:00,58.67,184.67,4.64,41.94,43.72,55.84,9.23,0.82,14.1,4.93,9.03,,,,,33.89,58.08,3.09,93.16,,0.0,13.0,740.0,
2016-06-26 23:00:00,62.0,157.83,3.96,35.12,36.69,54.71,9.24,0.78,13.5,4.62,7.71,,,,,33.48,59.33,2.85,88.33,,0.0,13.0,740.0,
2016-06-27 00:00:00,65.17,157.0,3.4,28.81,30.3,55.34,8.73,1.17,13.74,5.4,8.21,,,,,32.72,63.17,3.23,97.16,,0.0,12.83,740.0,
2016-06-27 01:00:00,78.0,149.67,2.43,20.72,21.78,54.06,8.33,1.1,11.92,5.57,12.06,,,,,31.78,68.0,3.65,93.58,,0.0,13.0,740.0,
2016-06-27 02:00:00,63.0,107.67,1.55,18.27,18.39,51.76,8.31,1.03,10.68,4.37,4.7,,,,,31.22,71.0,3.61,92.75,,0.0,13.0,740.0,
2016-06-27 03:00:00,62.33,82.17,2.1,20.06,20.75,49.92,7.84,1.01,11.07,3.64,3.2,,,,,30.79,72.75,3.42,91.92,,0.0,13.0,740.0,
2016-06-27 04:00:00,57.83,89.17,3.56,19.6,22.33,48.54,6.91,0.98,11.4,4.06,4.92,,,,,30.6,72.75,3.62,94.08,,0.0,13.0,740.0,
2016-06-27 05:00:00,51.67,99.67,5.25,24.7,29.17,49.74,7.61,1.04,11.58,3.17,3.51,,,,,30.56,71.83,3.21,95.25,,0.0,77.58,740.0,
2016-06-27 06:00:00,53.0,124.0,11.56,36.58,48.38,48.18,9.26,1.23,13.64,4.54,18.81,,,,,30.61,73.17,3.32,87.0,,0.0,276.33,740.0,
2016-06-27 07:00:00,69.33,131.0,15.85,39.85,57.14,46.28,9.84,1.42,10.82,5.86,65.76,,,,,30.92,72.75,4.58,88.0,,0.0,395.33,740.0,
2016-06-27 08:00:00,73.83,144.33,11.03,32.02,43.62,44.25,10.18,1.3,10.28,4.95,24.52,,,,,31.67,69.84,4.83,91.92,,0.0,412.17,740.0,
2016-06-27 09:00:00,61.0,164.67,7.6,30.66,37.7,43.16,9.94,1.46,23.97,4.34,8.0,,,,,33.22,64.75,3.94,105.92,,0.0,426.33,740.0,
2016-06-27 10:00:00,53.5,182.5,4.47,26.22,29.49,46.9,29.7,0.99,15.6,4.92,9.2,,,,,34.82,59.34,4.32,105.0,,0.0,443.83,740.0,
2016-06-27 11:00:00,66.17,191.67,6.23,35.1,39.82,46.31,13.52,1.29,17.68,4.95,14.29,,,,,37.02,51.59,4.26,94.42,,0.0,442.92,740.0,
2016-06-27 12:00:00,66.5,234.5,5.41,31.65,35.6,41.07,8.98,0.88,19.61,4.38,41.63,,,,,38.29,45.62,3.9,106.62,,0.0,438.96,740.0,
2016-06-27 13:00:00,64.33,163.5,5.69,32.75,36.94,39.7,7.52,0.8,22.84,3.38,27.45,,,,,38.83,42.92,4.15,97.42,,0.0,436.92,740.0,
2016-06-27 14:00:00,66.0,195.0,20.84,54.99,77.46,42.47,7.96,0.86,19.38,2.96,36.53,,,,,37.35,46.17,4.33,96.42,,0.0,371.5,739.5,
2016-06-27 15:00:00,65.33,190.83,11.98,58.37,68.39,39.74,7.37,0.92,17.47,3.34,35.81,,,,,36.2,50.17,3.72,79.25,,0.0,338.5,739.0,
2016-06-27 16:00:00,63.5,202.33,9.65,60.24,66.83,39.53,7.91,1.05,16.7,4.93,146.54,,,,,36.42,49.42,2.82,94.34,,0.0,370.66,739.0,
2016-06-27 17:00:00,68.83,229.0,5.53,47.18,49.62,39.36,7.52,0.98,16.92,4.46,71.35,,,,,36.21,49.09,3.43,99.42,,0.0,346.92,739.0,
2016-06-27 18:00:00,58.83,185.67,6.76,56.19,59.29,42.58,7.08,1.03,15.11,5.52,23.28,,,,,35.33,54.08,3.68,98.0,,0.0,199.67,739.0,
2016-06-27 19:00:00,63.0,214.83,7.96,60.26,64.54,46.32,6.96,1.38,13.94,5.36,21.13,,,,,34.53,57.34,3.37,89.25,,0.0,23.75,739.0,
2016-06-27 20:00:00,63.83,194.83,14.99,69.9,82.74,47.68,6.99,1.43,11.7,6.58,70.15,,,,,34.03,61.25,2.83,88.92,,0.0,13.0,739.83,
2016-06-27 21:00:00,67.5,192.5,12.74,60.12,71.0,46.9,7.54,1.23,12.02,5.05,33.6,,,,,33.71,63.17,2.98,87.58,,0.0,13.0,740.0,
2016-06-27 22:00:00,66.33,166.67,16.54,60.66,76.61,48.18,7.52,1.58,11.46,6.31,110.08,,,,,33.29,64.75,3.08,85.16,,0.0,13.08,740.0,
2016-06-27 23:00:00,72.5,191.83,11.02,52.04,61.41,51.09,7.45,0.72,12.28,5.63,90.67,,,,,32.7,66.0,3.4,92.08,,0.0,13.08,740.0,
2016-06-28 00:00:00,68.17,143.5,9.45,33.94,43.12,52.48,8.27,1.22,10.79,4.18,25.52,,,,,32.0,63.33,2.96,153.08,,0.0,12.92,740.0,
2016-06-28 01:00:00,53.0,124.33,11.73,30.99,43.68,55.43,9.58,0.96,13.58,3.58,14.74,,,,,29.7,62.92,2.88,203.08,,0.0,13.0,740.0,
2016-06-28 02:00:00,26.5,186.67,8.9,47.46,54.43,53.07,10.05,0.96,11.46,2.33,21.68,,,,,27.43,76.84,2.1,109.42,,0.0,13.25,740.0,
2016-06-28 03:00:00,41.67,38.33,6.37,44.26,48.13,45.87,9.48,0.86,10.36,3.05,120.58,,,,,28.01,74.84,4.02,87.34,,0.0,12.66,740.0,
2016-06-28 04:00:00,29.17,29.83,8.45,37.42,44.9,39.99,10.5,0.98,10.59,2.2,97.94,,,,,27.66,71.92,2.78,102.0,,0.0,13.0,740.0,
2016-06-28 05:00:00,27.83,46.33,50.46,71.38,132.49,43.42,11.14,1.19,89.44,2.61,111.42,,,,,27.66,70.25,1.19,109.25,,0.0,69.84,740.0,
2016-06-28 06:00:00,42.5,154.0,109.2,67.41,209.09,46.38,11.2,1.25,51.5,5.98,33.28,,,,,27.81,70.08,1.27,148.08,,0.0,348.58,740.0,
2016-06-28 07:00:00,45.33,231.5,81.02,70.59,173.44,39.26,9.6,1.25,90.15,5.28,47.06,,,,,28.19,70.42,1.11,137.92,,0.0,368.33,740.0,
2016-06-28 08:00:00,45.33,106.5,196.59,88.66,347.76,44.85,11.19,1.53,31.26,4.59,37.93,,,,,28.99,69.17,0.69,246.42,,0.0,363.42,740.0,
2016-06-28 09:00:00,39.83,179.67,47.64,79.26,135.68,39.75,9.48,1.36,,6.72,27.89,,,,,30.09,66.83,0.68,149.08,,0.0,396.34,740.0,
2016-06-28 10:00:00,59.17,266.5,38.9,76.95,121.32,40.56,26.09,1.19,160.2,9.06,37.4,,,,,30.39,67.84,1.12,155.75,,0.0,376.42,740.0,
2016-06-28 11:00:00,85.33,401.5,36.1,64.0,106.32,40.87,12.99,1.38,111.0,9.61,64.83,,,,,31.43,67.66,2.78,85.25,,0.0,436.5,740.0,
2016-06-28 12:00:00,86.17,220.33,8.43,39.5,46.71,35.58,8.86,1.03,36.08,7.98,93.05,,,,,33.26,63.0,2.9,93.16,,0.0,449.75,740.0,
2016-06-28 13:00:00,79.83,128.17,7.59,33.66,40.35,31.8,7.95,0.91,25.43,6.24,44.26,,,,,34.52,57.84,3.78,90.0,,0.0,447.25,740.0,
2016-06-28 14:00:00,67.83,131.33,5.35,33.18,36.86,32.64,13.29,0.94,24.22,4.8,25.61,,,,,35.12,55.42,2.88,94.08,,0.0,434.08,740.0,
2016-06-28 15:00:00,57.67,138.17,17.04,43.84,62.33,31.49,7.02,0.91,20.96,3.56,25.99,,,,,35.05,53.33,2.22,122.67,,0.0,415.33,740.0,
2016-06-28 16:00:00,39.25,222.5,47.95,70.03,127.86,32.99,7.42,1.19,28.3,3.66,28.03,,,,,34.96,53.83,2.56,101.12,,0.0,404.96,740.0,
2016-06-28 17:00:00,64.17,160.17,39.16,66.95,113.17,35.1,7.38,1.14,29.14,4.13,33.2,,,,,34.24,56.42,2.35,113.33,,0.0,386.84,740.0,
2016-06-28 18:00:00,71.5,387.5,24.17,61.8,88.07,40.17,8.26,1.18,44.28,5.42,36.37,,,,,32.85,60.84,2.96,75.0,,0.0,310.66,740.0,
2016-06-28 19:00:00,55.0,185.0,17.34,67.53,83.83,48.76,8.13,1.49,26.2,7.43,70.63,,,,,32.07,63.0,3.65,84.33,,0.0,43.17,740.0,
2016-06-28 20:00:00,60.5,143.0,21.22,65.21,87.07,55.89,7.64,1.64,19.21,9.24,84.48,,,,,31.78,63.34,2.92,74.92,,0.0,13.08,740.0,
2016-06-28 21:00:00,60.5,174.17,19.59,64.38,84.12,58.04,7.75,1.45,14.84,7.1,86.34,,,,,31.51,64.42,2.5,83.16,,0.0,13.0,740.0,
2016-06-28 22:00:00,48.33,130.67,21.32,62.53,84.82,58.5,7.92,1.27,15.4,5.6,73.03,,,,,31.23,66.0,2.52,85.17,,0.0,13.0,740.0,
2016-06-28 23:00:00,49.5,127.5,12.0,45.87,57.28,55.34,7.67,1.16,15.77,4.92,58.31,,,,,30.86,69.16,2.95,84.92,,0.0,13.0,740.0,
2016-06-29 00:00:00,48.5,91.17,5.7,37.02,40.79,52.42,8.68,1.09,14.14,5.01,22.54,,,,,30.61,69.08,3.39,79.58,,0.0,13.0,740.0,
2016-06-29 01:00:00,57.0,79.33,7.07,45.9,50.54,52.72,9.47,1.18,16.46,4.59,39.2,,,,,30.68,67.58,2.72,92.58,,0.0,13.0,740.0,
2016-06-29 02:00:00,57.5,111.0,2.72,22.45,23.72,50.3,9.04,0.88,12.75,4.22,19.98,,,,,29.6,71.34,4.62,95.08,,0.0,12.92,740.0,
2016-06-29 03:00:00,30.33,78.67,2.74,25.86,26.76,47.75,10.08,0.78,11.78,1.57,10.63,,,,,29.14,67.25,2.58,95.5,,0.0,13.08,740.0,
2016-06-29 04:00:00,7.67,38.67,13.42,44.02,57.56,49.18,10.77,0.82,15.43,1.72,11.95,,,,,28.47,68.25,1.38,103.92,,0.0,13.0,740.0,
2016-06-29 05:00:00,12.83,22.83,27.48,58.89,89.99,47.05,10.41,1.15,16.14,3.0,8.39,,,,,28.73,71.34,1.21,96.92,,0.0,153.33,740.0,
2016-06-29 06:00:00,24.67,35.33,51.49,62.21,125.77,45.05,11.12,1.23,19.87,5.03,19.64,,,,,29.82,70.0,0.88,123.84,,0.0,348.33,740.0,
2016-06-29 07:00:00,38.5,73.5,16.3,49.36,66.22,41.59,10.16,1.17,18.86,5.93,27.37,,,,,31.7,66.84,2.58,91.17,,0.0,412.67,740.0,
2016-06-29 08:00:00,43.83,63.67,11.78,38.64,50.51,38.62,9.73,1.28,16.52,7.34,24.39,,,,,33.25,64.17,3.74,93.25,,0.0,431.58,740.0,
2016-06-29 09:00:00,56.0,100.33,7.46,31.96,38.62,36.57,9.27,1.24,22.24,5.35,14.25,,,,,34.98,59.5,3.82,100.67,,0.0,440.92,740.0,
2016-06-29 10:00:00,44.83,90.83,16.47,32.72,51.64,42.28,18.51,5.35,18.63,4.78,17.57,,,,,36.41,54.5,4.07,93.67,,0.0,446.08,740.0,
2016-06-29 11:00:00,38.67,86.17,7.64,30.58,37.68,39.22,11.16,1.05,19.13,3.93,25.98,,,,,37.67,48.09,4.67,94.0,,0.0,449.34,740.0,
2016-06-29 12:00:00,35.33,91.5,5.86,31.89,36.42,39.13,7.92,1.02,18.31,3.36,11.59,,,,,38.24,46.34,4.4,101.67,,0.0,442.0,740.0,
2016-06-29 13:00:00,29.5,89.5,5.02,30.42,33.97,37.17,6.72,0.89,19.92,2.67,15.86,,,,,38.92,43.67,4.35,94.5,,0.0,442.67,740.0,
2016-06-29 14:00:00,40.33,91.5,4.98,30.52,33.98,35.31,6.78,0.81,20.28,2.27,16.18,,,,,39.22,41.42,3.9,100.34,,0.0,430.58,740.0,
2016-06-29 15:00:00,27.67,86.75,4.54,28.68,31.75,33.97,7.02,0.73,19.49,2.74,17.44,,,,,39.28,40.66,4.11,96.0,,0.0,426.67,740.0,
2016-06-29 16:00:00,24.33,80.83,6.22,27.48,32.97,34.24,7.24,1.09,20.46,2.36,36.24,,,,,38.71,42.58,3.74,101.5,,0.0,411.42,740.0,
2016-06-29 17:00:00,24.0,92.17,6.52,41.08,45.49,37.31,7.18,1.26,15.99,2.84,52.62,,,,,37.83,46.25,3.52,87.25,,0.0,374.0,740.0,
2016-06-29 18:00:00,39.0,133.5,9.54,58.65,65.27,39.41,8.46,1.39,14.64,2.98,59.32,,,,,36.9,48.92,3.12,87.42,,0.0,272.75,740.0,
2016-06-29 19:00:00,39.67,154.67,7.5,61.72,65.23,48.64,8.8,1.52,12.61,5.06,54.73,,,,,36.14,51.5,2.55,94.67,,0.0,31.08,740.0,
2016-06-29 20:00:00,43.67,126.0,9.66,64.3,70.5,58.2,8.05,1.47,12.99,6.78,23.85,,,,,35.65,53.75,3.18,87.84,,0.0,12.92,740.0,
2016-06-29 21:00:00,46.5,148.33,13.58,64.11,75.67,60.68,8.07,1.47,12.58,7.22,27.07,,,,,35.28,55.75,2.69,93.08,,0.0,13.08,740.0,
2016-06-29 22:00:00,43.67,176.67,21.01,68.33,89.55,60.88,8.63,1.47,11.16,6.04,34.65,,,,,34.9,57.42,2.44,91.42,,0.0,13.0,740.0,
2016-06-29 23:00:00,42.5,136.67,21.52,66.86,88.94,60.71,8.33,1.37,13.16,6.14,38.68,,,,,34.46,58.92,2.69,83.58,,0.0,13.0,740.0,
2016-06-30 00:00:00,46.33,138.67,11.97,52.37,62.98,63.51,8.86,1.14,12.63,4.68,97.96,,,,,33.9,60.08,2.56,98.0,,0.0,12.92,740.0,
2016-06-30 01:00:00,52.67,104.17,22.62,56.38,81.1,62.7,9.26,1.19,13.11,5.74,111.67,,,,,33.34,62.34,2.33,85.58,,0.0,13.08,740.0,
2016-06-30 02:00:00,53.17,96.17,21.21,50.65,74.11,60.21,9.03,1.11,13.14,5.62,100.34,,,,,32.87,64.75,1.92,91.75,,0.0,13.0,740.0,
2016-06-30 03:00:00,59.33,119.33,4.18,31.16,33.48,58.79,8.68,0.92,11.1,4.39,29.85,,,,,32.59,64.33,2.48,94.12,,0.0,13.16,740.0,
2016-06-30 04:00:00,36.33,83.33,3.98,26.76,29.26,60.26,9.13,0.94,10.21,4.22,17.82,,,,,32.21,66.5,2.23,93.25,,0.0,13.0,740.0,
2016-06-30 05:00:00,37.5,100.67,8.04,30.92,38.53,56.9,9.1,1.01,11.44,4.3,10.62,,,,,32.03,67.42,2.69,92.66,,0.0,114.92,740.0,
2016-06-30 06:00:00,38.0,129.83,12.56,34.71,48.06,57.68,8.38,1.09,11.65,4.66,9.42,,,,,32.44,67.5,2.69,93.92,,0.0,363.75,740.0,
2016-06-30 07:00:00,54.0,138.33,12.57,33.78,47.28,52.11,8.11,1.18,9.6,6.02,10.89,,,,,33.32,65.91,2.88,97.0,,0.0,403.83,740.0,
2016-06-30 08:00:00,60.5,158.17,11.4,40.38,51.58,45.96,8.08,1.26,14.35,6.95,17.45,,,,,35.81,57.83,2.61,106.58,,0.0,425.25,740.0,
2016-06-30 09:00:00,65.5,168.33,22.19,46.66,71.89,45.87,9.0,1.06,14.96,7.1,18.96,,,,,38.42,48.0,2.17,157.17,,0.0,427.34,740.0,
2016-06-30 10:00:00,57.83,344.67,14.59,40.76,56.14,45.18,28.24,0.64,17.05,6.02,27.09,,,,,40.18,40.42,2.0,184.67,,0.0,429.17,740.0,
2016-06-30 11:00:00,75.33,657.5,14.37,44.57,59.36,43.25,12.6,0.8,19.38,4.51,15.27,,,,,40.96,37.5,1.85,153.92,,0.0,418.58,740.0,
2016-06-30 12:00:00,45.83,238.17,35.08,64.89,105.66,36.7,8.04,1.18,22.66,4.94,19.03,,,,,41.47,36.42,1.73,187.75,,0.0,409.58,740.0,
2016-06-30 13:00:00,65.0,268.5,5.46,46.05,48.46,34.15,6.62,0.87,30.24,5.92,20.14,,,,,40.74,37.08,2.02,142.42,,0.0,409.67,739.67,
2016-06-30 14:00:00,68.0,245.67,17.68,64.82,81.79,31.81,6.64,0.84,31.13,5.17,21.24,,,,,40.51,37.04,1.42,163.0,,0.0,388.5,739.0,
2016-06-30 15:00:00,78.0,355.0,3.34,39.55,39.82,32.72,6.43,0.76,27.52,4.27,23.23,,,,,39.76,39.92,2.58,92.58,,0.0,382.58,739.0,
2016-06-30 16:00:00,53.5,159.5,5.34,52.14,53.72,33.34,5.94,0.78,17.36,4.08,23.51,,,,,39.66,42.0,2.88,95.08,,0.0,391.66,739.0,
2016-06-30 17:00:00,53.33,155.0,5.32,56.23,57.36,34.72,5.29,0.82,17.98,4.81,50.42,,,,,38.46,45.25,3.49,96.42,,0.0,329.58,739.0,
2016-06-30 18:00:00,42.33,162.17,91.8,58.18,177.37,47.2,9.12,1.26,18.76,4.53,25.35,,,,,35.88,55.25,2.6,159.5,,0.0,251.83,739.0,
2016-06-30 19:00:00,52.0,215.33,123.27,90.79,248.75,52.7,10.43,1.54,13.44,6.77,40.32,,,,,31.69,70.17,1.27,189.25,,0.0,130.17,739.0,
2016-06-30 20:00:00,44.33,63.83,75.88,89.91,183.74,61.94,10.24,2.4,12.66,8.52,29.52,,,,,34.15,62.21,1.4,89.83,,0.0,13.08,739.0,
2016-06-30 21:00:00,54.33,119.67,12.04,50.2,61.15,70.08,9.04,1.04,10.4,10.87,58.37,,,,,33.98,64.42,4.1,92.83,,0.0,13.0,739.0,
2016-06-30 22:00:00,46.33,103.5,9.03,37.86,46.05,87.06,8.25,0.83,10.56,5.32,20.45,,,,,33.08,65.83,3.61,95.33,,0.0,13.0,739.0,
2016-06-30 23:00:00,47.83,105.33,9.41,44.73,52.72,99.54,8.4,0.63,10.28,4.58,14.23,,,,,32.69,66.17,2.86,99.5,,0.0,13.0,739.0,
2016-07-01 00:00:00,47.33,99.67,12.16,42.53,54.48,91.27,9.19,1.3,10.06,3.75,18.08,,,,,32.33,67.75,1.67,117.33,,0.0,13.08,739.0,
2016-07-01 01:00:00,48.88,94.5,38.4,42.18,89.97,81.03,9.82,1.4,10.68,6.01,16.36,,,,,31.99,70.41,1.65,194.33,,0.0,13.0,739.0,
2016-07-01 02:00:00,47.83,120.67,44.3,47.67,95.92,75.91,18.55,1.6,11.19,5.48,11.54,,,,,31.54,72.42,1.78,160.0,,0.0,13.0,739.0,
2016-07-01 03:00:00,44.67,79.83,4.72,27.86,31.24,85.11,8.33,1.15,10.53,5.21,9.51,,,,,30.18,74.33,2.2,104.58,,0.0,13.0,739.0,
2016-07-01 04:00:00,34.5,35.33,4.58,32.34,35.02,81.58,8.25,1.25,11.6,3.3,9.39,,,,,30.62,74.58,3.09,87.67,,0.0,12.92,739.0,
2016-07-01 05:00:00,42.83,46.0,6.69,26.82,33.04,73.96,8.59,1.25,11.82,4.06,16.77,,,,,30.2,76.08,2.41,87.83,,0.0,81.59,739.0,
2016-07-01 06:00:00,47.0,68.5,20.93,39.35,63.66,71.76,7.7,1.48,10.39,4.46,6.56,,,,,30.6,75.66,1.85,120.0,,0.0,348.33,739.0,
2016-07-01 07:00:00,45.67,87.83,46.82,41.88,101.23,65.36,7.91,1.45,10.45,5.5,13.05,,,,,31.7,73.08,2.13,140.58,,0.0,401.5,739.0,
2016-07-01 08:00:00,42.0,137.83,72.56,48.27,141.98,59.98,9.28,1.8,11.61,4.41,10.0,,,,,33.52,65.33,2.2,176.58,,0.0,423.5,739.0,
2016-07-01 09:00:00,54.67,229.33,120.44,57.07,215.18,63.49,9.53,1.67,10.86,4.59,10.38,,,,,35.38,58.66,1.84,230.33,,0.0,426.0,739.0,
2016-07-01 10:00:00,45.0,309.83,135.1,63.62,240.46,67.66,29.24,1.42,13.38,4.09,9.66,,,,,35.97,56.83,1.79,257.58,,0.0,423.5,739.0,
2016-07-01 11:00:00,53.33,388.67,164.0,72.29,288.31,54.75,13.55,2.19,11.74,4.66,12.29,,,,,36.54,54.92,2.1,255.33,,0.0,427.42,739.0,
2016-07-01 12:00:00,46.33,344.33,107.36,65.01,204.75,37.99,6.62,1.57,13.15,3.78,9.07,,,,,37.14,53.42,1.81,264.34,,0.0,426.25,739.0,
2016-07-01 13:00:00,52.67,466.17,23.44,57.57,83.24,37.33,4.32,1.39,16.25,7.6,18.69,,,,,37.92,52.17,1.54,254.0,,0.0,427.5,739.0,
2016-07-01 14:00:00,53.83,294.0,42.33,65.0,115.65,37.06,4.54,1.21,15.59,7.67,21.41,,,,,38.74,49.42,1.52,269.92,,0.0,409.25,739.0,
2016-07-01 15:00:00,68.67,452.83,50.22,67.74,128.88,42.31,4.68,1.41,13.0,5.62,21.06,,,,,37.52,53.5,2.58,196.92,,0.0,400.08,739.0,
2016-07-01 16:00:00,72.83,509.0,5.55,50.92,52.94,47.06,3.37,1.36,17.96,6.12,77.94,,,,,35.11,61.75,4.28,79.91,,0.0,383.83,739.0,
2016-07-01 17:00:00,79.5,191.17,6.57,65.28,67.11,55.02,2.9,1.62,17.88,5.92,52.01,,,,,33.72,66.67,2.64,99.92,,0.0,255.58,739.0,
2016-07-01 18:00:00,91.5,177.17,13.32,79.53,89.01,54.96,8.22,1.71,14.06,7.04,76.01,,,,,33.21,68.92,2.28,103.75,,0.0,54.25,739.0,
2016-07-01 19:00:00,88.0,173.83,5.65,56.73,58.28,67.76,9.02,1.49,10.82,6.8,29.19,,,,,33.06,69.62,4.1,94.79,,0.0,16.29,739.0,
2016-07-01 20:00:00,82.33,148.62,12.57,53.11,64.19,98.38,9.08,1.35,9.9,6.08,20.15,,,,,32.62,69.92,2.9,122.34,,0.0,13.0,739.0,
2016-07-01 21:00:00,73.17,115.83,20.88,65.23,86.57,106.82,9.01,1.26,10.07,4.87,17.97,,,,,31.87,67.33,2.17,139.83,,0.0,13.0,739.0,
2016-07-01 22:00:00,45.83,160.17,124.32,81.8,242.61,117.12,10.25,1.36,8.77,4.68,16.45,,,,,31.24,62.59,1.69,234.0,,0.0,12.92,739.0,
2016-07-01 23:00:00,52.33,413.0,84.35,71.68,178.92,87.33,9.91,1.21,9.16,7.02,15.83,,,,,30.5,65.17,1.69,244.92,,0.0,12.84,739.0,
2016-07-02 00:00:00,37.0,270.0,12.75,52.96,64.6,78.03,8.84,1.05,27.47,4.2,14.36,,,,,29.36,65.5,2.98,123.92,,0.0,13.0,739.0,
2016-07-02 01:00:00,26.83,121.17,11.78,53.91,64.15,73.53,7.88,0.8,37.77,2.0,60.55,,,,,28.11,65.25,1.7,179.08,,0.0,12.92,739.25,
2016-07-02 02:00:00,23.33,66.83,7.57,43.41,49.0,68.52,7.52,0.77,38.52,1.78,17.46,,,,,25.06,77.25,2.72,133.34,,0.0,13.0,739.33,
2016-07-02 03:00:00,12.0,15.67,5.19,41.58,44.12,65.27,7.33,0.94,10.77,1.72,29.69,,,,,25.67,80.0,1.87,126.83,,0.0,13.25,739.0,
2016-07-02 04:00:00,21.5,12.83,6.09,40.18,44.12,57.94,8.02,0.98,10.0,2.08,8.14,,,,,26.29,78.58,2.43,106.92,,0.0,12.92,739.0,
2016-07-02 05:00:00,21.17,10.5,33.88,62.86,102.36,57.39,8.7,1.24,7.51,2.28,8.84,,,,,26.84,75.75,1.59,140.83,,0.0,72.0,739.0,
2016-07-02 06:00:00,32.33,38.5,92.04,73.05,190.81,57.42,9.95,1.43,14.03,2.75,8.86,,,,,27.43,73.58,0.81,183.5,,0.0,233.08,739.0,
2016-07-02 07:00:00,38.0,106.5,78.08,65.12,164.63,56.21,10.24,1.5,99.05,5.85,28.36,,,,,27.38,76.0,1.66,115.58,,0.0,366.66,739.17,
2016-07-02 08:00:00,59.0,191.67,142.27,68.28,255.66,52.96,10.74,1.65,33.75,8.28,67.97,,,,,28.53,73.66,1.07,251.33,,0.0,401.58,740.0,
2016-07-02 09:00:00,68.17,246.0,61.57,58.76,136.42,52.95,9.64,1.52,26.59,8.83,22.98,,,,,28.29,73.58,1.72,102.25,,0.0,375.5,740.0,
2016-07-02 10:00:00,83.67,294.17,138.29,70.56,250.8,56.32,28.05,1.68,88.74,8.06,29.54,,,,,28.77,71.17,2.58,95.08,,0.0,408.67,740.0,
2016-07-02 11:00:00,54.67,141.17,42.68,58.04,109.94,46.88,12.78,0.97,41.46,5.66,28.68,,,,,29.06,67.83,2.61,97.25,,0.0,416.0,740.0,
2016-07-02 12:00:00,41.83,178.0,55.92,59.64,129.51,44.5,9.66,1.04,21.69,4.52,25.24,,,,,30.4,64.42,2.01,164.0,,0.0,426.42,740.0,
2016-07-02 13:00:00,37.17,208.83,45.97,54.8,111.56,47.94,8.49,0.98,18.62,5.68,19.13,,,,,29.88,65.5,1.45,231.83,,0.0,404.5,740.0,
2016-07-02 14:00:00,43.17,209.0,60.82,56.12,133.56,46.7,8.18,1.04,16.9,7.02,24.58,,,,,30.65,63.08,1.24,255.17,,0.0,410.25,740.0,
2016-07-02 15:00:00,41.38,192.5,51.61,60.94,124.75,52.48,7.96,0.96,18.32,7.65,23.58,,,,,30.59,61.0,1.28,232.92,,0.0,407.58,739.33,
2016-07-02 16:00:00,27.83,220.33,69.03,68.51,154.95,45.41,7.96,0.93,22.49,10.11,32.15,,,,,30.7,59.58,1.1,190.58,,0.0,398.0,739.0,
2016-07-02 17:00:00,51.33,296.83,137.33,82.26,261.25,44.93,10.91,0.96,18.17,8.91,31.18,,,,,29.74,59.33,1.52,298.75,,0.0,363.0,739.0,
2016-07-02 18:00:00,45.83,389.0,93.14,87.38,205.11,53.47,8.02,1.25,21.9,9.96,35.51,,,,,28.7,64.16,0.84,260.75,,0.0,227.25,739.0,
2016-07-02 19:00:00,41.0,273.33,77.64,88.19,184.55,47.05,7.72,1.49,21.68,15.53,50.97,,,,,28.26,65.0,1.12,144.17,,0.0,24.0,739.67,
2016-07-02 20:00:00,69.83,474.17,64.58,74.37,154.26,48.78,7.56,1.2,17.65,12.89,47.84,,,,,27.72,68.5,0.96,157.33,,0.0,13.0,740.0,
2016-07-02 21:00:00,66.67,355.67,41.7,78.54,126.9,51.92,7.46,1.24,32.48,10.02,35.28,,,,,27.65,71.0,1.36,95.17,,0.0,13.0,740.0,
2016-07-02 22:00:00,82.5,312.5,72.03,75.54,165.64,53.66,8.32,1.42,180.2,9.12,104.39,,,,,27.8,72.16,1.36,115.25,,0.0,13.0,740.0,
2016-07-02 23:00:00,90.67,420.0,27.23,58.84,89.63,52.88,7.18,1.16,29.24,9.52,75.42,,,,,27.79,74.67,1.67,79.0,,0.0,13.0,740.0,
2016-07-03 00:00:00,62.17,158.33,8.35,44.25,50.82,51.05,7.39,0.78,15.58,5.34,44.16,,,,,27.95,73.75,1.96,99.25,,0.0,13.0,740.0,
2016-07-03 01:00:00,30.17,80.0,16.86,41.76,60.22,50.28,8.3,0.78,36.03,4.82,23.76,,,,,27.86,75.59,1.3,89.5,,0.0,13.0,740.0,
2016-07-03 02:00:00,41.17,99.0,5.01,29.63,33.25,51.72,7.96,0.7,32.11,5.08,66.35,,,,,27.66,77.0,1.79,81.75,,0.0,13.0,740.0,
2016-07-03 03:00:00,42.17,67.0,4.97,27.55,31.34,51.43,8.22,0.78,27.95,4.58,19.95,,,,,27.67,77.67,2.06,95.08,,0.0,13.0,739.67,
2016-07-03 04:00:00,42.17,60.67,9.53,32.38,41.84,48.47,8.22,0.9,27.49,4.35,18.82,,,,,27.53,78.75,1.72,82.83,,0.0,13.0,739.16,
2016-07-03 05:00:00,40.0,91.0,20.04,38.03,61.24,48.18,7.54,0.88,31.54,4.81,23.09,,,,,27.68,79.0,1.26,98.75,,0.0,39.58,740.0,
2016-07-03 06:00:00,47.0,124.33,21.74,39.12,64.59,49.64,8.86,1.04,30.58,5.74,29.93,,,,,28.0,77.58,1.27,95.67,,0.0,219.17,740.0,
2016-07-03 07:00:00,51.67,107.33,70.68,45.63,137.12,48.13,9.16,1.36,32.39,5.61,21.81,,,,,28.65,75.0,1.18,167.67,,0.0,308.92,740.0,
2016-07-03 08:00:00,48.17,85.83,146.17,54.5,248.27,48.8,11.01,1.67,23.92,7.73,17.58,,,,,27.52,78.5,0.86,261.42,,0.0,249.83,740.0,
2016-07-03 09:00:00,44.67,72.67,41.12,63.9,113.1,54.71,10.49,1.48,43.4,11.2,35.91,,,,,27.42,80.75,1.48,86.33,,0.0,354.33,740.0,
2016-07-03 10:00:00,72.5,88.5,25.48,63.18,90.86,59.04,27.61,1.19,26.72,10.82,81.19,,,,,27.48,80.83,1.85,86.75,,0.0,385.5,740.0,
2016-07-03 11:00:00,71.0,97.33,16.08,64.24,79.18,55.16,13.21,1.23,27.19,8.74,38.94,,,,,29.33,75.5,1.69,89.67,,0.0,427.25,740.0,
2016-07-03 12:00:00,79.67,91.0,61.06,87.12,161.04,51.07,9.71,1.67,42.89,9.77,36.67,,,,,29.69,73.92,1.46,127.67,,0.0,384.0,740.0,
2016-07-03 13:00:00,100.17,155.33,41.18,98.88,144.34,53.45,8.63,1.74,53.45,11.06,47.96,,,,,29.07,74.91,3.15,81.16,,0.0,370.42,740.0,
2016-07-03 14:00:00,107.83,161.33,13.24,64.82,75.83,54.7,8.13,1.37,28.92,9.64,71.57,,,,,30.34,71.67,2.91,96.08,,0.0,430.25,739.0,
2016-07-03 15:00:00,92.17,92.67,5.54,50.17,52.26,55.78,7.98,1.13,26.66,8.16,39.79,,,,,31.02,67.42,2.84,94.58,,0.0,414.67,739.0,
2016-07-03 16:00:00,90.5,172.67,57.73,70.94,141.92,51.27,8.27,1.01,35.78,5.71,32.74,,,,,31.97,63.33,0.86,198.42,,0.0,403.42,739.0,
2016-07-03 17:00:00,75.33,307.17,22.04,51.54,76.03,48.41,8.78,0.9,44.26,3.74,15.35,,,,,31.64,62.42,0.88,129.46,,0.0,367.04,739.0,
2016-07-03 18:00:00,64.67,239.17,74.02,83.54,175.46,57.46,,1.28,32.34,4.48,22.06,,,,,30.9,64.84,0.44,155.42,,0.0,213.75,739.0,
2016-07-03 19:00:00,76.17,444.83,29.18,71.57,103.62,58.38,,1.3,99.3,7.18,21.53,,,,,30.1,67.58,0.97,81.83,,0.0,24.17,739.0,
2016-07-03 20:00:00,68.0,182.83,18.48,74.45,91.58,61.56,,1.57,29.94,7.4,117.9,,,,,29.94,69.25,1.93,87.58,,0.0,13.0,739.0,
2016-07-03 21:00:00,76.17,131.83,10.3,82.16,87.24,61.6,,1.58,18.99,8.98,104.85,,,,,29.72,71.0,1.72,88.42,,0.0,13.0,739.42,
2016-07-03 22:00:00,93.33,158.17,14.74,69.17,81.72,65.78,,1.43,18.73,8.36,27.49,,,,,29.43,72.83,1.95,88.08,,0.0,13.0,740.0,
2016-07-03 23:00:00,91.83,172.67,33.63,58.19,97.76,61.76,,1.27,23.02,7.15,22.62,,,,,28.71,73.41,0.73,219.83,,0.0,13.0,740.0,
2016-07-04 00:00:00,49.5,168.0,20.15,42.0,64.87,59.31,10.71,1.2,46.8,8.58,34.86,,,,,27.82,77.5,1.54,168.33,,0.0,13.42,740.0,
2016-07-04 01:00:00,40.0,47.5,28.13,42.95,76.7,59.63,10.68,0.94,14.77,6.52,16.26,,,,,26.24,82.42,1.09,177.75,,0.0,15.83,740.0,
2016-07-04 02:00:00,27.5,17.83,7.48,42.42,47.99,59.54,10.93,0.76,11.28,2.72,10.8,,,,,26.29,83.08,1.2,143.5,,0.0,16.66,739.17,
2016-07-04 03:00:00,15.83,7.0,8.69,47.55,54.24,54.62,10.85,0.76,11.32,2.22,8.94,,,,,26.24,83.0,1.64,96.16,,0.0,14.75,739.0,
2016-07-04 04:00:00,20.0,,23.63,62.39,87.84,53.99,11.48,0.76,12.92,1.7,24.4,,,,,26.28,82.21,1.28,85.96,,0.0,13.92,739.0,
2016-07-04 05:00:00,19.5,23.0,44.3,57.57,111.83,53.02,11.81,1.0,17.15,2.28,46.06,,,,,26.51,81.0,0.4,112.92,,0.0,62.42,739.0,
2016-07-04 06:00:00,23.33,36.0,73.81,65.14,158.86,53.78,11.72,1.48,24.64,4.54,49.82,,,,,27.0,80.5,0.59,77.0,,0.0,286.75,739.0,
2016-07-04 07:00:00,59.5,103.83,104.23,83.96,217.17,54.87,11.98,2.01,,7.19,43.76,,,,,28.06,78.17,0.35,90.84,,0.0,379.5,740.0,
2016-07-04 08:00:00,86.17,124.67,70.68,90.34,177.03,54.79,11.4,1.94,179.14,9.88,54.6,,,,,28.97,74.83,0.7,117.08,,0.0,400.33,740.0,
2016-07-04 09:00:00,93.17,150.67,62.71,80.66,157.75,55.1,11.94,1.42,94.39,10.82,37.24,,,,,31.54,65.83,0.78,150.08,,0.0,423.0,740.0,
2016-07-04 10:00:00,73.83,110.17,56.17,61.0,131.0,50.34,,1.38,78.18,4.91,19.39,,,,,33.72,58.5,1.6,123.17,,0.0,440.58,740.0,
2016-07-04 11:00:00,55.83,96.17,31.48,49.36,86.94,47.78,85.3,1.19,147.14,5.04,22.3,,,,,32.81,59.5,2.37,109.42,,0.0,433.0,740.0,
2016-07-04 12:00:00,46.33,134.5,38.74,52.9,100.08,42.83,8.44,1.14,101.11,3.67,20.91,,,,,33.85,56.17,1.2,134.66,,0.0,429.75,739.58,
2016-07-04 13:00:00,50.5,189.17,48.13,52.15,112.19,37.76,1.25,1.09,32.77,3.5,13.95,,,,,35.61,52.33,1.82,160.08,,0.0,439.25,739.0,
2016-07-04 14:00:00,40.0,163.17,21.01,38.71,63.19,36.2,,1.02,79.6,3.2,14.68,,,,,35.1,54.0,2.39,112.42,,0.0,434.0,739.0,
2016-07-04 15:00:00,53.17,245.33,19.24,53.0,73.44,33.96,5.9,1.13,48.87,2.98,18.52,,,,,35.82,50.75,2.06,172.25,,0.0,422.08,739.0,
2016-07-04 16:00:00,72.0,295.0,5.95,49.05,51.84,41.64,8.92,1.29,23.52,4.32,28.71,,,,,33.69,58.17,3.69,92.33,,0.0,406.67,739.0,
2016-07-04 17:00:00,87.5,144.17,18.98,69.54,87.88,43.44,9.01,1.26,19.01,4.35,45.04,,,,,33.12,61.71,3.32,88.38,,0.0,386.71,739.0,
2016-07-04 18:00:00,84.0,171.0,10.92,57.59,66.24,50.09,9.01,1.16,17.71,5.03,25.37,,,,,32.34,63.75,2.37,99.42,,0.0,305.33,739.0,
2016-07-04 19:00:00,52.0,115.67,15.53,65.08,79.2,68.59,8.94,1.16,18.05,6.25,21.83,,,,,31.67,64.83,1.83,94.42,,0.0,45.84,739.0,
2016-07-04 20:00:00,40.33,118.5,14.12,61.18,73.79,77.84,8.92,1.23,16.52,6.12,18.93,,,,,31.34,65.25,1.57,89.92,,0.0,13.0,739.0,
2016-07-04 21:00:00,34.33,99.83,37.33,68.61,112.12,75.03,9.1,1.5,16.74,7.16,23.54,,,,,31.12,66.33,0.88,132.58,,0.0,13.0,739.0,
2016-07-04 22:00:00,50.0,186.33,119.5,78.21,232.88,71.98,10.28,1.71,20.4,11.35,32.78,,,,,30.66,69.42,0.49,219.75,,0.0,12.92,739.0,
2016-07-04 23:00:00,68.5,394.67,137.64,80.06,259.35,70.5,10.03,1.57,20.05,10.72,29.1,,,,,30.34,71.25,0.39,236.08,,0.0,13.0,739.0,
2016-07-05 00:00:00,61.5,381.83,89.96,71.1,186.18,70.62,9.06,1.4,22.56,12.18,28.25,,,,,29.88,72.75,0.41,183.33,,0.0,12.84,739.0,
2016-07-05 01:00:00,62.33,376.83,86.02,65.11,175.47,71.59,8.4,1.57,23.86,10.92,29.45,,,,,29.87,72.33,0.42,209.5,,0.0,13.0,739.0,
2016-07-05 02:00:00,53.5,245.67,72.94,64.15,156.67,68.94,9.04,1.76,20.17,13.82,32.58,,,,,29.76,72.92,0.78,174.92,,0.0,12.92,739.0,
2016-07-05 03:00:00,55.0,225.5,94.32,63.99,185.52,72.5,9.41,1.58,15.89,13.16,38.73,,,,,29.13,74.42,0.9,250.33,,0.0,13.0,739.0,
2016-07-05 04:00:00,72.0,361.5,87.26,62.32,174.68,70.07,8.46,1.17,17.13,7.32,25.64,,,,,29.05,75.0,0.65,237.17,,0.0,12.92,739.0,
2016-07-05 05:00:00,59.0,315.83,149.16,68.6,264.74,72.65,8.98,1.37,17.06,5.74,18.38,,,,,29.08,75.67,0.42,230.17,,0.0,80.59,739.0,
2016-07-05 06:00:00,71.33,626.67,186.22,73.8,320.15,79.44,8.91,1.75,19.77,6.05,19.36,,,,,30.04,74.0,0.59,255.5,,0.0,324.08,739.0,
2016-07-05 07:00:00,85.0,627.0,167.28,83.99,303.18,80.46,8.89,1.79,19.79,6.98,19.69,,,,,32.52,66.75,1.02,277.92,,0.0,399.25,739.0,
2016-07-05 08:00:00,100.5,548.0,133.59,80.27,254.63,71.78,7.78,1.68,23.25,8.04,21.6,,,,,34.24,61.75,1.4,242.58,,0.0,417.84,739.0,
2016-07-05 09:00:00,125.17,372.33,56.12,72.21,140.71,85.0,6.86,1.24,20.41,8.96,23.82,,,,,36.24,54.67,1.26,254.33,,0.0,425.83,739.0,
2016-07-05 10:00:00,111.38,477.12,29.02,69.26,100.99,79.32,22.89,1.08,23.12,6.4,15.04,,,,,38.27,46.42,1.2,218.25,,0.0,425.92,739.0,
2016-07-05 11:00:00,113.5,521.83,30.85,72.79,106.99,77.07,9.74,1.36,25.74,6.88,14.76,,,,,38.42,45.33,1.37,219.08,,0.0,417.34,739.0,
2016-07-05 12:00:00,114.17,518.67,62.04,103.61,177.07,80.78,8.7,2.0,27.25,7.47,18.34,,,,,38.01,46.75,1.59,247.08,,0.0,418.92,739.0,
2016-07-05 13:00:00,123.5,747.67,39.84,103.78,146.86,90.37,7.99,1.7,33.56,7.88,16.18,,,,,39.28,42.5,1.63,219.42,,0.0,411.42,739.0,
2016-07-05 14:00:00,94.83,423.33,3.88,71.05,68.61,83.39,7.72,1.49,58.34,8.33,30.21,,,,,37.05,48.33,2.55,100.25,,0.0,391.75,739.0,
2016-07-05 15:00:00,114.33,277.0,3.51,58.31,56.69,85.12,7.82,1.27,40.53,7.51,31.58,,,,,,51.42,2.51,98.34,,0.0,383.58,739.0,
2016-07-05 16:00:00,108.0,224.5,6.64,63.72,65.89,100.08,70.62,3.37,22.13,7.6,30.57,,,,,,55.75,2.82,109.29,,0.0,371.38,739.0,
2016-07-05 17:00:00,61.83,162.33,7.92,72.65,75.53,97.22,12.07,1.06,21.5,6.94,39.16,,,,,,54.83,2.84,102.58,,0.0,347.0,739.0,
2016-07-05 18:00:00,66.5,171.0,13.09,93.44,101.12,86.28,8.17,1.54,14.72,8.4,36.92,,,,,,58.17,1.86,94.5,,0.0,303.75,739.0,
2016-07-05 19:00:00,94.5,213.5,21.14,107.1,124.28,88.44,7.67,2.27,16.62,11.23,59.68,,,,,,60.08,1.84,93.92,,0.0,34.17,739.0,
2016-07-05 20:00:00,97.67,247.5,23.94,97.84,119.86,100.14,7.79,2.14,16.73,12.96,64.34,,,,,,62.0,1.64,117.83,,0.0,13.0,739.0,
2016-07-05 21:00:00,98.33,224.83,31.96,92.48,126.06,96.22,8.04,2.12,16.65,12.6,45.54,,,,,,61.67,1.4,123.0,,0.0,13.0,739.0,
2016-07-05 22:00:00,89.33,236.17,68.36,87.35,171.14,90.19,8.64,1.96,16.3,11.82,33.42,,,,,,64.92,1.13,157.21,,0.0,13.0,739.0,
2016-07-05 23:00:00,110.12,389.0,16.94,68.0,83.72,78.83,9.07,1.74,15.25,10.09,28.24,,,,,,68.33,1.91,88.17,,0.0,12.92,739.0,
2016-07-06 00:00:00,101.0,214.33,8.39,36.28,43.8,72.48,7.82,1.17,12.82,7.54,32.69,,,,,,73.66,2.76,88.25,,0.0,13.0,739.0,
2016-07-06 01:00:00,81.33,157.0,6.93,27.08,33.57,69.72,,0.74,13.85,6.82,20.45,,,,,,75.5,2.87,95.67,,0.0,13.0,739.0,
2016-07-06 02:00:00,56.33,107.17,5.36,23.52,28.25,81.45,6.77,0.73,14.04,4.77,8.93,,,,,,75.17,2.1,101.33,,0.0,13.0,739.0,
2016-07-06 03:00:00,47.17,86.33,12.32,30.46,43.96,88.03,6.79,1.24,14.28,4.37,9.4,,,,,,75.5,1.04,105.42,,0.0,13.0,739.0,
2016-07-06 04:00:00,44.0,106.0,21.48,35.52,60.99,89.28,7.44,1.26,13.5,5.0,20.95,,,,,,75.25,0.77,119.58,,0.0,12.92,739.0,
2016-07-06 05:00:00,50.5,157.5,109.7,41.09,186.32,86.38,8.88,1.5,12.91,6.72,26.12,,,,,,75.0,1.01,215.0,,0.0,50.84,739.0,
2016-07-06 06:00:00,59.5,360.83,155.13,43.92,253.95,90.92,10.12,2.0,13.95,7.88,18.86,,,,,,72.0,1.15,258.34,,0.0,322.75,739.0,
2016-07-06 07:00:00,72.33,479.67,170.23,65.4,282.46,97.42,10.39,1.59,15.34,6.24,18.64,,,,,,66.66,1.51,284.83,,0.0,386.08,739.0,
2016-07-06 08:00:00,99.75,542.17,68.75,53.55,141.52,97.47,9.56,2.51,16.11,7.52,20.27,,,,,,68.92,2.08,162.58,,0.0,376.08,740.0,
2016-07-06 09:00:00,98.62,444.0,15.74,32.62,50.55,78.84,8.36,1.24,11.72,8.08,27.83,,,,,,72.0,3.22,104.42,,0.0,417.5,740.0,
2016-07-06 10:00:00,58.83,147.5,21.48,39.57,64.62,81.92,8.44,1.33,19.22,6.57,15.32,,,,,,61.92,1.71,167.0,,0.0,438.25,740.0,
2016-07-06 11:00:00,86.83,230.17,196.04,96.01,353.27,86.41,10.63,2.07,20.07,10.41,29.21,,,,,,47.33,1.81,277.17,,0.0,438.08,740.0,
2016-07-06 12:00:00,101.33,373.75,43.82,72.42,124.38,73.35,8.21,1.23,22.34,8.54,22.98,,,,,,44.5,2.59,195.42,,0.0,423.17,739.83,
2016-07-06 13:00:00,74.17,445.33,5.78,34.89,38.98,100.9,6.96,1.29,21.3,4.59,16.67,,,,,,59.5,5.59,90.08,,0.0,451.92,739.0,
2016-07-06 14:00:00,55.5,176.0,5.26,34.79,38.17,130.45,6.34,1.48,17.59,4.18,10.84,,,,,,57.75,5.02,107.5,,0.0,445.08,739.0,
2016-07-06 15:00:00,57.33,142.17,4.21,32.1,34.32,91.73,7.12,1.7,21.86,3.66,11.9,,,,,,57.58,4.31,91.58,,0.0,428.92,739.0,
2016-07-06 16:00:00,57.33,125.67,2.88,30.5,31.15,87.9,7.19,1.82,20.41,3.85,16.21,,,,,,58.25,3.26,99.58,,0.0,407.0,739.0,
2016-07-06 17:00:00,72.5,140.0,4.05,40.29,41.42,73.07,6.88,1.96,16.3,4.14,13.72,,,,,,59.42,2.89,101.5,,0.0,372.58,739.0,
2016-07-06 18:00:00,65.17,146.0,5.8,54.91,56.86,80.72,11.06,2.08,17.06,5.0,24.55,,,,,,61.0,2.34,99.17,,0.0,231.67,739.0,
2016-07-06 19:00:00,67.17,156.83,7.28,62.32,65.46,90.75,9.66,2.27,16.11,6.13,30.36,,,,,,62.0,2.19,106.75,,0.0,28.83,739.0,
2016-07-06 20:00:00,71.5,181.0,11.48,68.19,76.44,89.82,9.72,2.33,14.17,6.26,23.23,,,,,,63.0,1.92,103.67,,0.0,13.0,739.0,
2016-07-06 21:00:00,62.33,152.0,14.75,63.15,76.46,86.31,10.17,2.14,14.77,6.2,26.49,,,,,,63.62,1.96,118.62,,0.0,13.0,739.5,
2016-07-06 22:00:00,52.83,129.33,12.13,51.79,62.72,81.12,9.6,2.04,14.79,5.29,14.61,,,,,,64.67,2.24,102.58,,0.0,13.0,740.0,
2016-07-06 23:00:00,44.33,108.33,8.36,37.13,44.47,81.02,9.46,1.79,14.29,4.52,26.47,,,,,,65.67,2.88,103.92,,0.0,13.0,740.0,
2016-07-07 00:00:00,30.33,68.5,5.06,31.45,34.94,75.39,8.72,1.09,14.38,3.6,31.24,,,,,,67.75,1.78,108.92,,0.0,13.0,739.5,
2016-07-07 01:00:00,27.33,62.0,7.44,33.24,39.77,69.18,8.07,1.04,13.69,3.94,23.12,,,,,,66.67,1.47,120.42,,0.0,13.0,739.0,
2016-07-07 02:00:00,27.33,63.83,18.67,34.88,56.56,67.93,8.55,1.23,14.33,3.22,7.48,,,,,,68.08,1.41,158.58,,0.0,13.0,739.0,
2016-07-07 03:00:00,21.67,60.5,15.21,30.93,48.32,63.88,9.06,1.18,12.52,3.64,9.06,,,,,,71.41,1.68,142.33,,0.0,13.0,739.0,
2016-07-07 04:00:00,33.67,114.5,6.46,26.0,31.96,59.92,9.05,1.17,11.02,3.54,9.16,,,,,,72.17,1.94,121.42,,0.0,13.0,739.0,
2016-07-07 05:00:00,27.5,72.83,9.66,30.67,40.52,60.33,9.24,1.07,11.34,3.22,5.56,,,,,,73.08,2.42,97.16,,0.0,134.83,739.42,
2016-07-07 06:00:00,32.33,78.0,12.1,32.01,45.05,56.84,6.94,1.16,11.28,3.82,12.56,,,,,,73.92,2.97,99.66,,0.0,376.08,740.0,
2016-07-07 07:00:00,43.5,85.33,14.9,32.48,49.22,52.32,5.72,1.13,12.64,4.45,15.43,,,,,,69.17,2.95,111.08,,0.0,405.83,740.0,
2016-07-07 08:00:00,39.0,94.75,10.22,24.88,36.12,51.01,5.67,1.14,12.98,2.99,7.14,,,,,,65.09,3.38,113.38,,0.0,419.67,740.0,
2016-07-07 09:00:00,24.33,80.5,11.4,24.36,37.28,50.78,6.02,1.09,14.09,4.09,8.47,,,,,,60.84,3.21,117.58,,0.0,433.84,740.0,
2016-07-07 10:00:00,21.12,88.33,8.32,22.36,31.22,54.35,25.49,0.85,15.47,3.7,7.46,,,,,,54.58,3.57,125.83,,0.0,440.5,740.0,
2016-07-07 11:00:00,22.83,88.17,8.52,25.56,34.41,44.95,9.78,0.98,15.64,3.23,13.55,,,,,,52.66,3.49,117.17,,0.0,434.08,740.0,
2016-07-07 12:00:00,26.33,82.5,14.56,30.71,47.23,39.26,8.32,1.02,13.83,4.03,14.21,,,,,35.89,52.42,2.66,150.0,,0.0,422.67,740.0,
2016-07-07 13:00:00,23.17,103.0,7.03,28.45,34.95,37.02,7.48,1.08,16.5,3.47,23.84,,,,,36.48,51.08,2.99,118.66,,0.0,431.08,740.0,
2016-07-07 14:00:00,24.33,117.83,5.42,25.36,29.99,33.61,6.78,1.12,17.59,2.68,10.5,,,,,37.54,47.5,3.14,116.25,,0.0,431.17,739.25,
2016-07-07 15:00:00,27.0,128.33,9.28,35.21,44.05,40.41,6.5,0.95,15.74,3.06,18.34,,,,,36.56,48.75,2.58,145.08,,0.0,398.84,739.0,
2016-07-07 16:00:00,32.0,176.17,12.18,38.26,50.71,39.76,,1.01,14.42,2.88,16.19,,,,,36.14,50.08,2.3,134.75,,0.0,386.5,739.0,
2016-07-07 17:00:00,32.83,137.67,13.58,49.92,63.06,48.44,140.3,1.18,15.82,3.78,26.06,,,,,35.65,51.33,1.79,147.0,,0.0,364.08,739.0,
2016-07-07 18:00:00,39.67,168.33,6.22,55.96,58.38,72.48,,1.41,16.55,5.28,21.02,,,,,35.15,51.75,2.0,94.92,,0.0,212.42,739.0,
2016-07-07 19:00:00,53.0,186.17,8.99,63.67,69.02,86.6,,1.64,15.74,7.95,29.65,,,,,34.63,53.25,2.61,85.84,,0.0,22.75,739.0,
2016-07-07 20:00:00,54.33,221.33,14.48,66.83,79.32,82.58,,1.9,15.22,11.1,35.71,,,,,34.2,55.84,2.25,91.42,,0.0,13.08,739.0,
2016-07-07 21:00:00,60.33,243.17,17.96,59.8,77.79,75.16,,1.86,14.79,10.3,33.66,,,,,33.58,60.42,2.29,90.42,,0.0,13.0,739.0,
2016-07-07 22:00:00,55.83,225.33,8.72,49.73,56.22,76.17,,1.33,13.3,7.47,42.44,,,,,33.12,61.42,2.71,99.08,,0.0,13.08,739.92,
2016-07-07 23:00:00,49.33,129.0,8.27,47.03,53.21,80.85,,1.12,12.8,5.03,38.36,,,,,32.74,60.92,1.65,122.42,,0.0,13.0,740.0,
2016-07-08 00:00:00,44.67,108.83,11.75,41.73,53.22,75.73,8.35,1.27,12.76,4.52,22.17,,,,,32.57,61.25,1.21,151.75,,0.0,12.92,739.67,
2016-07-08 01:00:00,37.67,85.83,10.08,31.26,41.61,69.1,7.98,1.24,12.05,3.59,13.07,,,,,32.04,64.09,1.31,131.33,,0.0,12.92,739.0,
2016-07-08 02:00:00,38.0,120.17,22.87,43.71,70.21,68.63,8.57,1.26,12.18,3.78,11.28,,,,,31.76,65.75,0.69,145.17,,0.0,13.0,739.0,
2016-07-08 03:00:00,48.17,200.17,14.78,43.73,59.15,66.78,11.39,1.32,13.99,4.96,15.96,,,,,31.65,66.08,0.98,113.92,,0.0,13.0,739.0,
2016-07-08 04:00:00,49.67,96.83,15.46,43.8,60.14,67.99,9.91,1.32,12.56,5.76,17.66,,,,,31.57,66.17,1.45,99.17,,0.0,13.0,739.0,
2016-07-08 05:00:00,54.33,108.0,24.34,43.23,71.77,65.07,10.72,1.31,13.52,6.09,33.62,,,,,31.33,66.67,1.27,108.0,,0.0,93.17,739.0,
2016-07-08 06:00:00,58.83,144.5,35.72,49.42,92.81,63.26,10.25,1.39,13.1,7.56,23.58,,,,,32.3,62.58,1.65,116.16,,0.0,356.17,739.0,
2016-07-08 07:00:00,49.0,158.25,33.25,50.8,90.38,57.8,8.77,1.6,12.92,6.83,19.13,,,,,33.53,59.38,1.92,119.33,,0.0,395.62,739.58,
2016-07-08 08:00:00,52.5,178.83,49.4,44.14,106.77,47.22,7.74,1.46,12.34,7.86,18.92,,,,,35.63,54.0,1.92,172.75,,0.0,414.83,740.0,
2016-07-08 09:00:00,54.5,224.83,21.65,39.76,64.97,44.09,7.02,1.34,10.94,5.3,13.54,,,,,36.72,50.67,2.48,118.66,,0.0,427.17,740.0,
2016-07-08 10:00:00,53.0,186.17,6.81,29.25,35.35,54.9,28.05,1.01,14.24,5.18,12.89,,,,,36.79,50.67,3.05,114.5,,0.0,425.34,740.0,
2016-07-08 11:00:00,58.5,217.0,66.34,45.55,131.07,48.41,11.13,1.32,12.12,5.22,11.35,,,,,35.85,51.58,2.42,210.5,,0.0,357.34,739.5,
2016-07-08 12:00:00,60.67,288.0,112.07,45.6,188.24,50.04,5.94,1.83,4.64,6.58,35.98,,,,,29.43,76.33,1.39,203.0,,0.0,394.84,740.0,
2016-07-08 13:00:00,59.33,132.5,85.5,99.72,205.62,39.55,5.96,2.09,15.61,7.72,34.94,,,,,30.12,71.67,0.96,240.5,,0.0,368.34,739.83,
2016-07-08 14:00:00,55.83,80.67,32.96,71.98,109.14,104.68,4.15,1.74,13.41,9.67,33.61,,,,,30.21,67.08,1.81,127.33,,0.0,362.34,739.0,
2016-07-08 15:00:00,29.33,80.67,13.82,49.44,62.94,109.96,4.2,1.32,13.02,6.38,24.68,,,,,30.35,64.84,1.9,111.33,,0.0,400.92,739.0,
2016-07-08 16:00:00,26.83,68.5,16.32,62.9,78.34,96.59,3.7,1.61,14.54,5.12,24.34,,,,,,61.58,2.29,101.34,,0.0,410.92,739.0,
2016-07-08 17:00:00,32.17,95.5,13.38,59.03,70.87,87.78,3.38,1.57,13.16,8.27,40.76,,,,,,61.5,2.74,98.83,,0.0,384.25,739.0,
2016-07-08 18:00:00,38.17,120.0,12.11,54.48,65.09,84.55,8.28,1.76,13.18,7.66,31.06,,,,,,65.58,2.83,95.25,,0.0,315.59,739.0,
2016-07-08 19:00:00,40.0,129.5,13.49,55.41,67.78,93.43,8.91,1.79,13.83,8.57,26.74,,,,,,68.0,2.76,97.42,,0.0,59.83,739.0,
2016-07-08 20:00:00,47.0,125.67,15.92,55.02,70.74,92.9,8.78,1.84,11.82,8.2,24.76,,,,,,70.08,2.5,92.42,,0.0,13.0,739.0,
2016-07-08 21:00:00,55.83,117.17,18.46,51.42,71.02,79.29,8.69,1.83,13.02,9.22,23.75,,,,,,71.92,2.31,92.25,,0.0,13.0,739.0,
2016-07-08 22:00:00,49.0,107.17,16.97,49.85,67.58,76.32,8.82,1.75,12.53,7.62,26.78,,,,,,73.17,2.02,94.34,,0.0,12.92,739.0,
2016-07-08 23:00:00,45.5,100.17,13.16,42.46,55.8,74.18,8.88,1.54,12.92,6.38,18.42,,,,,,74.67,2.07,96.58,,0.0,13.0,739.08,
2016-07-09 00:00:00,51.38,84.88,6.7,34.46,39.85,71.43,9.23,1.25,12.92,4.88,22.54,,,,,,75.67,2.07,100.08,,0.0,12.92,739.0,
2016-07-09 01:00:00,40.83,80.83,7.55,35.58,42.03,73.69,8.88,1.31,13.4,6.14,36.61,,,,,,75.59,1.75,95.17,,0.0,13.0,739.0,
2016-07-09 02:00:00,43.83,94.0,9.32,33.11,42.21,65.33,8.56,1.35,13.76,6.06,22.5,,,,,,76.42,1.55,85.42,,0.0,13.0,739.0,
2016-07-09 03:00:00,39.67,65.5,8.29,32.34,40.12,67.76,8.63,1.22,13.12,5.93,17.47,,,,,,77.42,1.94,101.58,,0.0,13.0,739.0,
2016-07-09 04:00:00,47.67,72.33,7.84,26.92,34.67,68.07,8.52,1.19,12.06,4.66,17.96,,,,,,78.58,2.21,88.25,,0.0,13.0,739.0,
2016-07-09 05:00:00,45.33,70.83,13.39,30.08,45.1,66.43,8.31,1.16,12.45,4.21,9.27,,,,,,79.0,1.61,86.34,,0.0,89.17,739.0,
2016-07-09 06:00:00,43.17,79.5,14.86,30.24,47.21,67.93,8.46,1.29,11.8,5.76,9.4,,,,,,77.92,2.4,85.79,,0.0,354.96,739.0,
2016-07-09 07:00:00,49.5,80.17,18.44,34.39,55.81,69.09,8.63,1.37,12.23,7.04,13.13,,,,,,74.67,2.63,105.25,,0.0,395.5,739.0,
2016-07-09 08:00:00,49.67,92.33,12.04,30.16,43.28,63.49,8.29,1.24,12.37,5.4,8.44,,,,,,69.67,3.29,94.67,,0.0,421.08,739.92,
2016-07-09 09:00:00,38.17,73.17,8.35,25.02,33.67,68.03,8.44,1.13,12.36,4.12,11.77,,,,,,66.33,3.28,108.92,,0.0,423.5,739.17,
2016-07-09 10:00:00,38.0,72.17,5.88,22.19,27.74,84.42,28.79,0.8,15.39,3.38,29.1,,,,,,64.0,3.98,97.08,,0.0,427.5,739.0,
2016-07-09 11:00:00,32.0,84.67,7.11,25.01,32.0,63.12,12.31,0.87,14.48,3.34,14.22,,,,,,56.92,3.85,99.83,,0.0,446.58,739.0,
2016-07-09 12:00:00,25.83,64.5,10.34,25.81,37.11,51.22,8.03,0.88,15.17,3.07,18.5,,,,,,50.58,3.28,100.17,,0.0,450.58,739.0,
2016-07-09 13:00:00,24.83,63.33,16.45,36.79,55.24,47.16,6.91,0.84,15.93,2.68,19.92,,,,,,49.17,3.48,84.42,,0.0,439.92,739.0,
2016-07-09 14:00:00,44.83,134.83,13.94,34.09,49.42,42.85,7.01,1.28,17.12,2.51,47.58,,,,,,48.17,3.22,99.92,,0.0,437.75,739.0,
2016-07-09 15:00:00,26.0,89.83,12.85,41.19,54.21,39.86,6.28,1.31,18.53,2.81,44.51,,,,,,49.75,2.73,97.67,,0.0,410.67,739.0,
2016-07-09 16:00:00,38.0,141.83,25.93,39.64,70.78,39.73,6.44,1.45,13.52,3.32,31.76,,,,,,48.41,2.43,134.5,,0.0,408.16,739.0,
2016-07-09 17:00:00,47.5,266.67,22.7,45.29,71.33,44.88,6.62,1.54,13.86,2.82,33.34,,,,,,49.58,2.54,112.25,,0.0,383.0,739.0,
2016-07-09 18:00:00,42.67,291.0,11.21,37.34,48.58,60.3,7.92,1.59,15.41,3.82,36.51,,,,,,56.38,3.35,100.62,,0.0,299.54,739.0,
2016-07-09 19:00:00,31.33,140.33,17.62,46.26,65.26,79.93,8.75,1.68,13.26,5.32,25.48,,,,,,62.58,3.14,108.34,,0.0,28.0,739.0,
2016-07-09 20:00:00,32.83,120.33,64.89,48.53,131.92,83.38,9.46,1.66,13.35,5.59,26.41,,,,,,62.33,1.61,183.17,,0.0,13.0,739.0,
2016-07-09 21:00:00,39.67,252.0,129.18,58.87,228.74,84.05,11.02,1.68,13.29,6.48,14.38,,,,,,62.92,0.93,224.75,,0.0,13.0,739.0,
2016-07-09 22:00:00,72.67,636.67,82.02,56.87,162.66,76.13,10.27,1.82,13.98,7.38,17.41,,,,,,63.84,0.84,209.58,,0.0,13.0,739.0,
2016-07-09 23:00:00,46.5,301.0,64.41,53.96,136.06,75.8,10.25,1.62,12.19,7.65,23.96,,,,,,64.67,0.82,165.0,,0.0,13.0,739.0,
2016-07-10 00:00:00,48.17,259.33,39.45,49.92,98.35,71.55,10.34,1.35,11.65,7.74,26.0,,,,,,63.67,0.78,158.83,,0.0,13.25,739.0,
2016-07-10 01:00:00,42.33,243.83,16.09,43.31,60.54,69.45,10.06,1.19,12.51,5.71,20.91,,,,,,63.67,1.32,93.17,,0.0,13.0,739.0,
2016-07-10 02:00:00,33.67,82.33,11.58,36.99,48.74,66.54,10.12,1.09,11.85,5.89,26.43,,,,,,65.92,1.6,97.08,,0.0,13.08,739.0,
2016-07-10 03:00:00,31.67,81.5,13.05,37.31,51.06,60.88,9.78,0.74,9.75,5.08,39.42,,,,,,64.34,0.94,130.75,,0.0,13.16,739.0,
2016-07-10 04:00:00,32.5,137.33,53.4,42.75,111.02,58.42,10.86,0.81,10.14,4.36,35.7,,,,,,64.83,0.78,175.0,,0.0,12.92,739.0,
2016-07-10 05:00:00,43.0,309.83,33.63,44.05,85.17,57.76,11.12,0.84,11.26,4.15,39.51,,,,,,65.0,1.93,85.0,,0.0,79.42,739.0,
2016-07-10 06:00:00,33.83,92.67,18.26,35.6,56.64,57.76,8.96,0.98,10.68,5.69,28.65,,,,,,65.84,2.34,87.17,,0.0,326.66,739.0,
2016-07-10 07:00:00,39.0,108.33,22.56,35.64,62.45,53.54,7.66,1.19,12.25,5.3,15.81,,,,,,62.16,1.74,102.16,,0.0,409.0,739.0,
2016-07-10 08:00:00,43.33,97.5,24.03,31.83,61.22,43.8,7.75,1.24,13.68,5.74,12.74,,,,,,61.0,2.22,135.84,,0.0,420.42,739.0,
2016-07-10 09:00:00,42.0,119.67,32.04,43.82,82.85,43.92,7.5,1.36,16.36,5.49,12.84,,,,,,56.66,1.18,158.84,,0.0,420.0,739.0,
2016-07-10 10:00:00,53.67,183.67,13.88,43.92,57.86,50.98,27.12,0.84,13.91,5.56,18.97,,,,,,54.42,1.43,155.42,,0.0,406.83,739.0,
2016-07-10 11:00:00,59.0,238.0,8.32,35.6,43.06,47.75,10.14,0.9,14.15,5.68,58.71,,,,,,58.0,2.92,90.58,,0.0,423.42,739.0,
2016-07-10 12:00:00,47.0,128.33,12.68,39.78,52.75,38.24,9.05,0.98,16.31,4.59,47.94,,,,,,52.84,2.12,154.58,,0.0,436.17,739.0,
2016-07-10 13:00:00,66.83,194.17,10.46,54.23,62.58,39.54,8.28,1.0,16.2,6.18,32.16,,,,,,48.34,1.79,160.92,,0.0,415.0,739.0,
2016-07-10 14:00:00,90.83,268.17,18.4,50.38,70.03,43.3,8.01,1.34,13.62,7.0,29.34,,,,,,54.75,2.12,130.92,,0.0,366.5,739.0,
2016-07-10 15:00:00,91.0,257.0,15.63,26.85,45.28,41.44,8.08,1.63,5.09,6.26,35.34,,,,,,72.25,2.03,119.66,,0.0,385.75,739.0,
2016-07-10 16:00:00,95.83,122.0,114.25,137.95,278.48,37.62,9.22,2.12,14.91,8.06,47.08,,,,,31.89,67.33,0.84,206.5,,0.0,346.33,739.0,
2016-07-10 17:00:00,88.83,121.17,136.98,105.06,280.7,100.05,10.4,1.97,13.44,8.24,96.13,,,,,30.99,64.67,0.79,220.04,,0.0,299.54,739.0,
2016-07-10 18:00:00,62.17,123.83,31.92,101.99,134.47,108.73,6.72,1.7,14.8,10.18,44.44,,,,,31.17,61.84,1.05,139.92,,0.0,236.83,739.0,
2016-07-10 19:00:00,80.33,159.83,72.62,101.43,189.54,110.05,7.7,2.04,15.08,12.56,38.33,,,,,31.42,60.67,1.28,155.33,,0.0,54.17,739.0,
2016-07-10 20:00:00,64.83,161.5,29.85,70.68,103.79,96.92,7.78,1.5,13.19,11.04,33.35,,,,,31.2,62.92,1.66,128.66,,0.0,13.08,739.0,
2016-07-10 21:00:00,53.33,121.67,22.87,58.88,83.68,87.14,6.98,1.48,11.19,6.99,19.52,,,,,30.67,68.17,1.51,129.0,,0.0,13.0,739.0,
2016-07-10 22:00:00,51.38,112.88,54.65,61.16,129.14,73.95,6.95,1.66,12.18,7.48,18.84,,,,,30.56,71.5,0.95,159.0,,0.0,12.92,739.0,
2016-07-10 23:00:00,60.67,131.12,40.84,54.65,104.48,70.38,7.04,1.54,11.99,7.6,18.72,,,,,30.52,72.0,1.03,143.58,,0.0,12.92,739.0,
2016-07-11 00:00:00,57.5,111.17,16.88,46.95,64.91,73.75,7.74,1.14,11.78,6.39,15.56,,,,,30.38,71.17,1.02,139.75,,0.0,13.0,739.0,
2016-07-11 01:00:00,48.75,77.33,26.15,44.75,75.65,76.72,7.92,1.17,12.77,5.42,15.85,,,,,30.21,71.0,0.75,174.0,,0.0,12.92,739.0,
2016-07-11 02:00:00,40.83,83.67,61.94,50.74,129.78,73.49,8.3,1.28,13.79,7.28,17.55,,,,,29.79,73.25,0.42,200.42,,0.0,13.0,739.0,
2016-07-11 03:00:00,47.0,103.33,14.19,45.71,60.11,76.07,8.36,0.94,11.53,6.28,18.98,,,,,29.97,72.33,1.24,94.42,,0.0,13.0,739.0,
2016-07-11 04:00:00,54.33,82.5,15.26,42.11,58.33,75.47,8.41,0.62,11.79,4.62,23.81,,,,,29.92,71.33,1.3,92.5,,0.0,13.0,739.0,
2016-07-11 05:00:00,40.83,71.5,25.08,42.69,72.26,83.49,8.16,0.81,10.92,3.97,24.09,,,,,29.8,71.17,1.5,85.5,,0.0,42.08,739.0,
2016-07-11 06:00:00,41.83,82.83,38.51,45.09,92.78,79.5,8.25,1.09,10.14,5.81,22.48,,,,,30.07,72.08,2.26,83.08,,0.0,290.08,739.0,
2016-07-11 07:00:00,60.17,112.17,25.94,41.34,72.29,73.37,7.69,1.25,11.22,11.37,45.64,,,,,30.13,74.34,2.7,90.75,,0.0,374.25,739.58,
2016-07-11 08:00:00,96.5,149.67,20.72,29.35,54.44,67.56,7.07,1.09,7.67,7.13,23.43,,,,,30.2,76.09,3.12,109.83,,0.0,378.08,740.0,
2016-07-11 09:00:00,48.67,86.17,18.77,30.74,53.03,86.37,6.93,0.82,11.96,6.68,25.34,,,,,29.06,76.08,4.47,91.17,,0.0,393.5,740.0,
2016-07-11 10:00:00,44.67,96.67,13.5,37.49,51.87,102.8,33.87,0.87,10.39,4.76,11.64,,,,,28.76,72.17,3.5,99.5,,0.0,396.83,740.0,
2016-07-11 11:00:00,31.0,70.67,13.99,28.09,44.12,62.89,8.72,1.05,12.63,5.22,14.92,,,,,28.57,71.34,3.44,92.5,,0.0,415.75,740.0,
2016-07-11 12:00:00,21.0,73.0,12.4,56.47,67.27,46.82,7.44,1.04,18.57,5.86,32.9,,,,,30.97,65.08,2.61,102.25,,0.0,434.83,740.0,
2016-07-11 13:00:00,26.67,73.83,9.95,39.27,48.58,73.17,7.33,1.34,3.28,4.92,35.76,,,,,31.79,63.54,2.48,91.67,,0.0,419.08,739.75,
2016-07-11 14:00:00,53.67,108.5,10.42,36.02,46.32,63.36,6.88,1.56,16.97,4.78,17.09,,,,,32.51,62.83,2.16,117.25,,0.0,423.92,739.0,
2016-07-11 15:00:00,47.0,136.67,6.28,34.79,39.59,61.57,7.08,1.35,12.4,4.49,13.77,,,,,34.68,57.67,2.33,125.84,,0.0,429.16,739.0,
2016-07-11 16:00:00,46.5,137.12,11.37,41.94,52.89,51.7,7.31,1.4,19.37,4.18,24.22,,,,,35.1,54.75,2.42,114.5,,0.0,413.84,739.0,
2016-07-11 17:00:00,43.17,118.17,9.26,39.53,47.85,55.68,7.06,1.59,16.11,3.56,39.17,,,,,34.58,55.5,2.95,97.58,,0.0,390.25,739.0,
2016-07-11 18:00:00,38.83,119.33,18.92,51.49,71.71,34.89,7.82,1.52,3.43,3.02,36.1,,,,,33.91,57.5,3.33,96.25,,0.0,337.83,739.0,
2016-07-11 19:00:00,39.17,99.5,12.37,36.24,49.22,30.35,7.69,1.74,4.17,4.26,26.3,,,,,32.5,63.38,2.94,94.67,,0.0,51.88,739.0,
2016-07-11 20:00:00,46.0,116.5,12.49,49.7,61.34,33.5,7.85,1.94,1.2,7.98,28.28,,,,,31.66,64.33,3.36,91.25,,0.0,12.92,739.0,
2016-07-11 21:00:00,49.0,111.5,13.73,40.92,55.24,91.2,7.66,1.74,7.35,5.1,17.87,,,,,30.92,67.17,3.06,94.08,,0.0,12.92,739.75,
2016-07-11 22:00:00,37.83,93.5,8.76,18.12,28.13,101.62,7.53,1.36,8.0,4.04,11.93,,,,,30.3,69.67,3.35,90.42,,0.0,12.92,740.0,
2016-07-11 23:00:00,31.0,67.0,7.68,17.59,26.15,62.88,7.92,1.28,1.0,3.34,11.18,,,,,30.02,70.5,2.76,87.42,,0.0,13.0,740.0,
2016-07-12 00:00:00,28.83,73.33,4.53,14.72,19.31,47.49,8.73,1.53,,2.72,12.85,,,,,29.9,72.17,2.35,96.75,,0.0,12.92,740.0,
2016-07-12 01:00:00,45.5,89.17,4.48,30.2,33.06,37.09,8.66,1.7,,2.72,12.18,,,,,29.96,73.0,2.49,88.42,,0.0,13.0,740.0,
2016-07-12 02:00:00,55.0,129.0,12.4,33.76,47.02,21.47,8.79,2.02,,2.62,53.46,,,,,29.9,73.33,1.9,91.92,,0.0,12.84,740.0,
2016-07-12 03:00:00,41.67,99.17,17.04,22.4,43.22,22.02,9.05,2.04,,3.84,72.86,,,,,29.8,74.17,2.22,82.17,,0.0,13.0,740.0,
2016-07-12 04:00:00,48.0,95.67,13.94,10.18,28.11,47.34,8.67,1.92,,3.89,134.32,,,,,29.72,75.59,2.83,90.16,,0.0,12.84,740.0,
2016-07-12 05:00:00,38.33,71.17,11.87,9.69,24.87,76.02,8.63,1.83,,3.12,37.14,,,,,29.7,74.92,2.72,94.0,,0.0,41.0,740.0,
2016-07-12 06:00:00,38.33,56.17,13.75,10.06,27.78,76.03,8.52,1.88,,2.64,19.94,,,,,29.62,74.92,2.96,102.58,,0.0,171.08,740.0,
2016-07-12 07:00:00,29.33,50.0,20.04,13.41,39.32,73.06,8.88,2.02,,3.6,14.2,,,,,28.76,78.08,3.24,95.92,,0.0,222.92,740.0,
2016-07-12 08:00:00,28.67,40.17,57.24,27.4,102.56,65.11,9.11,2.26,,4.21,13.55,,,,,28.49,80.09,0.84,118.58,,0.0,387.58,740.0,
2016-07-12 09:00:00,41.33,38.83,43.8,26.23,83.17,57.6,9.78,2.44,,5.98,74.03,,,,,30.62,75.42,1.67,93.58,,0.0,416.08,740.0,
2016-07-12 10:00:00,40.5,35.0,6.79,20.86,27.82,127.08,27.9,1.66,,6.56,53.96,,,,,32.47,66.92,3.0,98.42,,0.0,424.42,740.0,
2016-07-12 11:00:00,48.5,62.17,9.16,88.81,91.61,68.25,12.69,1.65,9.71,3.12,17.62,,,,,34.58,57.91,3.79,103.25,,0.0,441.16,740.0,
2016-07-12 12:00:00,25.67,28.33,9.46,126.9,125.98,63.79,6.94,1.64,6.12,2.84,11.83,,,,,34.56,56.04,3.14,100.46,,0.0,408.34,740.0,
2016-07-12 13:00:00,27.5,60.5,27.16,19.16,54.14,60.43,5.55,1.95,2.43,2.81,14.33,,,,,30.1,73.58,3.46,122.25,,0.0,379.33,740.0,
2016-07-12 14:00:00,42.67,81.83,74.11,12.4,112.14,35.14,6.04,2.15,10.32,7.19,95.34,,,,,32.48,71.08,1.21,262.0,,0.0,433.83,740.0,
2016-07-12 15:00:00,30.5,47.67,96.83,12.58,142.2,31.16,6.25,2.14,8.36,10.01,41.15,,,,,31.49,71.67,1.95,271.66,,0.0,411.75,739.67,
2016-07-12 16:00:00,28.5,34.17,37.8,11.91,62.08,54.37,5.44,1.89,7.65,7.34,33.17,,,,,30.26,73.58,2.26,140.92,,0.0,395.75,739.08,
2016-07-12 17:00:00,40.5,83.33,77.24,9.06,113.59,71.75,6.28,2.08,18.88,5.9,68.08,,,,,30.21,73.41,0.72,155.67,,0.0,353.83,739.0,
2016-07-12 18:00:00,84.5,214.0,138.02,13.99,196.27,31.62,9.62,2.34,,8.17,62.28,,,,,30.62,71.25,0.36,270.66,,0.0,242.25,739.0,
2016-07-12 19:00:00,69.67,47.83,135.07,21.22,203.42,26.29,9.11,2.87,,11.6,67.48,,,,,30.25,72.67,0.46,302.09,,0.0,19.92,739.25,
2016-07-12 20:00:00,88.0,124.5,83.3,24.41,135.52,21.92,9.85,3.48,,32.6,81.57,,,,,30.12,75.5,0.38,169.92,,0.0,13.0,740.0,
2016-07-12 21:00:00,107.5,153.67,124.54,27.01,194.16,23.38,10.39,3.83,,30.47,80.79,,,,,30.0,75.33,0.32,220.17,,0.0,13.17,740.0,
2016-07-12 22:00:00,86.33,127.33,161.49,14.05,233.14,85.31,10.38,4.65,19.97,29.88,83.49,,,,,29.89,75.75,0.31,203.83,,0.0,13.75,740.0,
2016-07-12 23:00:00,120.5,202.67,79.56,16.7,123.58,92.37,39.23,4.53,23.4,36.65,88.69,,,,,29.81,76.83,0.43,96.5,,0.0,13.5,740.0,
2016-07-13 00:00:00,138.0,198.0,51.29,13.37,81.99,69.79,9.02,3.58,21.12,29.33,78.56,,,,,29.65,77.17,0.64,88.58,,0.0,13.67,740.0,
2016-07-13 01:00:00,161.0,229.67,50.21,10.98,78.33,51.07,8.38,2.21,24.97,21.6,70.57,,,,,29.35,78.83,1.23,68.34,,0.0,13.34,740.0,
2016-07-13 02:00:00,141.0,288.67,51.7,12.4,81.66,28.85,8.07,2.16,,8.95,36.59,,,,,29.17,79.25,0.58,97.17,,0.0,12.84,740.0,
2016-07-13 03:00:00,93.5,62.17,43.04,15.18,72.33,22.79,8.14,2.24,,11.39,49.22,,,,,29.04,80.0,1.25,71.0,,0.0,12.92,740.0,
2016-07-13 04:00:00,103.67,165.5,52.88,13.83,84.53,18.65,8.64,2.29,,10.2,119.42,,,,,29.05,79.83,1.0,77.84,,0.0,13.08,740.0,
2016-07-13 05:00:00,90.5,176.33,101.08,14.34,150.82,17.96,8.85,2.38,,8.5,69.12,,,,,28.92,80.0,0.83,72.0,,0.0,62.58,740.0,
2016-07-13 06:00:00,78.33,159.83,56.38,14.98,90.34,34.42,7.14,2.52,,10.79,134.67,,,,,29.85,76.42,2.38,84.33,,0.0,324.17,740.0,
2016-07-13 07:00:00,58.83,120.33,36.58,14.9,63.12,49.74,5.51,2.31,,8.34,124.92,,,,,31.88,69.0,2.02,95.83,,0.0,405.34,740.0,
2016-07-13 08:00:00,70.0,110.67,15.48,13.46,33.14,48.48,5.24,1.96,,6.04,69.06,,,,,33.04,63.42,4.07,105.25,,0.0,429.5,740.0,
2016-07-13 09:00:00,29.25,36.0,12.62,20.04,35.07,47.75,4.32,1.92,,4.21,21.26,,,,,34.04,59.67,3.62,109.5,,0.0,436.42,740.0,
2016-07-13 10:00:00,29.67,59.67,13.1,55.76,67.52,271.06,34.45,1.4,,3.6,15.0,,,,,34.22,57.33,3.35,101.5,,0.0,413.08,740.0,
2016-07-13 11:00:00,43.0,73.0,16.58,85.19,98.57,130.24,9.59,1.64,,3.61,23.66,,,,,32.57,64.34,1.94,134.25,,0.0,400.58,740.0,
2016-07-13 12:00:00,,,,,,,,,,,,,,,,,,,,,0.0,,,
2016-07-13 13:00:00,,,,,,,,,,,,,,,,,,,,,0.0,,,
2016-07-13 14:00:00,,,,,,,,,,,,,,,,,,,,,0.0,,,
2016-07-13 15:00:00,,,,,,,,,,,,,,,,,,,,,0.0,,,
2016-07-13 16:00:00,,,,,,,,,,,,,,,,,,,,,0.0,,,
2016-07-13 17:00:00,,,,,,,,,,,,,,,,,,,,,0.0,,,
2016-07-13 18:00:00,,,,,,,,,,,,,,,,,,,,,0.0,,,
2016-07-13 19:00:00,,,,,,,,,,,,,,,,,,,,,0.0,,,
2016-07-13 20:00:00,,,,,,,,,,,,,,,,,,,,,0.0,,,
2016-07-13 21:00:00,,,,,,,,,,,,,,,,,,,,,0.0,,,
2016-07-13 22:00:00,,,,,,,,,,,,,,,,,,,,,0.0,,,
2016-07-13 23:00:00,,,,,,,,,,,,,,,,,,,,,0.0,,,
2016-07-14 00:00:00,,,,,,,,,,,,,,,,,,,,,0.0,,,
2016-07-14 01:00:00,,,,,,,,,,,,,,,,,,,,,0.0,,,
2016-07-14 02:00:00,,,,,,,,,,,,,,,,,,,,,0.0,,,
2016-07-14 03:00:00,,,,,,,,,,,,,,,,,,,,,0.0,,,
2016-07-14 04:00:00,,,,,,,,,,,,,,,,,,,,,0.0,,,
2016-07-14 05:00:00,,,,,,,,,,,,,,,,,,,,,0.0,,,
2016-07-14 06:00:00,,,,,,,,,,,,,,,,,,,,,0.0,,,
2016-07-14 07:00:00,,,,,,,,,,,,,,,,,,,,,0.0,,,
2016-07-14 08:00:00,,,,,,,,,,,,,,,,,,,,,0.0,,,
2016-07-14 09:00:00,,,,,,,,,,,,,,,,,,,,,0.0,,,
2016-07-14 10:00:00,,,,,,,,,,,,,,,,,,,,,0.0,,,
2016-07-14 11:00:00,,,,,,,,,,,,,,,,,,,,,0.0,,,
2016-07-14 12:00:00,,,,,,,,,,,,,,,,,,,,,0.0,,,
2016-07-14 13:00:00,,,,,,,,,,,,,,,,,,,,,0.0,,,
2016-07-14 14:00:00,,,,,,,,,,,,,,,,,,,,,0.0,,,
2016-07-14 15:00:00,,,,,,,,,,,,,,,,,,,,,0.0,,,
2016-07-14 16:00:00,,,,,,,,,,,,,,,,,,,,,0.0,,,
2016-07-14 17:00:00,,,,,,,,,,,,,,,,,,,,,0.0,,,
2016-07-14 18:00:00,,,,,,,,,,,,,,,,,,,,,0.0,,,
2016-07-14 19:00:00,,,,,,,,,,,,,,,,,,,,,0.0,,,
2016-07-14 20:00:00,,,,,,,,,,,,,,,,,,,,,0.0,,,
2016-07-14 21:00:00,,,,,,,,,,,,,,,,,,,,,0.0,,,
2016-07-14 22:00:00,,,,,,,,,,,,,,,,,,,,,0.0,,,
2016-07-14 23:00:00,,,,,,,,,,,,,,,,,,,,,0.0,,,
2016-07-15 00:00:00,,,,,,,,,,,,,,,,,,,,,0.0,,,
2016-07-15 01:00:00,,,,,,,,,,,,,,,,,,,,,0.0,,,
2016-07-15 02:00:00,,,,,,,,,,,,,,,,,,,,,0.0,,,
2016-07-15 03:00:00,,,,,,,,,,,,,,,,,,,,,0.0,,,
2016-07-15 04:00:00,,,,,,,,,,,,,,,,,,,,,0.0,,,
2016-07-15 05:00:00,,,,,,,,,,,,,,,,,,,,,0.0,,,
2016-07-15 06:00:00,,,,,,,,,,,,,,,,,,,,,0.0,,,
2016-07-15 07:00:00,,,,,,,,,,,,,,,,,,,,,0.0,,,
2016-07-15 08:00:00,,,,,,,,,,,,,,,,,,,,,0.0,,,
2016-07-15 09:00:00,,,,,,,,,,,,,,,,,,,,,0.0,,,
2016-07-15 10:00:00,,,,,,,,,,,,,,,,,,,,,0.0,,,
2016-07-15 11:00:00,,,102.1,68.56,200.42,47.07,6.55,1.13,16.45,13.54,31.34,,,,,,,,,,0.0,,,
2016-07-15 12:00:00,,,90.24,79.64,193.98,52.66,6.36,1.09,10.97,11.23,29.14,,,,,,,,,,0.0,,,
2016-07-15 13:00:00,,,79.07,74.48,174.5,51.67,5.93,0.86,11.64,8.01,23.53,,,,,,,,,,0.0,,,
2016-07-15 14:00:00,,,78.67,57.22,160.99,70.14,11.02,,3.78,4.88,12.48,,,,,,,,,,0.0,,,
2016-07-15 15:00:00,,,104.41,65.38,201.98,53.39,10.96,0.82,8.88,5.54,14.9,,,,,,,,,,0.0,,,
2016-07-15 16:00:00,52.0,397.17,140.25,62.84,247.91,39.78,11.13,1.68,8.29,4.7,13.52,,,,,,65.42,1.49,253.34,,0.0,394.75,739.0,
2016-07-15 17:00:00,45.67,392.33,148.43,60.4,255.99,36.81,11.12,2.48,14.08,3.82,12.97,,,,,,64.42,1.48,249.17,,0.0,383.67,739.0,
2016-07-15 18:00:00,64.5,498.83,157.57,37.22,248.55,25.78,9.33,2.65,21.48,4.58,11.52,,,,,,67.42,1.58,251.33,,0.0,287.59,739.0,
2016-07-15 19:00:00,65.62,409.88,116.58,28.98,185.04,28.46,8.2,2.7,40.75,5.39,14.32,,,,,,70.54,1.39,250.75,,0.0,18.92,739.62,
2016-07-15 20:00:00,54.67,311.0,100.49,113.12,237.99,22.39,7.88,2.87,15.06,6.52,17.62,,,,,,73.25,1.43,256.5,,0.0,13.0,740.0,
2016-07-15 21:00:00,49.83,300.5,143.62,91.62,277.81,129.02,8.11,3.16,10.87,4.96,13.38,,,,,,74.0,1.1,258.67,,0.0,12.92,740.0,
2016-07-15 22:00:00,58.67,414.67,177.76,57.77,294.08,107.82,8.7,3.72,6.44,3.94,9.82,,,,,,74.5,0.94,251.08,,0.0,12.84,740.0,
2016-07-15 23:00:00,55.33,323.83,127.33,55.52,223.23,81.67,7.78,3.69,6.58,4.43,8.48,,,,,,78.58,0.72,265.33,,0.0,13.0,740.0,
2016-07-16 00:00:00,44.83,72.67,40.92,38.5,90.2,61.22,8.15,2.06,8.9,7.16,15.41,,,,,,78.67,0.54,171.5,,0.0,13.0,740.0,
2016-07-16 01:00:00,34.5,47.67,77.6,19.24,123.28,37.32,8.93,2.15,15.02,10.55,24.32,,,,,,79.84,0.48,253.66,,0.0,13.0,740.0,
2016-07-16 02:00:00,33.33,52.67,27.92,39.32,73.16,29.44,8.1,1.73,43.89,5.01,15.89,,,,,,78.25,0.97,82.42,,0.0,13.0,739.17,
2016-07-16 03:00:00,23.5,50.17,54.48,13.32,86.28,25.94,8.84,2.12,36.56,8.7,62.0,,,,,,78.83,0.83,95.83,,0.0,13.08,739.0,
2016-07-16 04:00:00,64.0,117.67,24.01,103.76,125.2,28.79,8.08,1.74,15.73,9.41,27.81,,,,,,79.0,1.37,79.5,,0.0,13.16,739.0,
2016-07-16 05:00:00,53.17,114.0,48.98,31.03,94.45,91.36,7.68,1.87,9.75,3.63,15.11,,,,,,81.08,1.74,197.83,,0.0,13.67,739.25,
2016-07-16 06:00:00,44.17,151.5,119.68,39.41,198.57,105.04,8.98,2.08,6.44,2.13,5.69,,,,,,84.42,1.24,241.5,,0.0,32.17,740.0,
2016-07-16 07:00:00,21.0,14.83,140.05,66.14,250.67,86.28,9.36,2.39,4.23,2.2,5.14,,,,,,85.25,0.81,234.67,,0.0,38.75,740.0,
2016-07-16 08:00:00,27.5,23.17,139.96,52.13,237.38,53.61,10.18,2.58,8.27,4.56,10.02,,,,,,86.0,0.98,280.17,,0.0,91.84,740.0,
2016-07-16 09:00:00,32.67,42.75,116.02,46.42,199.84,31.74,9.78,2.42,5.62,5.53,16.66,,,,,,85.66,1.66,281.42,,0.0,224.75,740.0,
2016-07-16 10:00:00,21.33,34.33,81.45,21.74,129.78,33.12,27.05,2.26,18.45,6.07,21.66,,,,,,86.0,1.71,291.5,,0.0,340.0,740.0,
2016-07-16 11:00:00,26.17,17.67,127.48,43.02,206.7,26.29,12.05,2.62,12.0,7.93,33.28,,,,,,85.83,1.56,293.42,,0.0,403.75,740.0,
2016-07-16 12:00:00,40.0,48.33,,,,,6.93,2.48,10.4,10.89,37.74,,,,,,84.67,1.76,289.67,,0.0,409.42,740.0,
2016-07-16 13:00:00,32.5,36.67,,,,,5.41,2.28,3.34,10.07,40.52,,,,,,82.33,1.31,287.16,,0.0,417.16,740.0,
2016-07-16 14:00:00,43.83,44.0,,,,,5.11,2.36,5.88,6.67,30.84,,,,,,78.0,1.1,213.17,,0.0,406.17,740.0,
2016-07-16 15:00:00,38.0,39.0,,,,,4.71,2.33,16.88,3.99,18.34,,,,,,74.42,1.29,203.92,,0.0,403.25,740.0,
2016-07-16 16:00:00,,,,,,,,,,,,,,,,,,,,,0.0,,,
2016-07-16 17:00:00,,,,,,,,,,,,,,,,,,,,,0.0,,,
2016-07-16 18:00:00,,,,,,,,,,,,,,,,,,,,,0.0,,,
2016-07-16 19:00:00,,,,,,,,,,,,,,,,,,,,,0.0,,,
2016-07-16 20:00:00,,,,,,,,,,,,,,,,,,,,,0.0,,,
2016-07-16 21:00:00,,,,,,,,,,,,,,,,,,,,,0.0,,,
2016-07-16 22:00:00,,,,,,,,,,,,,,,,,,,,,0.0,,,
2016-07-16 23:00:00,,,,,,,,,,,,,,,,,,,,,0.0,,,
2016-07-17 00:00:00,,,,,,,,,,,,,,,,,,,,,0.0,,,
2016-07-17 01:00:00,,,,,,,,,,,,,,,,,,,,,0.0,,,
2016-07-17 02:00:00,,,,,,,,,,,,,,,,,,,,,0.0,,,
2016-07-17 03:00:00,,,,,,,,,,,,,,,,,,,,,0.0,,,
2016-07-17 04:00:00,,,,,,,,,,,,,,,,,,,,,0.0,,,
2016-07-17 05:00:00,,,,,,,,,,,,,,,,,,,,,0.0,,,
2016-07-17 06:00:00,,,,,,,,,,,,,,,,,,,,,0.0,,,
2016-07-17 07:00:00,,,,,,,,,,,,,,,,,,,,,0.0,,,
2016-07-17 08:00:00,,,,,,,,,,,,,,,,,,,,,0.0,,,
2016-07-17 09:00:00,,,,,,,,,,,,,,,,,,,,,0.0,,,
2016-07-17 10:00:00,51.33,60.83,74.32,32.52,129.36,55.14,33.31,0.84,11.4,7.66,48.49,,,,,,84.0,0.84,225.25,,0.0,285.92,740.0,
2016-07-17 11:00:00,58.67,51.33,48.69,26.6,90.22,42.1,12.29,0.76,7.93,6.34,29.3,,,,,,83.92,0.87,140.67,,0.0,417.33,740.0,
2016-07-17 12:00:00,41.17,37.33,35.86,37.4,82.32,56.08,7.57,0.46,10.05,7.07,37.2,,,,,,80.25,0.96,217.29,,0.0,424.79,740.0,
2016-07-17 13:00:00,56.83,54.33,45.37,34.05,92.42,65.49,6.7,0.65,22.12,8.22,28.58,,,,,,72.58,1.52,283.5,,0.0,435.0,740.0,
2016-07-17 14:00:00,33.83,38.33,71.37,39.68,132.86,56.71,6.33,1.02,18.08,5.72,21.6,,,,,,65.66,1.11,269.33,,0.0,421.58,740.0,
2016-07-17 15:00:00,51.33,81.83,94.39,49.48,172.73,56.94,6.93,1.12,21.96,9.59,31.83,,,,,,68.66,1.31,269.92,,0.0,402.92,740.0,
2016-07-17 16:00:00,64.67,111.0,81.73,36.72,144.24,54.75,6.45,10.29,12.36,8.07,24.93,,,,,,71.83,1.31,261.33,,0.0,394.16,740.0,
2016-07-17 17:00:00,43.67,76.67,84.45,36.18,147.54,54.19,,4.31,11.08,2.95,12.34,,,,,,74.41,1.81,255.67,,0.0,384.84,740.0,
2016-07-17 18:00:00,22.67,32.67,83.76,39.31,149.48,50.29,,1.48,11.35,3.58,10.47,,,,,,75.42,1.35,258.58,,0.0,298.33,740.0,
2016-07-17 19:00:00,26.67,47.0,119.04,38.39,196.8,47.56,,1.3,13.38,4.1,10.81,,,,,,77.42,0.84,261.0,,0.0,51.41,740.0,
2016-07-17 20:00:00,30.33,54.0,111.71,43.67,191.44,57.92,,1.25,14.44,3.85,9.04,,,,,,78.16,0.54,267.67,,0.0,32.0,740.0,
2016-07-17 21:00:00,33.5,65.33,116.37,44.38,198.64,58.98,,0.2,10.26,5.56,12.24,,,,,,78.17,0.52,274.25,,0.0,33.75,740.0,
2016-07-17 22:00:00,40.67,71.0,90.02,41.54,159.96,52.98,,0.1,9.5,7.51,17.67,,,,,,79.5,0.46,250.25,,0.0,29.5,740.0,
2016-07-17 23:00:00,40.5,72.0,67.29,38.72,126.35,53.26,,1.92,8.65,10.72,27.33,,,,,,80.83,0.57,234.75,,0.0,29.71,740.0,
2016-07-18 00:00:00,45.17,94.5,49.11,39.1,101.88,41.2,8.48,6.39,8.12,8.35,22.83,,,,,,79.92,0.52,203.67,,0.0,39.5,740.0,
2016-07-18 01:00:00,30.83,56.83,36.92,33.36,80.11,35.11,7.72,3.17,12.44,4.89,20.6,,,,,,77.92,0.46,199.42,,0.0,41.58,740.0,
2016-07-18 02:00:00,30.0,59.67,36.69,31.99,78.63,36.34,8.16,2.03,14.53,6.14,22.12,,,,,,79.0,0.4,219.16,,0.0,37.16,740.0,
2016-07-18 03:00:00,31.17,79.33,49.0,32.4,95.74,37.72,8.94,3.05,15.64,7.52,25.28,,,,,,80.42,0.72,269.75,,0.0,32.08,740.0,
2016-07-18 04:00:00,35.33,81.0,47.04,34.86,95.25,58.61,8.49,2.47,16.62,4.34,16.27,,,,,,79.75,0.67,248.42,,0.0,31.67,740.0,
2016-07-18 05:00:00,30.0,58.0,66.37,30.26,117.62,59.35,8.17,3.16,11.27,4.09,10.5,,,,,,80.0,0.85,259.58,,0.0,94.08,740.0,
2016-07-18 06:00:00,43.17,67.67,126.78,33.58,203.22,59.06,8.92,2.82,11.64,3.88,9.03,,,,,,78.42,0.72,269.75,,0.0,361.75,740.0,
2016-07-18 07:00:00,33.67,68.17,137.72,35.09,216.34,56.23,9.64,2.85,11.36,5.15,12.12,,,,,,74.75,1.39,284.75,,0.0,392.83,740.0,
2016-07-18 08:00:00,32.33,78.33,113.42,31.76,183.13,44.49,9.33,2.62,9.51,5.15,13.21,,,,,,75.83,1.48,269.75,,0.0,396.16,740.0,
2016-07-18 09:00:00,32.0,67.17,64.14,31.0,115.2,40.71,8.58,2.76,13.01,4.08,10.78,,,,,,79.58,1.32,261.59,,0.0,417.92,740.0,
2016-07-18 10:00:00,24.0,32.5,53.17,38.36,106.92,43.54,26.26,3.02,15.47,5.66,13.89,,,,,,70.0,2.3,276.83,,0.0,449.21,740.0,
2016-07-18 11:00:00,34.5,60.5,70.01,33.66,125.64,40.71,11.5,3.09,14.6,5.64,15.78,,,,,,63.16,2.6,289.33,,0.0,446.42,740.0,
2016-07-18 12:00:00,37.17,95.5,48.29,32.16,94.59,42.64,8.23,3.59,17.98,3.72,12.95,,,,,,61.5,2.55,288.0,,0.0,437.17,740.0,
2016-07-18 13:00:00,38.67,142.67,35.49,29.42,74.69,45.04,6.44,2.79,18.0,4.61,17.15,,,,,,59.41,1.96,276.34,,0.0,425.34,740.0,
2016-07-18 14:00:00,43.67,205.17,49.7,31.35,95.99,48.28,6.28,2.61,17.88,3.88,15.6,,,,,,61.17,1.65,262.25,,0.0,414.25,740.0,
2016-07-18 15:00:00,51.5,283.33,39.4,27.67,78.41,54.4,5.94,2.12,17.95,4.12,17.99,,,,,,65.41,2.06,280.5,,0.0,353.58,740.0,
2016-07-18 16:00:00,47.17,279.5,71.58,44.3,137.23,48.58,6.26,2.9,12.75,8.16,23.48,,,,,,73.46,0.89,246.54,,0.0,348.75,740.0,
2016-07-18 17:00:00,37.17,108.83,117.8,52.99,208.04,40.55,8.31,3.02,18.61,12.58,39.46,,,,,,71.5,1.02,256.33,,0.0,338.75,740.0,
2016-07-18 18:00:00,35.67,276.33,143.24,60.96,249.9,40.33,10.55,3.62,17.94,15.81,45.25,,,,,,71.08,0.5,259.33,,0.0,251.83,740.0,
2016-07-18 19:00:00,50.83,330.33,155.01,57.06,262.59,39.61,11.56,4.34,18.58,17.48,52.22,,,,,,73.67,0.33,246.92,,0.0,23.92,740.0,
2016-07-18 20:00:00,61.83,389.67,171.99,57.42,286.0,57.95,12.14,4.09,14.19,23.22,66.15,,,,,,76.92,0.54,256.25,,0.0,14.33,740.0,
2016-07-18 21:00:00,69.0,359.67,122.58,50.8,212.63,59.96,10.54,3.86,13.84,16.08,44.95,,,,,,77.66,0.54,243.75,,0.0,14.67,740.0,
2016-07-18 22:00:00,59.67,271.5,98.25,40.07,169.92,59.55,10.16,3.9,14.42,17.31,45.35,,,,,,78.0,0.4,218.5,,0.0,14.66,740.0,
2016-07-18 23:00:00,62.5,287.17,96.58,43.61,170.77,64.82,10.04,3.18,14.23,21.22,49.14,,,,,,77.08,0.88,258.42,,0.0,15.42,740.0,
2016-07-19 00:00:00,59.0,259.67,44.06,37.13,93.1,51.29,8.44,1.98,16.08,12.98,33.97,,,,,,76.0,0.7,276.0,,0.0,15.42,740.0,
2016-07-19 01:00:00,51.83,158.33,19.3,29.44,52.61,49.33,7.75,1.36,14.95,8.36,29.08,,,,,,76.42,0.5,254.33,,0.0,14.75,740.0,
2016-07-19 02:00:00,42.5,108.83,19.11,22.33,46.08,46.78,7.74,1.7,25.78,7.14,24.81,,,,,,77.83,0.66,242.75,,0.0,14.34,740.0,
2016-07-19 03:00:00,46.83,103.67,29.61,23.08,60.98,46.6,7.86,1.64,20.55,4.74,18.74,,,,,,78.25,0.54,270.54,,0.0,14.33,740.0,
2016-07-19 04:00:00,32.67,108.5,60.83,28.71,108.95,64.9,7.75,1.2,16.72,4.56,18.18,,,,,,78.17,0.81,277.34,,0.0,14.08,740.0,
2016-07-19 05:00:00,42.17,142.33,86.56,30.16,145.07,61.2,8.61,1.72,13.92,5.26,18.52,,,,,,78.58,0.76,245.08,,0.0,77.08,740.0,
2016-07-19 06:00:00,47.83,279.5,120.77,29.93,191.61,56.85,9.49,2.17,11.13,7.37,21.61,,,,,,78.42,0.55,257.17,,0.0,345.16,740.0,
2016-07-19 07:00:00,47.5,330.5,136.47,31.45,214.36,50.52,9.26,2.18,13.21,8.05,19.69,,,,,,68.25,1.29,287.25,,0.0,410.75,740.0,
2016-07-19 08:00:00,48.0,421.17,49.74,32.65,97.03,45.13,7.97,1.68,16.96,6.02,17.48,,,,,,61.0,2.04,281.75,,0.0,429.42,740.0,
2016-07-19 09:00:00,37.83,275.33,14.31,28.79,45.17,42.86,7.73,1.36,16.35,5.56,15.75,,,,,,58.58,2.85,279.33,,0.0,440.92,740.0,
2016-07-19 10:00:00,35.5,217.83,12.46,35.76,48.78,42.52,24.52,1.12,18.05,4.63,14.45,,,,,,56.5,3.39,282.41,,0.0,448.25,740.0,
2016-07-19 11:00:00,27.83,217.17,13.65,45.51,59.21,38.97,13.26,1.1,22.99,4.92,17.59,,,,,,54.33,3.18,286.08,,0.0,447.66,740.0,
2016-07-19 12:00:00,28.17,228.67,34.11,41.06,83.19,33.82,8.61,1.28,22.88,5.46,21.06,,,,,,52.34,3.29,280.75,,0.0,447.17,740.0,
2016-07-19 13:00:00,37.83,405.83,42.85,44.16,97.78,28.6,7.54,1.2,20.86,5.85,19.58,,,,,,51.17,3.26,281.58,,0.0,440.16,740.0,
2016-07-19 14:00:00,59.17,436.83,63.24,44.41,125.88,41.06,7.46,,17.26,4.28,12.41,,,,,,50.33,2.88,284.08,,0.0,429.42,740.0,
2016-07-19 15:00:00,71.33,621.0,72.34,43.12,137.19,49.32,7.85,,30.5,3.34,13.67,,,,,36.98,50.88,2.78,286.66,,0.0,416.67,740.0,
2016-07-19 16:00:00,79.17,636.0,104.51,50.7,187.95,62.95,7.75,1.15,24.28,3.85,13.91,,,,,36.58,52.17,2.63,285.75,,0.0,403.58,739.5,
2016-07-19 17:00:00,87.33,707.17,70.18,45.79,136.77,67.75,8.42,1.27,32.64,4.82,13.88,,,,,35.67,54.92,2.43,286.42,,0.0,355.92,739.0,
2016-07-19 18:00:00,95.67,669.67,94.21,48.05,171.36,68.87,8.25,1.27,34.36,5.98,17.94,,,,,34.45,58.5,1.93,281.58,,0.0,182.33,739.08,
2016-07-19 19:00:00,81.5,616.33,125.08,63.66,227.47,59.35,9.08,1.2,34.16,9.27,25.12,,,,,33.83,59.58,1.45,278.92,,0.0,25.84,740.0,
2016-07-19 20:00:00,94.0,824.0,114.36,67.46,216.34,56.11,8.87,1.82,18.94,13.46,34.57,,,,,33.24,62.83,0.77,258.75,,0.0,13.0,740.0,
2016-07-19 21:00:00,96.67,914.83,107.47,68.63,207.83,67.95,8.97,1.46,24.54,23.45,56.24,,,,,32.69,65.84,0.77,258.17,,0.0,13.0,740.0,
2016-07-19 22:00:00,109.5,832.83,96.75,61.04,186.42,66.0,8.43,1.15,30.45,19.99,47.84,,,,,32.18,68.08,0.61,238.83,,0.0,13.0,740.0,
2016-07-19 23:00:00,107.83,923.12,89.08,57.31,172.84,74.47,8.45,0.91,18.18,15.81,46.07,,,,,31.77,70.0,1.12,239.42,,0.0,13.0,740.0,
2016-07-20 00:00:00,104.83,666.33,73.42,50.11,144.98,61.83,8.05,1.85,15.27,8.27,24.15,,,,,31.26,71.75,0.74,250.42,,0.0,13.08,740.0,
2016-07-20 01:00:00,65.33,381.83,49.56,47.87,110.34,57.57,7.74,1.58,16.82,4.95,12.75,,,,,30.96,70.5,0.64,259.59,,0.0,13.08,740.0,
2016-07-20 02:00:00,49.25,341.17,44.63,51.22,106.57,64.55,7.51,1.44,23.41,8.0,20.64,,,,,31.01,69.17,0.84,290.08,,0.0,13.0,740.0,
2016-07-20 03:00:00,61.67,392.75,49.87,50.82,113.3,65.55,7.52,0.8,30.88,8.02,26.01,,,,,30.65,70.75,1.0,287.42,,0.0,13.0,740.0,
2016-07-20 04:00:00,49.83,250.0,110.0,62.59,205.97,89.81,7.65,0.72,24.7,6.56,28.45,,,,,30.2,74.17,0.38,268.42,,0.0,13.08,740.0,
2016-07-20 05:00:00,77.0,492.17,171.62,59.96,287.76,104.8,8.73,1.74,18.64,6.58,28.05,,,,,30.05,75.0,0.57,271.42,,0.0,63.83,740.0,
2016-07-20 06:00:00,93.17,774.83,166.82,56.65,278.38,101.87,9.32,1.59,14.36,8.32,27.52,,,,,30.52,74.09,0.73,259.92,,0.0,308.33,740.0,
2016-07-20 07:00:00,101.33,859.0,203.07,68.49,338.18,105.42,10.11,1.96,18.48,7.91,21.92,,,,,33.06,66.25,1.28,260.0,,0.0,399.25,740.0,
2016-07-20 08:00:00,110.67,897.0,143.51,82.09,269.03,78.46,9.72,1.82,17.74,7.28,15.92,,,,,34.96,59.59,1.61,258.5,,0.0,412.16,740.0,
2016-07-20 09:00:00,93.83,849.67,308.86,79.85,461.26,65.28,12.12,1.81,29.65,6.17,13.99,,,,,36.42,51.42,2.17,264.08,,0.0,430.58,740.0,
2016-07-20 10:00:00,68.0,617.83,280.09,100.85,472.14,54.98,38.0,7.1,29.22,6.64,12.57,,,,,37.2,46.84,2.58,273.17,,0.0,437.5,740.0,
2016-07-20 11:00:00,70.0,656.17,97.62,84.69,208.86,57.09,13.02,3.45,19.8,7.87,20.47,,,,,38.16,44.75,2.39,273.34,,0.0,441.16,740.0,
2016-07-20 12:00:00,79.17,693.83,122.34,66.77,226.52,53.23,8.49,3.15,21.35,5.8,18.3,,,,,38.83,42.66,2.47,284.0,,0.0,441.42,740.0,
2016-07-20 13:00:00,57.5,540.83,49.26,60.88,121.5,43.54,6.55,,24.96,6.38,21.27,,,,,39.12,40.58,2.84,281.59,,0.0,438.17,740.0,
2016-07-20 14:00:00,72.0,616.83,57.54,57.1,129.45,45.79,6.58,2.11,16.6,4.93,15.89,,,,,38.76,41.92,2.82,278.75,,0.0,421.58,740.0,
2016-07-20 15:00:00,82.0,676.0,82.39,61.39,167.16,49.56,6.38,2.87,17.92,3.49,12.35,,,,,38.19,43.34,2.55,284.5,,0.0,412.58,740.0,
2016-07-20 16:00:00,,,,,,,,,,,,,,,,,,,,,0.0,,,
2016-07-20 17:00:00,,,,,,,,,,,,,,,,,,,,,0.0,,,
2016-07-20 18:00:00,,,,,,,,,,,,,,,,,,,,,0.0,,,
2016-07-20 19:00:00,,,,,,,,,,,,,,,,,,,,,0.0,,,
2016-07-20 20:00:00,,,,,,,,,,,,,,,,,,,,,0.0,,,
2016-07-20 21:00:00,,,,,,,,,,,,,,,,,,,,,0.0,,,
2016-07-20 22:00:00,,,,,,,,,,,,,,,,,,,,,0.0,,,
2016-07-20 23:00:00,120.0,845.0,,,,,,,,,,,,,,,,,,,0.0,,,
2016-07-21 00:00:00,120.33,804.67,79.7,59.84,162.3,63.39,7.0,1.21,30.86,10.07,21.1,,,,,32.6,61.5,1.04,251.25,,0.0,13.0,740.0,
2016-07-21 01:00:00,114.67,557.33,37.91,47.5,94.08,61.23,7.37,1.12,15.5,10.21,20.59,,,,,31.89,63.5,1.06,249.25,,0.0,13.0,740.0,
2016-07-21 02:00:00,76.33,319.0,39.42,44.6,93.53,62.88,,1.01,17.96,7.31,14.45,,,,,31.38,64.0,0.96,242.67,,0.0,13.08,740.0,
2016-07-21 03:00:00,67.33,275.67,39.58,45.28,94.36,65.53,5.49,0.71,20.58,6.53,8.83,,,,,31.28,58.92,1.05,258.0,,0.0,13.08,740.0,
2016-07-21 04:00:00,68.67,340.33,92.28,50.23,170.78,78.34,6.47,0.52,19.56,6.79,8.46,,,,,30.93,59.25,0.72,262.17,,0.0,13.0,740.0,
2016-07-21 05:00:00,92.17,524.67,83.92,51.9,160.88,69.03,6.16,1.01,14.58,5.68,7.98,,,,,30.58,60.62,0.8,194.38,,0.0,35.25,740.0,
2016-07-21 06:00:00,92.17,665.67,175.51,49.72,283.94,64.4,9.11,1.03,13.77,3.92,7.21,,,,,31.27,59.34,0.82,235.92,,0.0,296.75,740.0,
2016-07-21 07:00:00,87.67,687.83,223.36,54.26,349.39,69.99,10.34,0.88,15.47,3.31,5.82,,,,,32.33,56.58,1.48,254.92,,0.0,385.58,740.0,
2016-07-21 08:00:00,85.83,761.83,153.54,52.62,256.48,48.94,9.89,1.11,15.05,2.91,5.35,,,,,34.52,51.42,2.0,252.08,,0.0,419.17,740.0,
2016-07-21 09:00:00,83.33,871.17,106.39,51.68,191.4,43.82,9.65,0.68,46.56,3.51,5.94,,,,,36.84,45.58,2.4,261.5,,0.0,430.0,740.0,
2016-07-21 10:00:00,74.0,684.33,112.67,55.32,203.07,38.74,9.53,2.33,20.72,5.61,11.66,,,,,36.29,46.58,3.11,271.67,,0.0,428.17,740.0,
2016-07-21 11:00:00,67.67,703.17,229.38,72.77,377.74,39.86,11.48,1.05,21.28,9.33,21.55,,,,,38.4,43.29,2.43,268.17,,0.0,436.92,740.0,
2016-07-21 12:00:00,62.0,507.17,91.96,63.36,181.9,44.73,8.01,0.87,25.57,7.84,20.54,,,,,39.35,41.92,1.98,263.5,,0.0,436.83,740.0,
2016-07-21 13:00:00,69.12,583.0,58.89,67.68,140.68,56.1,6.89,0.57,26.4,7.16,19.76,,,,,39.79,41.25,2.21,266.84,,0.0,434.5,740.0,
2016-07-21 14:00:00,86.33,524.83,49.79,67.82,128.21,57.1,6.84,0.69,27.79,7.41,20.37,,,,,39.48,41.83,2.0,259.58,,0.0,422.17,740.0,
2016-07-21 15:00:00,98.75,641.5,64.76,69.44,150.32,65.47,7.05,0.32,25.74,5.21,14.85,,,,,39.78,41.0,2.16,267.84,,0.0,418.92,740.0,
2016-07-21 16:00:00,104.17,789.83,94.82,68.9,190.81,59.12,7.07,1.26,22.04,5.38,13.49,,,,,38.76,43.42,2.13,264.92,,0.0,402.17,739.0,
2016-07-21 17:00:00,102.0,715.17,129.75,38.46,211.52,41.75,19.88,1.54,24.33,6.24,14.03,,,,,37.47,46.84,1.88,270.75,,0.0,376.67,739.0,
2016-07-21 18:00:00,86.83,680.67,114.04,72.24,220.12,40.51,17.32,1.97,18.45,7.86,26.43,,,,,36.26,50.0,1.4,277.83,,0.0,223.67,739.0,
2016-07-21 19:00:00,88.83,642.0,139.68,82.72,264.38,40.4,9.51,2.21,18.14,9.12,27.86,,,,,35.29,52.67,0.84,258.08,,0.0,24.5,739.0,
2016-07-21 20:00:00,100.67,823.38,141.54,80.65,265.21,57.91,11.16,2.54,23.33,12.18,33.6,,,,,34.84,55.08,0.72,252.42,,0.0,13.0,740.0,
2016-07-21 21:00:00,99.0,763.0,233.4,88.57,360.76,65.84,10.54,2.95,20.96,15.37,41.04,,,,,34.4,57.58,0.72,266.0,,0.0,13.0,740.0,
2016-07-21 22:00:00,143.88,752.5,159.15,81.71,290.16,68.59,9.47,2.69,29.72,11.58,29.62,,,,,33.96,58.34,0.68,241.92,,0.0,13.0,740.0,
2016-07-21 23:00:00,105.5,633.5,78.62,65.47,165.7,67.39,8.24,2.29,36.96,11.96,29.72,,,,,33.88,59.16,1.3,125.58,,0.0,13.0,740.0,
2016-07-22 00:00:00,92.0,384.83,22.3,49.96,74.96,51.36,8.3,1.24,37.15,9.52,76.07,,,,,32.05,66.92,2.46,76.92,,0.0,13.0,740.0,
2016-07-22 01:00:00,82.0,259.17,5.63,40.9,44.11,44.16,7.82,0.99,20.57,6.02,46.39,,,,,31.47,67.0,1.53,87.16,,0.0,13.0,739.75,
2016-07-22 02:00:00,56.5,163.33,39.25,48.24,96.58,52.95,8.01,1.1,21.34,5.57,42.15,,,,,31.54,66.33,0.65,128.16,,0.0,13.0,739.0,
2016-07-22 03:00:00,56.33,220.0,68.18,51.7,139.17,56.28,9.09,1.23,25.07,6.62,34.24,,,,,31.73,64.58,1.27,250.08,,0.0,13.0,739.0,
2016-07-22 04:00:00,64.67,385.83,83.87,47.3,156.68,96.83,8.65,0.9,22.12,3.19,12.1,,,,,30.66,66.75,1.11,258.42,,0.0,13.16,739.58,
2016-07-22 05:00:00,50.5,261.33,125.26,48.32,214.04,81.85,8.91,1.1,15.94,3.36,9.63,,,,,31.02,64.83,1.1,209.5,,0.0,34.67,740.0,
2016-07-22 06:00:00,62.5,455.5,75.23,45.02,142.88,84.56,7.04,1.15,81.18,4.77,15.08,,,,,29.0,71.0,1.76,97.58,,0.0,241.33,740.0,
2016-07-22 07:00:00,63.17,267.83,55.65,48.94,119.61,76.88,7.4,1.2,109.32,7.78,109.42,,,,,29.58,71.0,2.52,88.83,,0.0,377.5,740.0,
2016-07-22 08:00:00,76.67,256.5,25.67,44.9,75.04,55.7,6.52,1.31,18.25,6.7,38.26,,,,,30.88,68.0,2.13,96.5,,0.0,406.58,740.0,
2016-07-22 09:00:00,63.67,215.5,32.31,50.03,88.74,44.74,7.02,1.13,26.56,7.51,31.5,,,,,34.48,56.92,1.97,149.08,,0.0,433.33,740.0,
2016-07-22 10:00:00,58.33,285.17,125.91,62.72,227.97,37.75,32.2,1.27,28.07,6.78,25.32,,,,,37.26,45.5,2.17,208.5,,0.0,438.17,740.0,
2016-07-22 11:00:00,67.67,393.0,144.98,80.27,269.56,33.6,12.82,1.22,27.42,5.57,16.63,,,,,39.86,38.83,1.68,261.34,,0.0,428.25,740.0,
2016-07-22 12:00:00,75.5,604.83,123.46,74.99,235.42,33.19,7.16,1.33,25.64,6.78,17.8,,,,,,38.17,1.65,255.5,,0.0,432.92,740.0,
2016-07-22 13:00:00,52.0,478.33,105.87,80.15,215.91,45.1,5.31,1.42,14.36,8.48,24.69,,,,,,44.0,2.74,160.75,,0.0,427.42,740.0,
2016-07-22 14:00:00,74.67,398.67,6.4,62.0,64.0,61.52,3.38,1.38,32.45,5.76,39.09,,,,,,53.92,3.53,98.58,,0.0,404.92,740.0,
2016-07-22 15:00:00,88.33,263.75,3.96,49.54,49.56,78.68,3.45,1.31,50.69,3.19,17.22,,,,,,54.58,3.69,95.67,,0.0,401.66,740.0,
2016-07-22 16:00:00,88.17,240.0,7.01,62.94,65.66,55.96,3.68,1.35,19.27,3.98,55.16,,,,,,57.75,4.08,81.75,,0.0,394.84,739.33,
2016-07-22 17:00:00,75.83,232.0,4.5,48.91,49.73,39.08,4.03,1.4,21.04,3.31,126.24,,,,,,61.5,3.66,87.83,,0.0,376.75,739.08,
2016-07-22 18:00:00,58.5,203.0,8.03,44.57,50.68,33.62,7.96,1.53,21.95,4.15,76.58,,,,,,66.58,3.94,79.67,,0.0,299.17,740.0,
2016-07-22 19:00:00,50.0,158.83,6.5,49.02,52.55,27.92,8.38,1.49,21.57,5.24,81.0,,,,,,70.91,4.22,94.17,,0.0,47.58,740.0,
2016-07-22 20:00:00,47.33,140.33,5.77,41.25,44.67,128.59,8.16,1.43,21.88,4.27,25.75,,,,,,73.17,4.42,87.75,,0.0,13.0,740.0,
2016-07-22 21:00:00,56.25,144.25,5.9,36.29,40.42,102.3,7.68,1.45,15.48,3.94,15.5,,,,,,74.91,3.46,96.67,,0.0,13.08,740.0,
2016-07-22 22:00:00,48.67,118.0,7.57,37.11,43.38,80.63,8.18,1.36,12.57,4.16,13.76,,,,,,76.0,3.42,100.42,,0.0,13.16,740.0,
2016-07-22 23:00:00,51.33,104.12,9.47,39.83,48.42,78.13,8.06,1.33,12.17,3.62,18.39,,,,,,75.25,2.89,108.5,,0.0,13.16,740.0,
2016-07-23 00:00:00,46.33,107.17,3.55,26.71,28.62,51.78,8.78,1.4,11.68,2.69,23.86,,,,,,75.08,3.23,115.0,,0.0,13.17,740.0,
2016-07-23 01:00:00,37.0,84.0,1.89,21.52,21.76,34.61,8.98,1.38,15.62,2.76,7.74,,,,,,75.25,3.28,111.84,,0.0,12.84,740.0,
2016-07-23 02:00:00,33.17,91.67,1.75,21.41,21.47,32.88,8.98,1.41,22.81,2.48,4.05,,,,,,75.5,2.78,135.58,,0.0,13.0,740.0,
2016-07-23 03:00:00,37.5,100.5,1.78,21.04,21.17,38.06,8.98,1.35,23.01,2.51,3.67,,,,,,76.16,2.64,111.25,,0.0,13.0,740.0,
2016-07-23 04:00:00,33.67,82.0,4.26,25.36,28.42,104.01,8.54,1.22,19.16,2.08,4.38,,,,,,76.59,3.1,95.92,,0.0,13.0,740.0,
2016-07-23 05:00:00,49.5,103.67,12.94,28.44,43.01,83.44,8.7,1.22,10.85,1.77,11.51,,,,,,77.0,3.98,85.83,,0.0,35.42,740.0,
2016-07-23 06:00:00,38.33,110.5,9.95,34.17,44.02,71.13,8.89,1.36,9.23,2.29,24.81,,,,,,75.33,3.72,85.75,,0.0,267.67,740.0,
2016-07-23 07:00:00,47.83,109.0,12.78,38.15,51.43,62.13,9.29,1.41,10.97,3.24,26.34,,,,,,71.59,4.19,88.5,,0.0,371.25,740.0,
2016-07-23 08:00:00,56.17,132.5,10.09,33.04,43.25,42.0,9.3,1.59,12.14,3.25,35.47,,,,,,65.75,4.21,93.25,,0.0,436.75,740.0,
2016-07-23 09:00:00,27.17,109.17,8.52,37.83,45.36,34.4,9.45,1.7,26.36,3.92,35.35,,,,,,62.21,4.06,97.12,,0.0,439.62,740.0,
2016-07-23 10:00:00,28.0,155.0,,,,,,,49.1,3.32,15.98,,,,,,59.75,3.88,92.42,,0.0,450.75,740.0,
2016-07-23 11:00:00,,,,,,,,,,,,,,,,,,,,,0.0,,,
2016-07-23 12:00:00,,,,,,,,,,,,,,,,,,,,,0.0,,,
2016-07-23 13:00:00,,,,,,,,,,,,,,,,,,,,,0.0,,,
2016-07-23 14:00:00,,,,,,,,,,,,,,,,,,,,,0.0,,,
2016-07-23 15:00:00,,,,,,,,,,,,,,,,,,,,,0.0,,,
2016-07-23 16:00:00,,,,,,,,,,,,,,,,,,,,,0.0,,,
2016-07-23 17:00:00,,,,,,,,,,,,,,,,,,,,,0.0,,,
2016-07-23 18:00:00,,,,,,,,,,,,,,,,,,,,,0.0,,,
2016-07-23 19:00:00,,,,,,,,,,,,,,,,,,,,,0.0,,,
2016-07-23 20:00:00,,,,,,,,,,,,,,,,,,,,,0.0,,,
2016-07-23 21:00:00,,,,,,,,,,,,,,,,,,,,,0.0,,,
2016-07-23 22:00:00,,,,,,,,,,,,,,,,,,,,,0.0,,,
2016-07-23 23:00:00,,,,,,,,,,,,,,,,,,,,,0.0,,,
2016-07-24 00:00:00,,,,,,,,,,,,,,,,,,,,,0.0,,,
2016-07-24 01:00:00,,,,,,,,,,,,,,,,,,,,,0.0,,,
2016-07-24 02:00:00,,,,,,,,,,,,,,,,,,,,,0.0,,,
2016-07-24 03:00:00,,,,,,,,,,,,,,,,,,,,,0.0,,,
2016-07-24 04:00:00,,,,,,,,,,,,,,,,,,,,,0.0,,,
2016-07-24 05:00:00,,,,,,,,,,,,,,,,,,,,,0.0,,,
2016-07-24 06:00:00,,,,,,,,,,,,,,,,,,,,,0.0,,,
2016-07-24 07:00:00,,,,,,,,,,,,,,,,,,,,,0.0,,,
2016-07-24 08:00:00,,,,,,,,,,,,,,,,,,,,,0.0,,,
2016-07-24 09:00:00,,,15.84,36.15,53.84,55.08,7.98,1.49,44.62,5.47,15.62,,,,,,,,,,0.0,,,
2016-07-24 10:00:00,,,143.72,82.63,197.97,118.92,18.38,1.76,20.97,5.67,21.1,,,,,,,,,,0.0,,,
2016-07-24 11:00:00,,,31.41,62.49,98.53,62.86,8.53,1.67,33.27,5.48,24.46,,,,,,,,,,0.0,,,
2016-07-24 12:00:00,79.33,264.33,10.93,54.64,63.61,54.32,7.94,1.72,76.66,6.38,23.08,,,,,30.35,72.5,2.64,106.5,,0.0,409.34,740.0,
2016-07-24 13:00:00,77.38,109.25,10.49,49.21,58.17,43.61,8.4,1.46,38.38,6.12,20.03,,,,,34.48,59.08,2.22,117.08,,0.0,438.08,740.0,
2016-07-24 14:00:00,53.67,103.62,13.14,57.98,69.6,40.07,8.32,1.73,103.44,5.43,35.1,,,,,33.75,61.16,2.44,87.08,,0.0,401.75,740.0,
2016-07-24 15:00:00,64.17,151.0,4.41,57.76,57.5,46.45,7.98,1.86,20.06,4.52,35.22,,,,,32.52,64.92,2.59,93.92,,0.0,362.25,740.0,
2016-07-24 16:00:00,75.83,162.83,5.0,63.07,63.0,83.81,7.97,1.77,12.93,6.52,31.5,,,,,32.34,65.0,1.97,104.92,,0.0,332.42,740.0,
2016-07-24 17:00:00,80.33,195.67,18.51,70.24,87.85,66.1,8.03,1.96,14.97,8.06,24.62,,,,,32.5,64.25,1.59,135.5,,0.0,335.34,740.0,
2016-07-24 18:00:00,84.33,201.0,9.07,72.54,77.02,61.39,8.93,1.88,13.44,10.34,30.91,,,,,32.15,65.0,1.32,122.34,,0.0,171.67,740.0,
2016-07-24 19:00:00,96.0,259.83,13.24,74.91,84.83,57.08,12.01,2.27,20.61,11.06,30.42,,,,,31.73,66.33,1.43,101.84,,0.0,25.21,740.0,
2016-07-24 20:00:00,98.17,262.33,33.3,84.42,120.74,45.83,9.12,2.66,32.76,12.08,34.28,,,,,31.42,67.67,0.92,143.17,,0.0,13.0,740.0,
2016-07-24 21:00:00,105.33,298.67,27.02,83.98,111.7,49.08,9.28,2.6,26.65,16.97,43.82,,,,,31.33,66.5,1.08,112.92,,0.0,13.0,740.0,
2016-07-24 22:00:00,88.17,274.0,46.85,84.28,139.09,52.25,9.66,2.54,25.05,14.38,36.32,,,,,31.24,67.25,0.85,150.5,,0.0,13.0,740.0,
2016-07-24 23:00:00,93.83,281.83,46.78,81.28,136.29,57.35,10.26,2.15,17.97,12.26,33.76,,,,,31.06,68.84,0.63,157.92,,0.0,13.0,740.0,
2016-07-25 00:00:00,92.83,268.33,47.42,77.21,133.54,80.88,7.4,1.56,4.71,9.66,27.82,,,,,30.76,70.58,0.55,171.42,,0.0,13.08,740.0,
2016-07-25 01:00:00,91.0,250.17,19.5,61.7,81.63,76.01,6.38,1.23,13.47,7.92,22.68,,,,,30.65,71.62,0.89,135.0,,0.0,13.08,740.0,
2016-07-25 02:00:00,87.83,225.33,32.84,52.74,91.84,75.38,6.38,1.64,12.84,7.16,17.28,,,,,30.41,72.33,0.5,177.17,,0.0,13.16,740.0,
2016-07-25 03:00:00,96.0,231.5,26.76,56.92,87.28,82.08,6.6,1.32,16.23,7.02,18.03,,,,,30.14,73.16,0.55,81.17,,0.0,13.16,740.0,
2016-07-25 04:00:00,81.5,270.83,31.83,51.4,89.29,71.64,7.34,1.49,18.74,6.02,29.02,,,,,30.02,72.17,0.65,79.75,,0.0,13.0,740.0,
2016-07-25 05:00:00,87.0,308.83,80.26,54.76,158.44,83.96,9.06,1.82,15.9,7.04,96.69,,,,,29.75,73.58,0.64,70.08,,0.0,51.0,740.0,
2016-07-25 06:00:00,125.83,645.83,69.79,55.34,144.59,86.28,5.61,1.98,14.85,12.03,106.48,,,,,30.82,71.75,0.73,99.75,,0.0,333.25,740.0,
2016-07-25 07:00:00,125.5,359.5,88.23,67.62,180.8,87.88,4.49,1.98,28.7,11.96,91.23,,,,,32.97,65.75,0.96,134.17,,0.0,399.33,740.0,
2016-07-25 08:00:00,150.5,373.5,108.1,73.52,213.16,104.69,3.61,1.96,89.45,10.45,40.58,,,,,35.47,57.92,0.93,199.58,,0.0,412.08,740.0,
2016-07-25 09:00:00,130.67,418.67,32.54,49.12,88.14,83.09,2.53,1.28,41.61,7.48,24.26,,,,,36.53,53.17,1.34,149.92,,0.0,427.25,740.0,
2016-07-25 10:00:00,94.17,238.67,86.28,72.77,110.83,155.15,14.2,1.33,13.19,5.01,16.09,,,,,36.86,50.67,1.56,164.67,,0.0,413.92,740.0,
2016-07-25 11:00:00,94.83,310.5,47.74,66.89,125.06,90.91,2.12,1.37,21.1,6.59,15.58,,,,,32.76,59.09,2.02,188.0,,0.0,357.42,740.0,
2016-07-25 12:00:00,93.12,469.25,52.09,62.11,126.4,58.06,7.43,1.26,31.86,7.77,23.37,,,,,30.6,66.42,1.78,192.58,,0.0,349.0,740.0,
2016-07-25 13:00:00,85.0,238.83,64.05,68.91,148.83,55.95,8.17,1.42,28.04,8.15,30.12,,,,,30.74,71.08,0.66,220.58,,0.0,382.42,740.0,
2016-07-25 14:00:00,75.33,266.0,52.48,81.53,144.33,57.63,8.7,1.42,31.59,8.08,42.64,,,,,33.42,60.92,0.79,149.0,,0.0,402.83,740.0,
2016-07-25 15:00:00,74.83,243.67,18.09,87.26,102.43,52.91,8.24,1.68,68.18,9.37,85.63,,,,,34.4,57.58,1.82,111.33,,0.0,405.16,740.0,
2016-07-25 16:00:00,68.83,187.67,16.4,110.47,120.79,91.81,7.89,1.75,51.24,15.91,61.79,,,,,33.8,60.59,1.83,119.83,,0.0,402.17,740.0,
2016-07-25 17:00:00,93.0,217.17,12.02,98.92,104.52,81.62,7.78,1.54,34.94,13.56,58.35,,,,,33.25,60.75,2.28,102.92,,0.0,373.16,740.0,
2016-07-25 18:00:00,91.33,223.17,7.82,73.36,76.04,69.94,9.33,1.35,19.79,10.18,35.25,,,,,32.52,60.42,2.26,111.25,,0.0,292.38,740.0,
2016-07-25 19:00:00,83.83,222.0,8.6,69.16,73.36,67.51,9.07,1.5,13.56,10.34,27.07,,,,,31.78,65.58,1.71,107.0,,0.0,30.92,740.0,
2016-07-25 20:00:00,90.33,224.5,20.56,77.06,96.73,54.92,9.24,2.12,29.72,14.22,34.65,,,,,31.58,68.66,1.6,112.08,,0.0,13.0,740.0,
2016-07-25 21:00:00,103.33,258.5,24.9,79.84,105.15,64.36,9.36,2.21,24.8,16.14,45.33,,,,,31.38,71.5,1.32,117.83,,0.0,13.0,740.0,
2016-07-25 22:00:00,111.33,236.17,26.32,62.76,91.86,69.78,9.19,1.91,24.42,12.11,31.99,,,,,31.15,73.75,1.18,122.75,,0.0,12.92,740.0,
2016-07-25 23:00:00,114.83,218.33,35.15,62.12,103.33,84.78,9.34,2.09,23.68,12.59,33.35,,,,,30.98,74.08,1.54,105.5,,0.0,13.0,740.0,
2016-07-26 00:00:00,95.67,236.0,17.6,50.6,69.1,105.73,8.43,1.36,10.54,9.83,40.3,,,,,30.37,75.75,1.54,104.04,,0.0,13.0,740.0,
2016-07-26 01:00:00,78.33,162.17,9.5,41.99,50.37,90.81,8.18,1.14,22.6,5.88,56.58,,,,,30.08,76.0,1.6,111.16,,0.0,13.08,740.0,
2016-07-26 02:00:00,74.0,146.5,6.04,33.04,37.69,84.58,7.96,1.04,22.24,4.96,33.69,,,,,29.93,75.75,1.07,109.42,,0.0,13.0,740.0,
2016-07-26 03:00:00,68.33,161.67,9.04,38.25,46.44,86.52,7.94,1.06,23.87,5.26,23.26,,,,,29.78,75.58,1.23,90.67,,0.0,13.08,740.0,
2016-07-26 04:00:00,66.83,153.17,12.02,40.52,52.5,71.19,8.04,1.12,24.03,6.08,45.22,,,,,29.62,75.42,1.62,96.08,,0.0,13.0,740.0,
2016-07-26 05:00:00,75.75,154.67,17.02,39.24,58.21,77.18,8.02,1.17,21.98,5.38,39.24,,,,,29.27,76.83,1.67,84.83,,0.0,41.66,740.0,
2016-07-26 06:00:00,76.33,166.5,23.1,41.63,68.66,81.06,7.82,1.36,19.61,7.2,33.14,,,,,29.47,76.58,1.76,85.66,,0.0,301.92,740.0,
2016-07-26 07:00:00,81.83,161.67,27.05,40.28,72.84,80.25,7.66,1.44,21.88,4.08,13.55,,,,,30.05,75.33,2.17,95.08,,0.0,384.25,740.0,
2016-07-26 08:00:00,76.33,148.5,29.94,44.22,80.28,93.39,8.29,1.42,17.79,5.21,17.84,,,,,31.04,72.75,2.03,119.66,,0.0,399.75,740.0,
2016-07-26 09:00:00,77.67,145.67,15.99,46.21,63.01,81.56,8.16,1.48,42.35,6.98,27.39,,,,,32.36,69.0,2.34,106.5,,0.0,412.84,740.0,
2016-07-26 10:00:00,77.67,183.17,50.78,59.3,64.4,171.45,19.56,1.18,35.88,7.68,25.98,,,,,32.99,67.5,2.78,97.08,,0.0,426.08,740.0,
2016-07-26 11:00:00,86.0,175.33,7.18,43.04,48.12,85.38,8.04,1.2,29.19,7.48,28.78,,,,,34.11,64.33,3.19,108.0,,0.0,436.67,740.0,
2016-07-26 12:00:00,83.17,153.0,4.58,34.44,36.94,53.87,7.31,1.0,27.84,6.11,28.31,,,,,35.61,59.58,3.79,99.0,,0.0,448.08,740.0,
2016-07-26 13:00:00,69.0,138.83,10.63,40.14,50.27,45.48,7.93,0.98,16.04,5.48,39.35,,,,,35.06,58.42,2.76,151.0,,0.0,408.33,740.0,
2016-07-26 14:00:00,69.33,199.33,55.56,53.61,123.74,50.73,8.86,1.18,24.72,9.05,49.43,,,,,29.92,70.17,2.41,285.92,,0.0,115.5,740.0,
2016-07-26 15:00:00,63.5,303.67,37.94,40.72,88.04,59.83,7.98,1.08,28.22,3.49,13.81,,,,,28.64,83.42,1.27,208.25,,0.0,119.75,740.0,
2016-07-26 16:00:00,28.67,42.0,28.9,49.47,83.55,76.85,8.12,1.13,87.54,5.9,40.84,,,,,28.68,83.92,1.58,78.67,,0.0,172.5,740.0,
2016-07-26 17:00:00,48.17,55.67,39.32,51.88,99.92,63.59,9.56,1.58,70.11,9.02,140.57,,,,,26.71,81.92,2.83,81.09,,0.0,272.25,740.0,
2016-07-26 18:00:00,69.67,107.5,7.93,40.78,47.16,58.1,8.1,0.97,16.33,5.54,42.59,,,,,27.87,77.25,4.04,97.25,,0.0,183.75,740.0,
2016-07-26 19:00:00,23.67,26.5,12.37,39.71,52.3,54.68,8.21,1.11,14.74,5.41,18.96,,,,,28.03,76.17,3.08,102.67,,0.0,17.25,740.0,
2016-07-26 20:00:00,29.33,41.83,13.03,44.54,57.49,50.31,7.78,1.12,23.49,5.9,19.18,,,,,28.15,76.08,3.08,93.75,,0.0,14.16,740.0,
2016-07-26 21:00:00,39.5,76.67,9.12,37.97,46.31,50.94,8.09,0.98,19.25,5.12,18.18,,,,,28.08,76.67,3.19,93.83,,0.0,14.08,740.0,
2016-07-26 22:00:00,30.33,51.5,6.76,29.14,35.17,50.42,7.63,0.76,21.59,3.95,15.77,,,,,27.82,77.92,3.04,92.92,,0.0,14.58,740.0,
2016-07-26 23:00:00,24.0,33.5,10.26,33.07,43.48,49.46,8.18,0.9,21.12,2.97,62.79,,,,,27.56,78.41,3.79,89.34,,0.0,14.42,740.0,
2016-07-27 00:00:00,30.83,30.0,3.83,22.29,25.09,63.61,8.0,1.32,14.86,1.88,21.65,,,,,27.24,78.0,5.35,92.58,,0.0,14.67,740.0,
2016-07-27 01:00:00,16.67,25.5,3.18,16.6,19.12,53.64,7.92,1.29,14.72,1.58,6.5,,,,,26.94,79.0,4.4,90.5,,0.0,14.67,740.0,
2016-07-27 02:00:00,25.17,26.67,2.96,16.18,18.48,49.74,8.04,1.23,15.42,1.58,5.07,,,,,26.87,79.33,4.43,91.84,,0.0,14.92,740.0,
2016-07-27 03:00:00,25.0,19.33,2.72,15.13,17.14,46.92,23.44,1.21,10.96,1.51,2.94,,,,,26.8,80.0,3.86,96.34,,0.0,15.0,740.0,
2016-07-27 04:00:00,21.5,19.0,4.06,17.64,21.24,38.22,7.63,1.25,22.39,1.45,3.33,,,,,26.89,80.08,3.84,91.75,,0.0,14.42,740.0,
2016-07-27 05:00:00,29.33,34.83,5.52,18.47,23.98,34.28,7.58,1.29,19.97,1.43,3.62,,,,,27.03,80.92,3.49,89.92,,0.0,20.17,740.0,
2016-07-27 06:00:00,31.33,43.0,13.31,23.16,38.79,35.16,8.17,1.39,20.63,1.94,11.1,,,,,27.32,79.92,3.12,92.5,,0.0,218.16,740.0,
2016-07-27 07:00:00,34.0,62.33,21.88,29.92,56.55,38.93,8.98,1.44,21.18,4.1,19.07,,,,,27.98,78.33,3.19,92.08,,0.0,388.08,740.0,
2016-07-27 08:00:00,40.5,60.83,13.42,26.85,42.26,56.35,9.02,1.36,16.32,3.59,18.36,,,,,27.95,77.67,3.66,91.42,,0.0,370.33,740.0,
2016-07-27 09:00:00,44.67,69.5,14.41,26.16,42.98,49.74,9.25,1.39,36.8,4.35,14.1,,,,,28.56,76.33,3.63,93.25,,0.0,406.17,740.0,
2016-07-27 10:00:00,29.25,69.17,63.58,48.15,56.6,104.88,20.25,1.25,10.32,3.98,15.19,,,,,29.96,72.25,3.37,97.5,,0.0,427.08,740.0,
2016-07-27 11:00:00,39.17,76.5,8.64,34.85,42.84,69.21,9.28,1.2,11.73,3.7,11.43,,,,,30.42,69.5,3.05,95.92,,0.0,414.08,740.0,
2016-07-27 12:00:00,47.0,65.83,10.06,35.26,45.17,44.68,8.52,1.31,19.5,3.58,43.94,,,,,30.86,67.92,3.89,85.25,,0.0,414.25,740.0,
2016-07-27 13:00:00,55.17,101.83,20.46,31.12,55.67,40.95,8.88,1.34,18.72,4.06,64.37,,,,,28.29,76.58,4.82,81.58,,0.0,364.08,740.0,
2016-07-27 14:00:00,44.5,100.5,23.39,31.77,60.28,36.89,8.78,1.38,16.28,5.48,83.86,,,,,26.96,80.66,2.72,95.75,,0.0,301.42,740.0,
2016-07-27 15:00:00,37.67,48.33,24.08,45.03,73.02,39.78,9.27,1.54,23.08,4.62,54.66,,,,,27.13,82.0,2.05,90.83,,0.0,377.84,740.0,
2016-07-27 16:00:00,45.17,57.67,66.19,45.08,130.53,53.73,9.93,1.51,20.48,6.03,109.43,,,,,27.62,82.0,1.12,140.84,,0.0,360.84,740.0,
2016-07-27 17:00:00,62.67,89.83,94.32,42.42,166.72,44.71,10.71,1.46,31.7,5.35,41.62,,,,,27.76,82.58,0.68,134.0,,0.0,325.08,740.0,
2016-07-27 18:00:00,49.5,72.33,93.24,44.34,166.87,44.27,11.45,1.67,127.67,5.96,73.69,,,,,27.75,82.0,0.68,142.58,,0.0,178.42,740.0,
2016-07-27 19:00:00,65.33,132.83,103.19,44.3,180.38,44.36,11.56,1.86,45.15,8.32,71.65,,,,,27.52,82.75,0.61,164.83,,0.0,20.25,740.0,
2016-07-27 20:00:00,57.83,98.5,64.12,42.84,125.71,36.14,10.3,1.77,31.38,8.77,39.1,,,,,27.44,83.0,0.49,222.33,,0.0,13.83,740.0,
2016-07-27 21:00:00,61.83,82.33,47.88,41.49,102.33,34.32,10.4,1.82,34.52,9.93,30.9,,,,,27.32,83.92,1.18,97.17,,0.0,13.84,740.0,
2016-07-27 22:00:00,62.17,91.33,53.9,38.91,108.26,38.3,10.68,1.68,41.18,8.38,134.32,,,,,27.78,83.0,1.45,81.59,,0.0,13.84,740.0,
2016-07-27 23:00:00,71.0,111.67,35.86,41.03,85.52,40.68,10.66,1.67,48.76,10.08,158.36,,,,,28.1,81.58,1.53,79.92,,0.0,13.33,740.0,
2016-07-28 00:00:00,80.17,141.5,29.08,36.94,72.62,57.55,10.75,1.8,19.22,5.6,71.91,,,,,27.71,80.08,0.94,91.84,,0.0,13.75,740.0,
2016-07-28 01:00:00,54.5,81.33,36.33,31.47,77.63,54.64,12.0,1.6,91.78,8.03,172.16,,,,,27.31,81.58,0.82,68.34,,0.0,14.08,740.0,
2016-07-28 02:00:00,71.17,109.33,21.23,33.72,59.04,50.16,11.26,1.52,25.12,8.09,188.93,,,,,27.36,81.5,1.32,92.83,,0.0,14.0,740.0,
2016-07-28 03:00:00,63.88,66.75,11.33,29.3,41.56,44.84,10.36,1.28,12.58,4.78,51.92,,,,,27.57,80.42,1.54,83.5,,0.0,14.08,740.0,
2016-07-28 04:00:00,42.33,71.33,12.27,28.47,42.13,39.17,15.14,1.35,21.36,3.87,57.72,,,,,27.52,80.0,1.86,89.5,,0.0,14.0,740.0,
2016-07-28 05:00:00,43.67,67.67,13.11,26.72,41.69,35.78,10.23,1.14,20.87,3.05,48.46,,,,,27.49,80.0,1.82,90.83,,0.0,52.25,740.0,
2016-07-28 06:00:00,42.0,65.5,15.51,25.84,44.19,39.39,9.22,1.32,20.35,3.84,34.91,,,,,27.54,80.25,2.34,89.08,,0.0,220.5,740.0,
2016-07-28 07:00:00,41.67,62.67,15.28,25.56,43.65,41.94,9.32,1.35,20.85,5.18,18.92,,,,,27.98,79.5,2.71,94.67,,0.0,381.58,740.0,
2016-07-28 08:00:00,38.17,61.17,12.33,25.62,39.67,60.74,10.02,1.23,11.59,4.02,17.99,,,,,28.73,76.75,2.98,95.08,,0.0,412.08,740.0,
2016-07-28 09:00:00,28.83,61.0,10.76,25.5,37.41,52.82,9.24,1.27,45.34,4.1,13.72,,,,,30.18,70.71,2.88,105.21,,0.0,424.79,740.0,
2016-07-28 10:00:00,30.0,57.33,9.48,28.87,38.68,48.98,9.48,1.23,14.85,5.16,12.95,,,,,30.51,68.75,2.82,96.5,,0.0,428.25,740.0,
2016-07-28 11:00:00,39.67,63.17,10.37,28.2,39.28,45.96,9.34,1.13,16.44,4.34,14.74,,,,,32.18,64.25,2.44,106.17,,0.0,445.92,740.0,
2016-07-28 12:00:00,41.0,64.0,7.61,31.78,38.74,39.53,9.52,1.23,21.52,4.82,20.73,,,,,31.84,65.5,2.77,102.42,,0.0,428.84,740.0,
2016-07-28 13:00:00,53.83,89.33,8.92,30.72,39.54,41.21,13.28,1.1,20.11,5.07,26.01,,,,,31.22,64.66,3.82,94.17,,0.0,431.25,740.0,
2016-07-28 14:00:00,43.67,90.67,13.29,34.52,48.87,38.69,14.59,1.02,22.91,3.78,21.84,,,,,32.04,63.58,2.94,89.83,,0.0,429.16,740.0,
2016-07-28 15:00:00,46.67,87.67,18.48,43.29,63.8,37.32,9.74,1.01,20.99,3.19,25.0,,,,,32.07,61.96,2.35,93.29,,0.0,413.79,740.0,
2016-07-28 16:00:00,47.17,114.5,32.38,42.19,81.8,51.13,9.68,1.06,9.65,4.14,31.0,,,,,31.02,65.66,1.55,152.0,,0.0,297.75,740.0,
2016-07-28 17:00:00,56.0,253.5,70.19,44.1,135.18,45.2,10.06,1.33,9.41,4.66,29.73,,,,,28.81,74.5,1.26,177.5,,0.0,159.83,740.0,
2016-07-28 18:00:00,49.83,127.83,152.55,55.78,257.68,44.52,19.52,1.91,15.19,9.58,32.95,,,,,28.28,77.58,0.62,258.0,,0.0,51.75,740.0,
2016-07-28 19:00:00,69.0,189.17,155.9,51.83,255.26,40.34,11.98,1.75,15.76,14.92,44.97,,,,,27.34,81.92,0.38,286.41,,0.0,16.92,740.0,
2016-07-28 20:00:00,66.5,76.33,112.28,57.87,204.95,34.18,10.74,2.21,28.19,13.18,38.28,,,,,27.62,83.58,0.31,205.75,,0.0,14.25,740.0,
2016-07-28 21:00:00,60.17,88.67,68.17,56.34,143.29,36.1,11.2,2.71,151.0,20.32,71.53,,,,,27.79,84.0,0.71,94.92,,0.0,14.67,740.0,
2016-07-28 22:00:00,89.17,112.83,70.0,49.44,139.66,39.3,10.78,1.87,182.02,18.56,72.65,,,,,27.43,84.0,0.83,102.25,,0.0,14.84,740.0,
2016-07-28 23:00:00,73.67,83.5,52.22,41.28,108.08,40.66,9.77,1.25,86.28,8.71,43.57,,,,,27.02,84.0,0.76,112.84,,0.0,16.25,740.0,
2016-07-29 00:00:00,43.17,37.33,39.25,39.56,88.83,58.1,9.26,1.65,,6.15,29.37,,,,,26.74,83.92,0.51,111.42,,0.0,18.25,740.0,
2016-07-29 01:00:00,48.33,28.33,36.94,35.1,81.71,52.57,9.42,1.72,62.25,6.07,29.72,,,,,26.68,83.83,0.75,73.75,,0.0,21.25,740.0,
2016-07-29 02:00:00,51.5,79.38,30.79,30.0,68.75,51.16,9.46,1.68,128.42,5.96,28.08,,,,,26.62,84.0,0.4,84.75,,0.0,22.5,740.0,
2016-07-29 03:00:00,83.17,113.83,29.18,28.92,65.6,49.22,9.9,1.69,24.83,7.28,65.79,,,,,26.62,84.0,0.42,120.84,,0.0,24.17,740.0,
2016-07-29 04:00:00,78.17,130.5,35.58,30.36,75.66,40.86,9.22,1.75,117.52,5.58,40.15,,,,,26.56,84.0,0.58,97.92,,0.0,21.92,740.0,
2016-07-29 05:00:00,73.5,117.0,81.77,29.31,137.82,42.38,9.96,1.95,48.49,4.59,29.52,,,,,26.61,84.08,0.68,115.08,,0.0,30.84,740.0,
2016-07-29 06:00:00,71.5,114.17,109.66,35.03,181.04,47.39,9.93,2.19,141.65,5.42,34.04,,,,,26.99,84.0,0.33,203.83,,0.0,158.08,740.0,
2016-07-29 07:00:00,76.33,123.83,90.7,36.5,156.4,56.54,9.23,2.15,32.55,7.57,31.47,,,,,27.43,83.17,1.04,94.42,,0.0,334.92,740.0,
2016-07-29 08:00:00,87.17,115.5,39.18,34.45,84.18,68.84,8.79,2.12,43.92,7.15,44.71,,,,,27.74,82.58,1.51,83.58,,0.0,336.5,740.0,
2016-07-29 09:00:00,86.0,112.5,48.82,36.94,99.54,68.68,9.04,2.24,3.4,7.71,93.25,,,,,28.18,81.84,1.75,90.25,,0.0,359.75,740.0,
2016-07-29 10:00:00,94.0,151.83,81.79,30.55,138.57,48.34,28.51,1.94,35.49,6.56,66.04,,,,,27.01,81.67,2.23,105.67,,0.0,353.83,740.0,
2016-07-29 11:00:00,68.5,122.5,163.98,37.18,256.99,53.09,14.12,2.58,,5.29,71.92,,,,,28.32,83.42,0.63,154.42,,0.0,412.67,740.0,
2016-07-29 12:00:00,107.0,157.67,87.29,67.03,178.96,43.33,7.45,2.15,29.0,6.56,38.84,,,,,28.55,82.16,0.81,179.58,,0.0,391.42,740.0,
2016-07-29 13:00:00,61.17,44.67,54.28,53.01,121.4,50.74,6.14,2.34,17.52,6.0,24.89,,,,,29.62,79.42,0.62,249.83,,0.0,418.25,740.0,
2016-07-29 14:00:00,57.17,51.83,48.98,55.28,116.07,51.03,5.78,2.24,21.18,11.41,48.51,,,,,30.51,75.5,1.56,152.67,,0.0,413.5,740.0,
2016-07-29 15:00:00,52.67,129.0,17.65,36.57,56.67,54.48,4.82,1.69,35.89,4.22,55.28,,,,,,77.08,2.98,112.75,,0.0,217.75,740.0,
2016-07-29 16:00:00,24.83,147.17,59.65,40.87,117.86,62.92,5.41,1.94,13.66,3.46,30.3,,,,,,80.59,0.71,178.0,,0.0,182.25,740.0,
2016-07-29 17:00:00,21.33,41.33,83.73,46.18,155.5,51.97,6.38,2.17,6.18,6.64,41.38,,,,,,82.42,0.51,79.83,,0.0,242.5,740.0,
2016-07-29 18:00:00,39.0,65.5,109.09,48.67,192.26,51.14,9.43,2.68,112.6,10.69,81.79,,,,,,83.5,0.76,114.67,,0.0,180.83,740.0,
2016-07-29 19:00:00,66.67,99.83,36.14,48.97,92.99,48.21,8.77,2.35,44.48,13.12,201.45,,,,,,82.75,1.72,96.0,,0.0,55.33,740.0,
2016-07-29 20:00:00,53.0,72.17,36.14,46.32,90.61,40.58,7.64,2.31,20.67,8.38,50.01,,,,,,82.0,1.56,109.92,,0.0,51.83,740.0,
2016-07-29 21:00:00,40.67,22.0,27.78,42.42,75.74,40.85,7.53,2.04,18.46,7.64,41.5,,,,,,82.83,1.82,101.66,,0.0,49.58,740.0,
2016-07-29 22:00:00,28.67,61.0,18.87,40.06,61.45,41.3,7.28,1.8,19.76,6.09,28.46,,,,,,83.0,1.77,92.67,,0.0,51.25,740.0,
2016-07-29 23:00:00,25.67,27.33,8.59,33.82,41.88,42.16,6.82,1.43,18.09,3.81,19.59,,,,,,81.33,2.78,86.92,,0.0,57.0,740.0,
2016-07-30 00:00:00,20.33,8.83,5.67,23.28,28.46,49.44,8.19,1.4,10.17,2.18,20.56,,,,,,81.75,2.39,88.75,,0.0,52.0,740.0,
2016-07-30 01:00:00,29.0,15.0,6.86,23.19,30.01,47.97,8.69,1.38,13.44,2.04,63.73,,,,,,82.92,2.17,84.5,,0.0,51.17,740.0,
2016-07-30 02:00:00,33.17,33.33,4.61,20.94,24.94,44.1,8.18,1.29,13.63,1.86,25.22,,,,,,83.0,2.33,85.08,,0.0,50.75,740.0,
2016-07-30 03:00:00,25.0,21.17,6.58,22.72,29.24,42.41,8.4,1.3,14.23,1.63,15.01,,,,,,83.0,2.06,84.92,,0.0,49.92,740.0,
2016-07-30 04:00:00,35.17,31.83,13.83,25.77,41.86,36.94,8.44,1.52,23.14,1.98,34.85,,,,,,83.0,2.05,85.0,,0.0,44.34,740.0,
2016-07-30 05:00:00,62.5,61.33,25.14,27.75,59.02,33.68,9.36,1.59,19.08,3.03,86.98,,,,,,83.83,2.17,83.92,,0.0,57.83,740.0,
2016-07-30 06:00:00,66.83,83.67,20.32,29.64,54.16,34.92,9.64,1.53,20.42,2.67,91.9,,,,,,84.0,1.73,95.16,,0.0,268.25,740.0,
2016-07-30 07:00:00,48.67,58.17,14.72,29.87,46.74,36.17,9.56,1.55,19.88,4.06,18.37,,,,,,82.84,1.81,95.84,,0.0,379.42,740.0,
2016-07-30 08:00:00,39.67,39.0,15.48,28.91,46.86,53.44,9.71,1.56,18.43,3.91,13.82,,,,,,79.67,1.85,103.42,,0.0,400.84,740.0,
2016-07-30 09:00:00,53.17,42.33,42.54,32.66,87.04,48.6,10.6,1.59,1.8,4.54,23.62,,,,,,79.17,0.85,143.33,,0.0,424.33,740.0,
2016-07-30 10:00:00,52.83,76.5,39.96,35.86,85.78,35.59,27.22,1.29,31.12,4.78,49.29,,,,,,69.5,0.65,185.92,,0.0,429.92,740.0,
2016-07-30 11:00:00,50.83,185.83,19.38,39.33,61.49,41.49,12.86,1.74,30.92,4.42,42.68,,,,,,72.67,2.35,91.0,,0.0,418.0,740.0,
2016-07-30 12:00:00,69.0,262.33,41.26,42.42,94.18,31.45,7.55,1.81,90.82,4.14,93.98,,,,,,70.0,1.35,146.25,,0.0,454.92,740.0,
2016-07-30 13:00:00,61.67,124.5,16.72,34.55,53.63,34.07,6.08,1.58,36.71,4.56,41.48,,,,,,73.5,2.31,118.34,,0.0,368.08,740.0,
2016-07-30 14:00:00,48.75,214.83,37.75,42.82,89.67,38.62,6.24,1.98,18.56,4.74,41.52,,,,,,82.08,1.65,98.25,,0.0,214.08,740.0,
2016-07-30 15:00:00,43.33,33.67,152.71,44.76,248.27,41.38,8.15,2.23,154.48,5.01,39.72,,,,,,84.0,0.43,249.0,,0.0,294.75,740.0,
2016-07-30 16:00:00,56.5,57.0,157.68,54.05,263.56,52.94,8.93,2.61,40.27,9.08,46.38,,,,,,85.0,0.59,239.0,,0.0,338.17,740.0,
2016-07-30 17:00:00,41.67,59.67,92.42,56.53,176.62,48.48,7.32,2.56,13.35,13.73,48.78,,,,,,84.17,0.84,143.83,,0.0,140.58,740.0,
2016-07-30 18:00:00,56.12,74.62,123.84,50.47,214.01,44.18,9.76,2.78,12.82,15.72,43.35,,,,,,84.0,0.3,168.75,,0.0,106.92,740.0,
2016-07-30 19:00:00,63.17,81.17,76.82,45.14,145.12,39.24,9.46,3.14,12.42,15.79,47.8,,,,,,84.0,0.9,114.92,,0.0,26.42,740.0,
2016-07-30 20:00:00,57.33,54.83,56.4,49.11,120.99,32.83,9.33,2.62,19.12,16.05,49.89,,,,,,83.58,0.99,94.92,,0.0,22.92,740.0,
2016-07-30 21:00:00,49.0,45.17,32.12,46.88,85.62,28.83,8.61,2.3,16.53,9.35,39.19,,,,,,82.75,1.0,83.92,,0.0,24.08,740.0,
2016-07-30 22:00:00,48.0,51.83,33.59,44.62,85.63,30.88,8.36,2.17,20.26,6.5,24.81,,,,,,82.0,1.14,89.34,,0.0,27.5,740.0,
2016-07-30 23:00:00,42.33,56.5,27.65,42.83,75.91,35.72,9.68,1.91,20.92,4.42,18.72,,,,,,82.0,1.36,85.33,,0.0,29.34,740.0,
2016-07-31 00:00:00,41.67,60.67,21.39,34.88,60.28,57.14,9.57,1.56,14.93,3.49,72.97,,,,,,82.17,1.46,123.34,,0.0,27.92,740.0,
2016-07-31 01:00:00,55.67,72.5,24.33,33.34,62.94,51.34,9.22,1.59,108.0,5.9,108.53,,,,,,83.0,0.77,70.75,,0.0,28.5,740.0,
2016-07-31 02:00:00,59.33,84.5,20.67,31.67,56.45,48.78,8.86,1.34,20.49,5.85,82.74,,,,,,83.17,1.12,77.91,,0.0,31.33,740.0,
2016-07-31 03:00:00,58.0,57.33,23.08,29.84,58.09,46.95,8.58,1.38,47.1,5.74,107.92,,,,,,84.0,0.56,90.17,,0.0,34.42,740.0,
2016-07-31 04:00:00,45.5,62.17,35.32,28.76,73.84,36.21,8.88,1.57,119.79,4.64,90.5,,,,,,84.0,0.46,111.75,,0.0,32.42,740.0,
2016-07-31 05:00:00,58.5,80.67,75.36,27.34,127.28,32.42,38.83,1.66,85.98,6.38,81.36,,,,,,84.25,0.38,197.42,,0.0,45.25,740.0,
2016-07-31 06:00:00,61.33,93.0,95.98,27.13,155.25,35.15,7.41,1.71,85.08,5.01,28.68,,,,,,84.5,0.52,160.75,,0.0,176.25,740.0,
2016-07-31 07:00:00,63.17,83.5,85.06,29.79,142.75,38.74,6.89,1.66,24.69,4.41,18.37,,,,,,84.0,0.42,178.42,,0.0,373.92,740.0,
2016-07-31 08:00:00,66.17,62.83,86.08,28.55,142.94,67.16,6.79,1.62,24.61,4.96,17.39,,,,,,82.5,0.71,144.33,,0.0,397.83,740.0,
2016-07-31 09:00:00,75.67,80.83,87.82,33.05,149.36,59.47,6.67,1.83,,4.04,13.28,,,,,,78.92,0.7,171.92,,0.0,413.58,740.0,
2016-07-31 10:00:00,68.0,114.83,60.44,32.48,110.86,47.62,24.52,1.34,33.24,4.17,12.51,,,,,,75.17,0.98,168.75,,0.0,415.25,740.0,
2016-07-31 11:00:00,59.83,62.83,53.18,30.26,99.6,46.23,7.67,1.48,20.99,3.33,9.74,,,,,,73.17,1.26,139.5,,0.0,422.42,740.0,
2016-07-31 12:00:00,45.83,64.5,24.22,28.42,58.41,37.45,16.58,1.24,27.18,3.01,9.89,,,,,,70.84,2.22,103.25,,0.0,434.25,740.0,
2016-07-31 13:00:00,50.83,92.83,15.39,28.18,46.12,46.1,11.77,1.14,32.07,2.39,8.23,,,,,,67.41,2.38,100.75,,0.0,432.92,740.0,
2016-07-31 14:00:00,27.83,48.83,66.63,38.41,125.22,48.9,,1.31,23.86,2.12,6.49,,,,,,66.75,1.99,130.0,,0.0,425.75,740.0,
2016-07-31 15:00:00,17.0,58.67,21.28,31.93,57.51,47.98,15.8,0.96,78.8,2.7,11.0,,,,,30.68,68.0,2.99,86.34,,0.0,428.5,740.0,
2016-07-31 16:00:00,16.5,63.17,19.6,27.5,51.26,67.7,,1.08,47.51,3.22,30.04,,,,,31.29,67.0,2.64,111.25,,0.0,433.33,740.0,
2016-07-31 17:00:00,13.83,74.5,17.55,28.36,49.15,59.27,21.4,1.12,41.07,2.82,22.79,,,,,30.0,68.75,3.42,81.0,,0.0,373.58,740.0,
2016-07-31 18:00:00,14.5,102.0,13.94,31.66,47.26,57.58,,0.92,36.76,3.04,31.5,,,,,29.2,70.0,2.98,81.58,,0.0,227.16,740.0,
2016-07-31 19:00:00,24.0,107.0,24.37,41.41,70.18,53.76,,1.5,44.42,5.38,75.72,,,,,28.52,73.42,1.75,90.83,,0.0,19.67,740.0,
2016-07-31 20:00:00,35.5,125.83,21.13,43.06,67.23,43.8,,1.7,26.02,7.32,82.91,,,,,28.29,75.17,1.84,105.42,,0.0,13.08,740.0,
2016-07-31 21:00:00,45.67,97.67,20.55,39.98,63.69,40.38,,1.81,24.26,6.91,45.82,,,,,27.99,77.16,2.22,83.42,,0.0,13.0,740.0,
2016-07-31 22:00:00,56.5,103.67,10.41,37.03,47.2,40.51,,1.34,24.29,3.74,32.43,,,,,27.92,78.59,1.68,97.25,,0.0,13.0,740.0,
2016-07-31 23:00:00,41.17,65.5,6.6,28.61,34.51,38.56,,1.18,23.52,0.97,5.13,,,,,27.86,79.25,2.32,87.92,,0.0,12.92,740.0,
2016-08-01 00:00:00,26.5,56.17,5.1,24.0,28.33,53.02,8.56,1.58,14.78,1.09,4.93,,,,,27.73,80.0,1.66,91.58,,0.0,13.0,740.0,
2016-08-01 01:00:00,25.33,52.17,4.3,22.22,25.67,47.97,29.88,1.62,10.96,1.13,6.98,,,,,27.6,80.33,2.04,83.42,,0.0,13.0,740.0,
2016-08-01 02:00:00,32.83,73.83,4.4,23.22,26.69,45.58,107.27,1.55,15.09,1.18,17.71,,,,,27.35,81.42,1.97,87.75,,0.0,13.08,740.0,
2016-08-01 03:00:00,37.0,49.17,4.73,21.99,26.04,43.43,51.11,1.6,16.46,1.48,11.91,,,,,27.18,82.0,1.8,88.0,,0.0,13.25,740.0,
2016-08-01 04:00:00,42.67,41.0,12.78,26.96,41.49,36.97,,1.65,24.66,3.34,49.59,,,,,27.11,82.92,2.1,79.67,,0.0,13.0,740.0,
2016-08-01 05:00:00,70.0,99.33,20.2,27.75,52.3,35.4,,1.71,22.62,4.74,143.94,,,,,27.11,83.0,1.88,84.08,,0.0,17.79,740.0,
2016-08-01 06:00:00,67.33,116.5,40.98,28.08,80.98,38.86,,1.88,35.22,5.32,153.46,,,,,27.17,83.0,1.56,85.75,,0.0,113.84,740.0,
2016-08-01 07:00:00,76.17,116.33,41.44,31.89,84.99,40.86,,1.73,73.07,6.48,74.2,,,,,27.48,82.34,2.4,89.42,,0.0,349.5,740.0,
2016-08-01 08:00:00,61.83,103.0,26.89,28.76,62.33,61.89,,1.62,22.96,4.28,55.64,,,,,28.31,79.25,3.54,83.58,,0.0,416.25,740.0,
2016-08-01 09:00:00,60.0,105.67,23.08,27.07,55.61,53.27,,1.66,3.7,4.94,95.98,,,,,28.99,75.5,3.74,85.5,,0.0,416.58,740.0,
2016-08-01 10:00:00,49.83,110.17,8.0,20.28,29.02,35.78,,1.42,14.21,3.14,32.38,,,,,29.21,73.58,4.15,92.5,,0.0,426.83,740.0,
2016-08-01 11:00:00,23.67,71.0,8.33,19.72,28.93,39.33,,1.48,23.22,2.56,17.33,,,,,30.6,68.37,4.26,109.42,,0.0,450.96,740.0,
2016-08-01 12:00:00,25.67,89.83,7.42,23.73,31.28,33.08,8.91,1.52,29.4,2.42,17.66,,,,,31.36,65.91,3.81,101.08,,0.0,447.58,740.0,
2016-08-01 13:00:00,45.0,66.33,8.55,23.24,32.35,32.48,8.0,1.42,27.9,2.47,19.81,,,,,32.38,62.67,4.7,101.42,,0.0,460.0,740.0,
2016-08-01 14:00:00,48.5,106.33,9.52,24.73,35.04,35.52,8.05,1.26,27.33,2.57,32.32,,,,,31.31,66.16,6.02,89.08,,0.0,453.92,740.0,
2016-08-01 15:00:00,39.83,111.0,8.66,23.43,32.72,38.03,7.54,1.29,24.89,2.11,26.48,,,,,29.18,72.33,3.89,105.25,,0.0,426.5,739.33,
2016-08-01 16:00:00,33.5,52.0,9.39,28.02,37.79,64.07,7.77,1.4,6.62,2.95,16.19,,,,,,72.5,2.43,110.75,,0.0,392.25,739.0,
2016-08-01 17:00:00,33.33,59.67,53.68,38.07,107.18,56.7,8.64,1.43,14.42,7.65,39.71,,,,,,78.5,1.89,139.92,,0.0,247.08,739.0,
2016-08-01 18:00:00,41.33,64.0,35.72,22.71,69.03,53.62,8.54,1.34,,4.12,31.69,,,,,,84.75,2.39,100.83,,0.0,60.25,740.0,
2016-08-01 19:00:00,24.83,20.83,21.96,23.92,51.24,48.82,8.62,1.79,,4.0,18.02,,,,,,86.0,1.25,105.84,,0.0,15.5,740.0,
2016-08-01 20:00:00,36.17,30.67,47.8,29.0,91.14,34.24,9.11,2.58,,7.32,36.74,,,,,,86.0,0.95,118.33,,0.0,15.08,740.0,
2016-08-01 21:00:00,47.17,38.17,79.1,49.61,152.22,34.13,10.26,2.74,,12.4,70.14,,,,,,85.58,1.35,88.58,,0.0,14.25,740.0,
2016-08-01 22:00:00,49.33,62.0,31.6,50.08,87.76,41.13,8.99,2.16,,9.29,62.06,,,,,,84.62,2.09,87.71,,0.0,14.0,740.0,
2016-08-01 23:00:00,52.0,70.67,15.74,40.55,57.58,44.55,8.53,1.49,,5.64,36.68,,,,,,82.58,1.98,97.5,,0.0,14.0,740.0,
2016-08-02 00:00:00,32.17,36.67,7.48,30.37,37.28,62.1,9.99,1.56,,3.0,26.53,,,,,,81.92,2.05,86.84,,0.0,14.17,740.0,
2016-08-02 01:00:00,31.83,21.83,6.14,25.81,31.36,54.28,10.05,1.43,,2.49,13.39,,,,,,81.25,2.48,87.83,,0.0,14.5,740.0,
2016-08-02 02:00:00,27.0,13.0,6.32,26.39,32.16,48.27,9.87,1.08,,2.64,35.75,,,,,,82.0,2.52,82.66,,0.0,14.5,740.0,
2016-08-02 03:00:00,31.83,46.33,11.12,26.51,38.78,43.9,10.78,1.3,,2.18,35.53,,,,,,82.58,1.88,83.42,,0.0,15.0,740.0,
2016-08-02 04:00:00,38.67,47.5,24.31,30.72,60.55,36.74,11.13,1.64,,3.58,173.44,,,,,,83.0,2.3,83.75,,0.0,14.92,740.0,
2016-08-02 05:00:00,74.67,88.67,20.03,30.76,54.78,33.58,10.85,1.52,,3.22,180.69,,,,,,83.0,1.89,87.58,,0.0,42.66,740.0,
2016-08-02 06:00:00,60.17,58.0,21.99,31.27,57.89,34.46,9.43,1.72,,3.76,55.89,,,,,,81.75,1.72,82.33,,0.0,310.17,740.0,
2016-08-02 07:00:00,46.33,60.17,21.21,35.66,60.74,36.2,9.08,1.8,,4.74,46.09,,,,,,79.34,2.25,88.0,,0.0,397.75,740.0,
2016-08-02 08:00:00,48.17,48.67,15.31,30.76,48.33,55.86,8.52,1.68,,5.08,28.82,,,,,,76.59,2.62,102.83,,0.0,419.0,740.0,
2016-08-02 09:00:00,48.83,60.5,10.64,26.31,37.98,49.39,8.62,1.71,,4.52,16.3,,,,,,70.0,2.82,107.92,,0.0,446.42,740.0,
2016-08-02 10:00:00,47.0,60.33,4.62,25.89,29.36,35.89,13.94,4.36,,4.31,12.41,,,,,,63.09,3.28,102.58,,0.0,444.34,740.0,
2016-08-02 11:00:00,40.5,90.0,5.86,25.2,30.48,35.72,9.81,1.45,,3.44,13.78,,,,,,60.17,4.24,99.42,,0.0,442.75,740.0,
2016-08-02 12:00:00,36.33,55.0,8.02,29.0,36.8,32.79,8.01,1.36,,3.23,13.76,,,,,,57.67,3.94,98.75,,0.0,444.58,740.0,
2016-08-02 13:00:00,49.83,54.5,6.34,30.0,35.38,29.21,7.34,1.2,,2.94,12.73,,,,,,55.0,3.76,96.34,,0.0,442.5,739.0,
2016-08-02 14:00:00,33.5,51.33,5.47,30.5,34.62,29.02,7.81,1.11,,2.72,10.29,,,,,,51.83,3.21,101.25,,0.0,437.5,739.0,
2016-08-02 15:00:00,33.25,73.5,28.96,32.17,68.19,31.69,8.27,1.24,,1.49,11.58,,,,,,64.83,3.43,137.83,,0.0,382.54,739.0,
2016-08-02 16:00:00,39.83,127.0,33.52,42.11,83.29,61.65,8.3,1.5,,3.08,38.15,,,,,,79.17,1.73,103.58,,0.0,383.0,739.0,
2016-08-02 17:00:00,35.83,15.83,99.12,48.76,178.91,55.32,10.01,1.74,,8.72,34.64,,,,,,74.66,1.11,168.17,,0.0,377.5,739.0,
2016-08-02 18:00:00,29.0,50.67,88.85,52.72,168.43,54.12,10.99,2.15,,12.12,113.52,,,,,,74.34,0.95,106.83,,0.0,236.08,739.0,
2016-08-02 19:00:00,77.83,142.75,107.16,52.95,193.5,50.56,12.09,2.55,,15.08,124.44,,,,,,75.41,0.46,140.25,,0.0,18.34,739.0,
2016-08-02 20:00:00,97.33,182.83,80.63,50.26,154.88,38.39,11.24,2.47,,19.95,140.46,,,,,,75.41,1.3,76.0,,0.0,15.67,739.17,
2016-08-02 21:00:00,95.5,169.83,59.2,44.6,120.58,37.38,11.04,1.96,,17.91,85.48,,,,,,76.96,2.03,89.08,,0.0,15.75,740.0,
2016-08-02 22:00:00,72.5,127.0,24.39,36.07,65.45,35.38,8.79,1.32,,7.52,72.59,,,,,,73.75,2.23,95.67,,0.0,17.75,740.0,
2016-08-02 23:00:00,42.25,84.0,12.42,29.74,43.48,33.22,8.05,1.16,,3.66,27.4,,,,,,73.33,1.78,91.5,,0.0,17.5,740.0,
2016-08-03 00:00:00,23.0,40.62,9.81,29.72,39.84,39.08,8.18,1.3,,2.52,13.89,,,,,,75.08,1.62,87.58,,0.0,17.75,740.0,
2016-08-03 01:00:00,26.83,27.5,21.74,31.58,57.85,36.96,8.91,1.62,,3.11,57.42,,,,,,76.66,1.72,76.75,,0.0,17.25,740.0,
2016-08-03 02:00:00,44.33,78.67,15.39,31.77,49.34,35.92,9.46,1.68,,3.63,137.92,,,,,,78.17,1.82,87.58,,0.0,17.42,740.0,
2016-08-03 03:00:00,39.67,73.83,20.74,29.67,54.74,35.14,9.42,1.8,,4.46,210.01,,,,,,77.75,2.26,78.08,,0.0,18.66,740.0,
2016-08-03 04:00:00,58.0,85.83,32.59,31.71,72.76,31.74,8.78,1.73,,5.27,95.49,,,,,,78.08,2.45,75.83,,0.0,17.25,740.0,
2016-08-03 05:00:00,55.0,95.83,31.74,27.99,68.28,30.52,8.91,1.74,,3.47,174.24,,,,,,78.33,1.97,81.17,,0.0,55.67,740.0,
2016-08-03 06:00:00,38.17,72.83,25.84,26.86,59.24,32.39,9.81,1.71,,3.64,128.87,,,,,,76.33,2.05,93.08,,0.0,330.67,740.0,
2016-08-03 07:00:00,29.33,59.0,19.82,27.75,51.8,34.68,10.14,1.65,,4.7,38.47,,,,,,68.83,2.89,88.25,,0.0,415.33,740.0,
2016-08-03 08:00:00,30.67,47.67,15.87,28.97,47.49,44.23,10.27,1.72,,4.28,28.67,,,,,,65.33,2.88,90.92,,0.0,428.58,740.0,
2016-08-03 09:00:00,28.17,66.0,16.54,29.54,48.94,40.22,10.01,1.71,,4.49,18.27,,,,,,60.84,2.34,108.25,,0.0,438.58,740.0,
2016-08-03 10:00:00,25.83,66.67,7.26,27.46,34.36,30.46,27.62,1.36,,4.75,24.5,,,,,,56.84,2.92,110.16,,0.0,446.08,740.0,
2016-08-03 11:00:00,32.17,65.67,6.53,23.67,30.0,34.67,12.92,1.5,,3.53,20.42,,,,,,55.34,3.58,99.75,,0.0,436.75,740.0,
2016-08-03 12:00:00,18.0,47.17,8.24,25.89,34.33,26.92,8.1,1.51,,2.49,23.52,,,,,,50.17,4.37,94.83,,0.0,451.5,740.0,
2016-08-03 13:00:00,20.0,63.17,6.34,25.49,31.38,30.08,6.57,1.6,,1.88,20.24,,,,,,49.42,4.03,101.83,,0.0,446.92,739.92,
2016-08-03 14:00:00,30.83,68.17,10.48,29.97,41.03,33.66,6.32,1.66,,2.06,17.12,,,,,,49.66,4.35,87.04,,0.0,435.38,739.0,
2016-08-03 15:00:00,31.33,84.33,7.02,26.71,33.36,32.17,6.64,1.66,,1.74,30.02,,,,,,47.67,3.5,95.17,,0.0,423.58,739.0,
2016-08-03 16:00:00,15.5,67.33,9.4,29.86,39.43,53.2,6.47,1.4,,2.3,62.18,,,,,,50.33,3.63,90.66,,0.0,411.25,739.0,
2016-08-03 17:00:00,31.67,122.33,29.95,41.53,77.88,54.35,22.1,1.68,,1.34,20.38,,,,,,54.5,2.22,112.58,,0.0,370.34,739.0,
2016-08-03 18:00:00,50.67,226.33,21.0,48.84,72.18,52.59,,1.94,,4.18,51.55,,,,,,55.59,2.92,82.16,,0.0,174.92,739.0,
2016-08-03 19:00:00,56.17,183.0,45.96,57.28,113.77,50.82,,2.73,,6.94,266.67,,,,,,59.0,1.28,79.17,,0.0,16.08,739.0,
2016-08-03 20:00:00,71.83,289.67,57.77,62.71,134.76,41.09,,3.28,,12.01,258.96,,,,,,61.5,1.42,83.17,,0.0,13.0,739.58,
2016-08-03 21:00:00,96.83,321.67,49.04,59.25,119.78,41.68,,3.16,,12.99,235.44,,,,,,62.83,1.58,81.42,,0.0,13.0,740.0,
2016-08-03 22:00:00,97.33,297.67,56.62,54.3,125.69,40.41,,2.81,,11.63,120.25,,,,,,63.67,1.39,87.5,,0.0,13.0,740.0,
2016-08-03 23:00:00,84.83,251.5,96.39,51.98,177.93,45.67,,3.06,,11.7,140.31,,,,,,67.92,0.98,65.34,,0.0,12.92,740.0,
2016-08-04 00:00:00,112.83,435.83,55.1,45.34,115.66,61.91,,1.31,,15.45,106.34,,,,,,70.17,1.26,72.17,,0.0,13.16,740.0,
2016-08-04 01:00:00,99.67,314.83,35.39,37.83,82.03,50.19,,0.92,,8.62,158.35,,,,,,70.16,1.1,83.33,,0.0,13.0,740.0,
2016-08-04 02:00:00,66.5,180.83,47.35,36.11,96.85,51.22,,0.9,,9.16,162.0,,,,,,73.08,1.04,66.59,,0.0,13.08,740.0,
2016-08-04 03:00:00,81.17,251.17,34.78,32.41,76.38,51.34,,0.72,,10.27,77.07,,,,,,73.59,2.24,74.92,,0.0,13.0,740.0,
2016-08-04 04:00:00,66.33,166.0,11.61,29.74,42.31,43.96,,0.45,,5.12,101.93,,,,,,72.0,2.8,86.83,,0.0,13.0,740.0,
2016-08-04 05:00:00,59.67,81.17,8.96,23.02,32.75,47.51,,0.32,,2.87,28.65,,,,,,71.75,2.81,97.83,,0.0,25.17,740.0,
2016-08-04 06:00:00,41.33,59.0,13.38,24.23,39.88,50.22,8.61,0.58,,2.69,15.84,,,,,,71.75,2.52,89.42,,0.0,322.5,740.0,
2016-08-04 07:00:00,32.0,66.75,14.36,27.01,43.66,52.88,8.65,0.57,,3.98,12.9,,,,,,65.79,3.12,97.71,,0.0,398.08,740.0,
2016-08-04 08:00:00,24.0,54.0,20.71,30.86,55.78,65.34,,0.6,,3.95,12.41,,,,,,65.08,2.41,92.83,,0.0,411.5,740.0,
2016-08-04 09:00:00,19.33,72.33,13.49,29.56,44.73,52.48,9.38,0.52,,4.5,16.83,,,,,,58.66,3.31,102.25,,0.0,440.17,740.0,
2016-08-04 10:00:00,20.83,87.67,4.59,18.81,23.06,37.08,28.74,0.2,,3.19,14.02,,,,,,53.83,3.72,99.58,,0.0,449.5,740.0,
2016-08-04 11:00:00,20.33,80.5,6.94,22.48,29.51,39.52,12.58,0.18,,2.47,10.63,,,,,,51.66,3.98,97.67,,0.0,452.66,740.0,
2016-08-04 12:00:00,24.33,70.0,8.98,27.22,36.52,32.24,6.81,0.17,,2.14,20.53,,,,,36.39,49.5,4.12,102.67,,0.0,439.92,740.0,
2016-08-04 13:00:00,33.67,37.17,7.92,30.56,38.01,33.18,9.37,0.1,,1.91,28.29,,,,,36.3,47.08,4.43,89.88,,0.0,431.0,740.0,
2016-08-04 14:00:00,21.5,80.5,6.9,28.48,34.79,37.34,,0.11,,1.9,25.34,,,,,36.38,46.33,4.59,96.83,,0.0,429.25,739.58,
2016-08-04 15:00:00,17.67,110.67,5.75,26.93,31.88,33.53,4.48,0.1,,1.88,14.69,,,,,36.54,46.91,4.16,96.67,,0.0,433.08,739.0,
2016-08-04 16:00:00,12.83,76.75,7.41,28.56,35.54,56.88,4.69,0.12,,2.05,37.12,,,,,35.81,49.67,3.68,89.92,,0.0,407.33,739.0,
2016-08-04 17:00:00,21.17,91.0,8.12,31.88,39.47,54.77,4.66,0.11,,1.9,29.57,,,,,35.08,51.83,3.95,93.25,,0.0,376.67,739.0,
2016-08-04 18:00:00,18.17,70.33,9.75,38.0,47.18,51.41,9.54,0.22,,2.39,30.54,,,,,34.53,54.0,3.24,89.33,,0.0,286.83,739.17,
2016-08-04 19:00:00,25.5,100.67,11.7,43.84,54.99,48.43,9.3,0.44,,4.73,43.81,,,,,33.65,56.92,3.02,84.96,,0.0,16.88,740.0,
2016-08-04 20:00:00,35.83,145.17,24.44,53.23,80.81,38.11,9.52,0.76,,6.25,41.16,,,,,32.73,59.91,2.52,85.84,,0.0,12.92,740.0,
2016-08-04 21:00:00,53.83,165.83,26.4,51.51,81.97,41.09,10.63,0.73,,6.92,172.78,,,,,32.3,62.25,2.88,74.25,,0.0,13.08,740.0,
2016-08-04 22:00:00,71.33,217.5,20.05,48.98,71.03,42.77,9.32,0.41,,5.28,138.06,,,,,32.07,62.25,2.66,89.25,,0.0,13.0,740.0,
2016-08-04 23:00:00,60.17,102.33,24.17,47.61,75.41,40.96,9.39,0.5,,3.74,42.48,,,,,31.65,65.09,2.49,89.5,,0.0,13.0,740.0,
2016-08-05 00:00:00,44.83,85.33,13.91,36.49,51.55,53.0,8.86,1.46,,3.66,49.43,,,,,31.06,67.83,2.42,89.42,,0.0,13.08,740.0,
2016-08-05 01:00:00,39.5,68.67,4.1,24.97,27.85,44.54,8.6,1.31,,3.07,28.84,,,,,30.72,68.33,2.16,91.0,,0.0,13.25,740.0,
2016-08-05 02:00:00,40.67,75.33,3.19,21.68,23.66,40.66,8.13,1.3,,2.38,12.83,,,,,30.42,69.5,1.42,86.83,,0.0,13.0,740.0,
2016-08-05 03:00:00,33.0,67.0,9.39,29.54,39.15,39.78,8.1,1.35,,2.59,13.64,,,,,30.22,70.08,1.05,86.58,,0.0,13.0,740.0,
2016-08-05 04:00:00,31.17,64.17,24.3,38.24,67.26,33.05,8.43,1.4,,2.83,33.13,,,,,30.02,71.5,0.98,109.08,,0.0,13.08,740.0,
2016-08-05 05:00:00,50.0,125.5,46.38,38.1,97.28,36.81,8.86,1.61,,3.41,38.34,,,,,29.9,72.08,0.94,89.75,,0.0,34.33,740.0,
2016-08-05 06:00:00,63.83,309.83,36.02,40.51,85.28,40.49,8.41,1.75,,7.35,35.71,,,,,30.28,71.5,1.4,80.5,,0.0,297.54,740.0,
2016-08-05 07:00:00,58.0,164.33,30.47,47.4,83.86,45.92,8.18,1.84,,5.74,37.37,,,,,31.54,68.83,1.89,95.5,,0.0,394.58,740.0,
2016-08-05 08:00:00,52.0,131.5,10.5,34.2,44.78,55.82,8.32,1.5,,5.21,34.53,,,,,34.05,60.0,2.74,112.92,,0.0,430.67,740.0,
2016-08-05 09:00:00,21.83,84.33,6.67,25.07,31.43,46.14,7.28,1.37,,3.55,16.88,,,,,35.66,53.0,2.66,117.67,,0.0,439.17,740.0,
2016-08-05 10:00:00,22.67,85.67,4.22,23.14,26.36,34.38,27.06,1.14,,2.9,14.52,,,,,35.47,51.5,2.78,112.75,,0.0,422.5,740.0,
2016-08-05 11:00:00,32.0,87.67,5.56,30.56,34.86,35.64,10.4,1.24,,3.24,15.86,,,,,36.46,49.25,3.09,102.25,,0.0,442.34,740.0,
2016-08-05 12:00:00,38.0,103.33,4.3,28.66,31.4,25.08,7.08,1.17,,2.36,11.92,,,,,37.3,46.33,3.06,102.08,,0.0,441.58,740.0,
2016-08-05 13:00:00,38.33,87.17,6.21,34.18,38.92,22.62,6.22,1.11,,2.14,11.08,,,,,38.15,43.0,2.99,103.08,,0.0,441.08,740.0,
2016-08-05 14:00:00,16.33,83.17,4.59,30.72,33.64,22.96,6.18,1.48,,1.8,11.54,,,,,38.22,42.84,2.98,109.75,,0.0,433.75,740.0,
2016-08-05 15:00:00,23.67,133.83,4.48,30.74,33.51,24.37,6.2,1.48,,2.07,16.38,,,,,37.4,44.17,2.86,96.5,,0.0,405.33,739.33,
2016-08-05 16:00:00,26.5,127.83,5.28,30.11,34.04,49.97,5.46,1.52,,2.32,15.71,,,,,36.37,46.42,3.0,93.16,,0.0,385.66,739.0,
2016-08-05 17:00:00,24.67,100.17,7.92,33.42,40.6,49.64,5.98,1.66,,2.2,16.79,,,,,36.51,46.58,2.34,95.42,,0.0,375.08,739.0,
2016-08-05 18:00:00,29.33,106.83,22.88,47.19,73.29,46.63,7.45,1.96,,3.25,40.7,,,,,35.2,52.33,2.62,85.63,,0.0,248.46,739.5,
2016-08-05 19:00:00,43.83,211.67,32.47,57.27,95.38,47.18,8.38,2.44,,9.39,80.91,,,,,34.27,56.5,2.28,85.0,,0.0,28.58,740.0,
2016-08-05 20:00:00,78.83,315.0,21.28,52.72,75.97,33.62,8.19,2.56,,10.36,84.43,,,,,33.84,57.83,2.38,84.17,,0.0,13.08,740.0,
2016-08-05 21:00:00,56.5,184.33,20.39,48.94,71.46,33.1,7.6,2.16,,7.42,105.18,,,,,33.09,60.0,2.49,85.5,,0.0,13.0,740.0,
2016-08-05 22:00:00,51.67,159.67,18.45,39.83,60.7,37.83,7.69,1.84,,5.68,38.87,,,,,30.66,66.75,3.11,121.75,,0.0,13.0,740.0,
2016-08-05 23:00:00,62.17,154.83,37.56,46.32,92.58,40.61,7.97,1.81,,2.51,41.1,,,,,28.63,78.58,1.62,119.0,,0.0,13.08,740.0,
2016-08-06 00:00:00,43.67,32.67,32.65,43.43,83.3,55.9,,1.66,,4.3,68.54,,,,,28.9,80.08,0.83,75.54,,0.0,13.0,740.0,
2016-08-06 01:00:00,31.0,26.17,53.48,44.92,113.04,47.39,,2.01,,4.89,129.15,,,,,29.34,81.0,0.6,72.25,,0.0,13.08,740.0,
2016-08-06 02:00:00,68.5,138.17,22.26,45.52,70.97,44.93,,1.58,,6.48,126.71,,,,,29.66,76.58,1.01,89.25,,0.0,13.0,740.0,
2016-08-06 03:00:00,40.17,85.67,47.33,38.72,99.12,47.86,,1.89,,4.76,55.53,,,,,29.57,78.0,0.53,73.09,,0.0,13.0,740.0,
2016-08-06 04:00:00,87.17,162.33,26.45,42.78,74.24,42.08,,1.79,,6.61,109.79,,,,,29.77,77.0,1.17,93.92,,0.0,12.92,740.0,
2016-08-06 05:00:00,87.33,124.17,26.48,34.36,66.8,47.88,,1.75,,3.76,39.83,,,,,29.83,76.0,1.38,90.42,,0.0,21.66,740.0,
2016-08-06 06:00:00,56.5,97.67,21.22,34.12,59.39,51.85,,1.68,,4.12,31.03,,,,,30.01,76.0,1.99,92.16,,0.0,144.42,740.0,
2016-08-06 07:00:00,46.67,91.17,43.95,35.92,92.04,57.12,,2.17,,4.66,57.48,,,,,29.99,77.16,2.48,77.0,,0.0,262.83,740.0,
2016-08-06 08:00:00,50.67,100.83,31.76,31.01,71.02,67.81,,1.78,,5.54,67.47,,,,,27.87,78.67,3.61,78.41,,0.0,141.92,740.0,
2016-08-06 09:00:00,10.33,25.33,31.91,36.75,76.32,58.6,,1.85,,5.79,57.12,,,,,27.34,78.92,3.64,84.83,,0.0,141.17,740.0,
2016-08-06 10:00:00,40.83,51.17,18.54,28.36,50.52,41.42,,1.36,,3.24,40.72,,,,,26.65,80.5,3.81,87.34,,0.0,295.25,740.0,
2016-08-06 11:00:00,32.5,44.0,25.68,33.88,65.24,41.87,,1.52,,3.04,31.32,,,,,26.54,80.33,4.28,86.92,,0.0,394.16,740.0,
2016-08-06 12:00:00,19.83,31.17,15.27,29.29,46.95,30.45,,1.37,,2.4,20.43,,,,,27.34,72.5,4.46,85.25,,0.0,438.0,740.0,
2016-08-06 13:00:00,23.67,45.67,24.52,35.53,65.11,31.06,,1.44,,2.39,25.25,,,,,29.18,65.0,2.54,84.5,,0.0,432.75,740.0,
2016-08-06 14:00:00,43.67,69.17,32.07,44.98,83.9,27.39,,1.39,,3.24,40.62,,,,,31.37,59.5,2.54,97.5,,0.0,449.75,740.0,
2016-08-06 15:00:00,24.0,92.5,25.07,50.26,79.05,21.93,,1.53,,3.82,50.82,,,,,33.19,52.5,2.15,108.33,,0.0,433.58,740.0,
2016-08-06 16:00:00,11.0,103.83,43.17,40.95,95.44,39.4,,1.64,,3.89,31.81,,,,,32.4,57.92,1.57,165.33,,0.0,415.67,740.0,
2016-08-06 17:00:00,21.67,218.17,46.16,46.38,104.3,39.48,,1.72,,3.49,27.98,,,,,30.7,60.75,1.76,100.5,,0.0,357.08,740.0,
2016-08-06 18:00:00,26.17,198.83,30.56,45.91,82.63,39.3,9.18,1.92,,6.11,72.41,,,,,29.76,66.0,1.87,82.42,,0.0,163.08,740.0,
2016-08-06 19:00:00,37.17,219.5,62.01,48.7,128.04,41.11,9.97,2.22,,8.33,103.76,,,,,29.04,67.75,1.5,98.92,,0.0,14.66,740.0,
2016-08-06 20:00:00,66.83,216.67,70.73,47.85,139.22,31.05,10.12,2.44,,9.32,143.94,,,,,28.34,72.67,1.35,120.75,,0.0,13.0,740.0,
2016-08-06 21:00:00,84.0,276.0,47.28,41.8,101.8,34.13,9.19,2.31,,9.69,51.44,,,,,27.89,75.25,1.14,119.25,,0.0,13.08,740.0,
2016-08-06 22:00:00,69.83,198.33,53.88,38.56,107.83,32.7,8.85,2.12,,6.93,30.88,,,,,27.49,76.92,0.91,137.75,,0.0,12.92,740.0,
2016-08-06 23:00:00,49.17,159.33,40.88,37.93,89.62,34.79,9.2,1.9,,6.57,29.31,,,,,27.32,77.0,1.27,82.83,,0.0,13.0,740.0,
2016-08-07 00:00:00,45.0,148.5,35.03,33.61,77.79,42.17,9.39,1.34,,2.4,11.81,,,,,27.2,77.92,1.18,82.92,,0.0,13.0,740.0,
2016-08-07 01:00:00,26.33,127.17,29.63,33.71,70.52,38.95,9.85,1.51,,2.9,15.45,,,,,27.19,78.0,0.83,98.42,,0.0,12.92,740.0,
2016-08-07 02:00:00,57.33,202.17,20.05,35.4,58.93,38.06,9.58,1.41,,4.51,80.87,,,,,27.35,77.33,1.76,79.0,,0.0,13.08,740.0,
2016-08-07 03:00:00,52.5,157.67,14.99,33.03,49.89,36.46,17.39,1.55,,3.44,54.98,,,,,27.43,77.58,1.56,79.75,,0.0,13.08,740.0,
2016-08-07 04:00:00,54.5,103.0,41.26,30.89,83.88,28.59,9.4,1.68,,5.7,53.38,,,,,27.28,79.0,1.05,85.83,,0.0,13.0,740.0,
2016-08-07 05:00:00,84.17,181.67,41.59,31.82,85.18,29.82,9.77,1.66,,4.6,44.64,,,,,27.19,80.0,1.74,77.83,,0.0,44.42,740.0,
2016-08-07 06:00:00,83.67,224.5,43.67,32.36,88.47,28.41,9.24,1.77,,4.03,63.95,,,,,29.05,77.0,1.66,84.92,,0.0,359.58,740.0,
2016-08-07 07:00:00,51.67,116.5,22.69,34.01,61.28,32.57,8.88,1.64,,4.71,80.15,,,,,31.31,68.75,2.24,89.75,,0.0,414.5,740.0,
2016-08-07 08:00:00,47.67,84.0,11.88,29.94,42.9,46.11,8.68,1.42,,4.4,39.02,,,,,32.72,62.92,3.08,96.0,,0.0,432.92,740.0,
2016-08-07 09:00:00,35.17,62.5,8.16,21.99,30.71,37.92,9.03,1.28,,3.42,22.52,,,,,33.97,57.58,4.08,95.42,,0.0,441.83,740.0,
2016-08-07 10:00:00,29.83,79.38,19.18,31.56,54.41,28.31,29.22,1.14,,2.33,23.82,,,,,34.3,56.33,4.12,102.16,,0.0,439.16,740.0,
2016-08-07 11:00:00,22.83,76.5,10.1,26.4,37.32,32.51,13.82,1.2,,2.39,30.28,,,,,34.67,55.41,4.46,88.42,,0.0,434.08,740.0,
2016-08-07 12:00:00,20.0,86.17,8.99,29.78,38.84,21.83,11.93,1.14,,2.2,31.18,,,,,34.72,55.25,4.17,90.75,,0.0,433.5,740.0,
2016-08-07 13:00:00,34.17,99.17,6.82,29.51,35.58,19.29,11.66,1.1,,2.16,46.0,,,,,35.85,51.58,4.19,90.25,,0.0,442.5,740.0,
2016-08-07 14:00:00,28.67,105.0,6.06,28.19,33.42,21.19,19.86,1.12,,2.04,28.29,,,,,35.43,51.08,4.03,92.84,,0.0,415.58,740.0,
2016-08-07 15:00:00,20.5,79.67,5.53,27.64,32.19,20.94,38.18,1.03,,1.95,28.3,,,,,35.96,49.5,3.95,97.92,,0.0,431.58,740.0,
2016-08-07 16:00:00,14.33,81.5,5.23,26.08,30.4,39.23,37.92,1.06,,2.17,22.12,,,,,35.45,51.09,3.56,104.25,,0.0,414.0,740.0,
2016-08-07 17:00:00,21.67,98.67,5.32,25.88,30.33,40.55,37.85,1.08,,2.16,12.42,,,,,34.62,52.09,3.54,94.5,,0.0,361.34,740.0,
2016-08-07 18:00:00,25.67,100.5,7.95,35.52,42.5,37.65,9.87,1.25,,2.71,47.46,,,,,33.76,54.5,3.02,88.25,,0.0,195.33,740.0,
2016-08-07 19:00:00,29.67,120.33,14.27,46.62,61.02,40.27,8.32,1.43,,4.92,92.82,,,,,33.03,58.5,2.71,81.0,,0.0,15.0,740.0,
2016-08-07 20:00:00,34.67,130.83,18.57,51.91,71.63,28.11,8.43,1.66,,6.61,108.04,,,,,32.6,60.67,2.31,80.08,,0.0,13.08,740.0,
2016-08-07 21:00:00,45.67,129.67,19.5,50.11,71.26,29.66,8.37,1.61,,6.86,127.73,,,,,32.2,62.66,2.47,87.42,,0.0,13.0,740.0,
2016-08-07 22:00:00,57.67,142.83,17.71,46.61,65.69,33.09,8.62,1.46,,5.42,138.92,,,,,31.76,64.33,2.55,87.17,,0.0,13.0,740.0,
2016-08-07 23:00:00,53.83,105.33,18.48,44.86,65.2,33.62,8.02,1.44,,4.68,170.7,,,,,31.4,65.42,2.25,82.33,,0.0,13.0,740.0,
2016-08-08 00:00:00,61.5,154.5,9.72,37.32,46.49,45.64,8.6,1.6,,3.39,55.9,,,,,31.02,67.0,2.36,88.5,,0.0,13.08,740.0,
2016-08-08 01:00:00,30.83,72.33,8.57,31.69,39.9,41.3,9.32,1.62,,2.89,38.43,,,,,30.58,68.75,1.81,95.25,,0.0,13.0,740.0,
2016-08-08 02:00:00,40.83,103.17,18.85,27.25,50.03,37.34,9.07,1.67,,4.57,40.4,,,,,29.12,75.59,1.05,88.33,,0.0,13.0,740.0,
2016-08-08 03:00:00,46.83,129.17,32.02,26.17,67.04,37.23,9.78,1.76,,6.73,22.27,,,,,28.78,78.42,0.52,137.0,,0.0,13.08,740.0,
2016-08-08 04:00:00,55.5,156.0,34.79,26.08,70.74,27.0,9.51,1.81,,5.99,19.71,,,,,28.67,79.0,0.91,80.92,,0.0,13.0,740.0,
2016-08-08 05:00:00,59.5,168.67,47.08,30.13,91.12,30.17,10.31,1.97,,3.9,56.98,,,,,28.67,78.41,1.4,94.17,,0.0,32.92,740.0,
2016-08-08 06:00:00,92.83,234.5,70.44,33.21,125.78,34.0,9.79,2.25,,5.76,44.83,,,,,29.34,76.17,0.91,108.16,,0.0,292.5,740.0,
2016-08-08 07:00:00,91.83,365.5,45.03,37.46,94.9,34.94,9.8,2.05,,5.78,22.4,,,,,30.81,70.17,2.15,92.33,,0.0,399.34,740.0,
2016-08-08 08:00:00,60.5,298.67,25.17,36.8,67.16,48.76,9.29,1.8,,3.94,42.06,,,,,31.68,64.75,3.18,89.16,,0.0,413.83,740.0,
2016-08-08 09:00:00,33.5,120.5,13.16,26.29,41.38,41.12,9.42,1.65,,3.27,29.76,,,,,33.09,60.42,3.99,94.0,,0.0,439.0,740.0,
2016-08-08 10:00:00,34.67,86.83,11.0,26.06,38.22,28.78,30.92,1.32,,2.78,33.43,,,,,34.3,55.42,4.13,96.5,,0.0,445.42,740.0,
2016-08-08 11:00:00,27.33,86.33,16.19,30.64,49.4,31.12,22.13,1.46,,2.01,28.9,,,,,35.01,52.33,4.12,86.5,,0.0,436.84,740.0,
2016-08-08 12:00:00,27.33,124.67,20.4,36.8,60.66,20.02,,1.54,,2.25,40.59,,,,,35.67,51.67,3.82,92.08,,0.0,445.16,740.0,
2016-08-08 13:00:00,41.0,174.5,10.31,29.39,40.28,19.37,,1.39,,1.36,20.22,,,,,35.82,50.33,4.32,98.83,,0.0,438.17,740.0,
2016-08-08 14:00:00,27.5,137.83,21.56,40.44,65.46,20.4,,1.44,,0.95,13.23,,,,,36.17,49.34,4.36,96.42,,0.0,435.66,740.0,
2016-08-08 15:00:00,33.5,159.67,9.18,34.16,42.98,20.39,,1.34,,0.64,10.7,,,,,35.75,49.54,4.39,82.25,,0.0,424.75,739.42,
2016-08-08 16:00:00,27.17,119.5,7.62,29.89,37.01,36.46,,1.36,,0.68,14.99,,,,,35.24,50.67,4.44,86.33,,0.0,409.25,739.0,
2016-08-08 17:00:00,33.67,110.0,12.94,35.36,49.2,37.89,,1.48,,0.99,21.84,,,,,34.47,53.42,3.85,88.33,,0.0,373.75,739.0,
2016-08-08 18:00:00,35.33,143.67,17.15,41.18,60.11,38.77,,1.55,,2.18,48.88,,,,,33.68,55.83,3.96,89.34,,0.0,218.5,739.42,
2016-08-08 19:00:00,29.83,120.17,26.78,46.29,77.82,36.96,,1.82,,3.1,53.19,,,,,33.05,58.83,3.18,83.17,,0.0,17.33,740.0,
2016-08-08 20:00:00,48.75,167.12,35.76,47.34,91.0,27.35,,2.04,,5.52,75.43,,,,,32.49,62.0,2.94,78.08,,0.0,13.08,740.0,
2016-08-08 21:00:00,79.83,199.33,26.23,45.31,76.18,29.85,,1.81,,5.25,124.94,,,,,31.15,67.16,2.23,109.75,,0.0,13.0,740.0,
2016-08-08 22:00:00,63.67,140.5,19.77,44.08,66.26,31.88,,1.77,,2.96,22.42,,,,,30.07,71.33,1.42,115.84,,0.0,12.92,740.0,
2016-08-08 23:00:00,36.0,107.33,11.59,39.19,50.78,34.64,7.44,1.62,,3.16,19.75,,,,,30.05,71.5,2.99,99.92,,0.0,13.08,740.0,
2016-08-09 00:00:00,27.5,67.33,3.87,21.72,24.64,44.74,8.02,1.32,,1.72,17.58,,,,,29.67,71.33,3.22,88.92,,0.0,13.0,740.0,
2016-08-09 01:00:00,10.33,16.17,3.84,23.1,25.84,39.52,7.73,1.3,,1.32,18.26,,,,,29.58,72.25,2.76,98.08,,0.0,12.84,740.0,
2016-08-09 02:00:00,13.83,49.0,3.48,21.24,23.66,34.58,7.44,1.12,,1.14,9.13,,,,,29.18,73.25,2.98,91.67,,0.0,13.08,740.0,
2016-08-09 03:00:00,26.5,40.33,9.59,30.91,40.63,35.01,7.82,1.35,,1.3,52.7,,,,,28.89,75.09,2.85,77.5,,0.0,13.25,740.0,
2016-08-09 04:00:00,44.67,70.5,8.28,27.28,35.64,25.74,7.2,1.45,,1.64,48.79,,,,,28.48,76.92,3.04,88.17,,0.0,13.0,740.0,
2016-08-09 05:00:00,48.5,69.67,23.96,34.92,63.82,27.87,7.88,1.64,,1.62,55.56,,,,,28.28,77.42,2.86,75.25,,0.0,29.58,740.0,
2016-08-09 06:00:00,50.17,106.67,30.05,38.1,74.98,29.91,8.87,1.68,,2.85,68.1,,,,,28.32,78.0,2.5,86.58,,0.0,267.0,740.0,
2016-08-09 07:00:00,46.0,125.0,30.91,35.3,73.65,30.66,9.19,1.72,,2.16,27.62,,,,,28.83,76.67,2.57,87.0,,0.0,375.08,740.0,
2016-08-09 08:00:00,43.33,127.5,27.49,32.76,66.71,45.04,9.9,1.58,,1.9,20.3,,,,,31.33,68.33,2.97,91.92,,0.0,429.16,740.0,
2016-08-09 09:00:00,31.33,141.83,27.1,35.58,68.7,40.23,9.91,1.65,,2.36,42.84,,,,,31.78,64.83,3.74,79.59,,0.0,419.34,740.0,
2016-08-09 10:00:00,39.0,150.0,15.46,29.76,47.44,30.08,29.58,1.38,,2.5,52.84,,,,,31.52,65.17,3.79,83.58,,0.0,419.16,740.0,
2016-08-09 11:00:00,43.33,146.0,24.59,33.24,63.22,31.06,13.18,1.49,,2.09,43.67,,,,,33.38,59.67,4.08,85.0,,0.0,447.92,740.0,
2016-08-09 12:00:00,41.83,153.83,21.04,35.58,60.43,18.87,7.02,1.21,,2.15,30.58,,,,,33.22,60.67,4.25,82.67,,0.0,440.92,740.0,
2016-08-09 13:00:00,49.67,166.67,11.58,35.41,47.38,18.08,4.81,1.08,,2.34,24.89,,,,,33.76,58.5,3.62,89.33,,0.0,445.58,739.25,
2016-08-09 14:00:00,42.0,150.5,11.38,37.54,48.98,17.19,5.23,1.35,,1.21,15.87,,,,,33.33,60.83,3.05,116.33,,0.0,394.42,739.0,
2016-08-09 15:00:00,36.17,100.5,14.5,34.51,50.54,22.57,,1.32,,2.02,8.49,,,,,31.58,63.75,2.69,140.34,,0.0,356.0,739.0,
2016-08-09 16:00:00,31.0,81.67,86.45,33.97,148.34,42.56,,1.74,,,,,,,,27.82,79.58,1.0,190.25,,0.0,377.0,739.0,
2016-08-09 17:00:00,28.0,49.5,158.01,53.93,263.88,40.46,9.75,2.24,,1.87,7.0,,,,,29.08,80.0,0.48,235.66,,0.0,370.17,739.0,
2016-08-09 18:00:00,38.67,51.33,66.67,57.1,141.91,36.96,6.89,2.18,,5.36,11.06,,,,,29.35,78.75,0.65,145.67,,0.0,236.58,739.0,
2016-08-09 19:00:00,43.75,77.62,70.44,58.09,147.93,37.68,6.81,2.58,,5.39,15.59,,,,,29.64,76.09,0.9,103.58,,0.0,19.0,739.33,
2016-08-09 20:00:00,58.5,119.5,48.14,53.53,113.44,29.07,6.59,2.62,,5.54,20.29,,,,,29.94,73.75,1.49,99.0,,0.0,13.25,740.0,
2016-08-09 21:00:00,68.0,159.67,32.02,44.68,83.55,30.15,5.42,1.98,,3.58,14.86,,,,,29.94,71.83,2.12,90.58,,0.0,13.16,740.0,
2016-08-09 22:00:00,50.17,112.67,11.94,37.39,49.65,33.02,5.16,1.62,,5.14,21.81,,,,,29.68,72.42,2.66,88.17,,0.0,13.33,740.0,
2016-08-09 23:00:00,34.5,58.5,11.95,34.44,47.0,33.11,5.02,1.54,,3.64,20.64,,,,,29.41,74.59,2.68,84.25,,0.0,13.08,740.0,
2016-08-10 00:00:00,27.33,46.17,11.14,33.51,45.07,51.39,8.15,1.46,,3.27,54.78,,,,,29.02,75.92,2.89,86.84,,0.0,13.25,740.0,
2016-08-10 01:00:00,28.0,45.5,4.93,22.56,26.81,45.18,7.78,1.35,,2.62,21.63,,,,,28.78,76.75,2.88,87.5,,0.0,13.5,740.0,
2016-08-10 02:00:00,23.17,35.17,4.19,15.62,19.64,41.12,8.13,1.34,,2.19,8.59,,,,,27.83,82.08,3.19,83.92,,0.0,13.75,740.0,
2016-08-10 03:00:00,24.67,35.17,6.76,20.5,27.51,39.84,8.36,1.34,,2.25,52.38,,,,,27.74,84.0,2.74,91.33,,0.0,13.08,740.0,
2016-08-10 04:00:00,33.33,33.33,15.85,32.49,50.6,30.75,8.38,1.49,,1.73,49.7,,,,,27.62,83.42,2.56,87.92,,0.0,13.0,740.0,
2016-08-10 05:00:00,58.17,50.33,11.41,27.06,39.67,30.36,8.26,1.44,,1.7,28.71,,,,,27.68,83.0,2.63,90.42,,0.0,22.75,740.0,
2016-08-10 06:00:00,48.0,71.5,20.86,26.42,52.04,32.24,9.91,1.55,,2.57,22.65,,,,,27.76,82.25,2.99,87.75,,0.0,301.83,740.0,
2016-08-10 07:00:00,43.5,45.0,24.96,28.33,59.32,36.45,10.55,1.63,,3.37,16.65,,,,,28.26,80.46,3.15,89.62,,0.0,334.62,740.0,
2016-08-10 08:00:00,42.17,47.17,25.06,28.05,59.22,57.63,10.35,1.52,,2.96,21.78,,,,,28.63,75.67,3.67,90.42,,0.0,411.67,740.0,
2016-08-10 09:00:00,25.33,34.83,29.17,27.9,64.7,48.87,10.27,1.66,,4.25,31.06,,,,,30.48,70.75,4.0,90.33,,0.0,437.67,740.0,
2016-08-10 10:00:00,36.12,44.67,23.64,27.06,56.25,33.69,30.26,1.24,,4.32,54.41,,,,,30.22,71.42,4.14,87.83,,0.0,428.33,740.0,
2016-08-10 11:00:00,30.0,55.0,31.08,28.47,67.78,35.46,13.91,1.32,,2.76,31.06,,,,,31.0,69.58,4.34,84.92,,0.0,440.67,740.0,
2016-08-10 12:00:00,30.0,83.67,15.73,30.49,48.64,23.44,8.22,1.29,,2.46,28.43,,,,,32.53,63.58,4.22,98.58,,0.0,442.75,740.0,
2016-08-10 13:00:00,32.33,55.67,9.57,26.06,36.29,21.68,6.54,1.23,,2.26,18.02,,,,,32.87,61.75,4.86,93.42,,0.0,443.58,740.0,
2016-08-10 14:00:00,40.67,70.5,15.75,36.08,53.65,19.65,6.55,1.16,,2.37,19.04,,,,,34.17,56.91,3.74,99.17,,0.0,445.58,739.75,
2016-08-10 15:00:00,25.67,61.0,9.77,32.34,42.16,19.78,6.27,1.27,,2.03,29.07,,,,,33.28,58.75,3.62,91.75,,0.0,404.16,739.0,
2016-08-10 16:00:00,33.67,110.5,21.38,36.06,61.3,34.08,6.5,1.27,,2.58,42.09,,,,,33.0,59.42,3.29,92.92,,0.0,388.58,739.0,
2016-08-10 17:00:00,33.0,154.17,13.76,30.1,45.59,33.51,6.59,1.29,,4.14,64.43,,,,,30.69,67.59,3.69,89.83,,0.0,218.5,739.58,
2016-08-10 18:00:00,34.5,112.5,29.84,34.68,71.63,29.74,10.3,1.48,,3.91,32.55,,,,,27.82,78.5,2.76,81.33,,0.0,75.83,740.0,
2016-08-10 19:00:00,28.83,56.0,30.9,37.59,75.66,29.45,50.35,1.72,,6.79,68.54,,,,,27.86,78.08,2.38,87.5,,0.0,13.58,740.0,
2016-08-10 20:00:00,52.67,107.67,19.47,36.52,59.12,22.16,9.0,1.73,,6.5,53.97,,,,,28.44,77.0,3.42,87.33,,0.0,13.0,740.0,
2016-08-10 21:00:00,50.83,89.17,10.09,26.65,37.51,21.87,8.49,1.43,,4.01,22.68,,,,,28.4,77.75,3.44,92.25,,0.0,13.0,740.0,
2016-08-10 22:00:00,45.0,71.67,10.88,24.95,37.09,23.4,8.32,1.33,,2.75,17.68,,,,,28.26,78.75,3.7,97.25,,0.0,13.0,740.0,
2016-08-10 23:00:00,19.17,26.17,6.55,21.18,27.82,25.03,8.37,1.27,,1.79,14.74,,,,,27.94,79.33,3.66,94.92,,0.0,13.0,740.0,
2016-08-11 00:00:00,13.83,6.33,3.4,14.5,17.58,31.16,7.53,1.34,,1.13,18.58,,,,,27.49,80.75,3.69,93.67,,0.0,13.0,740.0,
2016-08-11 01:00:00,7.83,5.83,2.28,11.92,13.72,29.75,7.56,1.41,,0.96,6.76,,,,,27.31,81.67,3.96,91.33,,0.0,13.08,740.0,
2016-08-11 02:00:00,8.67,20.67,2.34,11.56,13.5,26.41,7.71,1.73,,0.8,4.54,,,,,27.39,81.92,3.64,92.83,,0.0,13.0,740.0,
2016-08-11 03:00:00,16.17,21.5,2.43,11.9,13.91,25.3,7.72,1.94,,0.87,4.36,,,,,27.4,81.34,4.04,94.83,,0.0,13.08,740.0,
2016-08-11 04:00:00,16.0,11.33,3.66,14.56,18.0,20.74,7.3,2.1,,0.84,2.95,,,,,27.17,82.33,3.55,89.92,,0.0,13.42,740.0,
2016-08-11 05:00:00,32.83,18.33,4.75,17.6,22.19,19.08,7.61,2.12,,0.95,3.75,,,,,26.88,83.0,3.68,98.58,,0.0,42.25,740.0,
2016-08-11 06:00:00,17.33,15.0,9.87,23.22,34.18,20.95,8.38,2.24,,1.36,4.47,,,,,26.98,83.0,2.9,94.88,,0.0,188.79,740.0,
2016-08-11 07:00:00,19.5,22.17,10.54,22.74,34.66,21.09,8.45,2.3,,2.08,4.96,,,,,26.84,82.92,3.38,92.0,,0.0,243.08,740.0,
2016-08-11 08:00:00,20.0,8.0,12.52,25.04,39.41,30.04,9.04,2.25,,2.56,5.3,,,,,27.26,82.42,3.72,91.08,,0.0,399.42,740.0,
2016-08-11 09:00:00,5.17,12.0,10.72,21.03,33.39,32.03,8.63,2.28,,2.73,11.32,,,,,28.26,78.34,4.22,92.92,,0.0,428.42,740.0,
2016-08-11 10:00:00,6.67,15.0,7.69,16.74,25.35,22.41,29.48,2.01,,2.98,10.35,,,,,28.48,77.25,3.98,102.16,,0.0,411.5,740.0,
2016-08-11 11:00:00,11.67,29.0,8.96,18.7,28.9,24.03,11.97,2.13,,2.85,9.68,,,,,29.23,75.42,3.66,93.25,,0.0,426.08,740.0,
2016-08-11 12:00:00,21.5,24.5,12.64,28.6,42.73,16.36,7.25,2.21,,2.83,30.52,,,,,30.81,70.25,3.48,84.08,,0.0,432.25,740.0,
2016-08-11 13:00:00,31.0,35.5,14.32,32.94,48.9,15.08,6.17,2.15,,2.76,48.65,,,,,31.65,67.0,3.14,91.58,,0.0,428.08,740.0,
2016-08-11 14:00:00,41.5,78.5,12.48,32.44,45.99,15.99,5.75,2.22,,2.97,53.66,,,,,30.46,69.75,3.53,99.58,,0.0,368.34,740.0,
2016-08-11 15:00:00,40.33,69.5,21.75,29.28,55.8,18.54,5.28,2.23,,2.97,21.02,,,,,27.34,80.17,2.62,109.0,,0.0,216.17,740.0,
2016-08-11 16:00:00,18.67,10.33,54.66,33.46,104.5,30.85,5.73,2.46,,3.47,28.12,,,,,27.05,81.17,0.78,147.25,,0.0,250.33,740.0,
2016-08-11 17:00:00,4.5,8.5,102.49,27.94,164.97,32.24,7.29,2.76,,10.11,53.51,,,,,27.38,82.25,1.12,174.5,,0.0,330.5,740.0,
2016-08-11 18:00:00,16.33,36.83,25.12,27.82,59.09,28.37,5.5,2.46,,6.38,29.67,,,,,27.07,81.33,1.07,101.0,,0.0,154.75,740.0,
2016-08-11 19:00:00,16.83,21.67,35.95,43.41,87.78,27.58,5.4,2.87,,5.25,27.29,,,,,27.12,81.42,1.42,82.0,,0.0,13.58,740.0,
2016-08-11 20:00:00,40.83,57.67,36.25,43.82,88.54,22.64,6.16,3.1,,7.74,95.8,,,,,27.26,80.42,1.92,79.17,,0.0,13.08,740.0,
2016-08-11 21:00:00,61.67,93.83,29.28,40.57,76.1,20.55,5.43,2.74,,5.99,63.91,,,,,27.25,80.0,2.06,87.34,,0.0,13.0,740.0,
2016-08-11 22:00:00,42.0,76.83,21.1,35.31,60.28,22.66,5.04,2.4,,2.79,25.7,,,,,27.06,80.92,2.61,85.16,,0.0,12.92,740.0,
2016-08-11 23:00:00,26.67,43.0,12.36,29.22,42.88,23.78,5.17,2.08,,1.56,22.08,,,,,27.06,82.0,2.36,87.17,,0.0,13.08,740.0,
2016-08-12 00:00:00,23.0,28.0,6.92,24.25,31.08,33.88,7.61,1.48,,1.13,25.61,,,,,27.2,82.0,2.7,88.08,,0.0,13.0,740.0,
2016-08-12 01:00:00,18.17,69.0,10.93,26.18,38.26,35.14,8.11,1.63,,1.52,93.97,,,,,27.22,82.0,2.26,87.16,,0.0,13.08,740.0,
2016-08-12 02:00:00,42.17,63.5,7.86,24.82,32.85,30.97,7.94,1.48,,3.11,97.45,,,,,27.08,82.0,1.94,81.75,,0.0,13.08,740.0,
2016-08-12 03:00:00,36.0,40.5,10.55,22.08,34.08,28.38,7.36,1.55,,1.89,48.18,,,,,27.12,82.0,2.22,86.33,,0.0,13.0,740.0,
2016-08-12 04:00:00,53.67,71.83,20.22,24.94,49.84,22.5,7.51,1.85,,4.54,78.81,,,,,27.17,82.08,1.18,86.33,,0.0,13.25,740.0,
2016-08-12 05:00:00,65.67,112.67,56.61,27.5,101.79,18.7,7.73,1.82,,2.89,47.19,,,,,27.21,82.25,0.76,118.17,,0.0,22.25,740.0,
2016-08-12 06:00:00,57.5,93.5,77.12,32.28,134.07,21.08,10.04,1.95,,3.18,43.11,,,,,27.44,82.58,0.64,135.92,,0.0,250.08,740.0,
2016-08-12 07:00:00,47.83,81.5,71.39,30.65,124.85,23.78,10.38,1.93,,2.81,32.01,,,,,28.0,81.08,0.88,123.16,,0.0,366.58,740.0,
2016-08-12 08:00:00,40.0,84.33,81.2,35.56,142.45,35.26,10.24,1.96,,3.52,23.57,,,,,29.48,76.67,0.85,136.66,,0.0,406.83,740.0,
2016-08-12 09:00:00,54.5,87.67,51.76,36.52,103.16,35.04,10.23,1.9,,3.69,17.07,,,,,30.48,70.5,1.24,114.58,,0.0,417.66,740.0,
2016-08-12 10:00:00,51.0,98.25,20.94,26.89,52.48,20.61,29.96,1.48,,3.28,20.12,,,,,32.71,62.58,1.23,140.92,,0.0,431.0,740.0,
2016-08-12 11:00:00,43.33,125.33,25.58,32.66,64.03,22.76,13.25,1.58,,2.02,12.43,,,,,33.45,59.75,1.75,115.92,,0.0,428.58,740.0,
2016-08-12 12:00:00,41.0,185.0,25.89,33.8,65.48,16.11,7.72,1.59,,1.98,16.82,,,,,32.41,63.33,1.82,113.08,,0.0,410.67,740.0,
2016-08-12 13:00:00,48.5,201.17,14.83,32.7,49.41,15.38,5.96,1.56,,1.47,5.53,,,,,31.78,64.58,1.82,90.0,,0.0,401.08,740.0,
2016-08-12 14:00:00,56.5,201.0,78.83,44.9,147.72,18.12,6.61,2.12,,,,,,,,30.78,68.33,1.6,205.0,,0.0,382.5,740.0,
2016-08-12 15:00:00,58.0,164.17,115.95,43.22,196.91,21.2,6.98,2.19,,,,,,,,29.02,76.92,1.3,272.58,,0.0,312.58,740.0,
2016-08-12 16:00:00,50.17,113.5,121.71,48.22,209.13,35.4,8.19,2.33,,,,,,,,28.66,80.46,0.91,252.37,,0.0,366.46,740.0,
2016-08-12 17:00:00,37.0,36.17,177.1,57.11,292.77,35.41,9.02,3.05,,2.4,6.55,,,,,28.68,80.75,0.54,247.0,,0.0,309.0,740.0,
2016-08-12 18:00:00,44.17,65.17,138.04,60.89,242.76,33.13,7.96,2.76,,4.62,11.96,,,,,28.41,80.17,0.84,269.75,,0.0,125.75,740.0,
2016-08-12 19:00:00,52.83,84.0,201.28,61.84,329.86,30.61,9.32,3.22,,9.83,26.83,,,,,28.08,79.08,0.37,245.92,,0.0,14.0,740.0,
2016-08-12 20:00:00,46.0,102.17,184.08,59.36,304.15,24.32,9.51,3.75,,11.72,31.04,,,,,28.14,78.58,0.3,278.91,,0.0,13.08,740.0,
2016-08-12 21:00:00,69.83,122.33,129.48,51.7,222.91,23.34,8.43,3.28,,12.92,42.64,,,,,28.24,79.08,0.37,242.16,,0.0,13.0,740.0,
2016-08-12 22:00:00,89.67,145.17,170.06,53.51,280.12,24.4,8.53,3.53,,11.32,42.83,,,,,28.26,80.5,0.37,242.33,,0.0,13.0,740.0,
2016-08-12 23:00:00,92.5,152.83,169.59,50.88,276.92,27.2,9.56,3.58,,12.71,38.85,,,,,28.5,81.75,0.43,260.08,,0.0,13.0,740.0,
2016-08-13 00:00:00,85.33,154.5,76.44,41.14,141.02,42.16,8.59,1.09,,15.89,39.0,,,,,29.43,82.83,0.59,272.17,,0.0,13.0,740.0,
2016-08-13 01:00:00,63.17,120.83,56.2,33.45,106.71,39.99,7.68,0.57,,14.13,29.33,,,,,28.82,83.75,0.59,263.42,,0.0,13.17,740.0,
2016-08-13 02:00:00,66.33,131.0,46.26,29.98,89.88,36.19,7.05,0.27,,9.76,18.71,,,,,28.43,84.0,0.4,281.16,,0.0,13.08,740.0,
2016-08-13 03:00:00,60.0,92.0,34.4,28.42,72.3,39.96,10.82,0.52,,7.18,16.62,,,,,28.22,84.0,0.36,294.83,,0.0,13.16,740.0,
2016-08-13 04:00:00,93.0,120.17,45.7,31.07,90.06,29.13,7.63,0.3,,4.3,11.67,,,,,28.1,83.92,0.46,297.25,,0.0,13.29,740.0,
2016-08-13 05:00:00,83.33,110.83,48.83,26.63,90.4,29.83,7.23,0.25,,3.16,10.67,,,,,28.06,83.0,0.32,217.17,,0.0,20.33,740.0,
2016-08-13 06:00:00,86.67,115.75,127.12,26.92,197.56,32.41,11.26,0.49,,2.54,9.46,,,,,28.38,82.5,0.3,248.67,,0.0,194.58,740.0,
2016-08-13 07:00:00,95.33,134.33,160.7,37.25,252.64,35.2,12.25,0.77,,2.93,8.99,,,,,29.31,80.08,0.35,275.33,,0.0,379.25,740.0,
2016-08-13 08:00:00,94.33,130.5,155.75,44.8,252.47,57.54,12.7,0.55,,3.34,9.37,,,,,30.67,73.41,0.59,275.42,,0.0,415.17,740.0,
2016-08-13 09:00:00,81.38,161.12,83.86,38.27,148.63,44.55,11.49,0.45,,3.42,9.56,,,,,33.04,65.17,0.69,263.33,,0.0,428.5,740.0,
2016-08-13 10:00:00,86.0,222.17,36.69,46.86,91.56,37.41,32.66,0.45,,3.74,10.39,,,,,34.03,60.58,0.88,220.5,,0.0,430.5,740.0,
2016-08-13 11:00:00,93.5,305.17,19.99,50.12,71.94,33.62,14.46,0.23,,4.37,11.38,,,,,35.28,55.09,0.81,193.0,,0.0,429.92,740.0,
2016-08-13 12:00:00,81.5,287.67,26.5,65.39,94.42,21.51,7.73,0.27,,4.76,17.1,,,,,35.29,54.16,1.01,248.33,,0.0,423.66,740.0,
2016-08-13 13:00:00,80.5,360.0,5.34,58.46,59.43,18.7,5.2,0.26,,4.35,10.48,,,,,34.86,53.91,1.28,148.08,,0.0,384.75,740.0,
2016-08-13 14:00:00,70.5,190.17,16.57,69.63,84.68,24.96,5.16,0.8,,4.69,21.92,,,,,29.2,74.33,2.94,90.66,,0.0,376.92,740.0,
2016-08-13 15:00:00,108.83,219.17,24.88,58.87,86.41,33.0,5.67,0.78,,0.15,0.34,,,,,28.26,80.5,2.48,79.08,,0.0,360.17,740.0,
2016-08-13 16:00:00,110.83,110.0,71.88,55.98,148.1,72.83,6.53,0.94,,2.39,17.2,,,,,28.38,81.92,0.91,143.92,,0.0,291.92,740.0,
2016-08-13 17:00:00,99.0,116.5,186.72,58.13,306.75,54.52,8.68,1.28,,3.52,23.04,,,,,28.92,82.83,0.4,257.75,,0.0,209.17,740.0,
2016-08-13 18:00:00,93.0,144.5,68.03,59.98,146.34,53.17,7.25,1.14,,5.21,16.52,,,,,28.81,83.16,0.57,194.33,,0.0,112.5,740.0,
2016-08-13 19:00:00,94.33,131.67,77.0,61.08,159.59,50.96,9.39,2.16,,8.14,81.76,,,,,28.76,82.33,0.79,78.08,,0.0,14.83,740.0,
2016-08-13 20:00:00,128.33,184.5,94.4,113.05,229.63,38.86,8.42,2.51,,12.93,88.81,,,,,28.94,82.0,0.5,126.42,,0.0,13.33,740.0,
2016-08-13 21:00:00,145.83,220.5,111.9,104.85,246.18,43.24,8.43,2.94,,22.91,90.71,,,,,28.96,82.0,0.7,125.58,,0.0,13.08,740.0,
2016-08-13 22:00:00,164.83,272.33,94.46,96.72,215.02,45.51,7.63,2.22,,21.87,80.64,,,,,28.82,81.33,0.41,142.42,,0.0,13.0,740.0,
2016-08-13 23:00:00,114.33,193.33,114.08,78.98,226.14,45.84,7.83,1.92,,17.67,63.23,,,,,30.16,82.0,0.33,176.58,,0.0,13.08,740.0,
2016-08-14 00:00:00,114.33,187.0,73.9,55.24,150.16,66.26,9.45,2.03,,20.52,55.24,,,,,33.55,83.33,0.31,263.25,,0.0,13.5,740.0,
2016-08-14 01:00:00,104.5,172.5,61.73,56.74,134.86,55.07,9.53,1.88,,19.22,65.14,,,,,31.16,84.0,0.3,195.33,,0.0,13.58,740.0,
2016-08-14 02:00:00,96.17,175.5,95.56,53.26,177.96,50.97,10.68,1.74,,18.42,56.36,,,,,29.65,84.0,0.3,221.67,,0.0,13.5,740.0,
2016-08-14 03:00:00,87.33,168.67,72.79,40.51,135.51,47.24,9.39,1.4,,15.69,43.97,,,,,29.16,84.0,0.3,206.75,,0.0,13.38,740.0,
2016-08-14 04:00:00,65.33,117.5,83.56,40.68,150.33,35.88,8.94,1.03,,7.56,27.19,,,,,29.02,84.0,0.35,229.66,,0.0,13.25,740.0,
2016-08-14 05:00:00,71.17,90.33,120.63,33.42,194.56,42.56,9.77,1.13,,5.7,22.72,,,,,28.99,84.0,0.4,251.92,,0.0,33.75,740.0,
2016-08-14 06:00:00,63.17,64.33,143.57,42.46,233.79,47.32,6.36,1.32,,5.35,20.72,,,,,28.77,83.42,0.39,273.92,,0.0,321.67,740.0,
2016-08-14 07:00:00,42.0,49.5,149.46,46.12,245.22,51.98,5.99,1.02,,3.77,12.45,,,,,28.51,80.08,0.82,271.5,,0.0,357.25,740.0,
2016-08-14 08:00:00,28.67,39.17,134.43,41.12,220.24,78.16,5.38,0.62,,3.91,11.58,,,,,27.67,79.12,1.59,274.91,,0.0,409.5,740.0,
2016-08-14 09:00:00,13.67,26.33,90.49,38.08,157.72,65.55,5.07,0.78,,4.0,10.14,,,,,28.22,78.58,1.71,282.67,,0.0,440.25,740.0,
2016-08-14 10:00:00,22.33,29.67,92.92,32.76,155.32,38.11,26.29,0.8,,3.52,10.53,,,,,32.11,66.66,2.06,281.75,,0.0,446.0,740.0,
2016-08-14 11:00:00,27.33,24.67,77.06,37.27,138.4,42.68,8.4,0.5,,4.12,13.78,,,,,30.78,67.91,1.78,283.25,,0.0,420.42,740.0,
2016-08-14 12:00:00,44.67,87.83,69.46,40.72,131.13,30.19,15.04,0.48,,4.8,18.82,,,,,29.67,70.83,1.86,234.42,,0.0,395.75,740.0,
2016-08-14 13:00:00,52.5,111.83,37.49,37.91,84.95,38.15,32.02,0.5,,4.78,17.98,,,,,30.05,70.66,1.26,224.58,,0.0,413.84,740.0,
2016-08-14 14:00:00,64.83,102.67,52.25,42.85,109.54,33.92,5.8,0.38,,5.42,17.79,,,,,31.05,66.67,1.64,282.41,,0.0,436.75,740.0,
2016-08-14 15:00:00,14.0,69.5,41.49,44.09,95.95,26.99,8.54,0.16,,4.93,16.12,,,,,32.26,61.09,1.54,264.58,,0.0,422.5,740.0,
2016-08-14 16:00:00,15.0,117.62,53.1,42.11,110.07,43.97,5.28,0.25,,3.42,13.95,,,,,31.29,62.42,1.01,237.75,,0.0,383.33,740.0,
2016-08-14 17:00:00,24.5,170.33,47.35,44.47,104.28,42.1,13.21,0.37,,5.99,20.06,,,,,30.21,67.0,1.06,144.75,,0.0,335.83,740.0,
2016-08-14 18:00:00,46.5,230.17,47.73,46.51,106.65,43.52,5.94,0.65,,6.17,28.27,,,,,29.5,71.33,1.01,87.08,,0.0,222.34,740.0,
2016-08-14 19:00:00,44.33,197.67,48.77,48.2,109.52,41.92,,0.88,,5.97,28.06,,,,,29.02,72.67,0.89,77.83,,0.0,16.0,740.0,
2016-08-14 20:00:00,54.67,215.0,42.39,50.14,102.54,31.69,,1.36,,10.58,123.07,,,,,28.84,73.25,0.7,74.58,,0.0,13.16,740.0,
2016-08-14 21:00:00,98.0,277.5,186.68,58.71,307.27,30.95,,2.2,,12.68,247.55,,,,,28.7,74.91,0.42,204.67,,0.0,12.92,740.0,
2016-08-14 22:00:00,98.0,347.83,99.06,55.62,184.84,33.02,,2.37,,17.48,85.47,,,,,28.82,75.08,0.89,150.17,,0.0,12.84,740.0,
2016-08-14 23:00:00,,260.67,118.7,58.76,214.42,33.74,,2.24,,14.89,48.42,,,,,28.68,75.75,0.68,189.33,,0.0,13.0,740.0,
2016-08-15 00:00:00,,248.83,83.86,53.05,161.78,48.25,,2.13,,14.74,47.44,,,,,28.42,76.08,0.61,162.67,,0.0,13.0,740.0,
2016-08-15 01:00:00,,225.83,67.73,50.71,137.68,43.94,,1.99,,16.96,46.53,,,,,28.45,76.33,0.38,150.42,,0.0,13.08,740.0,
2016-08-15 02:00:00,,263.0,71.08,46.4,138.42,41.09,,2.04,,16.67,44.89,,,,,28.1,76.75,0.52,211.67,,0.0,12.92,740.0,
2016-08-15 03:00:00,,347.17,81.91,44.05,151.12,40.26,,2.07,,15.79,42.93,,,,,28.06,77.42,0.78,239.67,,0.0,13.0,740.0,
2016-08-15 04:00:00,,199.17,65.31,40.02,124.85,33.11,,1.17,,9.79,28.44,,,,,28.16,78.58,0.97,245.33,,0.0,13.08,740.0,
2016-08-15 05:00:00,,217.12,83.0,32.78,142.64,33.64,,0.65,,3.47,12.6,,,,,27.85,76.16,1.27,260.17,,0.0,22.33,740.0,
2016-08-15 06:00:00,,123.0,82.0,30.81,139.46,39.82,,0.57,,1.64,7.51,,,,,27.92,73.25,2.03,269.08,,0.0,273.16,740.0,
2016-08-15 07:00:00,,116.5,88.74,31.34,148.96,40.59,,0.72,,1.98,7.94,,,,,28.31,71.09,2.21,267.0,,0.0,385.33,740.0,
2016-08-15 08:00:00,,181.0,107.35,29.99,174.17,68.71,,0.82,,2.38,7.48,,,,,29.61,67.17,2.39,274.83,,0.0,418.42,740.0,
2016-08-15 09:00:00,,179.17,68.99,26.67,118.02,54.76,,0.52,,2.04,6.28,,,,,31.89,61.0,2.32,284.75,,0.0,441.42,740.0,
2016-08-15 10:00:00,,277.17,92.76,31.84,154.22,39.08,,0.48,,1.62,6.49,,,,,33.75,57.5,1.98,280.92,,0.0,446.92,740.0,
2016-08-15 11:00:00,,438.0,70.51,37.86,129.99,38.41,,0.47,,2.45,7.22,,,,,36.17,51.42,1.97,271.0,,0.0,448.75,740.0,
2016-08-15 12:00:00,,878.0,38.17,40.73,88.48,22.15,5.91,0.28,,2.7,7.71,,,,,36.02,51.25,2.34,278.92,,0.0,447.34,740.0,
2016-08-15 13:00:00,,811.67,38.99,46.04,94.29,20.86,3.45,0.48,,1.98,6.71,,,,,36.26,51.17,2.04,279.29,,0.0,441.25,740.0,
2016-08-15 14:00:00,,516.17,57.59,51.45,124.46,21.53,4.15,0.57,,1.7,5.04,,,,,36.66,50.58,2.26,276.5,,0.0,436.5,739.0,
2016-08-15 15:00:00,,693.38,55.03,43.42,113.86,20.92,6.48,0.52,,0.79,2.29,,,,,35.38,54.17,2.36,282.58,,0.0,410.58,739.0,
2016-08-15 16:00:00,,635.83,53.61,33.8,103.32,54.36,3.2,0.52,,0.37,1.68,,,,,34.83,55.25,2.54,286.42,,0.0,406.67,739.0,
2016-08-15 17:00:00,,498.17,73.23,34.95,131.09,55.28,4.06,0.53,,0.63,2.2,,,,,34.37,55.0,2.34,285.5,,0.0,369.0,739.0,
2016-08-15 18:00:00,,618.5,87.24,44.22,158.47,50.93,6.28,0.68,,0.53,1.71,,,,,33.51,58.58,1.46,289.75,,0.0,188.75,739.0,
2016-08-15 19:00:00,,605.33,89.55,48.15,165.35,47.63,5.76,0.81,,0.89,2.8,,,,,32.86,61.41,1.28,280.41,,0.0,14.5,739.0,
2016-08-15 20:00:00,,496.33,136.51,65.57,244.66,27.51,6.71,1.54,,2.44,6.72,,,,,32.14,65.25,0.57,260.5,,0.0,13.0,739.0,
2016-08-15 21:00:00,,865.67,183.35,63.72,307.24,32.72,8.26,1.69,,5.03,11.16,,,,,31.84,67.0,0.59,263.5,,0.0,13.08,739.75,
2016-08-15 22:00:00,,941.33,161.37,64.67,278.11,38.82,7.06,1.39,,3.32,7.47,,,,,31.46,67.25,1.22,252.75,,0.0,13.0,739.08,
2016-08-15 23:00:00,,763.33,105.65,48.01,187.08,39.24,6.64,1.16,,0.92,2.16,,,,,30.75,68.58,1.62,255.5,,0.0,13.0,739.08,
2016-08-16 00:00:00,,768.62,54.8,35.24,106.38,56.27,8.49,1.49,,1.11,1.84,,,,,30.16,67.17,1.68,258.5,,0.0,13.0,739.0,
2016-08-16 01:00:00,,421.17,52.66,31.02,99.78,44.94,8.35,1.46,,0.64,1.06,,,,,29.54,68.0,1.59,253.67,,0.0,13.08,739.0,
2016-08-16 02:00:00,,305.83,42.32,23.88,79.04,40.99,8.14,1.37,,0.89,1.14,,,,,28.88,68.83,1.88,256.5,,0.0,13.0,739.0,
2016-08-16 03:00:00,,292.5,41.2,28.64,81.76,41.13,8.24,1.43,,0.37,0.75,,,,,28.35,70.16,1.43,257.08,,0.0,12.92,739.0,
2016-08-16 04:00:00,,289.5,95.78,36.83,163.72,29.79,10.75,1.61,,1.07,1.49,,,,,28.02,70.08,1.29,259.83,,0.0,13.0,739.0,
2016-08-16 05:00:00,,513.83,141.03,41.72,229.83,30.91,8.02,1.92,,1.23,1.96,,,,,27.71,70.75,1.02,263.67,,0.0,35.08,739.0,
2016-08-16 06:00:00,,773.0,153.48,42.32,247.42,27.13,13.0,1.78,,1.42,2.81,,,,,28.34,68.25,1.4,274.42,,0.0,329.33,739.0,
2016-08-16 07:00:00,,596.0,136.52,38.86,221.0,28.15,11.86,1.58,,1.49,3.36,,,,,30.05,63.0,2.13,278.84,,0.0,408.58,739.67,
2016-08-16 08:00:00,,596.0,177.56,42.74,280.37,40.07,13.51,1.92,,1.51,3.44,,,,,30.8,61.0,2.2,285.0,,0.0,424.0,740.0,
2016-08-16 09:00:00,,,,,,,,,,,,,,,,,,,,,0.0,,,
2016-08-16 10:00:00,,,,,,,,,,,,,,,,,,,,,0.0,,,
2016-08-16 11:00:00,,,,,,,,,,,,,,,,,,,,,0.0,,,
2016-08-16 12:00:00,,,,,,,,,,,,,,,,,,,,,0.0,,,
2016-08-16 13:00:00,,,,,,,,,,,,,,,,,,,,,0.0,,,
2016-08-16 14:00:00,,,,,,,,,,,,,,,,,,,,,0.0,,,
2016-08-16 15:00:00,,,64.9,46.96,130.31,21.89,5.99,2.29,,1.95,11.85,,,,,,,,,,0.0,0.0,,
2016-08-16 16:00:00,76.0,701.17,103.57,53.46,188.88,69.09,6.21,2.34,,2.65,9.85,,,,,36.19,49.58,2.16,283.5,,0.0,400.16,739.0,
2016-08-16 17:00:00,103.33,825.67,109.78,42.32,187.7,46.5,6.41,2.3,,2.91,10.32,,,,,34.9,51.91,2.32,284.17,,0.0,367.33,739.0,
2016-08-16 18:00:00,67.83,643.0,103.38,48.88,183.01,38.8,8.39,2.63,,3.55,11.36,,,,,34.09,53.46,1.99,282.38,,0.0,183.83,739.0,
2016-08-16 19:00:00,89.0,638.0,152.54,55.48,257.77,36.48,9.52,3.14,,7.78,20.49,,,,,33.34,57.16,1.23,268.17,,0.0,14.5,739.0,
2016-08-16 20:00:00,119.5,863.0,124.54,60.5,223.91,21.91,9.44,3.22,,9.43,23.62,,,,,32.74,60.25,1.04,260.59,,0.0,13.0,739.0,
2016-08-16 21:00:00,99.17,853.5,131.79,59.92,233.38,26.83,9.3,3.08,,2.62,11.14,,,,,32.33,61.58,1.35,256.92,,0.0,12.92,739.17,
2016-08-16 22:00:00,109.33,809.33,212.16,61.15,344.02,32.47,10.21,3.02,,1.18,3.68,,,,,31.77,62.92,1.54,253.42,,0.0,13.25,739.0,
2016-08-16 23:00:00,104.62,813.62,151.3,52.12,253.1,36.92,56.27,2.65,,1.89,4.58,,,,,31.07,64.0,1.65,264.54,,0.0,13.0,739.0,
2016-08-17 00:00:00,89.33,698.5,75.34,44.28,142.38,43.26,,1.73,,3.92,5.52,,,,,30.32,63.5,1.09,264.92,,0.0,13.08,739.08,
2016-08-17 01:00:00,57.83,532.0,89.44,37.76,155.94,33.59,,1.8,,4.02,5.52,,,,,30.09,63.33,1.32,267.92,,0.0,13.25,739.0,
2016-08-17 02:00:00,42.33,409.83,48.88,29.62,93.03,31.62,,1.46,,2.99,3.95,,,,,29.78,62.67,1.82,271.5,,0.0,13.25,739.0,
2016-08-17 03:00:00,42.33,376.33,19.59,22.37,46.62,28.83,,1.36,,1.62,2.74,,,,,29.39,62.92,2.07,275.67,,0.0,13.08,739.0,
2016-08-17 04:00:00,38.5,269.83,39.36,26.18,77.23,22.0,,1.22,,0.89,2.01,,,,,29.05,63.0,2.06,273.92,,0.0,13.08,739.08,
2016-08-17 05:00:00,69.5,358.0,103.32,32.59,170.15,22.82,,1.67,,0.6,1.6,,,,,28.72,64.08,1.67,273.0,,0.0,19.75,740.0,
2016-08-17 06:00:00,108.0,635.33,83.49,34.71,145.01,25.28,7.26,1.48,,1.11,1.9,,,,,28.34,66.33,1.1,253.08,,0.0,228.33,740.0,
2016-08-17 07:00:00,90.17,692.67,152.19,40.46,243.45,25.84,8.37,1.66,,1.46,3.35,,,,,28.95,65.75,0.78,244.67,,0.0,366.5,740.0,
2016-08-17 08:00:00,100.5,729.75,166.09,46.53,268.46,36.92,8.94,1.82,,2.18,4.84,,,,,29.24,65.5,0.86,276.34,,0.0,371.0,740.0,
2016-08-17 09:00:00,96.17,852.0,124.2,38.66,203.98,30.7,8.14,1.61,,2.58,6.03,,,,,29.7,62.16,1.7,284.58,,0.0,399.08,740.0,
2016-08-17 10:00:00,87.0,840.0,117.02,44.89,198.58,32.4,27.74,1.56,,2.48,7.22,,,,,31.04,59.17,1.69,287.0,,0.0,423.42,740.0,
2016-08-17 11:00:00,79.0,766.83,101.67,50.28,183.37,27.85,11.73,1.59,,3.84,10.89,,,,,31.48,58.79,1.5,280.41,,0.0,421.25,740.0,
2016-08-17 12:00:00,81.0,651.5,101.7,60.32,192.57,24.71,5.37,1.43,,4.37,13.61,,,,,32.95,56.67,1.05,199.55,,0.0,423.45,740.0,
2016-08-17 13:00:00,85.67,487.83,34.52,54.32,95.56,23.81,1.55,1.36,,2.92,11.46,,,,,32.58,58.0,1.12,179.0,,0.0,414.0,740.0,
2016-08-17 14:00:00,77.5,436.5,34.04,54.1,94.7,24.75,1.68,1.29,,1.82,7.22,,,,,32.13,59.84,1.37,136.5,,0.0,406.5,740.0,
2016-08-17 15:00:00,69.83,537.83,28.02,44.14,77.56,34.43,1.48,1.43,,2.41,11.56,,,,,31.43,64.58,1.72,106.92,,0.0,404.17,739.33,
2016-08-17 16:00:00,67.33,405.33,43.22,51.39,104.82,38.08,1.52,1.68,,3.98,21.33,,,,,30.35,68.17,1.87,105.34,,0.0,388.83,739.0,
2016-08-17 17:00:00,61.5,300.5,34.92,55.11,96.86,37.32,1.56,1.64,,4.54,22.5,,,,,29.96,68.58,1.44,104.67,,0.0,361.67,739.0,
2016-08-17 18:00:00,73.17,439.33,51.32,53.9,118.02,39.16,6.31,1.63,,5.34,33.99,,,,,29.18,69.5,1.33,112.46,,0.0,144.29,739.25,
2016-08-17 19:00:00,68.83,445.83,61.62,60.84,138.35,37.11,11.46,1.75,,7.24,56.99,,,,,28.78,70.84,1.08,118.58,,0.0,13.42,740.0,
2016-08-17 20:00:00,68.5,577.17,67.74,63.42,148.96,35.98,7.98,2.12,,10.06,37.23,,,,,28.7,72.0,0.77,152.75,,0.0,13.0,740.0,
2016-08-17 21:00:00,74.83,602.83,51.55,63.97,127.36,39.56,7.88,2.28,,10.09,54.85,,,,,28.76,71.92,0.86,101.83,,0.0,13.0,740.0,
2016-08-17 22:00:00,91.0,495.33,51.72,65.82,129.27,39.01,7.29,2.46,,13.38,59.05,,,,,28.6,72.66,1.82,86.83,,0.0,13.0,740.0,
2016-08-17 23:00:00,74.67,209.0,37.39,60.44,104.92,39.95,6.92,1.79,,10.29,47.82,,,,,28.54,72.33,1.28,89.34,,0.0,13.0,740.0,
2016-08-18 00:00:00,62.33,176.33,39.69,48.4,97.34,39.99,9.49,1.46,,6.24,36.06,,,,,28.44,72.5,0.8,161.17,,0.0,13.0,740.0,
2016-08-18 01:00:00,36.0,101.5,37.31,48.77,94.39,35.99,9.88,1.78,,4.5,30.64,,,,,28.01,75.75,0.67,81.41,,0.0,13.0,740.0,
2016-08-18 02:00:00,51.0,214.17,54.71,45.35,115.12,36.73,10.42,2.12,,5.38,89.11,,,,,28.03,76.5,0.41,137.25,,0.0,13.16,740.0,
2016-08-18 03:00:00,81.0,453.5,57.89,40.31,114.96,42.36,10.42,2.09,29.2,6.91,34.22,,,,,27.82,77.5,0.53,197.25,,0.0,13.17,740.0,
2016-08-18 04:00:00,104.33,491.33,50.99,45.44,110.13,44.45,10.18,2.14,61.97,10.38,31.2,,,,,27.86,77.33,0.77,200.42,,0.0,13.17,740.0,
2016-08-18 05:00:00,90.67,337.5,70.65,29.44,122.71,53.58,10.01,1.94,,8.17,49.8,,,,,27.34,80.0,0.99,145.5,,0.0,22.0,740.0,
2016-08-18 06:00:00,60.17,288.17,101.22,35.35,169.88,55.38,9.38,2.16,,6.36,29.66,,,,,27.31,81.59,0.52,131.42,,0.0,220.67,740.0,
2016-08-18 07:00:00,39.5,188.0,38.46,37.86,86.24,56.78,8.02,1.89,,7.2,25.66,,,,,27.29,79.75,1.7,85.33,,0.0,338.16,740.0,
2016-08-18 08:00:00,31.17,200.5,18.33,41.7,62.21,61.15,7.99,1.95,,5.53,25.48,,,,,27.79,76.75,0.68,80.33,,0.0,367.08,740.0,
2016-08-18 09:00:00,29.33,49.67,68.15,50.98,138.51,59.66,8.14,2.19,,6.71,20.82,,,,,27.86,76.75,0.74,160.58,,0.0,376.17,740.0,
2016-08-18 10:00:00,43.5,108.0,121.26,56.92,215.29,36.68,32.32,2.09,,8.36,24.76,,,,,29.42,76.67,0.53,244.0,,0.0,430.5,740.0,
2016-08-18 11:00:00,53.38,111.5,63.98,64.54,144.92,44.15,13.66,2.16,,7.73,21.9,,,,,31.93,66.5,0.88,201.63,,0.0,431.12,740.0,
2016-08-18 12:00:00,36.5,145.67,25.4,62.0,89.95,36.56,5.04,2.01,,5.66,20.74,,,,,32.25,62.08,0.95,147.17,,0.0,418.58,740.0,
2016-08-18 13:00:00,45.83,206.0,32.34,69.15,105.76,41.92,3.18,2.08,,6.16,22.33,,,,,32.86,61.84,0.74,219.17,,0.0,421.0,740.0,
2016-08-18 14:00:00,58.83,284.5,37.94,78.06,121.43,39.31,3.0,2.16,,3.71,19.02,,,,,35.24,56.58,0.72,252.83,,0.0,429.42,740.0,
2016-08-18 15:00:00,74.67,393.0,25.65,58.32,87.01,43.1,2.96,1.94,,1.65,19.78,,,,,32.16,62.83,2.06,162.17,,0.0,384.25,740.0,
2016-08-18 16:00:00,54.0,433.33,38.25,37.31,85.47,55.11,3.19,1.62,,2.32,19.83,,,,,30.02,69.09,1.34,121.17,,0.0,387.58,740.0,
2016-08-18 17:00:00,32.83,237.5,26.11,41.41,72.49,43.3,2.49,1.75,,3.51,19.58,,,,,30.11,69.58,1.35,83.75,,0.0,361.34,740.0,
2016-08-18 18:00:00,27.33,238.33,47.58,45.37,105.44,40.39,6.71,1.86,,4.97,26.91,,,,,29.37,71.59,0.63,94.17,,0.0,117.58,740.0,
2016-08-18 19:00:00,34.83,236.17,77.27,58.87,158.01,39.45,9.87,2.28,,6.84,39.24,,,,,29.22,72.67,0.3,122.5,,0.0,13.33,740.0,
2016-08-18 20:00:00,62.67,483.83,38.88,49.64,97.28,36.26,7.5,2.31,,9.67,37.57,,,,,28.78,75.5,1.06,72.67,,0.0,13.0,740.0,
2016-08-18 21:00:00,57.83,307.33,39.24,45.22,93.88,37.88,7.0,2.24,,8.36,26.46,,,,,28.37,77.17,0.72,75.5,,0.0,13.0,740.0,
2016-08-18 22:00:00,67.67,273.5,71.89,45.92,139.06,38.73,8.15,2.45,,8.82,29.93,,,,,28.24,78.42,0.45,61.66,,0.0,13.0,740.0,
2016-08-18 23:00:00,69.83,359.83,64.17,42.11,125.18,40.49,8.93,2.34,,10.34,39.94,,,,,28.13,79.75,0.77,84.08,,0.0,13.0,740.0,
2016-08-19 00:00:00,58.83,280.17,30.03,35.31,72.49,45.15,5.35,1.61,,7.73,26.99,,,,,27.62,79.5,0.35,124.34,,0.0,13.17,740.0,
2016-08-19 01:00:00,48.33,173.17,26.54,30.85,63.75,42.88,3.92,1.68,,8.22,23.14,,,,,27.49,79.33,0.38,84.5,,0.0,13.08,740.0,
2016-08-19 02:00:00,114.0,223.67,27.7,29.64,64.28,40.49,3.78,1.51,,11.72,29.05,,,,,27.37,79.92,0.3,118.92,,0.0,13.16,740.0,
2016-08-19 03:00:00,57.0,194.0,54.02,33.0,103.16,42.58,4.69,1.38,,9.62,19.37,,,,,27.22,78.42,0.35,257.91,,0.0,13.25,740.0,
2016-08-19 04:00:00,47.67,284.83,30.18,36.42,73.68,42.02,4.16,1.45,,7.38,14.5,,,,,27.48,77.0,0.32,174.17,,0.0,13.08,740.0,
2016-08-19 05:00:00,51.0,227.67,122.7,44.97,207.58,45.19,5.14,1.69,,8.12,20.2,,,,,27.42,76.92,0.4,287.79,,0.0,19.84,740.0,
2016-08-19 06:00:00,55.17,448.33,164.16,50.28,269.02,51.25,8.28,1.98,,9.82,31.68,,,,,28.16,75.91,0.39,292.0,,0.0,258.5,740.0,
2016-08-19 07:00:00,71.33,547.0,148.94,50.59,248.34,44.41,8.47,1.73,,8.57,26.91,,,,,31.11,66.08,1.05,292.91,,0.0,395.75,740.0,
2016-08-19 08:00:00,47.17,395.33,111.81,53.77,200.53,55.21,7.96,1.79,,8.03,20.42,,,,,31.95,64.0,0.76,227.75,,0.0,412.42,740.0,
2016-08-19 09:00:00,48.67,561.33,59.07,50.23,125.52,50.59,6.92,1.65,,7.05,14.38,,,,,34.08,56.41,1.12,166.58,,0.0,417.67,740.0,
2016-08-19 10:00:00,73.75,426.25,42.71,37.34,91.57,39.26,28.88,1.34,,4.85,14.98,,,,,35.23,54.17,1.74,126.08,,0.0,437.08,740.0,
2016-08-19 11:00:00,50.33,349.83,9.81,36.44,45.84,39.02,9.18,1.39,,3.56,19.97,,,,,35.75,51.25,2.27,124.92,,0.0,436.08,740.0,
2016-08-19 12:00:00,47.67,218.83,13.41,45.88,59.13,32.04,7.28,1.41,,3.25,12.38,,,,,35.78,50.42,1.7,165.83,,0.0,424.33,740.0,
2016-08-19 13:00:00,53.67,278.5,3.42,43.43,43.34,32.48,5.98,1.45,,4.32,30.76,,,,,34.94,53.84,2.19,124.34,,0.0,419.08,740.0,
2016-08-19 14:00:00,66.33,200.67,5.17,48.74,50.47,37.94,5.67,1.44,,3.16,22.32,,,,,34.72,53.5,2.32,106.66,,0.0,412.75,740.0,
2016-08-19 15:00:00,62.33,186.67,6.12,42.92,46.61,42.11,6.57,1.35,,3.88,19.39,,,,,34.74,50.67,2.06,108.08,,0.0,406.66,740.0,
2016-08-19 16:00:00,55.67,228.67,10.34,46.61,55.65,42.05,12.01,1.32,,3.56,21.4,,,,,35.15,48.42,1.64,102.46,,0.0,401.42,740.0,
2016-08-19 17:00:00,38.17,132.67,13.24,54.0,66.23,31.3,13.99,1.31,,3.22,28.22,,,,,34.75,48.83,1.99,90.67,,0.0,371.33,739.92,
2016-08-19 18:00:00,43.33,208.33,33.52,75.34,112.92,29.49,12.22,1.43,,5.63,118.95,,,,,33.85,52.25,1.77,85.0,,0.0,183.33,740.0,
2016-08-19 19:00:00,88.5,326.17,37.72,72.89,116.45,33.92,2.09,2.31,5.1,11.61,164.74,,,,,32.88,58.17,1.92,86.92,,0.0,13.42,740.0,
2016-08-19 20:00:00,85.83,353.17,22.18,70.43,93.03,30.51,10.18,2.33,28.19,11.7,155.87,,,,,32.33,64.0,1.7,87.42,,0.0,13.0,740.0,
2016-08-19 21:00:00,105.67,329.0,21.92,68.89,91.29,30.26,8.59,2.34,24.98,10.35,115.87,,,,,32.13,65.17,1.9,85.08,,0.0,13.0,740.0,
2016-08-19 22:00:00,87.0,289.33,12.17,54.5,65.19,34.43,7.78,1.92,24.35,9.31,143.12,,,,,31.72,67.38,2.41,88.0,,0.0,13.0,740.0,
2016-08-19 23:00:00,91.83,199.67,6.07,33.43,38.08,33.54,7.22,1.34,23.46,4.95,42.0,,,,,31.13,67.84,2.54,95.67,,0.0,13.0,740.0,
2016-08-20 00:00:00,34.83,109.5,3.92,26.9,29.31,36.54,13.85,1.52,19.88,2.94,18.34,,,,,30.73,67.33,2.46,88.84,,0.0,13.0,740.0,
2016-08-20 01:00:00,8.17,70.5,5.62,31.61,35.84,32.86,14.07,1.52,20.86,2.47,22.32,,,,,30.12,68.5,3.5,89.08,,0.0,13.08,740.0,
2016-08-20 02:00:00,26.17,82.0,5.18,32.26,35.79,31.06,13.91,1.39,20.94,1.99,39.73,,,,,29.26,69.92,3.6,90.25,,0.0,13.08,740.0,
2016-08-20 03:00:00,14.5,53.83,12.39,35.58,48.66,31.47,14.16,1.57,21.76,1.8,72.28,,,,,28.76,71.92,2.82,80.33,,0.0,13.0,740.0,
2016-08-20 04:00:00,32.0,77.5,24.72,38.83,68.33,33.12,14.06,1.94,30.35,2.9,144.22,,,,,28.34,73.92,1.98,77.46,,0.0,13.0,740.0,
2016-08-20 05:00:00,56.83,162.83,33.07,36.12,77.32,34.68,14.38,1.88,26.84,6.1,55.39,,,,,28.1,76.0,2.21,78.42,,0.0,27.42,740.0,
2016-08-20 06:00:00,53.83,204.0,17.26,31.71,51.83,32.48,15.66,1.71,23.33,3.52,60.1,,,,,28.62,75.17,2.78,90.42,,0.0,309.0,740.0,
2016-08-20 07:00:00,40.83,94.0,14.83,30.11,47.11,32.52,7.62,1.64,23.78,3.56,70.21,,,,,29.62,71.83,3.43,83.67,,0.0,395.67,740.0,
2016-08-20 08:00:00,26.5,110.67,10.58,25.22,36.9,34.0,6.71,1.5,19.9,3.15,22.48,,,,,30.74,66.5,3.6,90.42,,0.0,421.67,740.0,
2016-08-20 09:00:00,13.17,91.83,19.33,37.47,59.8,36.03,7.23,1.65,12.8,2.64,9.48,,,,,30.99,66.17,3.41,94.42,,0.0,418.0,740.0,
2016-08-20 10:00:00,34.0,200.33,5.72,24.28,29.44,24.98,27.21,1.32,20.02,3.68,52.12,,,,,33.14,60.5,3.83,99.75,,0.0,446.0,740.0,
2016-08-20 11:00:00,34.17,187.17,8.46,28.46,36.92,27.48,10.13,1.45,24.22,2.14,13.32,,,,,33.71,56.75,5.11,102.92,,0.0,445.17,740.0,
2016-08-20 12:00:00,35.67,243.67,7.95,31.11,38.57,24.19,6.42,1.48,30.76,1.78,24.66,,,,,34.16,55.34,4.61,98.75,,0.0,440.67,740.0,
2016-08-20 13:00:00,38.83,156.5,10.43,36.72,46.95,23.82,4.84,1.58,26.18,2.35,56.4,,,,,34.27,54.83,4.88,85.58,,0.0,432.33,740.0,
2016-08-20 14:00:00,40.5,201.0,13.99,41.56,56.13,25.65,5.18,1.58,25.56,2.54,50.53,,,,,34.44,54.0,4.24,94.34,,0.0,423.67,740.0,
2016-08-20 15:00:00,49.67,180.33,6.7,28.62,34.66,25.18,4.56,1.43,26.98,1.78,17.03,,,,,34.96,51.83,4.21,96.25,,0.0,425.67,740.0,
2016-08-20 16:00:00,34.17,153.33,11.31,41.42,52.35,33.98,4.77,1.51,26.71,1.88,38.42,,,,,34.14,54.0,4.0,94.66,,0.0,389.75,740.0,
2016-08-20 17:00:00,38.0,158.17,20.33,49.23,71.64,31.52,4.73,1.58,22.18,2.35,26.02,,,,,33.52,56.17,3.44,90.92,,0.0,342.75,740.0,
2016-08-20 18:00:00,28.67,146.83,23.42,56.58,82.42,28.97,6.97,1.78,21.31,2.89,80.12,,,,,32.67,59.0,3.5,82.92,,0.0,106.0,740.0,
2016-08-20 19:00:00,35.0,138.5,15.24,52.5,67.58,28.06,6.45,1.82,21.99,5.63,118.42,,,,,32.2,60.92,3.2,89.42,,0.0,13.25,740.0,
2016-08-20 20:00:00,48.5,149.67,17.92,54.78,73.28,25.12,6.15,1.86,25.22,5.73,55.98,,,,,31.91,61.91,3.5,85.34,,0.0,13.0,740.0,
2016-08-20 21:00:00,43.83,152.83,8.99,42.85,50.46,25.44,5.93,1.76,24.49,5.88,35.7,,,,,31.26,65.62,3.38,93.0,,0.0,13.08,740.0,
2016-08-20 22:00:00,54.0,185.33,7.52,39.0,45.01,27.22,5.78,1.57,24.04,3.83,20.7,,,,,30.52,67.25,2.81,99.42,,0.0,13.0,740.0,
2016-08-20 23:00:00,34.83,104.67,4.63,32.52,35.25,27.61,6.24,1.45,23.72,3.43,11.96,,,,,30.09,68.33,3.23,102.42,,0.0,13.0,740.0,
2016-08-21 00:00:00,33.83,103.5,3.86,31.49,33.35,28.83,8.07,1.54,19.69,2.68,20.8,,,,,29.42,70.08,3.01,90.0,,0.0,13.0,740.0,
2016-08-21 01:00:00,10.33,33.83,2.78,23.07,24.35,26.93,7.85,1.49,22.47,1.98,9.26,,,,,28.76,71.67,2.79,89.08,,0.0,12.92,740.0,
2016-08-21 02:00:00,22.17,53.83,3.83,28.64,30.74,25.14,8.01,1.42,22.26,1.98,13.74,,,,,28.45,71.17,2.49,97.42,,0.0,12.92,740.0,
2016-08-21 03:00:00,23.67,80.67,4.45,28.07,31.05,24.27,7.35,1.4,21.44,1.71,17.66,,,,,27.86,72.5,2.92,86.0,,0.0,13.0,740.0,
2016-08-21 04:00:00,25.17,66.33,4.48,20.14,24.09,22.52,7.02,1.41,22.68,1.44,8.24,,,,,27.36,74.59,3.02,94.16,,0.0,13.08,740.0,
2016-08-21 05:00:00,18.67,62.5,4.74,20.9,25.08,23.31,7.68,1.43,23.23,1.45,6.0,,,,,26.98,76.92,3.23,87.84,,0.0,24.92,740.0,
2016-08-21 06:00:00,32.0,110.17,11.5,24.98,37.94,25.34,29.08,1.5,22.63,1.89,5.94,,,,,27.08,76.33,2.7,92.17,,0.0,312.33,740.0,
2016-08-21 07:00:00,29.5,108.33,16.5,29.0,48.36,27.31,8.95,1.44,21.59,2.84,12.29,,,,,27.84,71.42,2.55,101.34,,0.0,397.5,740.0,
2016-08-21 08:00:00,17.0,78.75,10.09,22.51,33.86,28.37,9.39,1.4,22.61,2.13,11.83,,,,,30.17,64.41,2.84,95.75,,0.0,439.25,740.0,
2016-08-21 09:00:00,14.0,50.5,15.8,26.08,44.83,29.19,9.24,1.44,11.5,1.89,13.09,,,,,30.84,61.92,3.12,96.58,,0.0,437.42,740.0,
2016-08-21 10:00:00,28.5,152.33,13.75,27.91,43.5,20.49,30.25,1.25,21.12,1.94,33.98,,,,,32.25,58.5,3.59,96.42,,0.0,451.58,740.0,
2016-08-21 11:00:00,41.5,149.33,11.08,25.95,38.24,22.22,12.94,1.38,23.58,2.05,22.85,,,,,33.28,54.67,4.28,91.66,,0.0,453.42,740.0,
2016-08-21 12:00:00,18.0,151.33,7.83,23.92,32.02,18.48,6.36,1.39,29.57,1.53,17.58,,,,,34.0,52.25,4.72,99.16,,0.0,446.58,740.0,
2016-08-21 13:00:00,12.83,154.5,6.02,22.66,28.44,18.45,4.41,1.38,30.94,1.66,10.2,,,,,34.31,50.5,5.04,98.5,,0.0,440.08,740.0,
2016-08-21 14:00:00,12.83,161.0,5.32,22.84,27.6,18.61,4.08,1.4,32.16,1.46,5.41,,,,,34.38,50.67,4.67,100.67,,0.0,439.5,740.0,
2016-08-21 15:00:00,17.17,154.83,3.78,21.86,24.63,18.58,3.4,1.4,30.83,1.46,5.03,,,,,34.7,50.17,4.44,96.84,,0.0,435.08,740.0,
2016-08-21 16:00:00,18.83,152.67,5.67,28.15,32.84,28.65,3.53,1.41,30.84,1.73,9.46,,,,,33.55,54.17,3.62,107.92,,0.0,407.58,740.0,
2016-08-21 17:00:00,20.5,164.17,5.2,28.32,32.36,28.36,3.36,1.4,27.72,1.94,8.07,,,,,32.42,56.83,3.54,102.42,,0.0,382.0,740.0,
2016-08-21 18:00:00,10.67,126.67,5.89,37.0,40.99,25.66,7.44,1.46,26.79,2.26,9.45,,,,,31.48,60.42,2.22,118.5,,0.0,177.17,740.0,
2016-08-21 19:00:00,21.67,108.67,8.38,42.44,49.29,24.89,7.91,1.57,25.45,3.23,12.14,,,,,31.04,60.83,2.11,102.42,,0.0,13.25,740.0,
2016-08-21 20:00:00,12.17,108.33,17.06,55.08,72.39,20.7,8.48,1.72,24.4,3.36,12.28,,,,,30.72,62.83,1.83,102.42,,0.0,13.08,740.0,
2016-08-21 21:00:00,23.67,148.0,12.74,48.18,60.33,24.11,8.43,1.7,24.26,4.33,24.41,,,,,30.38,63.83,2.24,95.92,,0.0,13.08,740.0,
2016-08-21 22:00:00,27.5,182.5,11.16,47.46,57.52,26.08,8.03,1.61,25.17,4.17,28.49,,,,,30.1,64.84,2.1,94.75,,0.0,12.92,740.0,
2016-08-21 23:00:00,28.5,147.5,7.78,43.06,48.96,27.32,8.19,1.54,23.8,3.64,17.42,,,,,29.65,67.34,2.15,97.5,,0.0,13.0,740.0,
2016-08-22 00:00:00,21.0,104.62,5.62,27.88,32.52,28.52,7.48,1.53,22.55,2.75,21.68,,,,,29.24,68.0,2.24,120.42,,0.0,13.08,740.0,
2016-08-22 01:00:00,32.0,71.67,4.85,23.46,27.54,27.38,6.74,1.51,22.03,2.09,4.12,,,,,28.62,70.08,1.68,154.83,,0.0,13.0,740.0,
2016-08-22 02:00:00,28.83,90.33,3.66,19.08,21.99,25.86,6.37,1.42,21.28,2.08,2.87,,,,,28.13,71.58,1.99,113.75,,0.0,13.08,740.0,
2016-08-22 03:00:00,28.17,89.0,7.27,25.82,32.88,30.37,6.75,1.94,24.82,2.39,4.78,,,,,27.71,71.58,1.42,97.34,,0.0,13.08,740.0,
2016-08-22 04:00:00,90.67,187.33,14.81,29.91,46.85,26.03,6.7,1.55,21.03,4.1,11.8,,,,,27.42,72.08,1.72,83.84,,0.0,13.0,740.0,
2016-08-22 05:00:00,26.0,133.83,22.2,32.08,58.89,28.03,6.94,1.52,21.19,1.84,8.82,,,,,27.05,74.0,2.11,80.25,,0.0,27.0,740.0,
2016-08-22 06:00:00,34.17,151.33,30.94,32.82,71.5,30.89,8.32,1.61,22.92,2.53,11.51,,,,,27.22,74.0,2.16,92.84,,0.0,304.59,740.0,
2016-08-22 07:00:00,24.83,118.83,31.78,33.39,73.15,32.97,8.77,1.72,23.45,3.91,15.44,,,,,28.22,72.25,2.68,93.92,,0.0,403.33,740.0,
2016-08-22 08:00:00,21.33,117.67,24.59,32.98,62.96,32.98,8.84,1.72,21.98,5.03,18.35,,,,,30.54,64.25,2.17,105.17,,0.0,433.25,740.0,
2016-08-22 09:00:00,10.5,101.83,10.7,27.42,39.03,32.84,9.07,1.64,17.92,4.05,16.38,,,,,32.02,57.0,3.18,107.66,,0.0,447.75,740.0,
2016-08-22 10:00:00,21.33,155.5,5.64,25.08,30.06,21.74,28.76,1.38,23.38,3.14,9.26,,,,,33.51,52.66,3.36,108.34,,0.0,451.17,740.0,
2016-08-22 11:00:00,13.67,154.0,9.06,26.86,36.28,24.67,13.0,1.48,26.24,2.4,8.24,,,,,34.18,50.5,3.94,100.5,,0.0,442.25,740.0,
2016-08-22 12:00:00,17.83,164.67,10.39,32.62,43.26,19.92,6.44,1.5,29.32,2.26,26.81,,,,,34.63,50.16,4.1,99.5,,0.0,440.5,740.0,
2016-08-22 13:00:00,22.83,204.5,7.19,25.26,32.33,20.54,5.55,1.47,30.07,1.85,12.74,,,,,34.42,50.38,5.23,97.08,,0.0,440.96,740.0,
2016-08-22 14:00:00,25.83,290.67,7.76,26.88,34.54,21.63,4.37,1.46,30.08,1.46,6.28,,,,,34.93,48.5,4.75,105.0,,0.0,440.5,740.0,
2016-08-22 15:00:00,19.67,186.5,6.78,31.03,36.9,20.17,4.1,1.49,28.49,2.29,14.28,,,,,34.58,50.16,3.78,112.58,,0.0,417.5,740.0,
2016-08-22 16:00:00,18.83,194.5,10.64,31.22,42.33,30.91,4.13,1.44,30.07,2.3,11.5,,,,,33.62,53.5,3.43,111.17,,0.0,401.5,740.0,
2016-08-22 17:00:00,21.0,170.17,11.93,39.14,51.1,30.73,4.22,1.51,24.96,2.38,11.94,,,,,32.93,56.83,2.33,131.58,,0.0,366.0,740.0,
2016-08-22 18:00:00,13.5,164.67,9.93,46.12,54.63,28.31,6.36,1.68,24.36,3.57,20.5,,,,,31.95,59.34,2.45,102.0,,0.0,162.5,740.0,
2016-08-22 19:00:00,24.5,181.17,10.57,46.8,56.13,28.27,6.76,1.73,22.42,5.36,23.38,,,,,31.41,60.75,2.76,98.12,,0.0,13.25,740.0,
2016-08-22 20:00:00,19.83,169.67,8.46,47.99,54.32,23.89,6.78,1.75,25.31,5.33,26.37,,,,,31.17,61.58,2.12,84.83,,0.0,13.0,740.0,
2016-08-22 21:00:00,31.67,164.0,12.57,51.84,63.36,25.61,12.23,1.76,24.96,5.52,35.69,,,,,31.12,62.25,2.02,95.67,,0.0,13.0,740.0,
2016-08-22 22:00:00,22.0,194.83,9.29,46.26,53.93,28.4,7.05,1.71,25.67,4.53,30.69,,,,,30.98,63.17,2.02,90.17,,0.0,13.0,740.0,
2016-08-22 23:00:00,33.33,192.17,5.82,43.92,47.08,28.47,6.84,1.62,25.21,5.04,33.58,,,,,30.69,64.5,2.42,87.5,,0.0,13.08,740.0,
2016-08-23 00:00:00,39.33,148.17,14.48,45.19,60.02,32.36,7.52,1.85,20.52,3.77,35.23,,,,,30.2,67.33,2.38,86.83,,0.0,13.0,740.0,
2016-08-23 01:00:00,41.33,107.0,12.67,41.45,54.24,33.97,7.44,1.81,20.42,6.42,93.32,,,,,29.72,70.0,2.48,89.84,,0.0,13.0,740.0,
2016-08-23 02:00:00,63.17,139.33,4.03,25.47,28.18,30.49,6.75,1.58,20.95,3.99,26.12,,,,,29.2,71.25,2.74,90.92,,0.0,13.0,740.0,
2016-08-23 03:00:00,39.0,103.0,4.66,25.84,29.36,30.39,6.58,1.55,21.26,2.68,20.44,,,,,28.7,73.59,2.1,90.92,,0.0,13.08,740.0,
2016-08-23 04:00:00,38.17,117.67,10.49,31.92,42.78,27.57,6.04,1.71,22.73,4.0,67.76,,,,,28.5,74.75,2.11,95.58,,0.0,13.0,740.0,
2016-08-23 05:00:00,35.17,150.33,11.57,32.76,44.97,29.44,5.95,1.66,22.56,3.16,22.6,,,,,28.3,75.17,2.21,93.0,,0.0,26.84,740.0,
2016-08-23 06:00:00,40.83,189.67,22.19,40.07,66.04,31.28,7.72,1.76,23.32,3.0,11.26,,,,,28.74,73.08,1.92,96.92,,0.0,292.5,740.0,
2016-08-23 07:00:00,40.0,149.5,24.76,40.78,70.14,31.29,8.39,1.72,22.58,4.1,21.02,,,,,30.88,67.0,2.55,97.42,,0.0,413.75,740.0,
2016-08-23 08:00:00,38.5,125.0,10.99,32.38,43.88,35.88,8.57,1.72,20.21,3.35,10.5,,,,,31.08,66.91,2.81,98.84,,0.0,420.17,740.0,
2016-08-23 09:00:00,31.0,97.17,8.68,33.81,42.01,37.06,8.57,1.74,15.8,3.08,10.96,,,,,31.33,62.0,3.01,99.34,,0.0,408.25,740.0,
2016-08-23 10:00:00,31.17,141.17,6.93,36.15,41.64,27.22,31.04,1.51,21.86,4.16,9.52,,,,,31.48,62.41,2.49,104.83,,0.0,413.84,740.0,
2016-08-23 11:00:00,33.67,182.5,8.06,37.48,44.42,30.16,11.74,1.66,26.06,4.66,13.27,,,,,32.88,58.5,2.53,113.58,,0.0,426.66,740.0,
2016-08-23 12:00:00,40.17,181.17,6.82,34.06,39.66,23.49,11.2,1.59,34.07,3.26,20.29,,,,,33.08,56.42,3.19,92.5,,0.0,421.08,740.0,
2016-08-23 13:00:00,30.0,161.83,6.8,34.51,40.02,20.62,5.34,1.52,33.01,2.63,13.92,,,,,34.03,51.17,2.71,107.92,,0.0,421.25,740.0,
2016-08-23 14:00:00,25.0,155.33,5.52,35.18,38.9,24.34,4.85,1.55,34.7,2.32,11.33,,,,,33.62,51.84,2.45,111.34,,0.0,409.66,740.0,
2016-08-23 15:00:00,26.0,131.17,4.95,33.94,37.02,24.44,4.45,1.53,33.94,1.7,9.29,,,,,33.53,52.67,2.12,104.75,,0.0,401.25,740.0,
2016-08-23 16:00:00,34.17,176.83,25.91,51.28,81.03,38.48,5.22,1.62,29.54,2.13,13.29,,,,,32.94,55.33,1.33,102.25,,0.0,365.58,740.0,
2016-08-23 17:00:00,47.67,290.33,7.01,51.52,55.46,33.89,4.87,1.73,25.77,3.38,18.44,,,,,32.34,58.66,2.09,88.75,,0.0,342.08,740.0,
2016-08-23 18:00:00,36.0,237.0,7.7,52.2,57.1,33.4,5.5,1.8,24.5,5.9,20.3,,,,,32.2,60.0,2.2,110.0,,0.0,346.0,740.0,
2016-08-23 19:00:00,,,,,,,,,,,,,,,,,,,,,0.0,,,
2016-08-23 20:00:00,,,,,,,,,,,,,,,,,,,,,0.0,,,
2016-08-23 21:00:00,,,,,,,,,,,,,,,,,,,,,0.0,,,
2016-08-23 22:00:00,,,,,,,,,,,,,,,,,,,,,0.0,,,
2016-08-23 23:00:00,,,,,,,,,,,,,,,,,,,,,0.0,,,
2016-08-24 00:00:00,,,,,,,,,,,,,,,,,,,,,0.0,,,
2016-08-24 01:00:00,,,,,,,,,,,,,,,,,,,,,0.0,,,
2016-08-24 02:00:00,,,,,,,,,,,,,,,,,,,,,0.0,,,
2016-08-24 03:00:00,,,,,,,,,,,,,,,,,,,,,0.0,,,
2016-08-24 04:00:00,,,,,,,,,,,,,,,,,,,,,0.0,,,
2016-08-24 05:00:00,,,,,,,,,,,,,,,,,,,,,0.0,,,
2016-08-24 06:00:00,,,,,,,,,,,,,,,,,,,,,0.0,,,
2016-08-24 07:00:00,,,,,,,,,,,,,,,,,,,,,0.0,,,
2016-08-24 08:00:00,,,,,,,,,,,,,,,,,,,,,0.0,,,
2016-08-24 09:00:00,,,,,,,,,,,,,,,,,,,,,0.0,,,
2016-08-24 10:00:00,36.0,237.0,,,,,6.72,1.33,13.23,2.78,81.08,,,,,30.87,65.66,4.78,86.25,,0.0,432.16,740.0,
2016-08-24 11:00:00,37.0,276.0,24.69,41.17,70.32,37.9,6.73,0.92,37.48,3.58,70.24,,,,,31.77,61.09,5.75,93.92,,0.0,435.17,740.0,
2016-08-24 12:00:00,35.33,260.5,13.32,41.74,55.4,31.82,6.76,1.14,35.94,2.68,27.17,,,,,30.38,65.83,5.2,90.17,,0.0,395.25,740.0,
2016-08-24 13:00:00,28.33,166.83,24.76,42.82,71.93,32.2,7.18,1.12,25.75,2.01,29.12,,,,,30.58,70.09,4.74,89.34,,0.0,451.08,740.0,
2016-08-24 14:00:00,31.5,86.0,8.4,32.1,40.07,32.28,6.98,0.89,26.17,1.57,13.66,,,,,31.12,66.84,4.39,99.34,,0.0,415.5,740.0,
2016-08-24 15:00:00,15.62,85.38,8.76,31.4,39.95,32.14,6.41,0.98,24.86,1.65,15.16,,,,,29.58,72.88,3.63,93.04,,0.0,404.54,740.0,
2016-08-24 16:00:00,,,,,,,,,,,,,,,,,,,,,0.0,,,
2016-08-24 17:00:00,,,,,,,,,,,,,,,,,,,,,0.0,,,
2016-08-24 18:00:00,,,,,,,,,,,,,,,,,,,,,0.0,,,
2016-08-24 19:00:00,,,,,,,,,,,,,,,,,,,,,0.0,,,
2016-08-24 20:00:00,,,,,,,,,,,,,,,,,,,,,0.0,,,
2016-08-24 21:00:00,,,,,,,,,,,,,,,,,,,,,0.0,,,
2016-08-24 22:00:00,,,,,,,,,,,,,,,,,,,,,0.0,,,
2016-08-24 23:00:00,,,,,,,,,,,,,,,,,,,,,0.0,,,
2016-08-25 00:00:00,,,,,,,,,,,,,,,,,,,,,0.0,,,
2016-08-25 01:00:00,,,,,,,,,,,,,,,,,,,,,0.0,,,
2016-08-25 02:00:00,,,,,,,,,,,,,,,,,,,,,0.0,,,
2016-08-25 03:00:00,,,,,,,,,,,,,,,,,,,,,0.0,,,
2016-08-25 04:00:00,,,,,,,,,,,,,,,,,,,,,0.0,,,
2016-08-25 05:00:00,,,,,,,,,,,,,,,,,,,,,0.0,,,
2016-08-25 06:00:00,,,,,,,,,,,,,,,,,,,,,0.0,,,
2016-08-25 07:00:00,,,,,,,,,,,,,,,,,,,,,0.0,,,
2016-08-25 08:00:00,,,,,,,,,,,,,,,,,,,,,0.0,,,
2016-08-25 09:00:00,,,,,,,,,,,,,,,,,,,,,0.0,,,
2016-08-25 10:00:00,,,,,,,,,,,,,,,,,,,,,0.0,,,
2016-08-25 11:00:00,,,,,,,,,,,,,,,,,,,,,0.0,,,
2016-08-25 12:00:00,25.66,179.33,25.42,44.9,74.73,24.02,5.86,1.44,28.87,1.3,11.16,,,,,35.83,52.67,1.83,175.0,,0.0,434.66,740.0,
2016-08-25 13:00:00,33.83,270.5,42.94,49.66,102.83,44.66,6.47,1.53,26.76,2.11,10.53,,,,,34.39,56.34,1.39,223.75,,0.0,405.92,740.0,
2016-08-25 14:00:00,53.5,451.5,29.02,38.23,73.6,32.51,5.12,1.48,28.82,2.72,10.87,,,,,36.48,50.54,1.92,146.33,,0.0,432.38,740.0,
2016-08-25 15:00:00,18.17,228.0,32.31,63.06,100.32,34.35,5.19,1.61,44.21,3.14,32.98,,,,,34.42,55.34,1.4,109.58,,0.0,374.58,740.0,
2016-08-25 16:00:00,55.5,307.17,74.31,44.04,140.68,35.24,5.38,1.78,26.21,2.99,34.26,,,,,29.51,72.25,1.92,176.33,,0.0,363.33,740.0,
2016-08-25 17:00:00,38.33,164.0,200.26,63.03,329.72,40.79,8.09,2.52,28.31,11.72,31.04,,,,,29.11,79.75,0.39,242.25,,0.0,278.84,740.0,
2016-08-25 18:00:00,39.17,93.17,159.28,74.26,283.73,41.92,7.78,2.7,28.88,9.07,24.9,,,,,28.69,78.59,0.44,271.42,,0.0,64.25,740.0,
2016-08-25 19:00:00,39.5,95.5,164.38,77.28,293.41,46.43,7.56,3.18,29.78,20.92,58.89,,,,,28.9,77.16,0.34,202.33,,0.0,13.17,740.0,
2016-08-25 20:00:00,63.67,130.0,185.72,84.39,328.92,39.9,8.82,3.89,29.97,23.0,74.18,,,,,29.13,76.79,0.35,181.67,,0.0,13.08,740.0,
2016-08-25 21:00:00,76.0,153.5,226.98,91.98,391.87,47.85,10.28,4.78,31.16,7.22,87.6,,,,,29.2,76.75,0.3,115.58,,0.0,13.0,740.0,
2016-08-25 22:00:00,100.5,225.83,324.15,99.06,469.6,48.88,11.89,5.08,33.16,12.6,90.1,,,,,29.15,77.33,0.3,200.58,,0.0,13.0,740.0,
2016-08-25 23:00:00,120.5,245.17,263.38,85.92,436.24,57.46,12.02,4.25,32.1,28.51,129.95,,,,,28.98,78.67,0.31,129.34,,0.0,13.0,740.0,
2016-08-26 00:00:00,101.67,226.0,179.24,71.15,308.18,71.36,8.08,1.46,26.66,20.09,104.51,,,,,28.98,78.25,0.42,130.75,,0.0,13.08,740.0,
2016-08-26 01:00:00,70.12,242.5,105.82,51.5,190.4,66.66,5.98,0.67,25.39,16.99,61.22,,,,,28.64,78.58,0.38,193.42,,0.0,13.16,740.0,
2016-08-26 02:00:00,65.67,185.17,69.53,42.86,133.06,78.16,5.47,,23.27,9.86,37.99,,,,,27.87,78.17,0.3,238.42,,0.0,13.33,740.0,
2016-08-26 03:00:00,38.5,114.0,103.08,43.42,179.52,83.06,4.84,0.3,22.42,6.97,26.79,,,,,27.86,79.0,0.3,229.75,,0.0,13.25,740.0,
2016-08-26 04:00:00,41.17,137.17,158.74,50.45,261.73,81.17,6.42,,26.48,7.22,29.25,,,,,28.21,79.0,0.3,248.08,,0.0,13.16,740.0,
2016-08-26 05:00:00,65.33,173.5,188.11,50.22,301.63,87.96,6.74,0.17,24.91,6.91,30.02,,,,,28.29,78.58,0.3,255.42,,0.0,18.08,740.0,
2016-08-26 06:00:00,76.67,143.0,141.28,47.42,235.24,85.5,4.12,0.6,24.28,8.26,26.53,,,,,29.01,76.83,0.3,240.75,,0.0,265.66,740.0,
2016-08-26 07:00:00,50.5,101.67,223.37,69.39,367.45,86.28,4.04,1.2,23.71,10.34,31.93,,,,,30.94,69.67,0.44,296.17,,0.0,385.25,740.0,
2016-08-26 08:00:00,50.0,92.88,145.48,75.04,265.75,88.02,2.25,1.01,21.04,11.45,32.77,,,,,31.49,65.92,0.34,290.17,,0.0,385.0,740.0,
2016-08-26 09:00:00,40.0,93.67,125.08,76.44,238.95,76.76,1.01,1.01,20.43,10.48,27.84,,,,,34.02,62.42,0.35,260.33,,0.0,427.34,740.0,
2016-08-26 10:00:00,59.83,162.67,25.14,57.55,85.35,47.89,26.51,0.48,23.22,8.51,22.71,,,,,36.71,51.42,1.01,167.42,,0.0,429.92,740.0,
2016-08-26 11:00:00,35.67,124.5,11.16,63.9,72.17,52.17,3.78,0.48,35.4,5.55,27.89,,,,,35.53,53.33,2.02,103.25,,0.0,430.58,740.0,
2016-08-26 12:00:00,50.67,175.33,8.72,66.66,71.31,41.0,3.04,0.51,43.56,4.53,38.36,,,,,35.26,53.67,1.42,117.08,,0.0,419.0,740.0,
2016-08-26 13:00:00,77.0,194.5,3.38,45.97,45.55,39.87,1.25,1.12,29.86,1.45,21.04,,,,,35.4,52.38,1.46,150.92,,0.0,402.04,740.0,
2016-08-26 14:00:00,52.83,124.17,19.62,54.97,75.72,47.42,1.02,1.3,26.88,1.61,21.67,,,,,36.26,50.08,1.76,144.25,,0.0,432.75,740.0,
2016-08-26 15:00:00,37.0,110.0,36.35,76.26,117.65,39.7,1.58,1.36,27.46,1.0,26.9,,,,,38.65,45.84,0.76,244.84,,0.0,425.16,740.0,
2016-08-26 16:00:00,,,,,,,,,,,,,,,,,,,,,0.0,,,
2016-08-26 17:00:00,,,,,,,,,,,,,,,,,,,,,0.0,,,
2016-08-26 18:00:00,,,,,,,,,,,,,,,,,,,,,0.0,,,
2016-08-26 19:00:00,,,,,,,,,,,,,,,,,,,,,0.0,,,
2016-08-26 20:00:00,,,,,,,,,,,,,,,,,,,,,0.0,,,
2016-08-26 21:00:00,,,,,,,,,,,,,,,,,,,,,0.0,,,
2016-08-26 22:00:00,,,,,,,,,,,,,,,,,,,,,0.0,,,
2016-08-26 23:00:00,,,,,,,,,,,,,,,,,,,,,0.0,,,
2016-08-27 00:00:00,,,,,,,,,,,,,,,,,,,,,0.0,,,
2016-08-27 01:00:00,,,,,,,,,,,,,,,,,,,,,0.0,,,
2016-08-27 02:00:00,,,,,,,,,,,,,,,,,,,,,0.0,,,
2016-08-27 03:00:00,,,,,,,,,,,,,,,,,,,,,0.0,,,
2016-08-27 04:00:00,,,,,,,,,,,,,,,,,,,,,0.0,,,
2016-08-27 05:00:00,,,,,,,,,,,,,,,,,,,,,0.0,,,
2016-08-27 06:00:00,,,,,,,,,,,,,,,,,,,,,0.0,,,
2016-08-27 07:00:00,,,,,,,,,,,,,,,,,,,,,0.0,,,
2016-08-27 08:00:00,,,,,,,,,,,,,,,,,,,,,0.0,,,
2016-08-27 09:00:00,,,,,,,,,,,,,,,,,,,,,0.0,,,
2016-08-27 10:00:00,,,,,,,,,,,,,,,,,,,,,0.0,,,
2016-08-27 11:00:00,,,,,,,,,,,,,,,,,,,,,0.0,,,
2016-08-27 12:00:00,,,,,,,,,,,,,,,,,,,,,0.0,,,
2016-08-27 13:00:00,,,,,,,,,,,,,,,,,,,,,0.0,,,
2016-08-27 14:00:00,,,,,,,,,,,,,,,,,,,,,0.0,,,
2016-08-27 15:00:00,,,,,,,,,,,,,,,,,,,,,0.0,,,
2016-08-27 16:00:00,,,,,,,,,,,,,,,,,,,,,0.0,,,
2016-08-27 17:00:00,,,,,,,,,,,,,,,,,,,,,0.0,,,
2016-08-27 18:00:00,,,,,,,,,,,,,,,,,,,,,0.0,,,
2016-08-27 19:00:00,,,,,,,,,,,,,,,,,,,,,0.0,,,
2016-08-27 20:00:00,,,,,,,,,,,,,,,,,,,,,0.0,,,
2016-08-27 21:00:00,,,,,,,,,,,,,,,,,,,,,0.0,,,
2016-08-27 22:00:00,,,,,,,,,,,,,,,,,,,,,0.0,,,
2016-08-27 23:00:00,,,,,,,,,,,,,,,,,,,,,0.0,,,
2016-08-28 00:00:00,,,,,,,,,,,,,,,,,,,,,0.0,,,
2016-08-28 01:00:00,,,,,,,,,,,,,,,,,,,,,0.0,,,
2016-08-28 02:00:00,,,,,,,,,,,,,,,,,,,,,0.0,,,
2016-08-28 03:00:00,,,,,,,,,,,,,,,,,,,,,0.0,,,
2016-08-28 04:00:00,,,,,,,,,,,,,,,,,,,,,0.0,,,
2016-08-28 05:00:00,,,,,,,,,,,,,,,,,,,,,0.0,,,
2016-08-28 06:00:00,,,,,,,,,,,,,,,,,,,,,0.0,,,
2016-08-28 07:00:00,,,,,,,,,,,,,,,,,,,,,0.0,,,
2016-08-28 08:00:00,,,,,,,,,,,,,,,,,,,,,0.0,,,
2016-08-28 09:00:00,,,,,0.0,,,0.0,,0.0,0.0,,,,,,,,,,0.0,0.0,,
2016-08-28 10:00:00,36.0,179.83,3.62,23.62,25.98,25.35,,0.45,19.02,2.9,13.56,,,,,34.53,56.66,3.63,93.42,,0.0,440.5,740.0,
2016-08-28 11:00:00,45.33,166.17,5.5,24.12,29.01,25.71,,0.36,19.98,2.42,12.18,,,,,35.31,54.5,3.82,103.92,,0.0,445.08,740.0,
2016-08-28 12:00:00,40.25,142.0,4.75,24.56,28.36,22.43,,0.46,26.36,1.98,7.99,,,,,36.28,51.25,3.29,104.75,,0.0,441.92,740.0,
2016-08-28 13:00:00,27.83,92.83,5.54,25.96,30.69,23.11,,0.1,20.01,0.3,5.24,,,,,36.27,48.83,4.23,96.92,,0.0,434.5,740.0,
2016-08-28 14:00:00,27.17,108.0,8.63,34.86,42.84,33.08,,0.1,16.77,3.53,16.88,,,,,35.89,51.0,4.06,101.0,,0.0,419.42,740.0,
2016-08-28 15:00:00,28.33,159.0,4.99,35.8,38.72,33.97,,0.45,16.11,2.1,17.88,,,,,35.45,51.84,3.12,101.5,,0.0,401.58,740.0,
2016-08-28 16:00:00,33.33,141.83,5.82,37.89,41.72,62.32,,0.1,14.66,1.57,8.44,,,,,34.16,55.25,3.1,98.25,,0.0,368.17,740.0,
2016-08-28 17:00:00,47.0,156.17,4.2,38.83,40.33,49.33,,0.13,15.16,2.25,38.07,,,,,33.7,55.71,2.37,95.88,,0.0,298.71,740.0,
2016-08-28 18:00:00,34.17,174.17,15.71,54.98,70.43,38.62,,0.18,13.62,3.27,18.59,,,,,33.23,57.5,1.04,142.58,,0.0,53.75,740.0,
2016-08-28 19:00:00,54.83,364.83,127.22,68.64,234.28,37.72,,0.92,13.41,7.84,26.35,,,,,32.33,63.75,0.93,278.17,,0.0,12.92,740.0,
2016-08-28 20:00:00,100.83,828.5,95.11,66.28,188.82,30.38,,0.91,23.17,12.13,46.9,,,,,31.49,67.83,1.16,288.0,,0.0,12.92,740.0,
2016-08-28 21:00:00,82.83,500.33,80.11,67.53,169.12,38.22,,0.73,17.58,6.35,37.4,,,,,31.08,67.0,1.09,293.33,,0.0,13.0,740.0,
2016-08-28 22:00:00,69.67,388.83,97.91,68.26,194.4,37.38,,0.56,17.02,9.02,32.92,,,,,30.72,67.58,0.84,286.0,,0.0,13.0,740.0,
2016-08-28 23:00:00,60.0,474.33,68.06,58.97,145.6,36.68,,0.57,17.98,10.16,31.87,,,,,30.68,68.0,1.01,289.37,,0.0,13.0,740.0,
2016-08-29 00:00:00,67.17,430.5,17.11,38.4,57.55,44.71,,1.01,19.96,8.62,28.74,,,,,30.19,68.17,1.34,278.92,,0.0,13.0,740.0,
2016-08-29 01:00:00,58.33,182.33,9.25,33.86,42.85,38.86,,0.78,15.21,6.15,22.64,,,,,29.56,69.17,0.77,172.58,,0.0,13.16,740.0,
2016-08-29 02:00:00,112.0,236.83,24.63,35.56,65.31,38.36,,0.84,20.54,7.13,17.86,,,,,29.52,70.59,0.94,219.33,,0.0,13.0,740.0,
2016-08-29 03:00:00,214.0,359.5,22.69,28.55,56.46,34.24,,0.63,17.16,6.35,12.78,,,,,28.68,74.75,1.29,287.0,,0.0,13.0,740.0,
2016-08-29 04:00:00,48.0,143.33,36.05,31.69,77.56,32.1,,0.6,15.39,3.75,10.42,,,,,27.75,77.04,1.13,242.75,,0.0,13.08,740.0,
2016-08-29 05:00:00,43.5,131.83,62.82,39.12,120.66,34.44,,0.55,13.14,4.3,9.66,,,,,27.98,75.33,0.84,220.25,,0.0,29.0,740.0,
2016-08-29 06:00:00,49.17,332.67,100.86,47.34,179.96,39.2,,0.36,13.38,4.88,14.99,,,,,28.24,74.58,0.75,204.83,,0.0,293.33,740.0,
2016-08-29 07:00:00,68.33,562.17,115.13,52.59,203.97,34.6,,0.24,15.99,5.49,13.12,,,,,29.52,71.42,0.85,215.58,,0.0,393.5,740.0,
2016-08-29 08:00:00,72.0,638.67,111.82,55.74,202.4,43.32,,0.4,9.52,5.68,14.06,,,,,31.02,67.33,1.17,146.0,,0.0,408.5,740.0,
2016-08-29 09:00:00,36.67,462.5,30.68,50.65,87.01,43.16,,0.32,53.97,5.09,11.56,,,,,31.58,66.33,1.19,113.5,,0.0,408.92,740.0,
2016-08-29 10:00:00,61.67,321.0,17.43,60.35,73.26,26.8,71.9,0.97,39.42,6.73,32.65,,,,,34.32,60.5,1.67,150.33,,0.0,439.83,740.0,
2016-08-29 11:00:00,92.5,370.83,33.15,63.48,101.81,24.5,56.89,0.72,19.16,5.7,31.55,,,,,35.98,54.17,1.64,193.08,,0.0,424.5,740.0,
2016-08-29 12:00:00,73.67,442.67,35.3,39.07,82.96,28.26,1.0,3.48,24.84,2.88,43.33,,,,,37.04,47.67,2.4,175.75,,0.0,425.0,740.0,
2016-08-29 13:00:00,51.0,383.17,75.63,55.74,152.72,31.6,2.43,4.04,16.64,7.6,57.14,,,,,30.92,67.5,2.04,268.25,,0.0,357.58,740.0,
2016-08-29 14:00:00,82.33,651.17,24.0,48.52,76.02,36.92,,3.76,22.46,7.17,23.32,,,,,33.18,61.58,1.34,117.08,,0.0,435.33,740.0,
2016-08-29 15:00:00,32.0,156.83,46.74,71.42,127.54,38.07,,4.81,22.72,8.44,34.38,,,,,32.36,64.5,0.8,226.17,,0.0,386.83,740.0,
2016-08-29 16:00:00,108.5,540.17,40.59,50.38,100.29,41.73,8.8,5.01,26.97,8.91,48.73,,,,,29.02,71.04,2.14,119.75,,0.0,195.0,740.0,
2016-08-29 17:00:00,42.17,87.5,33.39,43.32,84.2,42.09,8.66,4.01,16.07,5.39,81.03,,,,,28.48,81.67,2.65,84.92,,0.0,29.33,740.0,
2016-08-29 18:00:00,48.0,95.0,30.97,54.13,90.5,36.2,7.0,1.83,9.79,5.21,61.51,,,,,28.87,84.0,2.05,93.75,,0.0,15.17,740.0,
2016-08-29 19:00:00,44.0,96.0,,,,,9.17,2.37,12.51,5.69,104.4,,,,,27.21,84.0,1.08,93.33,,0.0,14.08,740.0,
2016-08-29 20:00:00,41.0,90.62,,,,,8.14,1.79,13.79,7.72,91.08,,,,,26.58,84.0,1.78,79.0,,0.0,15.08,740.0,
2016-08-29 21:00:00,28.83,51.0,,,,,8.06,1.94,15.16,5.38,32.98,,,,,25.91,84.0,1.21,102.58,,0.0,14.84,740.0,
2016-08-29 22:00:00,42.33,42.67,,,,,7.79,2.28,15.3,4.98,36.22,,,,,26.07,83.75,0.85,109.42,,0.0,14.0,740.0,
2016-08-29 23:00:00,37.33,51.33,,,,,7.47,1.96,14.42,5.78,34.47,,,,,26.03,82.5,1.38,86.25,,0.0,13.92,740.0,
2016-08-30 00:00:00,26.0,47.83,,,,,,1.65,13.58,6.91,34.21,,,,,26.12,82.0,1.01,90.29,,0.0,13.5,740.0,
2016-08-30 01:00:00,15.17,28.17,,,,2.0,,1.75,13.52,6.07,41.12,,,,,26.21,82.0,0.37,160.66,,0.0,13.67,740.0,
2016-08-30 02:00:00,40.83,66.0,,,,1.0,,1.94,15.59,6.72,44.18,,,,,26.24,82.0,0.34,198.5,,0.0,13.33,740.0,
2016-08-30 03:00:00,62.83,100.17,,,,,,2.47,16.14,8.11,29.66,,,,,26.18,82.42,0.3,223.42,,0.0,13.66,740.0,
2016-08-30 04:00:00,49.0,95.67,,,,,,2.22,15.15,6.38,24.14,,,,,26.53,83.0,0.3,217.75,,0.0,13.42,740.0,
2016-08-30 05:00:00,38.0,92.38,,,,,,2.44,16.54,6.56,25.15,,,,,26.82,82.92,0.32,147.33,,0.0,18.42,740.0,
2016-08-30 06:00:00,64.5,84.17,,,,,,2.39,16.74,6.23,34.46,,,,,27.09,81.08,0.52,76.25,,0.0,265.91,740.0,
2016-08-30 07:00:00,56.83,99.33,,,,,,2.62,17.31,7.34,35.88,,,,,29.24,73.83,0.41,167.66,,0.0,402.0,740.0,
2016-08-30 08:00:00,50.33,93.17,,,,,7.3,2.66,14.02,6.28,27.39,,,,,29.89,70.83,0.52,164.17,,0.0,416.17,740.0,
2016-08-30 09:00:00,25.67,78.33,,,,,5.41,2.44,11.33,5.11,16.11,,,,,31.14,66.42,0.77,160.75,,0.0,417.25,740.0,
2016-08-30 10:00:00,43.67,80.33,,,,,39.4,2.1,14.32,6.57,18.32,,,,,30.44,69.5,0.36,281.16,,0.0,392.58,740.0,
2016-08-30 11:00:00,43.33,111.83,90.82,83.04,198.02,21.97,50.72,3.34,15.39,8.04,20.78,,,,,31.58,67.34,0.52,220.25,,0.0,420.33,740.0,
2016-08-30 12:00:00,49.17,133.17,42.33,74.97,124.64,32.39,5.16,2.19,23.1,6.92,28.73,,,,,34.97,57.0,0.71,264.0,,0.0,433.25,740.0,
2016-08-30 13:00:00,50.33,123.0,14.29,59.2,72.26,24.79,3.31,2.0,29.01,2.94,29.82,,,,,34.12,58.41,0.99,161.83,,0.0,421.58,740.0,
2016-08-30 14:00:00,89.17,161.5,36.39,70.45,112.46,23.28,3.44,1.76,27.76,4.66,33.36,,,,,33.15,61.25,0.64,204.08,,0.0,387.5,740.0,
2016-08-30 15:00:00,145.67,245.67,30.98,77.55,111.44,16.8,2.6,1.7,26.48,4.38,29.18,,,,,32.02,64.5,0.57,165.34,,0.0,354.17,740.0,
2016-08-30 16:00:00,120.33,196.17,82.7,155.89,251.52,133.39,3.7,2.06,19.38,5.55,27.06,,,,,31.42,66.33,0.61,207.25,,0.0,193.16,740.0,
2016-08-30 17:00:00,91.0,142.0,18.73,54.68,74.34,99.08,3.03,1.87,18.27,8.57,42.08,,,,,27.92,76.83,3.05,95.5,,0.0,154.75,740.0,
2016-08-30 18:00:00,35.67,67.0,30.97,77.76,111.53,78.46,30.13,2.51,16.4,5.42,44.8,,,,,27.34,77.5,1.1,129.42,,0.0,63.5,740.0,
2016-08-30 19:00:00,36.17,71.5,31.21,83.42,116.94,66.37,20.67,2.84,15.14,10.97,46.86,,,,,27.64,78.0,1.32,110.0,,0.0,13.5,740.0,
2016-08-30 20:00:00,47.0,95.5,24.54,71.15,96.88,46.91,8.07,2.68,14.91,11.09,58.83,,,,,27.67,76.5,1.35,94.67,,0.0,13.16,740.0,
2016-08-30 21:00:00,50.83,105.33,57.94,65.25,137.28,51.99,8.87,2.71,13.81,6.68,56.36,,,,,27.47,77.66,0.96,83.92,,0.0,13.0,740.0,
2016-08-30 22:00:00,66.67,115.0,50.78,55.28,118.6,48.97,9.17,2.47,16.44,12.2,62.92,,,,,27.38,79.25,0.96,102.08,,0.0,13.0,740.0,
2016-08-30 23:00:00,44.0,98.0,30.61,49.66,86.02,47.79,8.48,1.84,12.78,7.04,48.99,,,,,27.28,77.0,1.48,118.75,,0.0,13.0,740.0,
2016-08-31 00:00:00,12.83,61.33,13.24,37.24,51.27,49.58,7.64,1.58,8.87,4.64,17.12,,,,,27.05,78.59,0.92,95.5,,0.0,13.08,740.0,
2016-08-31 01:00:00,11.17,57.5,9.53,37.2,46.14,42.11,6.76,1.59,12.99,4.07,16.34,,,,,27.11,78.83,0.82,105.42,,0.0,12.92,740.0,
2016-08-31 02:00:00,31.5,80.5,13.39,38.43,52.54,37.39,6.82,1.48,13.34,3.72,17.15,,,,,27.09,78.0,0.94,109.92,,0.0,13.0,740.0,
2016-08-31 03:00:00,30.0,85.17,64.55,45.35,128.54,36.78,8.39,1.64,14.15,4.31,20.04,,,,,27.1,78.0,0.3,190.33,,0.0,13.08,740.0,
2016-08-31 04:00:00,36.75,100.5,47.7,46.41,106.5,31.66,6.73,1.71,13.96,9.45,20.08,,,,,27.2,77.21,0.32,151.83,,0.0,13.21,740.0,
2016-08-31 05:00:00,42.5,107.83,32.08,41.22,80.53,38.34,6.56,1.78,12.81,3.0,13.41,,,,,27.06,77.08,1.38,82.5,,0.0,16.67,740.0,
2016-08-31 06:00:00,43.0,78.83,94.47,41.29,165.81,41.34,8.36,2.25,17.73,3.96,36.58,,,,,27.0,79.16,1.01,105.75,,0.0,124.67,740.0,
2016-08-31 07:00:00,37.33,97.83,87.45,40.82,155.8,45.59,9.35,2.52,17.94,9.45,88.42,,,,,26.92,81.25,1.8,89.58,,0.0,264.0,740.0,
2016-08-31 08:00:00,52.17,127.5,53.42,46.34,114.24,53.36,7.92,2.64,9.8,9.19,91.53,,,,,26.42,84.33,2.46,92.58,,0.0,143.5,740.0,
2016-08-31 09:00:00,18.5,30.17,59.0,43.42,119.27,43.32,6.22,2.1,11.65,5.43,60.08,,,,,26.04,85.5,1.44,150.83,,0.0,28.16,740.0,
2016-08-31 10:00:00,20.83,29.5,41.26,51.94,102.59,32.61,29.1,1.81,10.9,4.69,38.26,,,,,25.62,86.0,1.7,97.5,,0.0,64.42,740.0,
2016-08-31 11:00:00,21.5,26.0,88.26,56.48,170.85,36.96,12.98,2.29,11.54,4.32,75.85,,,,,25.57,86.0,1.28,135.84,,0.0,256.08,740.0,
2016-08-31 12:00:00,28.67,46.17,45.61,57.73,113.76,31.42,,2.25,13.14,6.05,55.74,,,,,25.97,85.42,2.37,98.42,,0.0,414.33,740.0,
2016-08-31 13:00:00,29.33,47.17,33.69,48.8,89.49,33.32,,2.04,15.5,5.13,46.46,,,,,27.4,81.0,1.86,105.75,,0.0,436.66,740.0,
2016-08-31 14:00:00,43.67,51.17,50.51,51.34,114.74,34.89,,2.28,17.12,4.13,57.54,,,,,28.37,77.25,1.88,86.84,,0.0,427.84,740.0,
2016-08-31 15:00:00,51.83,61.0,24.32,43.26,71.75,34.03,,2.55,17.43,2.88,34.11,,,,,29.64,72.5,1.88,100.92,,0.0,435.17,740.0,
2016-08-31 16:00:00,27.0,30.83,46.26,62.09,118.51,45.26,,2.86,17.06,3.24,30.78,,,,,29.83,71.21,1.47,126.04,,0.0,405.92,740.0,
2016-08-31 17:00:00,31.67,36.17,29.92,47.24,82.94,39.08,,3.23,15.75,4.46,43.71,,,,,28.94,73.09,2.07,88.5,,0.0,369.84,740.0,
2016-08-31 18:00:00,29.67,64.5,31.64,47.49,85.52,35.5,,4.02,15.64,4.86,44.42,,,,,28.12,76.59,1.99,91.58,,0.0,171.42,740.0,
2016-08-31 19:00:00,27.83,54.0,30.68,45.41,82.34,35.41,,4.23,15.83,5.91,59.94,,,,,27.75,78.42,2.64,92.67,,0.0,13.0,740.0,
2016-08-31 20:00:00,27.33,63.17,11.01,44.76,54.97,29.2,,3.96,12.71,4.5,25.38,,,,,26.38,78.08,2.72,100.08,,0.0,13.0,740.0,
2016-08-31 21:00:00,28.67,34.33,16.38,46.95,64.2,32.46,,3.98,11.84,3.09,18.44,,,,,25.88,79.58,2.17,108.42,,0.0,13.08,740.0,
2016-08-31 22:00:00,24.17,12.5,21.47,52.74,76.28,34.17,,4.29,14.06,3.75,25.59,,,,,26.26,78.08,1.88,104.83,,0.0,13.08,740.0,
2016-08-31 23:00:00,9.83,21.17,9.49,41.62,50.06,33.17,,3.4,14.63,3.11,21.68,,,,,26.3,79.5,1.79,90.83,,0.0,13.0,740.0,
2016-09-01 00:00:00,6.83,23.67,11.93,36.06,48.4,33.24,,1.62,9.1,2.5,11.7,,,,,26.34,80.0,1.36,133.83,,0.0,12.92,740.0,
2016-09-01 01:00:00,23.33,17.33,23.2,43.96,70.76,30.75,,1.76,17.49,3.19,41.16,,,,,26.33,80.17,0.56,90.75,,0.0,13.16,740.0,
2016-09-01 02:00:00,34.17,65.83,21.82,35.67,61.58,28.33,,1.64,84.22,3.32,49.99,,,,,25.94,82.08,1.64,88.42,,0.0,13.08,740.0,
2016-09-01 03:00:00,24.17,50.5,16.9,33.66,53.06,29.14,,1.61,17.53,2.95,45.6,,,,,25.76,83.0,1.96,80.33,,0.0,13.0,740.0,
2016-09-01 04:00:00,42.17,53.33,8.94,28.25,37.36,24.78,,1.59,11.98,1.86,43.46,,,,,25.8,83.0,1.9,84.0,,0.0,13.0,740.0,
2016-09-01 05:00:00,32.83,49.17,25.02,42.06,71.63,29.78,,1.92,12.16,2.5,77.97,,,,,25.85,82.92,1.82,88.08,,0.0,15.5,740.0,
2016-09-01 06:00:00,50.33,24.17,18.77,39.57,60.92,30.21,,1.95,13.68,2.9,85.64,,,,,25.72,82.58,1.91,85.92,,0.0,128.92,740.0,
2016-09-01 07:00:00,19.5,46.83,26.31,45.52,76.47,28.91,,2.1,14.23,4.59,29.81,,,,,26.12,81.08,1.47,85.08,,0.0,362.84,740.0,
2016-09-01 08:00:00,32.0,54.0,23.92,42.08,70.18,30.71,,1.96,8.27,4.07,27.05,,,,,26.34,79.17,1.77,95.17,,0.0,363.25,740.0,
2016-09-01 09:00:00,37.0,49.17,39.91,41.68,91.57,28.14,9.31,2.39,7.8,5.42,51.33,,,,,26.67,79.92,1.38,127.96,,0.0,387.92,740.0,
2016-09-01 10:00:00,39.67,78.17,159.84,50.82,261.49,19.44,,2.46,12.36,6.73,25.91,,,,,27.34,80.92,0.97,211.25,,0.0,391.75,740.0,
2016-09-01 11:00:00,54.33,93.33,208.13,51.78,330.28,24.57,,2.75,14.58,11.28,40.73,,,,,27.33,81.75,0.77,257.17,,0.0,380.42,740.0,
2016-09-01 12:00:00,56.67,85.33,182.34,61.42,303.71,20.63,,3.04,18.83,6.98,23.84,,,,,27.72,82.08,0.54,265.42,,0.0,401.84,740.0,
2016-09-01 13:00:00,35.83,55.67,98.1,57.08,184.79,18.93,,2.41,16.49,3.96,26.37,,,,,28.68,80.08,0.57,258.75,,0.0,428.08,740.0,
2016-09-01 14:00:00,36.0,21.0,67.81,58.3,144.34,17.53,,2.22,19.1,5.45,23.56,,,,,31.64,69.09,0.9,223.58,,0.0,440.5,740.0,
2016-09-01 15:00:00,19.17,14.33,51.67,69.05,132.14,21.44,,2.07,21.29,4.78,21.85,,,,,31.33,67.0,0.71,253.67,,0.0,418.5,740.0,
2016-09-01 16:00:00,37.17,54.67,77.26,95.65,190.57,40.41,,2.25,18.94,15.25,37.54,,,,,31.3,67.42,0.69,268.75,,0.0,410.75,740.0,
2016-09-01 17:00:00,47.17,55.67,15.81,85.39,97.71,34.28,,2.18,18.28,16.65,38.38,,,,,30.51,68.0,1.14,116.58,,0.0,363.58,740.0,
2016-09-01 18:00:00,42.33,95.5,11.14,81.71,88.02,31.59,,2.17,14.64,9.34,27.96,,,,,29.55,70.75,0.9,95.08,,0.0,156.42,740.0,
2016-09-01 19:00:00,42.5,112.67,64.16,99.04,175.92,31.78,,3.17,15.46,12.53,47.78,,,,,29.02,73.17,0.74,155.75,,0.0,13.42,740.0,
2016-09-01 20:00:00,60.5,162.17,105.61,91.44,225.68,20.42,,3.49,22.46,17.23,57.32,,,,,28.87,74.83,0.88,167.33,,0.0,13.25,740.0,
2016-09-01 21:00:00,68.0,171.0,201.92,80.31,347.28,24.68,7.5,3.24,18.88,17.82,64.18,,,,,28.38,77.5,0.52,257.08,,0.0,13.0,740.0,
2016-09-01 22:00:00,91.67,177.17,171.36,73.93,300.02,29.04,10.56,2.95,17.63,11.45,50.09,,,,,28.21,78.83,0.48,245.17,,0.0,13.0,740.0,
2016-09-01 23:00:00,79.67,126.5,146.2,60.96,253.98,28.86,29.37,2.56,17.55,14.68,43.34,,,,,28.08,80.34,0.35,249.5,,0.0,13.0,740.0,
2016-09-02 00:00:00,49.5,95.17,149.74,56.69,255.0,43.47,,2.28,12.62,20.45,39.66,,,,,27.71,81.58,0.35,188.34,,0.0,13.16,740.0,
2016-09-02 01:00:00,46.33,117.5,100.82,50.88,182.84,36.53,,2.28,16.08,11.83,25.3,,,,,27.25,82.58,0.49,242.67,,0.0,13.16,740.0,
2016-09-02 02:00:00,110.0,182.67,80.09,48.04,152.16,36.14,,1.51,14.69,7.75,26.08,,,,,26.89,82.67,0.44,246.92,,0.0,13.29,740.0,
2016-09-02 03:00:00,52.17,97.0,134.07,53.56,230.74,38.83,,1.72,15.51,6.79,29.58,,,,,26.7,83.0,0.38,242.33,,0.0,13.33,740.0,
2016-09-02 04:00:00,45.5,98.5,113.76,49.48,199.38,39.12,,1.44,13.57,5.05,25.17,,,,,26.56,83.0,0.56,261.25,,0.0,13.17,740.0,
2016-09-02 05:00:00,57.33,77.83,162.81,41.1,258.93,47.04,,2.08,13.22,4.04,21.61,,,,,26.76,83.42,0.59,272.92,,0.0,20.42,740.0,
2016-09-02 06:00:00,52.33,63.83,131.38,42.64,217.22,50.18,8.93,2.2,15.05,6.42,20.52,,,,,27.2,84.0,1.52,281.17,,0.0,155.5,740.0,
2016-09-02 07:00:00,47.83,81.33,151.37,46.16,247.87,55.45,9.88,2.13,16.76,5.55,16.76,,,,,27.81,83.42,1.32,290.25,,0.0,354.16,740.0,
2016-09-02 08:00:00,62.33,117.5,135.54,43.45,223.85,54.66,9.78,1.8,10.8,4.94,14.09,,,,,28.92,80.58,1.49,281.42,,0.0,406.0,740.0,
2016-09-02 09:00:00,40.17,91.0,63.43,34.06,117.0,45.94,8.89,1.22,19.5,4.73,11.63,,,,,30.91,72.67,1.72,291.58,,0.0,425.25,740.0,
2016-09-02 10:00:00,49.5,105.0,206.04,33.0,309.29,28.49,28.66,0.84,18.03,5.43,14.68,,,,,33.03,65.25,1.62,284.42,,0.0,434.0,740.0,
2016-09-02 11:00:00,61.67,143.0,65.81,32.52,118.71,24.9,10.52,0.96,16.48,5.36,17.92,,,,,34.39,58.83,1.91,288.25,,0.0,446.17,740.0,
2016-09-02 12:00:00,39.67,118.83,55.47,63.22,132.12,16.93,4.25,0.93,23.24,6.07,23.76,,,,,33.36,59.67,2.28,284.16,,0.0,424.5,740.0,
2016-09-02 13:00:00,58.17,188.5,39.19,41.51,90.48,17.52,3.44,0.71,41.56,3.19,21.29,,,,,34.56,52.75,2.51,287.67,,0.0,446.34,740.0,
2016-09-02 14:00:00,35.5,273.17,49.13,35.89,98.92,13.33,3.65,1.49,24.28,1.54,16.6,,,,,34.72,53.41,2.52,283.0,,0.0,436.54,740.0,
2016-09-02 15:00:00,42.5,328.0,61.2,39.63,118.92,17.22,3.89,1.68,22.47,1.27,13.73,,,,,34.24,53.08,2.86,282.5,,0.0,426.75,740.0,
2016-09-02 16:00:00,41.33,416.67,89.83,49.35,166.73,96.06,3.96,1.68,25.1,1.62,8.21,,,,,33.65,53.25,2.68,288.09,,0.0,403.0,740.0,
2016-09-02 17:00:00,47.67,389.17,102.92,55.46,189.35,56.92,4.91,1.97,22.59,4.39,16.24,,,,,32.86,55.75,2.24,289.41,,0.0,331.25,740.0,
2016-09-02 18:00:00,47.33,407.0,131.43,65.11,237.44,35.33,8.83,1.73,18.55,7.67,28.14,,,,,31.72,60.58,1.61,281.5,,0.0,94.17,740.0,
2016-09-02 19:00:00,54.5,391.62,85.23,61.21,170.74,44.59,8.48,2.47,20.4,12.43,41.37,,,,,30.84,65.08,1.4,289.09,,0.0,12.92,740.0,
2016-09-02 20:00:00,59.17,377.67,94.94,63.81,186.52,23.19,8.08,3.07,28.06,17.13,46.59,,,,,30.26,69.42,1.34,281.0,,0.0,12.92,740.0,
2016-09-02 21:00:00,68.83,327.33,127.74,71.82,238.28,38.07,8.66,2.66,21.18,10.67,39.34,,,,,29.82,70.42,1.18,286.17,,0.0,12.92,740.0,
2016-09-02 22:00:00,83.33,354.5,101.38,68.34,199.28,45.92,8.67,2.19,19.02,6.4,34.24,,,,,29.35,70.75,1.27,283.66,,0.0,12.92,740.0,
2016-09-02 23:00:00,61.67,347.67,87.36,61.09,173.75,38.84,8.32,2.01,19.46,7.78,25.68,,,,,28.88,71.75,1.22,286.0,,0.0,13.0,740.0,
2016-09-03 00:00:00,71.83,405.17,32.04,46.24,84.92,48.37,7.7,1.8,17.21,9.61,24.41,,,,,28.54,73.83,1.46,281.25,,0.0,13.0,740.0,
2016-09-03 01:00:00,85.0,295.17,33.96,45.13,86.39,39.17,,2.03,18.6,6.74,15.32,,,,,28.09,76.12,0.98,273.08,,0.0,13.08,740.0,
2016-09-03 02:00:00,100.17,257.83,35.5,37.62,83.32,35.6,,1.56,18.11,7.64,18.33,,,,,27.62,76.83,1.45,267.08,,0.0,13.0,740.0,
2016-09-03 03:00:00,68.17,199.5,32.26,34.2,75.49,33.52,,1.42,24.03,7.22,14.31,,,,,27.02,71.59,1.67,275.34,,0.0,12.92,740.0,
2016-09-03 04:00:00,32.83,133.17,59.89,46.99,123.72,32.17,,1.39,13.41,5.46,13.14,,,,,26.6,67.83,1.3,269.08,,0.0,13.08,740.0,
2016-09-03 05:00:00,49.33,244.33,136.86,52.75,233.89,39.43,,1.67,14.72,4.1,10.73,,,,,26.28,69.17,1.34,271.08,,0.0,17.25,740.0,
2016-09-03 06:00:00,35.5,282.33,164.73,43.44,263.61,37.51,,1.68,16.65,4.49,10.77,,,,,26.71,70.41,1.8,272.17,,0.0,287.16,740.0,
2016-09-03 07:00:00,29.67,331.83,191.8,48.09,304.18,33.71,7.15,1.83,18.58,3.94,7.9,,,,,29.27,64.5,1.82,273.75,,0.0,412.0,740.0,
2016-09-03 08:00:00,13.0,299.67,93.49,47.52,170.27,28.53,7.04,1.68,15.46,3.9,8.77,,,,,30.36,57.08,2.34,279.92,,0.0,425.58,740.0,
2016-09-03 09:00:00,36.0,348.33,77.31,47.28,147.69,26.77,6.53,1.56,14.1,3.68,8.97,,,,,31.56,54.83,2.68,281.0,,0.0,443.67,740.0,
2016-09-03 10:00:00,37.67,513.67,88.36,48.18,162.72,20.31,28.46,1.31,13.28,4.64,10.26,,,,,33.6,52.66,2.47,272.75,,0.0,449.42,740.0,
2016-09-03 11:00:00,48.17,589.0,58.46,50.28,124.43,14.92,8.08,1.48,24.05,3.92,11.53,,,,,34.25,50.66,2.46,283.75,,0.0,451.58,740.0,
2016-09-03 12:00:00,59.88,637.0,63.62,50.04,131.53,21.73,7.06,1.77,144.96,2.99,12.79,,,,,34.7,47.67,2.33,284.92,,0.0,437.83,740.0,
2016-09-03 13:00:00,64.33,683.17,39.46,48.13,96.69,24.64,5.96,2.04,63.85,2.0,12.13,,,,,35.46,44.5,2.55,285.04,,0.0,444.12,740.0,
2016-09-03 14:00:00,54.67,591.67,66.38,46.44,132.05,22.02,6.03,1.95,55.66,2.14,11.59,,,,,35.05,44.25,2.64,284.17,,0.0,434.75,740.0,
2016-09-03 15:00:00,51.17,591.17,47.64,50.9,110.43,30.19,5.72,1.58,43.7,2.47,12.68,,,,,34.89,46.17,2.49,282.0,,0.0,426.58,740.0,
2016-09-03 16:00:00,67.5,546.67,80.57,50.21,155.72,22.96,5.39,1.58,41.73,2.27,12.16,,,,,34.14,48.08,2.31,284.84,,0.0,398.42,740.0,
2016-09-03 17:00:00,71.67,705.17,89.75,56.45,172.08,30.19,6.41,1.3,48.09,3.86,18.08,,,,,33.08,51.66,2.01,286.09,,0.0,325.5,740.0,
2016-09-03 18:00:00,80.0,862.75,127.68,75.94,242.12,29.72,8.72,2.03,31.82,6.03,26.08,,,,,32.06,55.25,1.45,287.12,,0.0,89.62,740.0,
2016-09-03 19:00:00,77.67,761.33,107.9,72.36,212.25,35.48,9.38,1.86,50.65,14.56,43.52,,,,,31.2,58.84,1.07,286.42,,0.0,13.0,740.0,
2016-09-03 20:00:00,67.33,541.83,105.06,74.29,209.96,20.78,10.1,2.38,53.58,15.68,51.48,,,,,30.88,60.5,0.86,287.5,,0.0,12.84,740.0,
2016-09-03 21:00:00,72.0,609.17,109.88,73.72,215.58,23.98,9.59,2.54,35.73,4.92,47.82,,,,,30.44,62.17,0.72,287.92,,0.0,12.92,740.0,
2016-09-03 22:00:00,65.83,617.5,154.88,78.45,281.42,32.88,9.68,2.45,36.73,14.14,42.7,,,,,29.8,63.58,0.4,271.17,,0.0,12.84,740.0,
2016-09-03 23:00:00,88.33,745.33,151.2,87.8,284.7,35.49,9.85,2.38,36.34,11.08,37.36,,,,,29.31,66.33,0.51,263.75,,0.0,13.0,740.0,
2016-09-04 00:00:00,95.83,885.0,100.12,73.04,201.66,36.06,7.89,1.86,18.2,13.04,28.96,,,,,28.89,68.42,0.45,240.58,,0.0,12.92,740.0,
2016-09-04 01:00:00,53.67,546.75,85.96,56.6,167.76,32.93,7.78,1.32,22.47,14.37,29.12,,,,,28.68,71.5,0.67,257.5,,0.0,13.0,740.0,
2016-09-04 02:00:00,64.17,434.62,34.36,30.56,74.13,24.15,6.2,1.86,40.18,4.7,12.36,,,,,28.63,67.25,1.76,263.83,,0.0,12.92,740.0,
2016-09-04 03:00:00,26.33,241.0,37.19,33.17,80.38,26.52,6.03,2.17,29.86,3.23,6.61,,,,,28.06,68.25,1.61,261.08,,0.0,13.08,740.0,
2016-09-04 04:00:00,95.83,285.25,110.39,45.42,191.37,31.31,7.81,3.08,71.0,4.99,6.59,,,,,27.48,71.25,1.22,267.92,,0.0,13.0,740.0,
2016-09-04 05:00:00,362.5,675.0,94.34,36.34,161.18,38.21,7.14,2.47,12.69,8.69,10.67,,,,,27.16,71.08,1.45,272.33,,0.0,17.08,740.0,
2016-09-04 06:00:00,110.83,533.5,166.21,35.53,254.84,35.16,8.12,1.89,22.82,3.91,7.34,,,,,27.11,71.67,1.23,259.5,,0.0,232.5,740.0,
2016-09-04 07:00:00,37.17,449.5,169.09,45.96,272.01,32.81,8.75,1.83,28.99,2.42,5.24,,,,,29.42,66.0,1.36,258.17,,0.0,404.42,740.0,
2016-09-04 08:00:00,19.83,437.0,137.2,38.98,218.61,28.95,9.12,2.4,31.19,2.29,4.89,,,,,31.32,59.25,2.19,264.16,,0.0,430.5,740.0,
2016-09-04 09:00:00,13.33,529.5,100.1,36.62,169.26,25.57,6.8,2.25,12.25,2.08,4.24,,,,,32.5,56.25,2.41,274.25,,0.0,441.67,740.0,
2016-09-04 10:00:00,59.0,527.83,84.06,33.61,143.88,13.89,35.2,1.92,81.86,1.89,5.25,,,,,33.68,52.34,2.6,278.42,,0.0,448.84,740.0,
2016-09-04 11:00:00,55.67,702.5,54.87,35.67,106.57,15.18,9.21,1.95,33.04,1.4,4.91,,,,,35.12,49.0,2.02,270.92,,0.0,449.25,740.0,
2016-09-04 12:00:00,64.17,609.08,54.05,40.64,110.08,14.36,6.43,2.38,56.21,0.8,4.3,,,,,35.48,48.46,2.1,289.04,,0.0,441.08,740.0,
2016-09-04 13:00:00,64.17,594.5,47.85,45.21,105.6,14.41,5.79,2.02,45.48,0.13,4.95,,,,,36.39,46.75,1.94,278.66,,0.0,437.25,740.0,
2016-09-04 14:00:00,62.83,630.17,56.4,43.41,115.22,9.56,5.48,2.01,39.39,0.19,4.43,,,,,36.22,46.08,2.15,272.25,,0.0,435.08,740.0,
2016-09-04 15:00:00,77.5,776.83,66.47,50.32,136.08,14.82,4.65,2.11,38.64,0.77,6.3,,,,,35.34,47.67,1.92,276.5,,0.0,410.58,740.0,
2016-09-04 16:00:00,83.33,734.17,107.28,52.28,193.14,51.44,3.8,2.44,57.36,1.27,9.92,,,,,34.38,48.83,1.85,274.33,,0.0,387.66,740.0,
2016-09-04 17:00:00,97.5,1000.0,110.65,53.49,198.72,37.69,4.25,2.86,35.01,2.47,9.32,,,,,33.29,51.67,1.39,264.71,,0.0,325.54,740.0,
2016-09-04 18:00:00,90.17,,153.42,57.24,260.62,30.45,5.72,2.6,33.63,3.32,10.15,,,,,32.21,53.5,1.22,270.92,,0.0,83.67,740.0,
2016-09-04 19:00:00,89.17,885.0,131.26,63.44,235.77,34.42,5.18,2.36,30.37,5.36,14.05,,,,,31.5,57.5,0.92,266.83,,0.0,13.08,740.0,
2016-09-04 20:00:00,81.5,841.5,153.75,62.04,265.02,19.42,5.96,2.88,42.14,7.89,22.97,,,,,30.83,61.16,0.61,254.17,,0.0,12.92,740.0,
2016-09-04 21:00:00,89.67,657.67,213.98,62.26,347.36,22.56,7.64,2.76,31.94,8.01,27.4,,,,,30.28,63.5,0.58,258.67,,0.0,13.08,740.0,
2016-09-04 22:00:00,89.83,821.5,151.79,66.22,266.24,30.02,5.98,2.21,25.62,7.02,19.35,,,,,29.87,63.92,0.99,255.67,,0.0,13.0,740.0,
2016-09-04 23:00:00,72.5,743.5,107.2,54.94,195.43,26.67,4.31,1.74,22.79,3.75,9.52,,,,,29.29,63.75,1.01,255.17,,0.0,13.0,740.0,
2016-09-05 00:00:00,57.33,442.17,48.48,36.47,98.7,32.33,6.78,0.72,23.86,1.91,4.0,,,,,28.74,63.5,1.18,261.83,,0.0,13.0,740.0,
2016-09-05 01:00:00,21.67,311.83,31.48,30.17,69.87,24.88,6.65,0.82,27.56,1.21,2.6,,,,,28.16,63.84,1.08,255.75,,0.0,13.0,740.0,
2016-09-05 02:00:00,35.17,254.83,28.8,27.85,64.13,23.29,6.67,0.92,28.29,1.01,2.12,,,,,27.67,65.25,1.58,254.33,,0.0,12.92,740.0,
2016-09-05 03:00:00,35.17,245.17,61.76,33.52,114.21,23.56,7.08,1.25,27.89,1.27,2.46,,,,,27.38,66.5,1.19,255.42,,0.0,13.0,740.0,
2016-09-05 04:00:00,33.83,253.33,137.58,42.89,225.87,26.16,7.73,1.07,13.53,1.44,2.94,,,,,26.69,69.25,1.2,258.83,,0.0,12.92,740.0,
2016-09-05 05:00:00,49.67,397.83,154.57,45.33,251.53,17.09,8.52,1.09,18.78,1.58,3.31,,,,,26.44,70.0,1.27,257.46,,0.0,18.34,740.0,
2016-09-05 06:00:00,55.5,444.33,155.48,43.85,251.22,28.2,10.66,1.62,23.59,2.06,3.86,,,,,27.04,69.0,1.39,255.17,,0.0,275.92,740.0,
2016-09-05 07:00:00,40.83,480.33,154.86,44.88,251.68,29.19,12.02,2.48,27.26,3.09,5.28,,,,,29.64,62.5,1.88,260.17,,0.0,407.0,740.0,
2016-09-05 08:00:00,26.83,478.83,128.38,33.16,199.42,22.14,11.17,2.22,32.36,3.06,7.3,,,,,30.94,58.66,2.47,265.92,,0.0,431.25,740.0,
2016-09-05 09:00:00,16.17,491.33,127.06,40.15,209.32,22.18,10.92,2.19,15.7,3.27,6.86,,,,,32.59,55.67,2.46,270.75,,0.0,440.84,740.0,
2016-09-05 10:00:00,45.83,539.0,78.89,38.49,141.88,16.36,32.48,2.25,42.55,4.14,10.18,,,,,33.63,52.92,2.62,280.66,,0.0,447.34,740.0,
2016-09-05 11:00:00,62.83,667.67,51.77,36.16,102.99,17.45,11.29,1.65,49.28,3.82,14.47,,,,,34.68,50.92,2.38,276.75,,0.0,447.84,740.0,
2016-09-05 12:00:00,53.75,542.33,50.87,42.18,105.81,12.62,8.17,2.33,60.3,2.86,15.21,,,,,35.26,49.58,2.41,282.84,,0.0,443.58,740.0,
2016-09-05 13:00:00,59.83,570.5,70.91,39.33,131.86,11.1,8.44,3.25,50.86,0.43,11.08,,,,,35.25,49.08,2.21,280.83,,0.0,429.42,740.0,
2016-09-05 14:00:00,64.17,549.83,69.51,41.3,131.87,12.76,9.02,3.28,40.17,0.38,9.87,,,,,35.85,45.67,2.28,278.92,,0.0,437.5,740.0,
2016-09-05 15:00:00,67.0,569.83,103.84,55.64,191.43,9.02,9.83,3.48,36.1,0.37,7.87,,,,,36.12,44.33,1.86,273.5,,0.0,421.0,740.0,
2016-09-05 16:00:00,79.33,749.33,98.37,58.32,186.33,43.49,8.87,3.69,38.72,0.63,8.36,,,,,34.34,47.42,1.7,279.41,,0.0,377.0,740.0,
2016-09-05 17:00:00,89.83,757.5,104.87,59.72,196.34,34.86,8.17,1.82,37.72,2.19,11.66,,,,,33.26,50.66,1.85,277.66,,0.0,324.84,740.0,
2016-09-05 18:00:00,85.17,786.0,191.58,73.06,326.76,32.87,10.5,2.11,28.62,4.47,14.8,,,,,32.47,52.92,1.12,275.0,,0.0,79.66,740.0,
2016-09-05 19:00:00,89.83,786.17,177.21,65.62,300.1,30.9,11.32,2.42,33.41,8.52,22.3,,,,,31.75,54.92,0.51,262.08,,0.0,13.08,740.0,
2016-09-05 20:00:00,86.5,887.0,204.09,66.94,338.38,17.61,10.96,2.71,32.14,12.48,28.69,,,,,31.19,56.42,0.42,264.34,,0.0,13.08,740.0,
2016-09-05 21:00:00,92.83,691.0,173.98,66.93,297.44,22.06,10.45,2.32,19.32,7.98,26.62,,,,,30.62,57.75,0.46,265.08,,0.0,13.08,740.0,
2016-09-05 22:00:00,63.5,684.17,170.65,65.49,291.35,26.06,10.65,2.42,21.52,6.15,19.77,,,,,30.25,58.25,0.82,259.75,,0.0,13.0,740.0,
2016-09-05 23:00:00,68.17,625.83,83.67,46.49,155.74,23.84,8.98,1.81,27.1,4.49,11.89,,,,,30.0,58.0,1.25,256.58,,0.0,13.0,740.0,
2016-09-06 00:00:00,50.17,485.83,57.72,41.52,115.89,29.8,8.39,1.8,33.86,2.28,5.21,,,,,29.4,59.59,1.42,258.25,,0.0,12.92,740.0,
2016-09-06 01:00:00,30.67,368.67,20.1,25.06,49.78,21.68,7.36,1.28,31.62,7.59,8.18,,,,,29.25,59.83,1.98,269.58,,0.0,13.0,740.0,
2016-09-06 02:00:00,37.5,264.83,22.91,29.43,57.53,25.58,6.94,1.71,60.78,4.73,6.41,,,,,28.64,62.0,1.97,268.75,,0.0,13.0,740.0,
2016-09-06 03:00:00,77.33,273.5,40.6,24.24,76.92,22.28,8.07,1.72,31.56,7.88,6.41,,,,,28.05,63.58,2.07,271.17,,0.0,13.0,740.0,
2016-09-06 04:00:00,60.33,254.33,74.8,28.21,124.29,23.18,7.97,1.48,23.13,3.5,8.69,,,,,27.53,64.79,2.08,274.46,,0.0,13.0,740.0,
2016-09-06 05:00:00,46.33,321.67,129.8,47.17,219.07,23.94,9.44,1.74,21.9,2.1,4.19,,,,,27.21,65.33,1.87,265.75,,0.0,17.92,740.0,
2016-09-06 06:00:00,64.17,454.67,129.51,42.56,214.91,27.15,8.62,1.98,26.44,1.84,4.06,,,,,27.39,65.58,1.52,262.75,,0.0,270.25,740.0,
2016-09-06 07:00:00,45.83,514.5,197.57,53.96,317.59,21.68,9.94,2.32,26.39,2.64,5.46,,,,,29.3,61.25,1.95,269.25,,0.0,405.08,740.0,
2016-09-06 08:00:00,44.83,676.5,108.06,29.71,174.12,21.84,8.93,1.98,34.38,3.26,6.6,,,,,30.6,58.0,2.79,275.0,,0.0,427.84,740.0,
2016-09-06 09:00:00,22.75,585.25,59.5,29.32,108.26,21.1,8.43,1.91,26.4,3.57,8.29,,,,,31.65,55.42,3.16,274.33,,0.0,439.75,740.0,
2016-09-06 10:00:00,51.33,664.17,90.39,38.81,157.99,16.74,28.17,2.91,30.98,2.68,7.39,,,,,32.98,51.83,3.19,282.17,,0.0,446.84,740.0,
2016-09-06 11:00:00,62.33,658.5,70.24,33.51,121.75,16.33,8.44,1.76,27.74,2.56,7.79,,,,,33.75,50.25,3.19,280.59,,0.0,449.84,740.0,
2016-09-06 12:00:00,61.17,610.17,70.65,38.39,131.29,14.76,8.24,1.96,76.08,2.22,8.75,,,,,35.19,48.08,2.68,273.33,,0.0,446.0,740.0,
2016-09-06 13:00:00,70.17,520.0,53.32,35.36,104.41,10.4,7.98,1.6,43.62,0.3,10.34,,,,,35.08,47.67,2.55,282.5,,0.0,438.0,740.0,
2016-09-06 14:00:00,61.0,478.33,59.5,37.99,114.81,9.65,8.36,1.72,36.2,0.38,8.17,,,,,35.36,46.5,2.28,278.58,,0.0,434.42,740.0,
2016-09-06 15:00:00,64.83,590.67,83.38,46.94,155.88,11.7,9.28,1.6,27.19,0.94,10.34,,,,,35.48,45.58,2.2,277.42,,0.0,418.17,740.0,
2016-09-06 16:00:00,86.17,809.67,131.42,48.23,222.38,36.22,9.78,1.68,40.22,1.68,11.12,,,,,34.18,46.84,2.17,282.33,,0.0,383.25,740.0,
2016-09-06 17:00:00,91.83,734.5,105.71,46.24,185.54,31.94,8.74,1.55,33.95,4.0,16.02,,,,,33.09,50.42,2.11,284.41,,0.0,323.67,740.0,
2016-09-06 18:00:00,66.67,597.83,112.14,54.13,200.78,23.97,8.24,1.92,29.75,5.78,19.01,,,,,32.3,52.59,2.06,278.17,,0.0,75.58,740.0,
2016-09-06 19:00:00,68.83,628.0,119.53,61.56,217.84,21.04,9.23,2.22,28.55,9.73,30.58,,,,,31.62,54.33,1.24,273.0,,0.0,13.0,740.0,
2016-09-06 20:00:00,68.67,666.83,154.93,61.02,266.03,18.42,10.08,2.33,32.11,15.55,41.92,,,,,31.3,54.17,1.14,267.75,,0.0,12.92,740.0,
2016-09-06 21:00:00,94.5,816.83,175.78,64.32,297.1,20.19,10.08,2.4,24.41,15.81,45.32,,,,,30.42,56.92,0.92,264.33,,0.0,13.0,740.0,
2016-09-06 22:00:00,79.5,704.0,87.5,50.13,163.98,26.82,8.85,1.98,26.14,12.08,34.82,,,,,30.32,54.42,1.69,270.42,,0.0,12.84,740.0,
2016-09-06 23:00:00,66.67,601.67,60.34,36.38,114.83,21.66,7.46,1.49,40.79,11.0,20.2,,,,,29.82,54.33,2.2,274.5,,0.0,13.0,740.0,
2016-09-07 00:00:00,58.5,471.67,42.78,36.3,91.42,23.77,7.48,1.46,37.48,7.64,12.97,,,,,29.07,56.75,1.72,271.08,,0.0,13.08,740.0,
2016-09-07 01:00:00,27.33,247.0,25.31,28.03,59.54,21.45,5.98,1.49,34.86,7.08,10.12,,,,,28.55,57.5,1.72,267.42,,0.0,12.92,740.0,
2016-09-07 02:00:00,33.67,201.67,25.07,24.97,56.48,18.55,6.0,1.68,35.0,4.24,7.2,,,,,28.19,58.42,2.04,276.0,,0.0,13.08,740.0,
2016-09-07 03:00:00,33.17,187.33,36.42,23.16,70.34,19.4,6.73,1.32,31.13,4.52,7.76,,,,,27.76,60.0,1.98,273.08,,0.0,13.08,740.0,
2016-09-07 04:00:00,41.83,256.83,72.25,38.08,132.61,14.01,6.48,1.42,16.73,4.9,9.03,,,,,27.4,62.0,1.44,268.16,,0.0,13.0,740.0,
2016-09-07 05:00:00,59.5,317.0,114.12,43.72,194.96,23.84,8.17,1.73,23.25,4.65,12.01,,,,,27.12,63.66,1.4,267.92,,0.0,17.75,740.0,
2016-09-07 06:00:00,72.5,433.83,153.72,41.22,247.43,26.6,,1.76,25.08,4.0,8.64,,,,,27.38,64.42,1.77,272.0,,0.0,261.5,740.0,
2016-09-07 07:00:00,49.17,487.67,176.04,58.14,291.79,21.76,,2.28,32.84,4.02,8.38,,,,,29.65,59.75,1.62,265.75,,0.0,404.25,740.0,
2016-09-07 08:00:00,43.5,468.0,146.93,45.08,241.2,17.98,6.74,2.06,24.14,4.76,10.95,,,,,31.05,55.92,2.12,272.58,,0.0,426.0,740.0,
2016-09-07 09:00:00,37.33,526.0,118.36,39.56,196.64,21.77,5.91,1.62,19.7,5.27,12.71,,,,,32.65,52.5,2.28,280.92,,0.0,438.33,740.0,
2016-09-07 10:00:00,61.0,583.0,76.15,54.34,151.59,11.35,28.12,1.76,37.03,4.5,11.56,,,,,34.87,47.42,1.99,280.41,,0.0,442.34,740.0,
2016-09-07 11:00:00,71.0,633.33,74.67,42.35,139.24,13.86,7.64,1.42,47.64,3.69,14.6,,,,,35.33,45.17,2.21,281.5,,0.0,445.08,740.0,
2016-09-07 12:00:00,71.17,593.83,61.3,48.57,127.0,17.1,6.8,1.37,60.28,2.67,12.21,,,,,36.41,44.83,1.92,276.08,,0.0,439.92,740.0,
2016-09-07 13:00:00,78.67,646.0,61.06,53.72,131.39,17.73,23.77,1.51,58.6,3.22,11.39,,,,,36.3,44.83,1.96,283.83,,0.0,436.42,740.0,
2016-09-07 14:00:00,104.67,660.0,57.34,49.1,121.63,21.54,9.23,1.65,40.12,3.32,10.24,,,,,36.44,44.25,1.82,280.71,,0.0,427.83,740.0,
2016-09-07 15:00:00,70.17,548.83,85.0,62.62,171.98,20.39,8.26,1.62,29.58,3.12,11.92,,,,,35.61,44.92,1.85,283.09,,0.0,413.34,740.0,
2016-09-07 16:00:00,82.0,645.67,60.68,54.19,131.11,15.52,8.3,1.72,27.56,2.55,12.91,,,,,34.5,47.08,1.88,283.41,,0.0,388.0,740.0,
2016-09-07 17:00:00,87.0,656.83,88.23,58.38,172.52,17.41,7.86,1.73,32.37,4.28,19.26,,,,,33.57,49.16,1.77,286.17,,0.0,322.5,740.0,
2016-09-07 18:00:00,88.33,642.83,120.52,61.87,219.62,18.19,9.07,2.01,24.2,7.31,27.39,,,,,32.62,51.17,1.42,291.25,,0.0,70.0,740.0,
2016-09-07 19:00:00,92.5,632.33,93.15,59.53,180.24,16.35,8.68,2.34,27.82,8.16,38.19,,,,,32.09,53.08,1.16,283.0,,0.0,13.0,740.0,
2016-09-07 20:00:00,82.83,679.5,140.83,73.1,257.83,21.36,8.91,2.51,38.0,12.14,48.56,,,,,31.76,55.71,0.92,285.46,,0.0,12.92,740.0,
2016-09-07 21:00:00,97.67,778.33,161.34,81.08,292.59,23.83,8.8,2.88,19.71,8.52,35.09,,,,,31.36,58.0,0.76,271.84,,0.0,13.08,740.0,
2016-09-07 22:00:00,97.5,726.0,87.82,59.25,172.58,29.9,7.61,2.39,28.97,11.38,32.86,,,,,31.37,58.33,1.23,283.67,,0.0,13.08,740.0,
2016-09-07 23:00:00,77.17,539.0,57.05,47.68,120.3,30.45,6.45,2.03,42.34,8.5,23.48,,,,,30.73,61.34,1.16,282.75,,0.0,13.0,740.0,
2016-09-08 00:00:00,57.33,439.0,47.68,51.67,111.23,32.89,9.12,2.08,19.67,7.21,19.48,,,,,30.25,62.42,0.86,272.58,,0.0,13.0,740.0,
2016-09-08 01:00:00,34.83,370.5,69.03,42.16,131.88,29.19,9.77,1.79,22.78,5.98,17.27,,,,,29.22,65.42,0.84,256.08,,0.0,13.0,740.0,
2016-09-08 02:00:00,60.5,385.83,45.31,31.66,90.09,26.96,9.57,1.48,29.57,7.13,13.61,,,,,29.06,61.25,1.47,269.17,,0.0,13.0,740.0,
2016-09-08 03:00:00,41.67,287.0,32.09,27.16,68.0,24.68,8.19,1.59,33.82,6.32,13.21,,,,,28.6,59.08,1.5,269.67,,0.0,13.0,740.0,
2016-09-08 04:00:00,36.83,231.0,71.39,40.4,133.46,21.35,8.04,1.28,18.78,4.1,9.73,,,,,28.13,60.42,1.41,267.08,,0.0,13.17,740.0,
2016-09-08 05:00:00,48.33,285.5,131.7,53.78,215.71,25.04,9.08,1.52,21.98,4.07,9.06,,,,,27.76,61.58,1.5,272.0,,0.0,15.16,740.0,
2016-09-08 06:00:00,58.17,358.17,92.66,40.87,162.8,28.56,6.75,1.52,26.28,3.65,9.77,,,,,28.05,60.17,2.13,279.5,,0.0,253.75,740.0,
2016-09-08 07:00:00,50.75,514.25,127.46,45.7,214.81,28.98,7.5,1.82,34.53,3.06,10.98,,,,,30.08,56.25,2.01,276.0,,0.0,405.92,740.0,
2016-09-08 08:00:00,50.5,582.5,87.12,36.53,151.58,24.64,8.23,1.84,30.42,2.93,9.11,,,,,31.57,52.25,2.65,279.41,,0.0,429.75,740.0,
2016-09-08 09:00:00,27.83,485.5,80.46,36.02,141.83,18.72,7.87,1.93,25.95,2.91,6.89,,,,,33.58,49.0,2.12,275.08,,0.0,438.16,740.0,
2016-09-08 10:00:00,52.17,557.17,67.81,41.2,128.73,13.88,21.12,0.52,27.54,3.59,10.26,,,,,34.65,45.5,2.26,289.34,,0.0,441.42,740.0,
2016-09-08 11:00:00,54.0,517.33,66.96,49.98,135.72,15.58,5.26,0.66,30.34,2.99,15.37,,,,,35.78,44.25,2.16,281.59,,0.0,444.92,740.0,
2016-09-08 12:00:00,62.33,495.83,83.63,61.64,168.92,13.36,6.92,1.13,60.72,2.81,13.6,,,,,36.32,44.09,1.88,271.08,,0.0,435.08,740.0,
2016-09-08 13:00:00,77.5,628.33,63.28,52.0,133.02,13.96,6.54,0.71,41.88,2.31,16.08,,,,,36.15,44.58,1.75,281.88,,0.0,419.58,740.0,
2016-09-08 14:00:00,69.5,499.67,56.1,52.43,123.61,14.91,6.02,0.8,36.44,1.56,15.08,,,,,36.61,43.09,1.85,276.5,,0.0,427.33,740.0,
2016-09-08 15:00:00,69.17,526.67,70.95,52.13,142.57,13.17,5.82,0.68,33.42,1.99,12.96,,,,,36.13,44.92,1.96,285.33,,0.0,418.42,740.0,
2016-09-08 16:00:00,78.67,552.33,84.52,52.56,163.1,39.81,6.68,0.97,39.84,1.86,17.02,,,,,34.81,47.42,1.92,287.08,,0.0,384.25,740.0,
2016-09-08 17:00:00,74.33,614.17,115.9,55.72,207.91,27.89,7.46,0.52,28.64,3.09,18.74,,,,,33.83,48.5,1.76,285.33,,0.0,315.42,740.0,
2016-09-08 18:00:00,86.17,722.17,92.79,55.01,175.66,23.69,6.16,0.85,31.18,5.44,27.29,,,,,32.89,51.5,1.39,287.92,,0.0,62.67,740.0,
2016-09-08 19:00:00,87.67,636.67,130.13,68.53,238.68,28.11,6.72,1.04,34.15,10.87,48.2,,,,,32.17,54.91,0.93,285.21,,0.0,13.0,740.0,
2016-09-08 20:00:00,91.33,660.0,169.92,91.6,313.7,21.85,7.33,1.65,37.82,16.1,62.41,,,,,31.89,55.67,0.7,286.41,,0.0,13.08,740.0,
2016-09-08 21:00:00,91.5,729.5,204.52,94.03,363.12,23.46,8.02,1.57,21.74,14.57,60.84,,,,,31.7,55.08,0.62,297.25,,0.0,13.0,740.0,
2016-09-08 22:00:00,91.5,952.0,176.36,77.46,309.89,38.25,8.21,1.39,29.8,17.17,52.08,,,,,31.47,56.42,0.88,283.25,,0.0,13.17,740.0,
2016-09-08 23:00:00,122.5,560.0,95.68,67.5,190.78,33.08,5.88,0.52,40.44,15.7,53.29,,,,,31.0,59.5,0.65,287.09,,0.0,13.08,740.0,
2016-09-09 00:00:00,83.67,532.67,56.02,53.18,123.82,36.02,9.62,0.62,34.48,14.41,42.25,,,,,30.62,61.25,0.4,287.91,,0.0,13.08,740.0,
2016-09-09 01:00:00,60.67,390.0,48.98,43.65,105.69,27.46,9.61,0.33,36.83,11.79,28.18,,,,,30.31,60.67,0.64,285.09,,0.0,13.0,740.0,
2016-09-09 02:00:00,100.33,347.5,42.45,50.02,102.51,27.79,9.64,0.78,56.62,10.07,25.64,,,,,29.81,62.42,0.55,274.41,,0.0,13.08,740.0,
2016-09-09 03:00:00,108.0,316.0,58.21,40.21,115.26,33.06,10.34,0.91,61.52,11.62,28.7,,,,,28.74,67.25,0.92,258.83,,0.0,13.0,740.0,
2016-09-09 04:00:00,230.67,456.0,74.0,33.08,130.49,35.22,10.12,0.64,21.67,11.17,19.73,,,,,28.65,60.83,1.46,271.75,,0.0,13.08,740.0,
2016-09-09 05:00:00,179.5,377.83,160.21,52.76,266.39,33.27,11.42,0.46,18.2,8.75,20.08,,,,,28.12,60.58,1.32,269.75,,0.0,17.25,740.0,
2016-09-09 06:00:00,98.0,405.0,171.91,50.14,279.21,39.77,11.14,0.55,18.72,7.0,11.44,,,,,28.23,61.12,1.23,267.5,,0.0,263.58,740.0,
2016-09-09 07:00:00,50.33,596.0,160.37,45.78,259.96,35.31,11.07,0.26,30.23,5.63,11.15,,,,,30.61,56.08,1.58,265.83,,0.0,404.75,740.0,
2016-09-09 08:00:00,29.83,472.67,102.27,37.29,172.9,28.81,10.16,0.57,28.84,4.41,9.88,,,,,31.87,52.66,2.12,265.33,,0.0,428.25,740.0,
2016-09-09 09:00:00,38.0,487.17,88.14,39.81,155.69,21.85,9.66,0.86,34.75,5.02,11.28,,,,,33.21,49.08,2.5,276.59,,0.0,439.5,740.0,
2016-09-09 10:00:00,58.83,607.67,165.91,70.03,273.94,17.52,32.42,1.1,38.31,3.72,10.26,,,,,34.75,45.34,2.4,281.0,,0.0,444.66,740.0,
2016-09-09 11:00:00,55.33,465.67,99.36,50.5,180.41,17.29,13.13,0.57,27.86,4.52,14.03,,,,,36.41,42.25,1.9,277.83,,0.0,443.92,740.0,
2016-09-09 12:00:00,68.5,639.33,59.44,55.82,130.78,14.28,6.5,0.63,54.21,4.26,15.34,,,,,37.17,41.42,1.95,279.58,,0.0,441.75,740.0,
2016-09-09 13:00:00,73.5,618.0,54.63,50.96,120.1,12.29,5.72,0.24,32.32,1.62,9.23,,,,,36.88,42.33,1.76,280.75,,0.0,424.75,740.0,
2016-09-09 14:00:00,59.83,489.67,61.37,48.61,127.12,11.22,6.18,0.66,34.15,1.34,6.16,,,,,37.36,39.75,1.9,282.75,,0.0,431.66,740.0,
2016-09-09 15:00:00,57.17,462.17,59.2,50.32,126.13,10.88,5.6,0.32,40.44,0.88,5.08,,,,,36.89,38.66,2.16,286.0,,0.0,415.75,740.0,
2016-09-09 16:00:00,71.33,660.0,81.96,41.41,148.82,44.54,6.03,1.23,50.52,1.42,8.22,,,,,35.28,41.67,2.15,283.66,,0.0,378.58,740.0,
2016-09-09 17:00:00,64.83,671.0,104.45,53.82,190.47,31.19,6.48,1.65,26.08,2.9,11.99,,,,,34.07,47.67,1.7,288.92,,0.0,305.83,740.0,
2016-09-09 18:00:00,73.83,669.33,139.38,53.95,238.12,24.41,10.39,0.94,27.12,5.69,28.06,,,,,33.03,50.58,1.34,281.38,,0.0,64.79,740.0,
2016-09-09 19:00:00,73.0,612.0,120.12,64.75,220.86,25.38,10.49,1.2,24.95,11.49,48.66,,,,,32.4,52.66,1.05,287.09,,0.0,13.0,740.0,
2016-09-09 20:00:00,72.5,495.0,184.28,77.69,321.12,21.23,11.1,1.33,42.38,11.65,54.74,,,,,32.05,52.75,1.03,280.17,,0.0,13.0,740.0,
2016-09-09 21:00:00,72.17,534.17,190.88,83.88,335.19,31.06,11.3,1.16,22.01,12.97,43.04,,,,,31.72,53.92,0.77,279.17,,0.0,13.08,740.0,
2016-09-09 22:00:00,86.83,636.67,148.22,72.38,267.17,39.76,10.65,0.6,23.42,16.11,44.82,,,,,31.45,55.75,0.89,283.25,,0.0,13.08,740.0,
2016-09-09 23:00:00,103.67,556.67,140.94,70.03,254.41,34.03,9.57,0.43,24.06,11.44,32.95,,,,,31.04,57.83,0.96,273.62,,0.0,13.0,740.0,
2016-09-10 00:00:00,83.83,577.83,107.76,59.28,199.63,34.75,7.62,1.36,14.42,11.69,32.08,,,,,30.31,60.92,0.45,240.5,,0.0,13.0,740.0,
2016-09-10 01:00:00,45.83,371.33,52.08,44.8,111.04,30.73,8.12,1.96,23.34,13.62,33.92,,,,,29.19,64.0,1.13,257.42,,0.0,12.92,740.0,
2016-09-10 02:00:00,55.5,263.0,44.73,27.22,83.38,25.82,6.32,0.84,37.57,6.92,15.53,,,,,29.39,56.67,1.69,270.75,,0.0,13.0,740.0,
2016-09-10 03:00:00,32.5,230.67,50.07,32.24,97.12,21.79,6.15,0.73,33.55,4.62,8.73,,,,,29.0,55.83,1.58,271.58,,0.0,13.0,740.0,
2016-09-10 04:00:00,31.5,195.17,46.82,28.35,89.21,24.84,5.28,0.64,31.92,3.78,7.74,,,,,28.59,56.25,1.9,273.33,,0.0,13.0,740.0,
2016-09-10 05:00:00,45.83,229.17,80.08,37.84,142.98,32.74,5.82,0.99,32.97,3.23,6.3,,,,,28.21,57.42,2.15,270.09,,0.0,15.0,740.0,
2016-09-10 06:00:00,71.0,375.67,137.94,50.04,232.84,23.25,8.52,1.38,34.7,4.3,6.78,,,,,28.12,58.08,2.04,268.16,,0.0,226.92,740.0,
2016-09-10 07:00:00,28.0,407.17,131.41,42.19,216.92,37.22,9.56,1.42,36.17,3.64,7.22,,,,,29.92,55.08,2.16,267.5,,0.0,403.42,740.0,
2016-09-10 08:00:00,32.5,420.67,125.92,32.95,201.18,25.0,9.48,1.24,30.56,3.76,7.25,,,,,31.78,51.09,2.53,272.83,,0.0,428.08,740.0,
2016-09-10 09:00:00,11.17,431.0,88.06,39.31,155.01,22.28,8.3,0.95,20.15,4.67,11.95,,,,,33.22,47.09,2.78,276.5,,0.0,438.92,740.0,
2016-09-10 10:00:00,41.83,545.0,106.02,41.56,181.22,15.06,28.72,0.3,39.36,4.28,9.63,,,,,34.5,44.75,2.63,277.41,,0.0,443.92,740.0,
2016-09-10 11:00:00,42.67,553.33,74.28,46.58,142.99,18.29,10.58,0.71,31.0,4.31,13.34,,,,,35.62,42.75,2.25,273.92,,0.0,438.17,740.0,
2016-09-10 12:00:00,53.0,480.67,54.59,52.5,121.01,14.38,7.49,1.41,64.4,4.28,14.15,,,,,36.06,42.0,1.97,274.33,,0.0,439.92,740.0,
2016-09-10 13:00:00,61.5,412.17,55.31,52.5,122.28,11.16,7.01,1.12,42.97,5.02,20.11,,,,,37.44,39.0,1.56,277.58,,0.0,432.17,740.0,
2016-09-10 14:00:00,55.0,434.17,64.72,59.56,141.6,10.24,7.5,1.22,38.14,5.26,21.42,,,,,37.24,38.75,1.68,279.5,,0.0,428.5,740.0,
2016-09-10 15:00:00,60.67,465.33,69.04,57.28,144.77,12.46,7.47,1.19,38.29,3.68,16.42,,,,,36.13,41.75,1.7,278.83,,0.0,408.5,740.0,
2016-09-10 16:00:00,65.33,485.17,94.71,51.72,175.39,38.12,7.47,0.78,36.1,4.49,20.26,,,,,34.86,44.0,1.79,283.08,,0.0,377.5,740.0,
2016-09-10 17:00:00,68.17,550.0,98.35,57.95,185.62,27.63,8.11,0.85,28.55,4.53,22.36,,,,,33.97,45.83,1.41,285.25,,0.0,304.5,740.0,
2016-09-10 18:00:00,50.33,428.17,112.63,59.28,206.55,22.91,7.77,1.05,25.21,7.25,30.12,,,,,33.13,47.91,1.03,286.16,,0.0,56.33,740.0,
2016-09-10 19:00:00,58.67,458.5,128.94,61.38,230.67,23.67,8.6,1.24,25.05,13.41,43.7,,,,,32.52,50.58,0.67,287.67,,0.0,13.08,740.0,
2016-09-10 20:00:00,67.67,405.83,136.62,67.93,246.94,20.42,8.49,1.39,36.12,15.6,50.38,,,,,32.11,53.34,0.47,295.75,,0.0,12.92,740.0,
2016-09-10 21:00:00,72.67,435.17,206.88,76.97,350.65,32.53,8.81,1.05,22.88,16.9,50.94,,,,,31.66,54.67,0.42,284.33,,0.0,13.0,740.0,
2016-09-10 22:00:00,87.88,603.5,312.38,91.8,422.86,32.05,11.08,1.18,29.33,17.52,49.45,,,,,30.94,57.66,0.32,250.75,,0.0,13.08,740.0,
2016-09-10 23:00:00,127.67,691.17,232.5,76.54,385.81,33.53,11.39,0.96,27.81,15.46,45.73,,,,,30.38,59.17,0.55,252.67,,0.0,13.0,740.0,
2016-09-11 00:00:00,76.17,474.33,78.51,46.03,148.17,31.02,5.23,0.49,25.94,12.38,31.94,,,,,30.05,56.67,1.04,267.67,,0.0,13.0,740.0,
2016-09-11 01:00:00,28.0,252.5,37.52,32.92,80.54,23.74,3.27,0.19,28.81,10.5,17.63,,,,,29.63,55.08,1.61,264.08,,0.0,13.0,740.0,
2016-09-11 02:00:00,36.67,203.83,37.05,25.51,73.34,21.66,2.97,0.32,33.4,8.12,11.58,,,,,28.98,56.25,1.56,267.0,,0.0,13.0,740.0,
2016-09-11 03:00:00,76.17,191.33,41.62,29.44,81.29,23.95,3.72,0.3,34.08,10.45,15.52,,,,,28.5,57.5,1.67,269.25,,0.0,13.0,740.0,
2016-09-11 04:00:00,159.0,256.67,90.43,41.82,156.36,25.75,3.38,0.1,14.35,5.28,8.32,,,,,27.82,59.58,1.12,266.67,,0.0,13.08,740.0,
2016-09-11 05:00:00,47.33,139.5,130.16,41.77,215.04,32.96,4.45,0.27,15.96,3.77,8.21,,,,,27.34,61.17,1.0,264.59,,0.0,15.58,740.0,
2016-09-11 06:00:00,59.17,212.67,185.12,55.69,302.42,36.38,8.2,1.09,47.44,2.75,5.53,,,,,27.62,62.42,0.68,261.09,,0.0,265.08,740.0,
2016-09-11 07:00:00,38.33,223.5,177.83,43.59,281.55,32.73,9.82,0.49,17.5,8.82,10.76,,,,,30.93,55.42,0.88,261.75,,0.0,404.84,740.0,
2016-09-11 08:00:00,44.5,260.83,190.18,45.6,300.31,20.86,10.42,0.6,23.8,4.45,8.48,,,,,32.48,50.75,1.96,272.58,,0.0,427.17,740.0,
2016-09-11 09:00:00,29.33,268.67,133.56,41.48,219.2,19.16,9.34,0.5,42.2,4.33,9.72,,,,,34.43,47.58,1.47,269.67,,0.0,435.0,740.0,
2016-09-11 10:00:00,46.33,314.33,92.19,44.91,165.88,18.05,29.97,0.27,24.22,3.82,11.17,,,,,35.65,44.0,1.68,277.0,,0.0,441.25,740.0,
2016-09-11 11:00:00,38.33,333.67,71.46,51.36,142.9,17.52,9.2,0.35,30.15,2.93,10.07,,,,,37.11,40.0,1.65,271.34,,0.0,442.58,740.0,
2016-09-11 12:00:00,42.0,378.33,65.92,51.4,136.03,13.61,7.78,0.86,73.29,3.12,11.81,,,,,38.0,38.17,1.39,260.75,,0.0,437.42,740.0,
2016-09-11 13:00:00,51.17,399.0,71.78,60.79,152.08,12.04,7.62,1.13,51.57,3.73,13.67,,,,,37.64,38.17,1.43,261.0,,0.0,418.33,740.0,
2016-09-11 14:00:00,48.0,356.67,72.91,43.58,138.38,13.61,8.16,0.26,43.03,3.43,13.88,,,,,37.17,39.0,1.49,284.5,,0.0,427.16,740.0,
2016-09-11 15:00:00,51.17,409.33,63.64,51.58,133.15,13.99,8.18,1.42,36.95,2.42,10.21,,,,,36.51,41.0,1.34,275.67,,0.0,404.25,740.0,
2016-09-11 16:00:00,43.83,363.5,100.32,60.02,190.48,35.72,8.0,0.74,37.97,2.82,16.62,,,,,34.76,45.25,1.47,286.92,,0.0,369.16,740.0,
2016-09-11 17:00:00,53.83,408.17,109.79,49.16,194.04,32.38,8.59,0.69,28.18,3.22,21.46,,,,,33.79,47.41,1.14,286.25,,0.0,299.92,740.0,
2016-09-11 18:00:00,60.83,450.17,136.86,64.03,244.03,25.06,7.88,0.72,23.92,4.9,25.12,,,,,32.94,50.33,0.72,282.92,,0.0,54.17,740.0,
2016-09-11 19:00:00,72.83,471.33,60.08,57.29,133.05,25.5,6.8,0.88,25.9,7.41,34.39,,,,,32.4,51.84,0.53,213.33,,0.0,13.08,740.0,
2016-09-11 20:00:00,66.0,427.33,118.92,66.98,222.16,19.19,7.97,1.45,33.86,9.4,36.58,,,,,31.8,54.25,0.36,244.75,,0.0,13.0,740.0,
2016-09-11 21:00:00,88.0,477.5,258.74,84.13,395.02,26.61,10.6,1.9,20.74,14.93,41.44,,,,,31.41,55.83,0.38,278.5,,0.0,12.92,740.0,
2016-09-11 22:00:00,101.67,575.67,325.51,94.19,434.77,33.68,12.27,1.2,27.92,14.74,38.36,,,,,30.86,58.58,0.32,249.33,,0.0,12.92,740.0,
2016-09-11 23:00:00,140.17,639.0,309.27,94.96,388.95,32.73,10.97,1.29,32.8,14.15,36.38,,,,,30.46,59.91,0.3,210.08,,0.0,13.0,740.0,
2016-09-12 00:00:00,130.0,612.17,231.38,74.54,340.8,34.19,7.18,0.48,25.1,18.81,43.62,,,,,29.79,62.42,0.4,236.92,,0.0,13.0,740.0,
2016-09-12 01:00:00,71.67,435.17,77.1,51.77,151.43,27.06,3.25,,31.83,13.32,39.2,,,,,29.78,57.84,0.85,267.92,,0.0,13.0,740.0,
2016-09-12 02:00:00,53.67,213.33,44.55,30.33,87.78,24.45,1.95,,28.24,6.64,16.04,,,,,29.42,55.25,1.22,264.42,,0.0,13.0,740.0,
2016-09-12 03:00:00,45.17,177.67,59.37,34.81,112.12,25.44,2.11,,29.39,4.74,9.35,,,,,28.7,57.58,1.36,268.67,,0.0,13.0,740.0,
2016-09-12 04:00:00,37.67,187.0,73.96,34.0,131.09,29.54,1.4,,17.23,5.31,8.11,,,,,28.12,58.83,1.44,270.42,,0.0,13.0,740.0,
2016-09-12 05:00:00,46.38,171.83,124.41,40.17,198.58,39.84,2.96,,15.92,3.18,9.3,,,,,27.79,59.42,0.91,264.58,,0.0,15.25,740.0,
2016-09-12 06:00:00,45.83,201.67,170.1,46.72,274.15,42.49,10.3,0.6,25.35,4.08,13.14,,,,,28.04,59.17,1.17,265.92,,0.0,263.34,740.0,
2016-09-12 07:00:00,30.67,239.17,148.06,48.51,245.68,35.99,10.42,,37.64,3.55,7.48,,,,,30.49,53.75,1.7,271.16,,0.0,403.84,740.0,
2016-09-12 08:00:00,29.83,297.33,153.17,47.45,251.48,29.8,11.52,0.39,26.01,3.81,7.92,,,,,32.25,50.75,1.64,268.83,,0.0,424.25,740.0,
2016-09-12 09:00:00,14.17,364.0,112.35,47.56,195.72,27.09,10.85,0.56,30.46,4.03,10.08,,,,,33.92,46.66,2.0,278.46,,0.0,434.96,740.0,
2016-09-12 10:00:00,40.33,378.0,94.4,41.08,164.62,32.91,28.62,0.57,46.26,3.01,8.01,,,,,34.63,44.75,2.02,285.17,,0.0,439.75,740.0,
2016-09-12 11:00:00,43.0,330.5,73.12,45.48,140.46,24.0,12.35,0.49,32.27,2.59,10.64,,,,,35.87,43.16,1.82,271.75,,0.0,443.83,740.0,
2016-09-12 12:00:00,49.83,368.5,67.17,44.49,131.38,19.78,6.25,1.51,91.56,3.33,17.5,,,,,36.44,41.17,1.92,275.0,,0.0,438.08,740.0,
2016-09-12 13:00:00,57.5,370.5,65.9,34.5,120.61,21.54,5.15,2.47,73.21,2.84,15.8,,,,,36.49,39.83,2.08,287.83,,0.0,435.08,740.0,
2016-09-12 14:00:00,48.17,358.33,60.08,33.31,111.64,22.13,4.87,1.75,55.99,1.87,8.68,,,,,36.23,40.08,1.89,277.25,,0.0,431.25,740.0,
2016-09-12 15:00:00,42.17,317.17,67.38,41.1,128.62,26.51,4.74,1.88,49.16,2.0,9.15,,,,,35.68,41.08,2.15,280.87,,0.0,418.75,740.0,
2016-09-12 16:00:00,59.33,378.83,116.32,51.34,204.4,37.79,6.23,2.3,40.26,1.91,9.68,,,,,34.52,42.75,1.78,287.25,,0.0,373.58,740.0,
2016-09-12 17:00:00,64.33,498.17,105.0,48.39,186.47,27.28,5.8,1.83,38.93,3.08,15.98,,,,,33.54,45.66,1.52,291.42,,0.0,303.16,740.0,
2016-09-12 18:00:00,55.83,435.0,213.18,65.19,289.9,38.51,8.68,1.93,28.87,5.55,20.26,,,,,32.75,48.5,1.35,287.17,,0.0,50.0,740.0,
2016-09-12 19:00:00,53.17,373.33,126.72,57.78,224.22,24.08,7.25,1.49,30.36,7.28,26.94,,,,,32.08,51.5,0.5,286.75,,0.0,13.0,740.0,
2016-09-12 20:00:00,48.33,418.83,128.11,53.38,222.46,15.26,6.99,1.62,26.76,7.72,29.02,,,,,31.78,53.29,0.72,269.59,,0.0,13.08,740.0,
2016-09-12 21:00:00,71.33,421.5,63.65,50.03,130.8,23.98,5.81,1.6,21.83,6.79,27.37,,,,,31.36,57.75,0.46,200.5,,0.0,13.0,740.0,
2016-09-12 22:00:00,79.17,387.17,76.72,54.83,153.62,29.75,6.2,1.88,24.81,9.04,32.91,,,,,30.97,60.0,0.37,112.0,,0.0,12.84,740.0,
2016-09-12 23:00:00,83.5,601.5,51.02,47.42,111.92,30.6,5.65,1.87,26.36,9.18,34.22,,,,,30.7,61.42,0.37,65.67,,0.0,13.16,740.0,
2016-09-13 00:00:00,77.0,494.33,191.47,63.43,318.2,36.99,9.33,1.92,32.37,9.31,32.32,,,,,30.13,63.5,0.3,195.75,,0.0,13.08,740.0,
2016-09-13 01:00:00,81.17,599.5,154.52,58.84,263.34,31.08,8.78,2.02,41.25,9.04,25.14,,,,,29.7,63.5,0.32,220.92,,0.0,13.08,740.0,
2016-09-13 02:00:00,77.5,492.33,123.58,55.75,218.4,31.51,8.78,1.91,55.65,11.71,33.41,,,,,29.58,65.58,0.3,164.88,,0.0,13.12,740.0,
2016-09-13 03:00:00,79.83,475.17,104.74,51.32,188.78,31.68,8.73,2.0,72.12,11.84,40.79,,,,,29.65,65.5,0.32,144.5,,0.0,12.92,740.0,
2016-09-13 04:00:00,91.83,391.5,163.72,51.74,269.72,30.43,12.79,2.86,87.55,15.4,46.9,,,,,29.24,67.08,0.31,205.17,,0.0,13.08,740.0,
2016-09-13 05:00:00,145.67,450.33,243.7,53.79,380.69,37.52,14.22,2.41,30.34,18.49,50.1,,,,,28.91,67.42,0.33,244.17,,0.0,14.33,740.0,
2016-09-13 06:00:00,88.83,465.67,212.45,57.44,341.32,39.46,,2.19,39.39,13.87,39.16,,,,,29.93,64.33,0.49,282.83,,0.0,233.33,740.0,
2016-09-13 07:00:00,63.83,386.83,156.12,56.98,263.74,44.06,,1.92,38.22,13.14,37.35,,,,,32.46,58.58,0.81,280.67,,0.0,390.66,740.0,
2016-09-13 08:00:00,65.17,412.33,151.44,62.09,262.61,52.33,7.53,0.98,20.56,11.23,30.0,,,,,34.41,53.54,0.91,277.58,,0.0,413.75,740.0,
2016-09-13 09:00:00,53.67,488.67,75.82,51.87,149.63,44.95,5.96,0.64,9.9,6.55,16.62,,,,,34.9,49.92,1.27,287.83,,0.0,420.92,740.0,
2016-09-13 10:00:00,65.67,565.67,68.72,40.47,129.42,30.75,30.41,0.44,29.71,3.58,9.76,,,,,35.96,43.66,1.48,284.84,,0.0,435.67,740.0,
2016-09-13 11:00:00,55.67,451.0,73.53,48.02,143.27,38.11,11.97,1.05,32.2,3.02,8.1,,,,,37.9,37.42,1.23,267.92,,0.0,436.42,740.0,
2016-09-13 12:00:00,41.5,392.67,20.14,33.59,57.44,23.52,5.28,0.99,53.52,3.26,9.3,,,,,38.52,35.83,1.16,194.75,,0.0,433.75,740.0,
2016-09-13 13:00:00,51.17,299.17,47.26,47.48,106.77,16.61,3.5,1.63,50.85,3.18,10.48,,,,,38.36,36.08,1.23,230.83,,0.0,425.83,740.0,
2016-09-13 14:00:00,41.83,319.17,34.35,48.51,90.14,21.98,3.24,1.92,40.69,3.24,14.14,,,,,36.82,39.38,1.7,176.62,,0.0,400.79,740.0,
2016-09-13 15:00:00,67.0,453.17,11.7,45.63,56.63,39.5,3.39,2.08,41.86,2.69,56.47,,,,,33.03,53.42,3.73,93.67,,0.0,409.42,740.0,
2016-09-13 16:00:00,70.0,358.67,11.04,45.42,55.58,56.32,2.24,1.92,61.54,4.08,69.55,,,,,33.08,49.25,2.95,86.92,,0.0,383.0,740.0,
2016-09-13 17:00:00,58.83,184.33,11.45,49.34,59.59,47.18,2.18,1.9,40.3,3.89,65.47,,,,,31.58,55.42,2.66,81.5,,0.0,305.34,740.0,
2016-09-13 18:00:00,54.5,194.83,10.96,52.05,61.31,43.85,7.3,1.67,29.15,5.09,91.5,,,,,30.58,59.83,2.59,84.08,,0.0,45.16,740.0,
2016-09-13 19:00:00,59.5,178.0,6.17,42.97,46.7,42.57,7.56,1.77,30.75,5.14,75.75,,,,,30.17,62.92,2.2,90.38,,0.0,13.0,740.0,
2016-09-13 20:00:00,61.17,159.0,15.11,53.91,68.67,32.61,8.08,2.13,26.42,7.48,82.28,,,,,30.0,65.83,1.96,86.42,,0.0,13.0,740.0,
2016-09-13 21:00:00,104.5,218.0,18.18,58.99,77.37,38.85,8.42,2.2,24.48,7.69,123.55,,,,,29.82,66.67,1.69,73.91,,0.0,13.08,740.0,
2016-09-13 22:00:00,86.33,162.17,8.49,47.62,54.02,39.42,8.91,1.68,27.03,6.82,107.86,,,,,29.45,66.75,2.16,104.42,,0.0,13.0,740.0,
2016-09-13 23:00:00,50.33,146.88,4.82,31.63,34.76,37.02,7.66,1.37,28.79,3.88,23.22,,,,,28.65,67.67,2.35,102.08,,0.0,13.08,740.0,
2016-09-14 00:00:00,11.0,64.83,2.98,26.72,27.93,38.18,6.93,1.02,34.48,2.66,12.51,,,,,28.32,68.33,2.05,98.17,,0.0,13.0,740.0,
2016-09-14 01:00:00,5.67,37.67,2.52,24.24,25.06,33.24,7.36,1.06,28.29,2.31,7.12,,,,,28.02,69.17,1.86,92.12,,0.0,12.92,740.0,
2016-09-14 02:00:00,8.0,11.0,3.72,28.85,30.81,30.84,6.72,1.14,28.49,2.17,18.6,,,,,27.77,69.92,1.62,87.92,,0.0,13.0,740.0,
2016-09-14 03:00:00,29.17,40.67,7.3,37.59,43.46,31.89,6.83,1.27,22.36,3.57,26.5,,,,,27.44,71.58,1.41,88.92,,0.0,13.0,740.0,
2016-09-14 04:00:00,37.0,68.5,11.01,40.64,51.25,27.0,6.17,1.23,14.82,2.61,32.7,,,,,27.14,72.33,1.12,86.17,,0.0,12.84,740.0,
2016-09-14 05:00:00,44.67,86.17,24.64,40.11,69.39,31.5,7.48,1.57,17.96,3.02,27.34,,,,,27.05,72.08,0.76,152.67,,0.0,15.25,740.0,
2016-09-14 06:00:00,31.67,71.83,19.08,41.53,63.09,29.08,7.3,1.3,23.01,3.88,27.43,,,,,27.42,71.25,1.08,94.83,,0.0,234.83,740.0,
2016-09-14 07:00:00,23.83,111.83,16.72,37.56,56.32,27.4,5.8,1.35,26.4,3.67,23.48,,,,,29.3,65.83,1.69,107.79,,0.0,401.29,740.0,
2016-09-14 08:00:00,21.33,81.67,53.44,46.45,114.37,32.22,7.26,1.28,28.86,4.18,35.59,,,,,31.11,61.08,1.58,102.67,,0.0,423.66,740.0,
2016-09-14 09:00:00,39.67,158.5,29.88,46.73,82.46,28.96,8.04,1.34,20.75,4.25,41.21,,,,,32.56,55.75,2.23,112.08,,0.0,438.16,740.0,
2016-09-14 10:00:00,49.5,152.0,9.18,31.8,40.81,20.64,30.8,1.08,25.0,3.94,23.88,,,,,33.41,54.17,2.59,106.58,,0.0,443.42,740.0,
2016-09-14 11:00:00,57.67,153.33,22.94,48.56,74.38,21.74,9.55,0.87,50.98,3.25,13.3,,,,,35.15,49.58,1.96,137.58,,0.0,444.67,740.0,
2016-09-14 12:00:00,62.0,143.0,19.02,47.48,68.68,17.02,7.85,1.16,75.5,2.67,14.98,,,,,35.89,46.67,1.59,129.25,,0.0,427.42,740.0,
2016-09-14 13:00:00,64.5,191.17,28.09,49.7,82.66,11.58,7.88,1.46,62.82,3.21,22.67,,,,,34.89,48.25,1.53,143.04,,0.0,401.66,740.0,
2016-09-14 14:00:00,50.33,222.5,35.16,44.11,87.31,15.27,7.42,1.49,31.97,2.45,11.82,,,,,34.72,48.67,1.78,132.5,,0.0,409.66,740.0,
2016-09-14 15:00:00,43.67,204.17,51.78,56.27,120.84,18.89,7.58,1.43,27.44,1.92,13.66,,,,,34.58,47.83,1.19,165.92,,0.0,372.33,740.0,
2016-09-14 16:00:00,56.17,357.17,44.16,59.35,113.12,39.38,6.83,1.72,29.48,3.21,10.92,,,,,33.01,53.66,1.61,163.42,,0.0,359.33,740.0,
2016-09-14 17:00:00,72.83,429.0,41.16,67.32,116.14,33.07,7.48,1.89,54.1,5.69,55.2,,,,,31.86,56.5,1.39,87.5,,0.0,307.25,740.0,
2016-09-14 18:00:00,54.25,522.5,85.79,75.93,184.67,28.22,8.08,1.8,108.32,5.78,48.29,,,,,31.26,56.79,0.76,150.0,,0.0,49.42,740.0,
2016-09-14 19:00:00,62.33,280.0,59.52,72.92,146.26,22.46,8.09,2.08,164.62,8.48,56.36,,,,,31.12,56.17,0.51,100.75,,0.0,13.08,740.0,
2016-09-14 20:00:00,74.83,393.0,103.14,72.02,205.18,19.3,8.82,2.38,87.29,10.26,63.73,,,,,30.94,59.25,0.35,166.75,,0.0,13.08,740.0,
2016-09-14 21:00:00,104.33,509.17,64.18,67.51,147.76,25.62,9.36,2.32,27.47,11.71,33.61,,,,,30.94,61.25,0.44,182.75,,0.0,13.16,740.0,
2016-09-14 22:00:00,104.0,388.17,38.93,63.45,109.69,26.7,9.09,1.95,23.82,9.43,30.38,,,,,30.72,61.83,0.42,135.58,,0.0,13.08,740.0,
2016-09-14 23:00:00,93.5,365.67,14.65,56.77,70.58,27.68,7.44,1.82,30.36,10.22,28.48,,,,,30.38,63.67,0.41,143.08,,0.0,13.08,740.0,
2016-09-15 00:00:00,86.33,279.67,10.75,49.38,58.67,29.3,7.54,1.48,18.73,8.28,24.68,,,,,29.91,65.38,0.63,142.21,,0.0,12.92,740.0,
2016-09-15 01:00:00,68.83,186.17,11.98,49.34,60.35,25.33,7.41,1.29,20.47,5.25,13.15,,,,,29.47,66.25,0.46,129.42,,0.0,13.0,740.0,
2016-09-15 02:00:00,95.17,196.5,8.07,37.38,44.34,23.52,6.78,1.26,24.72,4.24,13.64,,,,,28.98,67.83,0.38,140.67,,0.0,13.0,740.0,
2016-09-15 03:00:00,84.5,169.67,9.56,35.9,45.02,24.25,6.65,1.3,34.76,4.85,8.58,,,,,28.57,69.58,0.85,108.08,,0.0,13.08,740.0,
2016-09-15 04:00:00,105.33,178.83,18.88,40.06,61.55,24.74,6.48,1.32,24.53,4.92,7.05,,,,,28.12,71.16,0.49,161.33,,0.0,13.0,740.0,
2016-09-15 05:00:00,122.33,215.5,39.48,50.21,98.65,38.0,7.01,1.66,17.1,4.65,6.95,,,,,27.9,73.0,0.58,99.58,,0.0,15.58,740.0,
2016-09-15 06:00:00,118.33,267.5,79.99,51.74,155.33,43.54,8.76,2.12,29.72,6.01,36.41,,,,,28.17,73.41,0.79,87.34,,0.0,240.12,740.0,
2016-09-15 07:00:00,88.0,264.33,29.92,52.11,87.36,38.78,8.1,1.76,34.46,7.54,152.58,,,,,30.25,66.33,1.27,93.84,,0.0,394.42,740.0,
2016-09-15 08:00:00,71.5,348.67,57.32,51.64,124.35,34.02,8.15,1.76,21.89,5.54,54.88,,,,,33.68,56.58,0.8,173.67,,0.0,415.75,740.0,
2016-09-15 09:00:00,46.0,714.17,51.39,44.76,110.32,31.75,6.94,2.9,21.3,5.3,31.69,,,,,36.17,48.83,0.69,231.25,,0.0,424.25,740.0,
2016-09-15 10:00:00,78.67,349.67,10.14,32.15,42.46,16.3,29.04,1.79,27.32,3.25,13.37,,,,,37.72,40.84,1.04,198.25,,0.0,431.25,740.0,
2016-09-15 11:00:00,79.67,384.5,29.9,82.94,114.55,21.11,9.38,1.58,38.21,4.84,18.13,,,,,36.88,42.5,1.0,198.42,,0.0,416.42,740.0,
2016-09-15 12:00:00,133.75,542.5,35.94,71.4,112.82,23.39,6.52,1.77,134.4,8.54,29.08,,,,,37.7,37.92,1.05,239.0,,0.0,427.88,740.0,
2016-09-15 13:00:00,103.67,472.0,56.39,85.9,153.39,34.68,6.29,1.81,118.25,6.43,22.72,,,,,38.38,34.17,1.22,289.42,,0.0,412.67,740.0,
2016-09-15 14:00:00,92.17,475.33,30.26,76.62,109.62,46.28,6.12,1.89,90.52,5.11,20.02,,,,,36.69,38.42,1.02,260.25,,0.0,409.92,740.0,
2016-09-15 15:00:00,96.5,419.33,51.08,75.45,136.64,39.71,6.76,1.76,64.0,5.39,18.86,,,,,37.11,37.58,1.41,284.75,,0.0,409.84,740.0,
2016-09-15 16:00:00,109.83,446.67,49.72,68.76,129.28,28.59,6.2,1.78,45.41,4.36,20.57,,,,,35.29,44.17,1.46,291.17,,0.0,374.67,740.0,
2016-09-15 17:00:00,85.25,505.5,61.12,73.41,148.84,28.52,6.18,1.7,30.32,4.08,20.96,,,,,33.88,47.83,1.15,240.33,,0.0,292.33,740.0,
2016-09-15 18:00:00,71.17,446.17,55.19,59.21,128.19,31.61,6.43,1.69,28.83,4.92,25.05,,,,,32.73,47.25,1.05,269.75,,0.0,41.67,740.0,
2016-09-15 19:00:00,63.5,434.83,32.19,73.13,109.12,29.72,5.83,1.8,30.79,6.98,25.87,,,,,31.75,54.0,0.68,219.58,,0.0,13.0,740.0,
2016-09-15 20:00:00,96.5,410.67,49.06,82.49,140.56,36.03,6.5,1.96,23.16,8.37,25.28,,,,,31.26,57.83,0.57,200.67,,0.0,13.0,740.0,
2016-09-15 21:00:00,99.83,461.67,33.8,66.69,105.52,37.21,5.95,2.0,23.44,9.45,36.47,,,,,30.9,59.75,0.55,194.25,,0.0,12.92,740.0,
2016-09-15 22:00:00,100.33,405.67,44.11,64.12,117.36,38.98,5.75,1.82,20.62,7.52,26.06,,,,,30.52,60.83,0.5,224.75,,0.0,12.92,740.0,
2016-09-15 23:00:00,82.83,324.17,30.72,49.48,86.1,39.84,5.57,1.6,17.99,7.94,29.58,,,,,29.95,62.34,0.44,197.42,,0.0,13.0,740.0,
2016-09-16 00:00:00,99.17,377.17,19.51,54.7,75.4,36.14,7.22,0.1,23.51,10.22,14.52,,,,,29.23,64.58,0.55,123.67,,0.0,12.92,740.0,
2016-09-16 01:00:00,162.0,271.75,16.12,51.63,67.99,33.6,8.67,0.12,22.59,11.91,42.34,,,,,28.74,66.08,0.57,98.34,,0.0,13.08,740.0,
2016-09-16 02:00:00,154.0,299.0,10.88,41.56,51.9,31.74,8.5,0.1,20.05,6.74,47.98,,,,,28.4,67.42,0.62,106.58,,0.0,13.0,740.0,
2016-09-16 03:00:00,63.67,134.5,9.48,46.25,54.16,32.64,8.47,0.38,21.68,5.54,34.95,,,,,27.97,69.67,0.47,125.0,,0.0,13.0,740.0,
2016-09-16 04:00:00,78.0,184.83,18.31,49.94,69.51,42.23,8.82,0.39,25.18,6.42,16.4,,,,,27.68,70.75,0.59,107.67,,0.0,13.0,740.0,
2016-09-16 05:00:00,152.0,306.5,55.85,59.09,128.89,43.59,9.81,0.85,28.76,7.37,9.61,,,,,27.52,71.88,0.38,150.21,,0.0,14.92,740.0,
2016-09-16 06:00:00,115.0,333.33,71.54,64.51,155.16,43.93,9.78,0.54,20.51,6.88,26.56,,,,,27.9,72.08,0.59,77.92,,0.0,239.84,740.0,
2016-09-16 07:00:00,78.83,287.33,43.98,62.62,115.84,38.47,8.6,0.28,24.46,7.26,66.34,,,,,31.04,63.59,0.84,104.17,,0.0,398.16,740.0,
2016-09-16 08:00:00,72.67,343.17,51.66,62.06,125.84,40.13,8.54,0.23,24.84,6.7,41.92,,,,,33.88,54.33,0.88,149.5,,0.0,417.67,740.0,
2016-09-16 09:00:00,70.67,413.67,47.27,62.98,120.76,38.56,7.91,0.3,57.12,5.08,15.66,,,,,35.63,48.58,0.92,180.33,,0.0,426.58,740.0,
2016-09-16 10:00:00,78.83,324.83,71.84,114.44,199.94,32.99,34.1,0.35,50.54,7.86,17.09,,,,,37.31,43.33,0.89,220.0,,0.0,428.67,740.0,
2016-09-16 11:00:00,120.17,512.33,51.25,94.17,153.84,31.44,13.86,0.97,63.89,9.19,23.12,,,,,38.1,38.0,1.13,256.25,,0.0,433.08,740.0,
2016-09-16 12:00:00,77.83,491.5,27.99,67.18,98.0,28.0,10.55,0.44,84.81,7.49,18.68,,,,,38.76,34.0,1.22,236.92,,0.0,433.75,740.0,
2016-09-16 13:00:00,61.0,429.5,41.5,77.7,126.04,23.22,9.9,0.38,57.65,7.45,20.12,,,,,39.08,32.5,1.3,211.92,,0.0,422.34,740.0,
2016-09-16 14:00:00,57.88,438.38,67.39,76.43,160.29,23.51,10.0,0.29,56.56,5.52,20.59,,,,,37.92,34.58,1.47,274.75,,0.0,425.58,740.0,
2016-09-16 15:00:00,63.0,490.5,50.6,64.8,126.84,28.13,9.25,0.39,51.88,3.62,18.3,,,,,37.12,37.92,1.16,258.75,,0.0,410.75,740.0,
2016-09-16 16:00:00,84.0,545.5,67.03,75.93,159.59,32.69,10.14,0.43,36.82,4.2,13.23,,,,,35.28,42.75,1.27,259.0,,0.0,364.16,740.0,
2016-09-16 17:00:00,93.5,581.5,61.22,82.78,157.62,38.51,9.08,0.51,33.14,4.21,17.74,,,,,34.0,45.58,1.03,234.0,,0.0,282.33,740.0,
2016-09-16 18:00:00,90.67,481.17,57.48,64.57,135.85,37.6,8.81,0.57,26.65,6.29,26.39,,,,,32.71,48.67,0.97,232.0,,0.0,38.0,740.0,
2016-09-16 19:00:00,63.17,393.5,41.99,70.0,119.72,38.94,8.71,0.94,25.15,7.48,26.17,,,,,32.0,52.66,0.53,215.17,,0.0,13.0,740.0,
2016-09-16 20:00:00,60.5,398.0,42.16,65.79,116.21,38.85,8.78,1.09,26.92,9.7,29.68,,,,,31.58,55.67,0.52,212.75,,0.0,13.0,740.0,
2016-09-16 21:00:00,70.5,380.33,35.18,67.6,108.25,35.8,8.93,0.97,23.61,9.36,24.81,,,,,30.94,58.17,0.49,182.92,,0.0,13.16,740.0,
2016-09-16 22:00:00,80.83,365.83,30.28,58.65,93.59,36.7,8.56,0.88,24.91,7.49,17.98,,,,,30.39,60.83,0.52,180.75,,0.0,13.0,740.0,
2016-09-16 23:00:00,68.17,340.0,9.29,50.05,57.29,37.51,7.4,0.74,24.33,6.12,15.58,,,,,29.84,63.58,0.45,120.5,,0.0,13.16,740.0,
2016-09-17 00:00:00,65.0,237.83,9.4,46.7,54.5,29.02,7.86,0.86,25.58,6.26,21.58,,,,,29.51,64.42,0.36,185.08,,0.0,13.0,740.0,
2016-09-17 01:00:00,90.67,214.5,3.22,32.86,33.68,25.56,8.81,0.59,26.5,4.98,25.05,,,,,29.31,66.34,0.54,169.5,,0.0,13.0,740.0,
2016-09-17 02:00:00,78.67,160.67,4.4,42.18,43.6,26.68,8.38,0.72,22.16,4.85,28.06,,,,,28.9,68.34,0.52,107.58,,0.0,13.0,740.0,
2016-09-17 03:00:00,118.17,203.33,4.31,43.41,44.58,28.52,8.88,0.59,20.92,4.75,22.82,,,,,28.63,70.42,0.51,86.16,,0.0,13.0,740.0,
2016-09-17 04:00:00,77.67,218.5,23.76,51.14,78.0,44.25,8.51,0.92,20.42,4.91,23.62,,,,,28.39,71.91,0.37,104.75,,0.0,12.92,740.0,
2016-09-17 05:00:00,107.5,349.83,134.75,66.25,243.06,49.99,10.96,1.69,57.05,12.5,25.23,,,,,28.29,72.5,0.48,155.42,,0.0,15.0,740.0,
2016-09-17 06:00:00,156.83,552.83,283.99,71.42,430.78,43.52,11.95,2.02,35.3,10.91,32.86,,,,,28.52,72.5,0.34,276.83,,0.0,219.08,740.0,
2016-09-17 07:00:00,110.83,566.0,236.06,80.54,393.99,41.61,10.66,1.57,44.65,10.28,28.86,,,,,30.95,66.34,0.62,262.08,,0.0,387.83,740.0,
2016-09-17 08:00:00,85.17,426.83,121.79,85.43,242.37,31.46,6.88,1.3,34.93,10.28,28.62,,,,,32.34,60.92,0.53,254.83,,0.0,401.25,740.0,
2016-09-17 09:00:00,87.0,506.25,66.04,77.79,159.57,31.1,5.75,0.83,35.55,9.02,27.66,,,,,33.38,58.0,0.58,232.0,,0.0,407.25,740.0,
2016-09-17 10:00:00,96.5,504.5,79.86,82.56,182.29,85.88,9.64,5.07,25.04,8.04,25.27,,,,,34.54,54.42,0.82,202.0,,0.0,418.33,740.0,
2016-09-17 11:00:00,107.75,492.33,51.62,66.96,130.23,38.6,7.14,1.88,31.25,4.53,12.42,,,,,35.7,47.92,0.82,225.17,,0.0,410.5,740.0,
2016-09-17 12:00:00,93.83,489.67,39.86,54.13,102.58,38.34,7.48,2.2,46.27,3.01,7.07,,,,,36.5,43.0,1.54,153.92,,0.0,431.0,740.0,
2016-09-17 13:00:00,67.0,331.5,32.62,46.1,85.62,35.34,7.85,1.76,40.24,2.97,7.47,,,,,37.6,38.58,1.31,153.67,,0.0,418.58,740.0,
2016-09-17 14:00:00,61.83,275.67,17.17,37.44,56.84,27.95,6.94,1.64,45.91,2.97,5.27,,,,,37.47,37.5,1.62,132.67,,0.0,426.33,740.0,
2016-09-17 15:00:00,64.17,299.83,61.25,60.95,137.98,27.26,7.75,1.52,32.4,2.59,6.59,,,,,36.76,38.67,0.92,208.0,,0.0,399.42,740.0,
2016-09-17 16:00:00,80.75,385.0,42.4,69.98,120.28,39.1,7.43,1.61,32.76,3.22,7.0,,,,,35.12,42.0,1.11,159.92,,0.0,361.67,740.0,
2016-09-17 17:00:00,93.33,428.83,39.55,81.82,126.92,37.97,6.96,1.76,39.41,3.62,13.94,,,,,34.25,44.58,1.21,113.5,,0.0,257.33,740.0,
2016-09-17 18:00:00,124.33,457.0,3.72,73.36,70.42,37.37,7.34,1.69,35.3,6.36,50.67,,,,,33.26,47.83,1.18,94.17,,0.0,28.17,740.0,
2016-09-17 19:00:00,96.0,254.33,4.1,74.32,71.78,36.44,7.78,1.46,30.9,6.84,28.54,,,,,32.82,48.92,1.19,83.0,,0.0,12.92,740.0,
2016-09-17 20:00:00,100.0,279.17,27.1,100.99,126.98,42.61,8.44,0.2,26.38,9.95,42.45,,,,,32.44,50.84,0.68,153.25,,0.0,13.16,740.0,
2016-09-17 21:00:00,127.5,441.33,125.94,107.51,267.67,38.27,10.57,0.1,25.82,13.28,30.97,,,,,31.54,55.79,0.31,222.25,,0.0,13.0,740.0,
2016-09-17 22:00:00,168.5,923.0,186.25,116.52,358.04,41.29,11.76,0.22,24.88,12.78,29.77,,,,,30.96,58.83,0.3,128.25,,0.0,13.0,740.0,
2016-09-17 23:00:00,185.5,925.0,138.75,100.9,279.47,42.52,11.77,0.34,28.98,12.81,47.52,,,,,30.64,58.92,0.6,130.17,,0.0,13.16,740.0,
2016-09-18 00:00:00,175.83,832.5,17.78,73.79,90.03,33.93,6.66,1.97,29.9,14.39,55.6,,,,,30.56,57.92,1.36,97.34,,0.0,13.0,740.0,
2016-09-18 01:00:00,135.0,305.5,4.07,55.08,54.62,28.79,4.62,2.22,24.96,8.43,45.88,,,,,29.92,56.16,0.9,86.75,,0.0,13.0,740.0,
2016-09-18 02:00:00,108.0,233.67,5.77,62.46,63.54,28.46,5.28,2.41,26.01,6.92,46.65,,,,,29.41,57.92,1.1,83.17,,0.0,13.08,740.0,
2016-09-18 03:00:00,105.0,235.5,8.53,55.39,61.02,31.13,5.13,2.3,27.5,6.78,34.95,,,,,28.92,62.0,0.92,129.83,,0.0,12.92,740.0,
2016-09-18 04:00:00,116.33,226.17,35.8,63.29,105.29,45.04,6.68,2.42,21.29,9.49,30.66,,,,,28.42,66.67,0.6,153.58,,0.0,13.0,740.0,
2016-09-18 05:00:00,96.17,230.17,95.42,62.49,185.96,51.39,8.82,2.58,21.12,5.48,16.97,,,,,28.08,69.58,0.32,215.84,,0.0,14.92,740.0,
2016-09-18 06:00:00,87.17,322.67,114.21,61.28,210.4,55.14,6.92,2.98,22.46,7.47,18.18,,,,,28.42,71.17,0.62,150.08,,0.0,219.17,740.0,
2016-09-18 07:00:00,86.83,411.0,14.68,51.26,65.68,50.03,3.97,3.1,26.01,7.49,15.95,,,,,30.61,65.34,1.14,100.67,,0.0,392.5,740.0,
2016-09-18 08:00:00,81.83,188.5,14.69,47.23,62.14,41.42,3.22,3.12,28.16,8.74,38.0,,,,,32.85,59.42,1.28,137.25,,0.0,415.84,740.0,
2016-09-18 09:00:00,85.67,245.25,20.37,51.41,73.61,39.87,2.44,3.19,25.98,7.32,20.41,,,,,34.66,53.41,1.83,133.0,,0.0,426.75,740.0,
2016-09-18 10:00:00,77.67,340.0,7.32,35.89,41.96,29.98,31.94,2.66,24.83,3.12,7.89,,,,,35.09,48.5,2.09,119.0,,0.0,430.25,740.0,
2016-09-18 11:00:00,49.17,162.67,11.36,38.78,50.03,33.57,8.28,2.89,32.24,2.49,13.59,,,,,36.21,43.67,2.07,138.42,,0.0,427.75,740.0,
2016-09-18 12:00:00,65.0,225.5,10.72,40.22,50.46,30.24,5.83,3.02,37.18,2.02,7.06,,,,,36.06,44.0,1.74,136.08,,0.0,426.25,740.0,
2016-09-18 13:00:00,64.33,225.67,10.69,48.02,57.35,29.42,4.48,2.4,36.88,2.53,18.92,,,,,36.32,42.92,2.83,93.58,,0.0,413.33,740.0,
2016-09-18 14:00:00,64.5,232.33,3.62,41.97,42.36,42.49,3.28,2.25,46.21,2.33,31.12,,,,,34.83,45.96,2.26,94.58,,0.0,393.08,740.0,
2016-09-18 15:00:00,83.33,210.33,11.33,60.0,68.93,42.32,3.48,2.88,49.02,2.26,17.26,,,,,34.96,44.33,1.93,107.75,,0.0,381.58,740.0,
2016-09-18 16:00:00,93.0,261.5,2.39,52.31,49.85,44.93,3.22,2.56,53.92,2.88,21.1,,,,,34.24,43.59,2.1,88.92,,0.0,357.5,740.0,
2016-09-18 17:00:00,104.67,229.67,2.85,63.43,60.38,40.33,2.48,2.26,44.88,2.91,11.88,,,,,33.77,43.84,1.96,91.17,,0.0,273.75,740.0,
2016-09-18 18:00:00,86.67,215.0,9.96,88.98,92.88,36.53,7.35,2.94,25.68,3.8,13.42,,,,,32.87,47.0,1.79,91.83,,0.0,32.17,740.0,
2016-09-18 19:00:00,80.5,250.0,18.86,86.63,102.92,36.36,7.94,3.3,22.48,5.52,17.21,,,,,32.31,49.16,1.4,86.67,,0.0,13.0,740.0,
2016-09-18 20:00:00,85.33,254.33,28.87,85.92,115.97,42.11,8.33,3.47,20.98,6.98,20.32,,,,,31.92,49.75,1.12,84.83,,0.0,13.0,740.0,
2016-09-18 21:00:00,100.17,292.33,120.66,87.47,242.72,40.22,11.32,4.26,23.44,6.29,27.58,,,,,31.29,52.5,0.73,66.92,,0.0,13.0,740.0,
2016-09-18 22:00:00,119.33,403.0,87.74,82.81,193.59,40.52,13.33,4.16,28.0,9.71,117.34,,,,,30.67,55.33,1.02,86.0,,0.0,13.08,740.0,
2016-09-18 23:00:00,129.83,497.17,14.78,67.83,80.66,39.53,11.74,2.7,22.67,8.98,41.0,,,,,30.54,55.0,1.47,96.67,,0.0,13.0,740.0,
2016-09-19 00:00:00,94.67,233.17,4.96,47.06,48.74,30.57,8.41,1.78,25.58,7.18,23.05,,,,,29.96,56.58,1.64,95.84,,0.0,12.92,740.0,
2016-09-19 01:00:00,73.67,176.67,2.68,38.86,38.28,26.56,6.78,1.5,25.04,4.65,16.49,,,,,29.33,60.33,1.42,102.08,,0.0,13.0,740.0,
2016-09-19 02:00:00,81.17,151.0,3.64,38.21,38.98,26.67,6.45,1.39,23.03,7.34,26.39,,,,,28.94,64.5,1.14,123.92,,0.0,13.0,740.0,
2016-09-19 03:00:00,93.5,199.62,19.7,45.01,66.97,24.68,6.68,1.18,19.57,9.41,12.52,,,,,28.42,69.58,0.62,151.92,,0.0,13.0,740.0,
2016-09-19 04:00:00,54.67,169.17,56.68,50.33,122.18,41.17,7.9,1.3,19.34,4.83,10.24,,,,,28.02,71.67,0.43,138.42,,0.0,13.0,740.0,
2016-09-19 05:00:00,74.17,252.5,164.97,61.05,279.58,48.43,12.83,1.52,26.63,6.94,14.02,,,,,27.76,72.92,0.36,214.25,,0.0,15.08,740.0,
2016-09-19 06:00:00,77.83,311.83,104.23,52.86,189.48,47.88,6.82,1.75,25.65,7.8,14.47,,,,,28.44,72.17,0.36,166.42,,0.0,229.67,740.0,
2016-09-19 07:00:00,66.17,282.5,78.54,63.11,163.51,44.61,3.71,1.93,24.67,7.68,16.16,,,,,32.01,62.42,0.47,144.5,,0.0,392.5,740.0,
2016-09-19 08:00:00,64.83,228.5,28.64,64.24,96.34,38.82,1.46,1.76,26.63,11.22,16.52,,,,,34.1,55.58,1.08,148.33,,0.0,414.83,740.0,
2016-09-19 09:00:00,74.0,270.0,6.7,37.7,42.73,38.08,0.15,1.22,33.61,7.24,12.42,,,,,34.5,51.59,2.17,100.66,,0.0,433.17,740.0,
2016-09-19 10:00:00,41.17,144.5,28.18,51.0,83.92,25.48,30.62,1.02,25.4,3.28,10.78,,,,,35.97,44.0,1.88,122.25,,0.0,433.25,740.0,
2016-09-19 11:00:00,54.67,177.33,20.1,62.37,83.09,33.33,5.26,1.26,42.02,3.58,20.49,,,,,37.45,39.92,1.84,150.42,,0.0,436.25,740.0,
2016-09-19 12:00:00,65.67,221.17,2.49,39.28,38.37,32.1,7.02,1.16,125.94,3.61,16.73,,,,,36.52,39.0,2.39,115.42,,0.0,422.42,740.0,
2016-09-19 13:00:00,55.17,186.83,3.58,49.49,48.98,27.76,5.42,1.55,156.27,4.16,19.47,,,,,36.72,38.58,1.72,115.66,,0.0,418.83,740.0,
2016-09-19 14:00:00,64.38,232.38,24.02,90.1,113.08,27.1,5.49,1.58,142.17,3.54,18.11,,,,,37.23,38.67,1.18,190.42,,0.0,398.79,740.0,
2016-09-19 15:00:00,,,,,0.0,,,0.0,,0.0,0.0,,,,,,,,,,0.0,0.0,,
2016-09-19 16:00:00,,,,,0.0,,,0.0,,0.0,0.0,,,,,,,,,,0.0,0.0,,
2016-09-19 17:00:00,,,,,0.0,,,0.0,,0.0,0.0,,,,,,,,,,0.0,0.0,,
2016-09-19 18:00:00,,,,,0.0,,,0.0,,0.0,0.0,,,,,,,,,,0.0,0.0,,
2016-09-19 19:00:00,,,,,0.0,,,0.0,,0.0,0.0,,,,,,,,,,0.0,0.0,,
2016-09-19 20:00:00,,,,,0.0,,,0.0,,0.0,0.0,,,,,,,,,,0.0,0.0,,
2016-09-19 21:00:00,,,,,,,,,,,,,,,,,,,,,0.0,,,
2016-09-19 22:00:00,,,,,,,,,,,,,,,,,,,,,0.0,,,
2016-09-19 23:00:00,,,,,,,,,,,,,,,,,,,,,0.0,,,
2016-09-20 00:00:00,,,,,,,,,,,,,,,,,,,,,0.0,,,
2016-09-20 01:00:00,,,,,,,,,,,,,,,,,,,,,0.0,,,
2016-09-20 02:00:00,,,,,,,,,,,,,,,,,,,,,0.0,,,
2016-09-20 03:00:00,,,,,,,,,,,,,,,,,,,,,0.0,,,
2016-09-20 04:00:00,,,,,,,,,,,,,,,,,,,,,0.0,,,
2016-09-20 05:00:00,,,,,,,,,,,,,,,,,,,,,0.0,,,
2016-09-20 06:00:00,,,,,,,,,,,,,,,,,,,,,0.0,,,
2016-09-20 07:00:00,,,,,,,,,,,,,,,,,,,,,0.0,,,
2016-09-20 08:00:00,,,,,,,,,,,,,,,,,,,,,0.0,,,
2016-09-20 09:00:00,,,,,,,,,,,,,,,,,,,,,0.0,0.0,,
2016-09-20 10:00:00,,,,,,,,,,,,,,,,,,,,,0.0,0.0,,
2016-09-20 11:00:00,,,,,,,,,,,,,,,,,,,,,0.0,,,
2016-09-20 12:00:00,,,,,,,,,,,,,,,,,,,,,0.0,,,
2016-09-20 13:00:00,,,,,,,,,,,,,,,,,,,,,0.0,,,
2016-09-20 14:00:00,,,,,,,,,,,,,,,,,,,,,0.0,,,
2016-09-20 15:00:00,,,,,,,,,,,,,,,,,,,,,0.0,,,
2016-09-20 16:00:00,,,,,,,,0.0,,0.0,0.0,,,,,,,,,,0.0,0.0,,
2016-09-20 17:00:00,,,,,,,,0.0,,0.0,0.0,,,,,,,,,,0.0,0.0,,
2016-09-20 18:00:00,,,,,0.0,,,0.0,,0.0,0.0,,,,,,,,,,0.0,0.0,,
2016-09-20 19:00:00,,,,,0.0,,,0.0,,0.0,0.0,,,,,,,,,,0.0,0.0,,
2016-09-20 20:00:00,,,,,0.0,,,0.0,,0.0,0.0,,,,,,,,,,0.0,0.0,,
2016-09-20 21:00:00,,,,,0.0,,,0.0,,0.0,0.0,,,,,,,,,,0.0,0.0,,
2016-09-20 22:00:00,,,,,0.0,,,0.0,,0.0,0.0,,,,,,,,,,0.0,0.0,,
2016-09-20 23:00:00,,,,,0.0,,,0.0,,0.0,0.0,,,,,,,,,,0.0,0.0,,
2016-09-21 00:00:00,,,,,0.0,,,0.0,,0.0,0.0,,,,,,,,,,0.0,0.0,,
2016-09-21 01:00:00,,,,,0.0,,,0.0,,0.0,0.0,,,,,,,,,,0.0,0.0,,
2016-09-21 02:00:00,,,,,0.0,,,0.0,,0.0,0.0,,,,,,,,,,0.0,0.0,,
2016-09-21 03:00:00,,,,,0.0,,,0.0,,0.0,0.0,,,,,,,,,,0.0,0.0,,
2016-09-21 04:00:00,,,,,0.0,,,0.0,,0.0,0.0,,,,,,,,,,0.0,0.0,,
2016-09-21 05:00:00,,,,,0.0,,,0.0,,0.0,0.0,,,,,,,,,,0.0,0.0,,
2016-09-21 06:00:00,,,,,0.0,,,0.0,,0.0,0.0,,,,,,,,,,0.0,0.0,,
2016-09-21 07:00:00,,,,,0.0,,,0.0,,0.0,0.0,,,,,,,,,,0.0,0.0,,
2016-09-21 08:00:00,,,,,0.0,,,0.0,,0.0,0.0,,,,,,,,,,0.0,0.0,,
2016-09-21 09:00:00,,,,,0.0,,,0.0,,0.0,0.0,,,,,,,,,,0.0,0.0,,
2016-09-21 10:00:00,,,,,0.0,,,0.0,,0.0,0.0,,,,,,,,,,0.0,0.0,,
2016-09-21 11:00:00,,,,,0.0,,,0.0,,0.0,0.0,,,,,,,,,,0.0,0.0,,
2016-09-21 12:00:00,,,,,0.0,,,0.0,,0.0,0.0,,,,,,,,,,0.0,0.0,,
2016-09-21 13:00:00,,,,,0.0,,,0.0,,0.0,0.0,,,,,,,,,,0.0,0.0,,
2016-09-21 14:00:00,,,,,0.0,,,0.0,,0.0,0.0,,,,,,,,,,0.0,0.0,,
2016-09-21 15:00:00,,,,,0.0,,,0.0,,0.0,0.0,,,,,,,,,,0.0,0.0,,
2016-09-21 16:00:00,,,,,0.0,,,0.0,,0.0,0.0,,,,,,,,,,0.0,0.0,,
2016-09-21 17:00:00,,,,,0.0,,,0.0,,0.0,0.0,,,,,,,,,,0.0,0.0,,
2016-09-21 18:00:00,,,,,0.0,,,0.0,,0.0,0.0,,,,,,,,,,0.0,0.0,,
2016-09-21 19:00:00,,,,,0.0,,,0.0,,0.0,0.0,,,,,,,,,,0.0,0.0,,
2016-09-21 20:00:00,,,,,0.0,,,0.0,,0.0,0.0,,,,,,,,,,0.0,0.0,,
2016-09-21 21:00:00,,,,,0.0,,,0.0,,0.0,0.0,,,,,,,,,,0.0,0.0,,
2016-09-21 22:00:00,,,,,0.0,,,0.0,,0.0,0.0,,,,,,,,,,0.0,0.0,,
2016-09-21 23:00:00,,,,,0.0,,,0.0,,0.0,0.0,,,,,,,,,,0.0,0.0,,
2016-09-22 00:00:00,,,,,0.0,,,0.0,,0.0,0.0,,,,,,,,,,0.0,0.0,,
2016-09-22 01:00:00,,,,,0.0,,,0.0,,0.0,0.0,,,,,,,,,,0.0,0.0,,
2016-09-22 02:00:00,,,,,0.0,,,0.0,,0.0,0.0,,,,,,,,,,0.0,0.0,,
2016-09-22 03:00:00,,,,,0.0,,,0.0,,0.0,0.0,,,,,,,,,,0.0,0.0,,
2016-09-22 04:00:00,,,,,0.0,,,0.0,,0.0,0.0,,,,,,,,,,0.0,0.0,,
2016-09-22 05:00:00,,,,,0.0,,,0.0,,0.0,0.0,,,,,,,,,,0.0,0.0,,
2016-09-22 06:00:00,,,,,0.0,,,0.0,,0.0,0.0,,,,,,,,,,0.0,0.0,,
2016-09-22 07:00:00,,,,,0.0,,,0.0,,0.0,0.0,,,,,,,,,,0.0,0.0,,
2016-09-22 08:00:00,,,,,0.0,,,0.0,,0.0,0.0,,,,,,,,,,0.0,0.0,,
2016-09-22 09:00:00,,,,,0.0,,,0.0,,0.0,0.0,,,,,,,,,,0.0,0.0,,
2016-09-22 10:00:00,,,,,0.0,,,0.0,,0.0,0.0,,,,,,,,,,0.0,0.0,,
2016-09-22 11:00:00,,,,,0.0,,,0.0,,0.0,0.0,,,,,,,,,,0.0,0.0,,
2016-09-22 12:00:00,20.5,78.33,11.89,41.28,53.03,39.68,6.8,1.61,20.91,2.06,38.05,,,,,30.24,61.42,3.96,89.58,,0.0,459.5,740.0,
2016-09-22 13:00:00,19.17,102.67,20.22,54.34,75.99,40.56,5.21,1.62,19.17,2.81,54.83,,,,,30.5,58.75,3.31,96.92,,0.0,446.42,740.0,
2016-09-22 14:00:00,25.0,135.0,23.64,64.06,89.35,41.52,5.34,1.66,20.62,2.64,23.2,,,,,31.62,53.92,2.48,105.67,,0.0,437.84,740.0,
2016-09-22 15:00:00,24.17,105.83,21.6,64.92,87.33,39.26,5.35,1.68,18.59,2.96,53.88,,,,,31.46,55.17,2.71,92.08,,0.0,425.5,740.0,
2016-09-22 16:00:00,21.33,118.0,29.64,69.5,102.41,37.63,4.55,1.7,18.64,2.88,43.46,,,,,31.15,55.25,2.1,89.25,,0.0,383.16,740.0,
2016-09-22 17:00:00,27.83,150.17,34.64,77.77,116.58,35.92,11.97,1.78,19.88,2.75,45.0,,,,,30.38,54.5,2.23,88.0,,0.0,252.0,740.0,
2016-09-22 18:00:00,28.33,114.67,32.19,78.66,114.05,34.76,10.51,2.15,20.14,4.49,85.38,,,,,29.39,59.67,2.41,82.58,,0.0,17.5,740.0,
2016-09-22 19:00:00,36.5,137.75,36.65,70.01,112.44,34.08,10.79,2.31,20.42,8.0,79.48,,,,,28.7,64.33,2.04,80.5,,0.0,13.0,740.0,
2016-09-22 20:00:00,46.33,168.17,46.76,66.19,122.84,32.02,11.0,2.38,51.9,8.24,144.59,,,,,28.03,68.92,1.82,81.75,,0.0,13.0,740.0,
2016-09-22 21:00:00,68.5,224.67,20.64,51.58,74.13,33.28,9.84,2.26,21.59,8.1,93.78,,,,,27.71,70.16,2.48,89.33,,0.0,12.75,740.0,
2016-09-22 22:00:00,46.83,102.33,15.71,55.89,71.28,32.12,9.86,2.05,19.32,6.07,79.92,,,,,27.51,70.58,2.14,86.58,,0.0,13.0,740.0,
2016-09-22 23:00:00,49.83,102.33,11.81,50.6,61.2,31.08,9.57,1.78,20.14,4.42,37.47,,,,,27.22,71.5,1.96,90.75,,0.0,13.0,740.0,
2016-09-23 00:00:00,41.17,112.17,4.9,40.09,42.42,27.74,8.32,1.76,19.48,4.82,24.96,,,,,26.86,73.0,1.92,81.75,,0.0,13.0,740.0,
2016-09-23 01:00:00,26.83,74.17,3.05,32.9,33.46,26.42,7.98,1.75,19.6,3.53,14.22,,,,,26.62,74.08,1.9,98.5,,0.0,12.83,740.0,
2016-09-23 02:00:00,26.83,59.83,4.43,35.92,38.04,27.15,8.25,1.84,18.46,3.08,19.69,,,,,26.36,75.58,1.74,91.66,,0.0,13.0,740.0,
2016-09-23 03:00:00,32.33,79.33,4.84,36.33,38.99,29.52,7.88,1.83,21.4,3.07,26.04,,,,,26.1,76.67,1.74,94.34,,0.0,13.0,740.0,
2016-09-23 04:00:00,44.0,65.0,8.28,41.14,47.97,29.18,23.62,1.85,20.66,4.14,31.56,,,,,25.8,78.17,1.39,96.5,,0.0,13.0,740.0,
2016-09-23 05:00:00,70.33,114.67,22.1,49.14,73.99,29.31,8.43,2.03,21.02,5.16,40.07,,,,,25.62,79.0,1.03,99.08,,0.0,14.67,740.0,
2016-09-23 06:00:00,74.17,135.33,38.15,49.55,96.23,30.43,10.81,2.27,20.82,5.95,31.62,,,,,25.97,78.67,1.97,84.16,,0.0,237.75,740.0,
2016-09-23 07:00:00,59.83,121.17,27.79,49.34,81.91,31.96,16.0,2.09,19.83,7.59,32.63,,,,,28.12,72.0,1.52,112.08,,0.0,405.92,740.0,
2016-09-23 08:00:00,57.83,119.12,30.8,52.7,89.03,31.0,12.58,2.07,20.51,1.81,14.05,,,,,30.28,65.5,1.63,113.25,,0.0,431.08,740.0,
2016-09-23 09:00:00,51.0,127.0,17.01,45.18,63.38,34.58,11.89,2.04,11.02,0.75,9.02,,,,,32.57,57.5,1.47,147.83,,0.0,437.42,740.0,
2016-09-23 10:00:00,46.83,106.33,27.72,55.09,86.76,23.74,49.1,1.76,18.74,1.1,9.89,,,,,33.17,55.42,1.26,174.25,,0.0,436.33,740.0,
2016-09-23 11:00:00,51.17,175.33,24.19,56.12,83.07,29.91,16.04,1.98,32.95,2.0,11.29,,,,,34.54,49.58,1.56,178.0,,0.0,436.25,740.0,
2016-09-23 12:00:00,54.0,172.33,19.2,51.02,71.62,47.81,5.71,1.89,24.58,2.27,9.84,,,,,34.49,48.67,1.66,169.17,,0.0,432.42,740.0,
2016-09-23 13:00:00,61.17,206.33,4.78,37.96,40.33,57.58,3.03,1.79,40.74,1.63,9.1,,,,,34.92,45.17,1.58,132.08,,0.0,431.58,740.0,
2016-09-23 14:00:00,50.0,139.67,5.38,41.16,43.94,38.38,3.01,1.82,46.96,1.02,8.63,,,,,35.43,42.84,1.77,122.33,,0.0,430.58,740.0,
2016-09-23 15:00:00,64.5,241.33,19.42,61.89,81.72,43.8,2.88,1.85,55.2,1.12,8.19,,,,,34.92,43.58,1.34,161.0,,0.0,406.58,740.0,
2016-09-23 16:00:00,62.83,236.0,61.05,81.53,155.82,37.05,8.04,1.89,46.45,1.74,9.62,,,,,34.15,45.84,0.76,214.84,,0.0,378.83,740.0,
2016-09-23 17:00:00,74.5,446.0,73.08,124.16,210.38,45.17,3.53,2.14,37.4,3.6,11.76,,,,,33.1,49.09,0.77,187.17,,0.0,270.25,740.0,
2016-09-23 18:00:00,110.83,734.67,61.32,113.61,185.0,43.82,10.88,2.07,30.33,4.62,20.91,,,,,31.87,52.83,1.6,86.75,,0.0,22.5,740.0,
2016-09-23 19:00:00,110.33,437.17,69.7,107.28,190.73,44.59,13.06,2.6,136.54,5.8,36.79,,,,,31.28,55.08,1.29,81.0,,0.0,12.92,740.0,
2016-09-23 20:00:00,137.17,480.33,73.56,103.43,192.6,44.47,13.91,2.66,,8.08,59.7,,,,,30.72,57.33,1.12,75.83,,0.0,13.0,740.0,
2016-09-23 21:00:00,137.17,456.67,45.44,98.32,149.68,43.29,13.42,2.66,59.76,6.82,72.78,,,,,30.36,59.0,1.71,82.84,,0.0,13.08,740.0,
2016-09-23 22:00:00,125.75,374.5,18.3,84.08,99.9,40.65,11.68,2.3,26.22,5.49,50.84,,,,,30.02,60.0,1.43,81.84,,0.0,13.08,740.0,
2016-09-23 23:00:00,100.33,219.0,15.95,66.36,80.88,38.62,10.63,1.93,22.07,4.35,23.05,,,,,29.54,62.0,1.69,86.33,,0.0,13.16,740.0,
2016-09-24 00:00:00,79.67,194.33,7.2,54.41,58.31,35.11,10.65,1.63,20.68,3.68,16.33,,,,,28.93,64.33,1.65,79.29,,0.0,13.0,740.0,
2016-09-24 01:00:00,68.67,144.17,7.91,54.2,59.12,35.34,10.52,1.62,21.87,4.42,14.6,,,,,28.66,66.0,1.46,89.5,,0.0,13.0,740.0,
2016-09-24 02:00:00,69.5,133.0,8.63,49.96,56.27,33.59,10.18,1.43,21.04,3.33,28.64,,,,,28.33,67.08,1.12,82.67,,0.0,13.0,740.0,
2016-09-24 03:00:00,54.83,116.83,7.27,41.32,46.75,32.2,10.89,1.42,21.11,2.8,34.11,,,,,28.08,69.25,1.52,112.08,,0.0,13.0,740.0,
2016-09-24 04:00:00,46.83,88.83,8.66,38.67,46.27,32.5,11.06,1.41,21.22,4.05,12.17,,,,,27.87,71.0,1.63,119.92,,0.0,13.0,740.0,
2016-09-24 05:00:00,58.0,115.0,41.78,38.99,91.86,31.98,11.51,1.51,20.99,3.54,5.78,,,,,27.38,71.92,1.76,138.42,,0.0,14.25,740.0,
2016-09-24 06:00:00,43.17,166.67,28.98,38.68,74.06,32.98,10.81,1.59,19.58,3.77,5.03,,,,,27.29,72.83,1.38,146.17,,0.0,229.59,740.0,
2016-09-24 07:00:00,45.83,123.83,21.61,39.7,64.86,34.39,10.07,1.66,19.67,5.52,7.89,,,,,29.48,67.5,1.4,125.42,,0.0,402.0,740.0,
2016-09-24 08:00:00,55.33,117.0,26.9,41.06,73.32,31.42,10.71,1.59,17.63,4.33,7.6,,,,,31.38,62.41,1.72,128.5,,0.0,425.66,740.0,
2016-09-24 09:00:00,53.83,108.33,12.19,33.33,46.33,36.64,10.57,1.46,11.7,3.19,8.14,,,,,32.85,57.33,2.02,126.58,,0.0,438.58,740.0,
2016-09-24 10:00:00,36.17,92.5,3.86,28.96,31.1,29.02,39.11,1.12,19.04,2.68,9.64,,,,,32.73,55.17,2.72,106.0,,0.0,438.42,740.0,
2016-09-24 11:00:00,30.5,108.0,6.32,37.98,42.47,33.16,14.73,1.23,18.96,1.85,8.65,,,,,33.88,51.42,2.24,115.0,,0.0,436.16,740.0,
2016-09-24 12:00:00,56.67,142.17,12.41,45.18,57.31,34.92,10.24,1.29,21.4,2.1,27.56,,,,,34.08,50.33,2.19,110.33,,0.0,426.58,740.0,
2016-09-24 13:00:00,62.33,197.17,5.2,47.64,49.56,33.77,9.53,1.12,21.08,2.07,27.32,,,,,33.61,49.5,2.44,103.33,,0.0,399.08,740.0,
2016-09-24 14:00:00,47.33,139.0,6.97,49.2,53.37,34.09,9.78,1.02,22.59,2.91,53.48,,,,,33.58,47.67,2.02,110.67,,0.0,401.34,740.0,
2016-09-24 15:00:00,39.17,121.5,3.86,45.57,45.86,36.37,9.09,1.04,22.01,2.17,21.08,,,,,32.98,47.58,1.68,108.42,,0.0,379.0,740.0,
2016-09-24 16:00:00,40.0,139.0,6.4,55.53,58.2,35.83,8.96,1.13,20.35,2.6,14.21,,,,,33.08,47.58,2.03,94.16,,0.0,385.25,740.0,
2016-09-24 17:00:00,40.83,162.5,10.76,64.31,71.96,37.22,8.53,1.16,19.28,3.2,18.48,,,,,32.19,51.75,2.21,101.21,,0.0,271.75,740.0,
2016-09-24 18:00:00,45.67,158.0,16.89,67.34,83.05,36.45,10.2,1.38,18.11,4.02,14.77,,,,,31.36,53.83,1.95,89.5,,0.0,23.5,740.0,
2016-09-24 19:00:00,49.5,180.33,69.77,79.05,165.72,36.27,11.23,1.9,19.31,5.8,31.88,,,,,30.95,55.67,1.26,138.42,,0.0,13.16,740.0,
2016-09-24 20:00:00,59.83,264.17,254.03,104.98,396.34,36.91,15.98,2.58,22.36,7.94,28.63,,,,,29.7,61.33,0.36,234.83,,0.0,13.08,740.0,
2016-09-24 21:00:00,98.83,486.33,112.3,89.96,233.52,37.15,13.85,2.38,22.77,9.77,31.23,,,,,29.58,62.25,1.01,131.5,,0.0,12.75,740.0,
2016-09-24 22:00:00,93.33,382.0,18.96,59.85,79.2,36.14,10.43,1.56,19.28,6.31,26.72,,,,,29.58,61.33,1.57,87.83,,0.0,12.92,740.0,
2016-09-24 23:00:00,69.0,198.83,14.52,57.54,71.09,34.38,29.34,1.42,20.26,3.76,17.14,,,,,29.11,63.25,1.45,83.0,,0.0,13.0,740.0,
2016-09-25 00:00:00,63.0,174.67,6.04,43.64,47.15,34.02,8.44,1.52,17.52,3.42,18.69,,,,,28.64,65.42,1.56,87.5,,0.0,13.08,740.0,
2016-09-25 01:00:00,55.5,124.83,4.48,38.05,40.0,33.19,8.86,1.45,17.78,3.04,11.48,,,,,28.28,66.58,1.58,86.0,,0.0,12.92,740.0,
2016-09-25 02:00:00,42.17,82.0,4.11,32.94,34.96,32.67,9.52,1.36,17.17,2.2,15.6,,,,,28.08,67.0,1.64,96.75,,0.0,13.0,740.0,
2016-09-25 03:00:00,36.83,72.33,3.33,29.18,30.54,33.17,9.13,1.35,15.88,1.62,9.06,,,,,27.64,68.58,2.03,97.42,,0.0,13.0,740.0,
2016-09-25 04:00:00,30.67,72.75,4.61,30.86,33.79,33.3,9.32,1.4,16.39,2.02,7.08,,,,,27.16,71.25,1.81,86.33,,0.0,12.92,740.0,
2016-09-25 05:00:00,31.33,69.83,12.33,37.49,50.26,34.83,8.78,1.45,16.64,2.27,7.22,,,,,26.69,74.34,1.97,82.42,,0.0,14.25,740.0,
2016-09-25 06:00:00,42.5,100.0,21.18,34.86,59.99,36.12,10.96,1.59,17.98,2.72,9.14,,,,,26.62,76.58,1.45,87.5,,0.0,220.92,740.0,
2016-09-25 07:00:00,41.83,102.17,20.58,36.62,60.76,36.18,12.45,1.68,19.88,3.49,12.55,,,,,28.74,71.92,1.72,120.34,,0.0,402.0,740.0,
2016-09-25 08:00:00,51.0,101.17,80.27,49.22,153.47,31.82,13.19,1.85,19.6,3.64,9.67,,,,,31.72,63.0,1.16,188.67,,0.0,425.0,740.0,
2016-09-25 09:00:00,47.83,160.5,63.23,50.37,131.32,34.54,13.73,1.91,14.97,2.82,5.91,,,,,33.61,56.16,1.56,154.25,,0.0,435.92,740.0,
2016-09-25 10:00:00,33.33,155.0,6.29,33.56,38.48,29.65,41.55,0.88,17.26,2.72,5.88,,,,,33.98,51.84,2.4,121.5,,0.0,445.92,740.0,
2016-09-25 11:00:00,39.67,264.17,16.52,44.99,62.67,32.91,17.16,1.2,19.74,2.1,10.52,,,,,34.19,48.16,1.52,124.75,,0.0,427.17,740.0,
2016-09-25 12:00:00,42.33,145.67,25.02,51.74,80.3,35.14,9.64,1.13,54.12,1.88,11.65,,,,,34.22,47.58,1.24,169.08,,0.0,418.0,740.0,
2016-09-25 13:00:00,63.67,200.17,9.62,47.88,55.81,31.67,7.54,1.44,97.81,1.8,9.41,,,,,34.74,44.5,1.31,116.84,,0.0,408.75,740.0,
2016-09-25 14:00:00,65.0,256.83,55.09,78.93,145.58,32.45,8.01,1.41,45.4,2.17,8.5,,,,,33.29,48.34,0.86,220.08,,0.0,389.5,740.0,
2016-09-25 15:00:00,75.17,468.17,36.69,61.18,104.55,30.08,7.78,1.23,29.04,2.31,4.32,,,,,35.29,43.17,1.13,183.58,,0.0,409.83,740.0,
2016-09-25 16:00:00,54.5,278.83,53.52,73.39,138.47,32.64,7.18,1.31,24.89,2.05,9.76,,,,,33.57,46.41,0.81,197.0,,0.0,350.92,740.0,
2016-09-25 17:00:00,70.17,401.33,46.48,78.94,133.8,30.54,7.3,1.56,20.83,2.25,14.91,,,,,32.6,48.5,1.23,116.92,,0.0,228.08,740.0,
2016-09-25 18:00:00,61.67,386.5,74.71,90.46,182.6,29.69,46.92,2.01,21.29,3.63,33.06,,,,,31.55,51.42,0.51,116.16,,0.0,21.08,740.0,
2016-09-25 19:00:00,72.83,373.83,67.52,84.18,167.24,33.94,,2.52,25.31,6.58,22.45,,,,,30.84,55.0,0.52,152.17,,0.0,13.0,740.0,
2016-09-25 20:00:00,116.33,480.33,76.82,83.88,179.64,33.43,16.5,2.64,23.61,9.25,31.49,,,,,30.26,58.83,0.54,137.58,,0.0,13.0,740.0,
2016-09-25 21:00:00,131.17,502.83,70.82,79.42,167.48,33.08,13.19,2.59,24.73,7.24,19.96,,,,,29.86,60.42,0.6,124.08,,0.0,13.0,740.0,
2016-09-25 22:00:00,96.5,411.83,84.43,84.12,190.22,33.44,14.39,2.59,28.53,7.32,55.5,,,,,29.44,61.75,0.38,107.42,,0.0,13.0,740.0,
2016-09-25 23:00:00,102.5,369.33,123.62,81.37,241.32,32.31,12.23,2.74,,6.56,105.62,,,,,29.07,63.5,0.37,81.08,,0.0,13.08,740.0,
2016-09-26 00:00:00,141.5,615.83,83.52,72.22,178.39,32.97,11.9,1.81,138.11,8.7,159.0,,,,,28.91,64.67,0.47,96.67,,0.0,13.0,740.0,
2016-09-26 01:00:00,111.0,365.5,72.62,62.03,154.47,32.27,,1.23,49.39,8.12,41.78,,,,,28.78,65.0,0.48,126.42,,0.0,13.0,740.0,
2016-09-26 02:00:00,93.5,270.67,111.08,59.78,204.94,32.26,,1.66,36.68,8.66,24.91,,,,,28.07,68.0,0.3,74.92,,0.0,12.92,740.0,
2016-09-26 03:00:00,180.83,469.83,190.63,62.42,315.93,35.03,,2.42,36.01,10.48,30.02,,,,,27.68,70.5,0.3,122.5,,0.0,13.0,740.0,
2016-09-26 04:00:00,269.83,697.67,94.64,54.45,177.77,31.14,,1.27,32.96,7.04,26.01,,,,,27.72,69.67,0.47,80.08,,0.0,13.0,740.0,
2016-09-26 05:00:00,92.17,289.5,36.39,50.27,94.48,31.68,,1.18,25.92,7.76,35.11,,,,,27.96,67.41,0.97,91.33,,0.0,13.92,740.0,
2016-09-26 06:00:00,88.0,216.17,189.72,57.74,310.48,34.03,11.76,2.04,27.55,10.36,25.18,,,,,28.01,68.42,0.38,141.08,,0.0,204.0,740.0,
2016-09-26 07:00:00,112.33,449.0,30.15,52.71,88.12,36.63,7.02,0.74,19.66,7.08,21.83,,,,,29.88,61.25,1.52,119.84,,0.0,389.34,740.0,
2016-09-26 08:00:00,62.17,140.83,18.15,57.21,75.74,43.95,6.69,0.88,19.26,4.63,14.7,,,,,31.07,59.09,1.94,120.08,,0.0,412.58,740.0,
2016-09-26 09:00:00,78.0,177.33,16.45,52.22,68.97,50.74,5.83,0.5,14.23,4.12,16.01,,,,,32.92,54.92,1.94,120.83,,0.0,436.17,740.0,
2016-09-26 10:00:00,73.5,180.67,20.84,38.16,62.26,40.54,41.24,0.26,16.42,3.73,17.64,,,,,34.66,49.0,1.55,124.5,,0.0,427.92,740.0,
2016-09-26 11:00:00,53.5,150.33,27.78,53.34,85.49,45.08,12.14,0.68,19.53,2.65,11.12,,,,,34.42,48.84,1.37,154.42,,0.0,422.42,740.0,
2016-09-26 12:00:00,66.0,213.5,13.68,55.92,68.54,45.35,8.39,0.9,19.38,2.78,16.82,,,,,34.76,47.33,1.85,141.58,,0.0,421.5,740.0,
2016-09-26 13:00:00,67.0,235.5,3.39,42.22,42.26,48.11,6.53,0.64,19.74,3.32,18.21,,,,,34.36,48.67,2.32,106.83,,0.0,421.67,740.0,
2016-09-26 14:00:00,73.33,187.0,4.93,40.79,43.07,52.03,6.28,0.85,22.51,2.57,18.19,,,,,34.12,49.25,2.36,106.0,,0.0,417.33,740.0,
2016-09-26 15:00:00,80.33,205.33,6.89,51.2,55.0,49.84,5.67,1.26,23.8,2.44,11.67,,,,,34.38,47.83,1.85,117.46,,0.0,404.67,740.0,
2016-09-26 16:00:00,83.83,208.83,40.3,87.34,132.88,49.16,6.01,1.55,24.08,2.77,19.34,,,,,33.45,49.92,1.08,119.92,,0.0,355.58,740.0,
2016-09-26 17:00:00,96.5,275.17,23.16,96.28,117.38,49.0,6.18,1.54,22.96,3.38,20.7,,,,,32.82,51.41,1.22,82.42,,0.0,243.25,740.0,
2016-09-26 18:00:00,117.5,343.17,33.58,111.82,145.47,49.11,8.72,2.19,26.13,5.01,28.91,,,,,32.02,54.34,0.81,92.34,,0.0,19.84,740.0,
2016-09-26 19:00:00,136.17,508.83,54.79,104.46,167.88,47.4,10.38,2.68,44.19,7.08,47.36,,,,,31.45,56.67,0.57,96.34,,0.0,13.08,740.0,
2016-09-26 20:00:00,145.67,531.0,92.94,96.35,212.78,47.77,12.76,3.36,47.32,10.49,65.5,,,,,31.0,58.41,0.46,74.67,,0.0,13.08,740.0,
2016-09-26 21:00:00,157.83,511.75,51.62,76.34,138.51,44.1,12.66,2.52,24.16,9.87,98.68,,,,,30.48,61.08,1.78,90.66,,0.0,12.92,740.0,
2016-09-26 22:00:00,119.0,402.5,18.98,57.03,76.74,43.31,8.27,1.45,15.52,4.38,22.68,,,,,29.68,66.5,1.89,91.5,,0.0,13.08,740.0,
2016-09-26 23:00:00,78.83,176.0,20.25,54.2,75.96,41.47,9.33,1.28,17.68,3.2,15.12,,,,,29.46,67.17,1.6,117.5,,0.0,13.0,740.0,
2016-09-27 00:00:00,74.83,152.67,7.52,40.11,45.99,38.29,10.68,1.26,17.57,3.98,15.81,,,,,29.26,67.0,1.5,106.33,,0.0,13.0,740.0,
2016-09-27 01:00:00,59.83,134.5,5.59,37.92,41.43,38.97,10.64,1.24,17.26,4.46,9.48,,,,,28.92,67.75,1.4,120.42,,0.0,12.92,740.0,
2016-09-27 02:00:00,63.33,126.5,11.22,43.19,53.81,37.56,10.74,1.28,17.81,4.89,5.13,,,,,28.56,68.58,1.19,145.33,,0.0,13.0,740.0,
2016-09-27 03:00:00,61.33,122.67,13.38,44.17,57.63,38.57,11.23,1.28,18.34,5.08,5.07,,,,,28.23,68.83,1.28,122.17,,0.0,13.0,740.0,
2016-09-27 04:00:00,65.33,114.33,18.34,42.72,63.11,38.4,11.94,1.29,18.57,3.88,4.98,,,,,28.04,68.67,1.2,129.5,,0.0,13.0,740.0,
2016-09-27 05:00:00,53.5,109.83,33.09,44.6,84.92,39.69,11.82,1.41,19.39,4.18,5.74,,,,,27.79,69.83,1.18,116.84,,0.0,14.0,740.0,
2016-09-27 06:00:00,62.83,142.83,53.26,44.29,112.2,40.01,11.9,1.58,19.94,7.26,7.89,,,,,27.91,70.0,1.12,129.58,,0.0,192.42,740.0,
2016-09-27 07:00:00,71.5,210.33,80.72,50.35,155.05,39.38,12.75,1.41,19.02,6.29,10.62,,,,,29.75,66.25,1.02,175.33,,0.0,389.84,740.0,
2016-09-27 08:00:00,62.0,209.75,83.39,49.07,157.65,40.17,12.04,1.71,18.86,3.77,9.08,,,,,31.91,59.84,1.52,180.33,,0.0,419.42,740.0,
2016-09-27 09:00:00,44.5,219.33,37.87,49.44,95.65,43.92,11.59,1.68,15.23,2.51,6.24,,,,,33.88,54.25,1.56,164.5,,0.0,430.75,740.0,
2016-09-27 10:00:00,47.17,156.17,48.89,58.86,118.93,34.82,43.4,1.5,16.46,3.41,9.37,,,,,35.08,50.17,1.55,187.92,,0.0,432.83,740.0,
2016-09-27 11:00:00,55.5,223.67,81.42,66.31,170.24,41.24,18.01,1.7,22.89,3.32,9.94,,,,,36.25,45.09,1.38,206.08,,0.0,432.67,740.0,
2016-09-27 12:00:00,89.33,393.17,20.55,57.81,79.54,39.53,7.4,1.69,20.88,3.06,7.92,,,,,37.08,42.08,1.36,189.25,,0.0,432.75,740.0,
2016-09-27 13:00:00,70.0,210.5,20.24,55.73,77.27,39.95,5.1,1.64,24.84,3.08,8.29,,,,,36.27,41.42,1.39,180.08,,0.0,416.92,740.0,
2016-09-27 14:00:00,67.83,262.5,15.42,60.19,74.72,41.38,3.92,1.74,28.91,3.25,7.24,,,,,37.07,38.75,1.19,131.17,,0.0,416.92,740.0,
2016-09-27 15:00:00,82.5,261.83,20.84,78.59,98.44,40.09,4.49,1.82,29.73,4.85,10.51,,,,,36.35,39.33,1.16,179.58,,0.0,394.83,740.0,
2016-09-27 16:00:00,,,,,,,,,,,,,,,,,,,,,0.0,,,
2016-09-27 17:00:00,,,,,,,,,,,,,,,,,,,,,0.0,,,
2016-09-27 18:00:00,,,,,,,,,,,,,,,,,,,,,0.0,,,
2016-09-27 19:00:00,,,,,,,,,,,,,,,,,,,,,0.0,,,
2016-09-27 20:00:00,,,,,,,,,,,,,,,,,,,,,0.0,,,
2016-09-27 21:00:00,,,,,,,,,,,,,,,,,,,,,0.0,,,
2016-09-27 22:00:00,,,,,,,,,,,,,,,,,,,,,0.0,,,
2016-09-27 23:00:00,,,,,,,,,,,,,,,,,,,,,0.0,,,
2016-09-28 00:00:00,,,,,,,,,,,,,,,,,,,,,0.0,,,
2016-09-28 01:00:00,,,,,,,,,,,,,,,,,,,,,0.0,,,
2016-09-28 02:00:00,,,,,,,,,,,,,,,,,,,,,0.0,,,
2016-09-28 03:00:00,,,,,,,,,,,,,,,,,,,,,0.0,,,
2016-09-28 04:00:00,,,,,,,,,,,,,,,,,,,,,0.0,,,
2016-09-28 05:00:00,,,,,,,,,,,,,,,,,,,,,0.0,,,
2016-09-28 06:00:00,,,,,,,,,,,,,,,,,,,,,0.0,,,
2016-09-28 07:00:00,,,,,,,,,,,,,,,,,,,,,0.0,,,
2016-09-28 08:00:00,,,,,,,,,,,,,,,,,,,,,0.0,,,
2016-09-28 09:00:00,,,,,,,,,,,,,,,,,,,,,0.0,,,
2016-09-28 10:00:00,,,,,,,,,,,,,,,,,,,,,0.0,,,
2016-09-28 11:00:00,,,,,,,,,,,,,,,,,,,,,0.0,,,
2016-09-28 12:00:00,,,,,,,,,,,,,,,,,,,,,0.0,,,
2016-09-28 13:00:00,,,,,,,,,,,,,,,,,,,,,0.0,,,
2016-09-28 14:00:00,,,,,0.0,,,0.0,,0.0,0.0,,,,,,,,,,0.0,0.0,,
2016-09-28 15:00:00,84.17,406.33,22.42,72.13,94.86,43.49,5.71,0.72,26.92,2.72,9.31,,,,,37.07,33.0,1.27,167.92,,0.0,385.5,740.0,
2016-09-28 16:00:00,82.33,445.5,54.54,88.91,153.67,57.98,6.44,1.33,29.66,2.38,18.14,,,,,35.83,36.0,1.2,155.58,,0.0,357.92,740.0,
2016-09-28 17:00:00,93.33,525.83,83.15,106.52,208.45,57.3,7.1,1.84,28.26,3.02,12.69,,,,,34.53,40.17,0.98,178.75,,0.0,213.0,740.0,
2016-09-28 18:00:00,93.83,600.0,68.98,100.3,183.62,64.46,11.21,1.78,32.64,4.53,11.36,,,,,33.27,45.83,0.69,175.5,,0.0,18.08,740.0,
2016-09-28 19:00:00,119.5,513.33,70.81,100.33,186.07,58.21,11.78,2.0,30.02,7.49,14.93,,,,,32.4,50.0,0.93,141.96,,0.0,13.08,740.0,
2016-09-28 20:00:00,149.5,449.5,39.88,93.96,138.18,67.71,10.96,2.18,30.58,7.72,24.23,,,,,31.46,55.42,1.31,71.67,,0.0,13.25,740.0,
2016-09-28 21:00:00,138.0,415.67,52.25,106.73,166.45,69.64,11.61,2.41,33.25,8.78,28.64,,,,,31.09,58.25,1.33,78.66,,0.0,13.08,740.0,
2016-09-28 22:00:00,146.33,381.83,52.72,102.58,163.4,66.35,12.26,2.42,115.46,11.59,171.68,,,,,31.13,58.08,1.26,84.84,,0.0,13.0,740.0,
2016-09-28 23:00:00,161.83,362.0,76.7,93.37,187.96,65.47,10.88,1.42,46.7,9.84,49.03,,,,,30.72,59.34,1.56,84.75,,0.0,13.08,740.0,
2016-09-29 00:00:00,155.12,316.12,34.15,83.0,120.58,64.76,8.26,1.22,31.83,6.31,24.75,,,,,29.99,61.83,0.82,87.5,,0.0,13.0,740.0,
2016-09-29 01:00:00,145.0,292.67,22.48,79.09,101.18,61.27,8.01,0.94,25.72,5.24,29.8,,,,,29.69,62.75,1.16,104.83,,0.0,13.0,740.0,
2016-09-29 02:00:00,123.5,202.0,9.57,60.34,66.82,62.84,7.78,1.18,22.33,4.84,23.21,,,,,29.4,64.92,1.78,111.16,,0.0,13.0,740.0,
2016-09-29 03:00:00,115.67,181.67,6.12,54.1,56.55,61.27,7.47,1.32,20.98,3.2,10.77,,,,,28.96,66.83,1.32,130.58,,0.0,12.92,740.0,
2016-09-29 04:00:00,113.83,178.67,8.46,50.9,56.92,59.32,7.53,1.36,20.03,3.65,7.09,,,,,28.86,66.91,1.25,118.25,,0.0,13.16,740.0,
2016-09-29 05:00:00,110.67,173.83,12.95,51.06,63.16,58.04,7.76,1.38,19.61,4.3,5.63,,,,,28.44,68.16,1.58,85.25,,0.0,13.66,740.0,
2016-09-29 06:00:00,102.33,186.83,18.36,50.4,69.98,61.04,,1.39,21.27,3.36,9.97,,,,,28.2,70.0,1.4,99.04,,0.0,169.08,740.0,
2016-09-29 07:00:00,117.17,204.33,24.59,51.14,79.13,60.43,,1.36,21.59,5.18,11.04,,,,,28.49,69.67,2.54,89.25,,0.0,383.67,740.0,
2016-09-29 08:00:00,109.17,197.0,26.18,51.31,81.48,60.74,,0.82,20.66,4.08,14.39,,,,,29.78,66.75,2.39,97.58,,0.0,417.92,740.0,
2016-09-29 09:00:00,112.83,211.0,21.62,53.2,76.93,63.21,,1.84,15.5,4.66,17.39,,,,,32.03,59.75,2.24,105.0,,0.0,430.33,740.0,
2016-09-29 10:00:00,101.5,253.0,5.52,45.74,48.3,41.08,1.3,1.92,20.17,4.8,20.18,,,,,33.79,54.08,2.47,115.75,,0.0,435.84,740.0,
2016-09-29 11:00:00,95.5,235.33,7.95,49.85,55.25,43.62,1.75,1.98,21.81,3.44,17.01,,,,,35.33,48.58,2.45,118.92,,0.0,435.84,740.0,
2016-09-29 12:00:00,80.67,224.67,7.43,48.28,53.16,44.18,4.43,2.02,16.35,3.57,22.38,,,,,34.9,48.33,2.37,116.71,,0.0,424.16,740.0,
2016-09-29 13:00:00,94.5,304.33,5.3,40.84,45.54,39.99,7.64,0.91,24.62,3.66,19.71,,,,,35.26,46.08,2.24,103.5,,0.0,410.83,740.0,
2016-09-29 14:00:00,94.83,564.67,5.68,47.7,50.27,44.26,6.12,1.14,33.69,4.34,34.91,,,,,34.73,45.75,1.57,121.17,,0.0,389.08,740.0,
2016-09-29 15:00:00,98.67,258.5,17.03,83.56,97.69,40.84,5.66,1.52,59.05,3.14,17.14,,,,,35.29,44.5,1.78,125.33,,0.0,394.58,740.0,
2016-09-29 16:00:00,172.0,484.17,5.44,70.15,69.94,49.87,4.94,1.68,29.12,2.45,18.77,,,,,34.03,47.0,1.68,105.92,,0.0,343.83,740.0,
2016-09-29 17:00:00,109.0,344.5,10.62,74.82,81.18,51.44,6.47,1.97,19.83,3.16,30.72,,,,,33.08,51.25,2.64,83.58,,0.0,126.0,740.0,
2016-09-29 18:00:00,106.83,311.17,27.64,72.73,102.53,47.88,10.78,2.22,16.92,3.25,41.86,,,,,32.14,55.5,2.5,85.66,,0.0,16.5,740.0,
2016-09-29 19:00:00,99.17,282.17,52.2,72.49,135.86,49.21,11.52,2.46,19.35,3.92,19.36,,,,,31.64,58.09,2.19,99.5,,0.0,13.0,740.0,
2016-09-29 20:00:00,112.17,278.17,12.32,56.4,67.06,49.15,10.78,2.48,16.97,4.55,18.82,,,,,30.88,61.67,2.09,86.08,,0.0,13.0,740.0,
2016-09-29 21:00:00,95.83,248.83,17.68,59.08,76.77,45.1,11.02,2.47,18.42,6.24,15.67,,,,,30.45,63.42,1.59,80.67,,0.0,13.17,740.0,
2016-09-29 22:00:00,86.5,227.5,23.95,61.91,87.88,45.48,10.71,2.57,18.86,4.51,14.88,,,,,30.26,63.66,1.79,75.0,,0.0,13.0,740.0,
2016-09-29 23:00:00,96.5,245.17,15.27,53.38,68.44,46.79,11.39,2.31,19.65,4.0,13.19,,,,,29.76,65.29,1.67,75.34,,0.0,13.0,740.0,
2016-09-30 00:00:00,110.33,229.67,27.16,56.04,87.03,47.08,11.55,1.84,20.19,4.99,15.12,,,,,29.4,66.91,1.35,80.25,,0.0,13.08,740.0,
2016-09-30 01:00:00,113.17,264.0,18.29,55.31,74.26,45.15,11.35,1.64,18.22,4.26,15.88,,,,,29.09,67.25,1.58,79.58,,0.0,13.08,740.0,
2016-09-30 02:00:00,93.67,206.0,18.89,53.58,73.55,43.08,10.92,1.63,17.6,3.6,15.25,,,,,28.67,68.25,1.01,78.5,,0.0,13.16,740.0,
2016-09-30 03:00:00,91.83,148.33,32.08,57.19,94.74,42.47,11.61,1.83,18.35,2.34,11.02,,,,,28.54,68.25,1.27,86.75,,0.0,13.0,740.0,
2016-09-30 04:00:00,86.83,181.33,14.58,44.72,59.73,39.64,10.8,1.77,21.47,2.53,13.42,,,,,28.37,67.67,1.4,108.25,,0.0,13.0,740.0,
2016-09-30 05:00:00,66.33,159.33,27.51,41.27,74.34,37.62,10.82,1.79,17.45,4.08,12.14,,,,,28.2,68.0,1.05,132.0,,0.0,13.75,740.0,
2016-09-30 06:00:00,66.17,138.67,81.89,40.52,147.92,34.72,12.37,2.05,16.42,2.98,6.79,,,,,28.27,68.58,0.68,166.42,,0.0,193.0,740.0,
2016-09-30 07:00:00,62.17,172.17,181.02,52.39,294.77,36.22,14.77,2.27,19.04,4.16,9.19,,,,,30.57,64.5,0.58,234.92,,0.0,386.33,740.0,
2016-09-30 08:00:00,84.0,409.5,130.98,56.85,230.46,32.41,13.92,2.23,16.43,3.58,8.33,,,,,33.34,55.58,0.88,229.75,,0.0,412.67,740.0,
2016-09-30 09:00:00,59.83,445.33,97.41,57.84,184.5,30.82,13.09,1.82,12.53,3.15,8.02,,,,,35.2,50.83,0.71,239.58,,0.0,418.16,740.0,
2016-09-30 10:00:00,39.0,337.0,,,,,,,18.2,2.83,5.87,,,,,34.27,48.67,1.33,109.0,,0.0,419.67,740.0,
2016-09-30 11:00:00,,,,,,,,,,,,,,,,,,,,,0.0,,,
2016-09-30 12:00:00,,,,,,,,,,,,,,,,,,,,,0.0,,,
2016-09-30 13:00:00,,,,,0.0,,,0.0,,0.0,0.0,,,,,,,,,,0.0,0.0,,
2016-09-30 14:00:00,113.5,280.83,29.25,70.92,103.16,28.42,5.2,2.04,28.15,2.86,8.13,,,,,36.22,42.67,0.58,210.83,,0.0,400.75,740.0,
2016-09-30 15:00:00,120.17,410.17,27.71,70.1,100.28,50.79,4.65,2.47,35.03,2.22,6.17,,,,,35.87,43.0,0.93,170.33,,0.0,395.92,740.0,
2016-09-30 16:00:00,106.0,423.17,50.05,84.24,143.41,37.01,4.54,2.45,27.08,2.18,5.57,,,,,34.89,45.66,0.63,197.58,,0.0,355.92,740.0,
2016-09-30 17:00:00,132.17,490.5,49.72,95.23,152.75,46.13,4.82,1.67,22.2,2.75,9.71,,,,,33.91,46.88,0.96,140.34,,0.0,206.21,740.0,
2016-09-30 18:00:00,137.5,517.33,49.16,114.19,168.86,50.74,10.03,2.13,23.03,4.15,28.18,,,,,32.92,50.92,1.08,84.75,,0.0,16.33,740.0,
2016-09-30 19:00:00,138.0,492.67,66.98,101.02,181.52,48.97,11.6,2.15,27.48,5.38,64.51,,,,,32.28,54.42,0.62,122.5,,0.0,13.0,740.0,
2016-09-30 20:00:00,156.17,507.0,53.47,92.56,155.49,54.64,13.17,1.73,27.08,7.67,25.46,,,,,31.67,56.34,0.52,144.34,,0.0,13.0,740.0,
2016-09-30 21:00:00,173.33,504.33,43.8,95.02,144.47,58.21,14.94,1.16,29.77,8.23,31.72,,,,,31.13,60.92,0.39,136.5,,0.0,13.16,740.0,
2016-09-30 22:00:00,180.0,591.0,62.24,106.06,179.5,60.84,15.53,1.24,59.17,6.63,16.58,,,,,30.78,62.12,0.74,73.84,,0.0,13.0,740.0,
2016-09-30 23:00:00,183.83,582.33,90.34,127.62,237.04,75.21,29.0,2.44,159.64,9.38,57.52,,,,,30.45,63.92,0.71,77.83,,0.0,13.16,740.0,
2016-10-01 00:00:00,204.67,525.5,53.86,108.58,170.27,77.4,60.74,1.71,64.52,8.34,92.68,,,,,30.29,63.08,0.86,95.34,,0.0,13.08,740.0,
2016-10-01 01:00:00,207.33,453.17,65.94,84.25,165.09,74.35,66.39,2.11,26.02,13.19,48.18,,,,,29.82,63.5,0.42,123.84,,0.0,13.08,740.0,
2016-10-01 02:00:00,173.0,418.83,98.88,79.78,206.1,74.08,51.91,2.0,27.09,15.49,39.23,,,,,29.41,64.42,0.35,136.58,,0.0,13.0,740.0,
2016-10-01 03:00:00,167.5,429.5,123.02,72.13,232.28,58.5,23.95,3.11,25.72,17.26,43.64,,,,,29.26,66.42,0.46,139.66,,0.0,13.16,740.0,
2016-10-01 04:00:00,258.17,667.0,59.57,67.37,141.36,55.21,18.33,2.17,26.42,8.58,54.26,,,,,29.15,65.08,0.54,89.17,,0.0,13.21,740.0,
2016-10-01 05:00:00,100.17,313.0,55.66,69.18,137.65,55.11,17.17,1.9,26.08,7.28,45.85,,,,,29.25,64.42,0.88,95.75,,0.0,13.5,740.0,
2016-10-01 06:00:00,106.33,308.5,84.52,66.24,174.42,58.04,18.35,2.21,35.35,5.56,31.3,,,,,29.31,65.08,0.65,72.83,,0.0,167.42,740.0,
2016-10-01 07:00:00,110.33,415.0,56.83,78.27,147.32,69.18,41.03,2.47,28.06,5.93,41.06,,,,,30.52,62.5,0.96,86.67,,0.0,379.33,740.0,
2016-10-01 08:00:00,120.17,341.0,12.77,67.18,77.32,81.7,88.32,2.02,18.66,6.38,23.78,,,,,31.88,58.5,2.01,104.34,,0.0,410.67,740.0,
2016-10-01 09:00:00,112.33,247.67,10.7,74.2,80.7,84.65,92.86,1.57,4.87,6.78,25.65,,,,,32.72,56.34,2.32,92.75,,0.0,417.17,740.0,
2016-10-01 10:00:00,113.5,244.0,,,,,77.0,1.3,4.66,5.43,21.67,,,,,34.17,51.96,2.42,109.04,,0.0,432.84,740.0,
2016-10-01 11:00:00,79.33,184.33,5.3,41.51,44.21,5.9,45.2,2.28,80.99,3.84,18.72,,,,,35.71,47.58,2.28,111.42,,0.0,433.66,740.0,
2016-10-01 12:00:00,45.5,191.17,13.41,36.46,50.72,1.9,14.24,1.48,31.82,2.76,9.78,,,,,36.03,46.0,2.75,108.58,,0.0,431.16,740.0,
2016-10-01 13:00:00,45.33,206.83,6.78,39.21,44.18,,13.29,1.68,22.28,2.32,7.16,,,,,36.32,44.33,2.18,136.08,,0.0,422.83,740.0,
2016-10-01 14:00:00,56.75,154.83,5.38,32.67,36.49,229.46,12.95,1.65,25.24,2.27,8.32,,,,,37.12,41.0,1.86,122.84,,0.0,419.17,740.0,
2016-10-01 15:00:00,57.33,152.0,25.09,70.82,97.37,38.6,12.42,1.77,24.93,1.88,10.4,,,,,36.01,43.0,1.77,105.83,,0.0,388.75,740.0,
2016-10-01 16:00:00,70.0,188.17,44.29,80.19,131.93,42.91,14.21,1.64,33.37,1.9,20.89,,,,,35.28,44.04,1.02,135.04,,0.0,355.58,740.0,
2016-10-01 17:00:00,76.5,305.67,30.78,75.95,109.72,37.78,13.22,1.16,23.24,2.39,11.56,,,,,34.35,47.92,1.48,104.5,,0.0,197.67,740.0,
2016-10-01 18:00:00,92.33,367.17,31.35,86.54,119.9,44.35,12.99,1.92,36.52,4.38,13.85,,,,,33.25,53.33,1.58,81.67,,0.0,16.0,740.0,
2016-10-01 19:00:00,142.67,403.33,68.37,97.67,180.4,45.97,14.45,2.7,120.04,8.43,38.32,,,,,32.86,55.33,1.33,84.92,,0.0,13.0,740.0,
2016-10-01 20:00:00,179.67,494.67,60.57,95.62,167.92,40.08,14.3,3.14,22.29,6.95,79.09,,,,,32.68,56.0,1.37,81.09,,0.0,13.0,740.0,
2016-10-01 21:00:00,149.75,445.62,91.18,90.0,204.72,39.27,15.58,3.46,27.08,6.94,110.04,,,,,32.24,57.5,1.09,78.25,,0.0,13.0,740.0,
2016-10-01 22:00:00,158.67,463.0,124.32,78.02,239.27,39.19,16.02,3.98,27.82,7.51,130.93,,,,,31.86,59.0,1.1,85.25,,0.0,13.0,740.0,
2016-10-01 23:00:00,138.67,431.33,81.06,70.12,173.18,37.88,14.94,2.91,26.18,8.34,45.97,,,,,31.53,59.83,1.23,91.17,,0.0,12.92,740.0,
2016-10-02 00:00:00,113.33,275.5,17.77,51.55,70.2,43.85,,0.29,16.18,4.62,24.47,,,,,31.03,61.84,1.82,106.5,,0.0,13.08,740.0,
2016-10-02 01:00:00,71.5,167.67,5.68,41.68,44.89,38.88,,0.2,15.88,3.08,21.92,,,,,30.58,63.42,1.28,101.75,,0.0,13.08,740.0,
2016-10-02 02:00:00,79.17,191.5,10.5,50.48,59.34,36.13,,0.57,18.26,3.27,24.92,,,,,30.21,65.0,0.91,86.42,,0.0,12.92,740.0,
2016-10-02 03:00:00,87.33,208.17,20.46,54.08,76.11,42.12,,0.34,17.69,6.06,39.23,,,,,29.82,66.92,1.09,96.83,,0.0,12.92,740.0,
2016-10-02 04:00:00,116.83,257.0,5.02,41.52,43.87,35.41,,0.14,18.45,4.37,24.98,,,,,29.63,67.08,1.45,84.42,,0.0,13.0,740.0,
2016-10-02 05:00:00,81.0,155.0,16.18,53.83,70.07,45.75,,0.18,19.56,5.61,29.03,,,,,29.4,68.0,1.22,79.33,,0.0,13.17,740.0,
2016-10-02 06:00:00,81.83,208.17,25.58,55.78,84.65,50.14,11.2,0.18,19.22,6.2,25.61,,,,,29.54,68.09,1.66,80.75,,0.0,193.67,740.0,
2016-10-02 07:00:00,84.33,258.0,19.18,47.65,68.67,46.86,11.27,0.12,19.64,6.41,23.84,,,,,31.32,63.67,1.92,96.0,,0.0,394.0,740.0,
2016-10-02 08:00:00,74.83,177.33,12.8,37.78,51.12,51.18,10.94,0.24,14.74,6.92,22.61,,,,,33.06,59.0,2.07,112.67,,0.0,414.08,740.0,
2016-10-02 09:00:00,68.67,174.0,6.04,28.76,33.87,44.66,10.05,0.25,11.35,5.69,17.33,,,,,33.94,56.0,2.87,106.66,,0.0,429.84,740.0,
2016-10-02 10:00:00,63.5,171.0,3.32,22.44,24.52,34.97,30.28,0.28,20.62,4.2,13.35,,,,,35.4,51.08,2.84,109.34,,0.0,433.0,740.0,
2016-10-02 11:00:00,48.17,159.0,13.36,32.19,46.9,36.79,13.06,0.36,20.11,2.73,9.11,,,,,36.57,46.83,2.29,116.17,,0.0,430.33,740.0,
2016-10-02 12:00:00,57.17,171.0,4.22,30.55,33.02,26.05,9.28,0.2,20.7,1.92,7.2,,,,,36.21,47.17,2.06,104.67,,0.0,414.83,740.0,
2016-10-02 13:00:00,50.0,160.33,6.26,38.19,42.57,25.61,8.28,0.1,21.32,1.5,5.47,,,,,36.8,45.84,1.74,152.0,,0.0,412.25,740.0,
2016-10-02 14:00:00,60.67,201.83,48.66,59.7,119.63,30.72,9.2,2.85,21.05,1.37,4.15,,,,,35.58,49.0,1.21,224.75,,0.0,389.92,740.0,
2016-10-02 15:00:00,64.17,324.0,50.24,69.24,130.65,36.03,9.83,3.12,23.08,1.42,4.25,,,,,35.47,49.66,0.89,224.08,,0.0,382.58,740.0,
2016-10-02 16:00:00,68.17,459.83,80.04,87.55,187.21,60.26,9.94,3.33,22.6,2.31,7.08,,,,,34.4,52.5,0.52,232.83,,0.0,332.08,740.0,
2016-10-02 17:00:00,88.0,618.83,139.1,104.15,282.67,47.72,10.5,4.11,25.19,2.28,6.36,,,,,33.59,54.67,0.33,240.5,,0.0,155.67,740.0,
2016-10-02 18:00:00,111.17,878.83,137.47,102.78,279.32,47.16,10.7,4.81,27.94,3.65,8.53,,,,,32.86,56.58,0.3,159.5,,0.0,14.16,740.0,
2016-10-02 19:00:00,132.33,808.0,141.75,94.51,277.79,48.98,11.74,5.1,27.7,7.58,14.66,,,,,32.55,57.75,0.32,161.75,,0.0,13.0,740.0,
2016-10-02 20:00:00,153.25,687.0,107.44,86.24,223.56,36.55,10.8,4.92,25.36,4.69,22.51,,,,,32.6,55.92,0.38,74.08,,0.0,13.0,740.0,
2016-10-02 21:00:00,133.67,671.17,133.09,82.5,255.27,44.59,12.09,5.68,48.92,4.72,20.79,,,,,32.29,58.17,0.31,76.58,,0.0,13.16,740.0,
2016-10-02 22:00:00,124.17,592.17,84.48,68.85,176.72,51.19,12.82,3.64,58.14,5.5,19.18,,,,,31.53,61.83,0.79,80.83,,0.0,12.92,740.0,
2016-10-02 23:00:00,138.67,587.33,121.78,72.12,230.58,52.52,14.29,2.16,,6.09,34.84,,,,,31.26,62.84,0.51,68.58,,0.0,13.0,740.0,
2016-10-03 00:00:00,150.5,524.17,72.14,59.48,151.52,58.42,6.88,1.72,102.7,4.07,23.43,,,,,30.94,64.0,0.78,72.83,,0.0,13.0,740.0,
2016-10-03 01:00:00,121.5,346.33,65.32,55.6,138.77,47.88,5.97,2.04,123.72,3.62,27.62,,,,,30.55,65.92,0.52,79.58,,0.0,13.0,740.0,
2016-10-03 02:00:00,140.17,341.83,42.46,54.56,106.62,46.44,6.78,1.93,65.36,3.32,35.29,,,,,30.38,66.09,1.16,80.58,,0.0,13.08,740.0,
2016-10-03 03:00:00,142.67,379.83,5.45,38.62,41.84,47.47,4.75,0.6,21.44,2.88,25.32,,,,,30.42,65.17,1.52,91.58,,0.0,13.0,740.0,
2016-10-03 04:00:00,120.83,216.5,4.62,37.31,39.52,40.59,3.96,0.4,19.91,2.71,11.06,,,,,30.15,66.0,1.51,95.08,,0.0,13.0,740.0,
2016-10-03 05:00:00,94.0,182.5,12.27,47.28,58.84,54.73,4.31,0.62,19.02,2.46,6.82,,,,,30.0,66.5,1.37,91.42,,0.0,13.08,740.0,
2016-10-03 06:00:00,90.0,201.0,24.06,55.15,82.0,60.22,8.97,0.92,20.47,3.16,8.52,,,,,30.08,66.08,1.13,127.92,,0.0,85.0,740.0,
2016-10-03 07:00:00,94.33,202.67,20.67,58.54,80.39,60.58,9.79,1.07,21.07,3.39,6.86,,,,,30.75,64.5,1.2,106.33,,0.0,318.08,740.0,
2016-10-03 08:00:00,91.67,184.83,18.56,53.64,73.14,70.31,8.39,1.49,14.95,2.79,8.84,,,,,33.04,59.04,1.77,116.79,,0.0,409.83,740.0,
2016-10-03 09:00:00,94.33,183.5,17.44,46.2,64.97,58.16,6.09,1.08,14.13,2.26,5.0,,,,,34.74,54.75,1.9,123.83,,0.0,421.75,740.0,
2016-10-03 10:00:00,85.17,203.83,6.44,31.79,37.08,44.75,30.16,0.7,17.34,1.85,7.84,,,,,36.29,49.25,1.93,135.58,,0.0,427.5,740.0,
2016-10-03 11:00:00,61.17,199.17,25.89,45.64,75.92,48.04,11.07,0.59,23.18,1.85,4.48,,,,,37.43,45.25,1.46,163.5,,0.0,420.0,740.0,
2016-10-03 12:00:00,87.5,239.0,24.17,62.14,88.43,28.76,5.56,0.58,26.89,1.58,3.97,,,,,37.22,45.0,1.07,191.83,,0.0,412.42,740.0,
2016-10-03 13:00:00,88.0,282.33,7.8,51.82,56.79,26.13,2.85,1.65,35.37,1.7,4.62,,,,,37.3,43.58,1.19,169.83,,0.0,392.83,740.0,
2016-10-03 14:00:00,85.0,314.0,30.11,83.7,115.7,39.45,3.26,1.84,50.32,1.55,5.66,,,,,36.36,46.25,0.68,243.25,,0.0,389.0,740.0,
2016-10-03 15:00:00,122.0,510.0,42.66,103.9,150.84,45.38,3.88,2.16,97.92,2.26,9.46,,,,,36.43,46.41,0.68,250.75,,0.0,388.33,740.0,
2016-10-03 16:00:00,132.67,507.33,49.93,91.86,150.03,82.46,3.72,2.38,44.71,1.9,7.9,,,,,35.24,49.34,1.12,184.17,,0.0,309.59,740.0,
2016-10-03 17:00:00,137.83,567.17,82.99,102.05,204.29,58.81,4.97,1.88,30.92,2.84,8.63,,,,,33.3,54.0,1.34,201.08,,0.0,83.75,740.0,
2016-10-03 18:00:00,142.5,425.67,54.38,72.73,139.04,60.94,9.01,1.21,23.38,3.31,12.51,,,,,32.98,59.5,0.82,185.08,,0.0,13.5,740.0,
2016-10-03 19:00:00,125.5,397.0,34.62,73.09,112.36,56.44,9.02,1.47,28.1,1.01,3.7,,,,,32.45,60.42,0.68,179.75,,0.0,13.08,740.0,
2016-10-03 20:00:00,152.5,430.83,43.23,71.91,123.13,40.43,8.93,1.38,29.92,2.52,5.99,,,,,32.1,61.17,0.52,182.17,,0.0,13.08,740.0,
2016-10-03 21:00:00,152.67,413.5,44.88,80.88,133.36,55.18,9.16,1.36,26.9,3.89,9.78,,,,,31.82,62.0,0.82,73.08,,0.0,13.08,740.0,
2016-10-03 22:00:00,165.5,482.5,42.91,89.12,138.0,60.86,9.07,0.77,28.17,4.28,19.11,,,,,31.6,62.08,0.74,81.25,,0.0,13.0,740.0,
2016-10-03 23:00:00,169.33,499.0,50.22,77.91,138.0,58.93,9.62,0.83,37.84,4.12,25.89,,,,,31.34,63.41,0.52,106.08,,0.0,13.0,740.0,
2016-10-04 00:00:00,202.0,529.67,13.98,70.88,82.28,77.53,9.73,2.16,24.0,5.59,18.04,,,,,31.1,63.58,0.45,111.58,,0.0,13.0,740.0,
2016-10-04 01:00:00,214.67,466.0,16.86,69.68,85.1,66.81,10.17,1.93,27.17,5.18,10.05,,,,,30.89,64.42,0.45,99.71,,0.0,13.08,740.0,
2016-10-04 02:00:00,279.17,538.0,16.43,60.31,76.18,70.42,9.55,2.41,32.9,5.84,8.41,,,,,30.58,67.59,0.41,90.75,,0.0,13.08,740.0,
2016-10-04 03:00:00,430.33,722.17,27.45,62.22,92.92,70.97,10.98,2.08,34.28,10.09,29.21,,,,,30.43,67.5,0.53,85.84,,0.0,12.92,740.0,
2016-10-04 04:00:00,489.83,809.67,28.47,62.41,94.48,48.98,12.03,1.87,32.72,7.15,19.53,,,,,30.21,68.92,0.55,83.58,,0.0,13.08,740.0,
2016-10-04 05:00:00,273.17,669.83,114.82,63.62,213.47,62.94,15.29,2.69,31.25,5.1,17.63,,,,,30.16,69.33,0.63,63.75,,0.0,13.0,740.0,
2016-10-04 06:00:00,246.83,776.33,125.62,62.7,227.33,69.26,10.52,3.02,46.83,6.96,43.62,,,,,30.16,70.08,0.39,119.66,,0.0,139.92,740.0,
2016-10-04 07:00:00,263.17,615.83,53.99,77.68,143.0,66.91,5.8,2.95,46.9,7.59,33.42,,,,,31.28,66.58,0.84,94.92,,0.0,359.58,740.0,
2016-10-04 08:00:00,266.67,481.5,33.98,76.65,114.68,75.88,2.82,2.72,47.7,5.42,25.72,,,,,33.06,61.08,0.86,117.0,,0.0,398.0,740.0,
2016-10-04 09:00:00,235.83,396.33,48.85,101.34,157.24,68.28,3.2,2.78,,6.63,42.54,,,,,35.07,56.42,0.48,183.83,,0.0,399.42,740.0,
2016-10-04 10:00:00,262.67,569.17,93.95,104.08,220.18,49.19,32.36,2.25,203.62,6.92,34.29,,,,,34.49,56.84,0.68,177.67,,0.0,389.0,740.0,
2016-10-04 11:00:00,239.83,596.83,38.28,96.29,138.1,53.65,5.33,2.62,173.27,6.03,26.68,,,,,35.56,53.42,0.82,164.92,,0.0,394.33,740.0,
2016-10-04 12:00:00,191.67,460.67,9.88,93.61,96.87,38.11,5.5,2.76,,5.64,62.01,,,,,34.28,58.5,1.14,107.58,,0.0,406.79,740.0,
2016-10-04 13:00:00,220.67,473.83,32.7,76.11,112.18,34.98,3.92,2.23,119.02,5.05,44.76,,,,,35.44,51.33,1.08,231.17,,0.0,398.92,740.0,
2016-10-04 14:00:00,157.17,389.0,9.11,57.54,63.7,56.82,3.58,1.91,44.54,4.36,23.64,,,,,32.61,48.91,3.88,104.33,,0.0,421.5,740.0,
2016-10-04 15:00:00,72.67,226.33,40.54,78.65,125.12,57.4,4.76,1.99,40.0,3.52,16.79,,,,,29.94,56.25,2.07,195.0,,0.0,216.33,740.0,
2016-10-04 16:00:00,74.0,231.17,125.42,84.79,246.87,67.92,5.73,1.81,38.65,6.66,22.46,,,,,27.07,78.42,0.75,173.17,,0.0,156.58,740.0,
2016-10-04 17:00:00,86.83,84.83,160.62,89.94,299.5,56.55,6.92,2.91,36.78,10.24,31.9,,,,,26.89,77.34,0.41,163.08,,0.0,83.66,740.0,
2016-10-04 18:00:00,75.83,153.67,208.89,93.89,317.65,55.92,12.67,3.22,36.35,9.62,31.26,,,,,27.28,73.91,0.52,210.83,,0.0,13.58,740.0,
2016-10-04 19:00:00,76.17,170.0,125.52,82.03,244.55,54.25,10.43,2.14,24.56,9.72,28.88,,,,,26.45,76.42,0.95,259.0,,0.0,13.5,740.0,
2016-10-04 20:00:00,80.5,113.0,137.56,74.83,254.59,42.62,9.72,1.97,21.55,5.53,18.54,,,,,25.44,78.33,0.71,252.83,,0.0,13.58,740.0,
2016-10-04 21:00:00,70.0,73.33,96.78,71.16,195.62,60.61,9.23,2.7,21.12,3.45,11.09,,,,,25.34,78.92,0.54,253.84,,0.0,13.5,740.0,
2016-10-04 22:00:00,58.33,76.0,114.28,73.43,221.46,60.59,9.98,3.08,29.76,7.94,20.09,,,,,26.27,77.17,0.34,185.0,,0.0,13.33,740.0,
2016-10-04 23:00:00,75.17,84.67,103.82,69.23,203.47,66.2,11.83,2.46,29.77,12.48,27.82,,,,,26.17,77.42,0.36,237.5,,0.0,13.16,740.0,
2016-10-05 00:00:00,67.83,96.5,80.39,61.37,164.44,63.82,11.05,1.74,27.45,12.63,28.19,,,,,26.26,77.92,0.32,143.75,,0.0,13.16,740.0,
2016-10-05 01:00:00,34.33,73.17,69.64,62.72,150.99,53.25,10.07,1.1,27.16,11.38,25.61,,,,,26.11,76.41,0.31,210.42,,0.0,13.0,740.0,
2016-10-05 02:00:00,70.83,119.83,47.32,57.69,116.05,52.68,9.44,1.76,63.92,7.81,16.67,,,,,26.53,74.0,0.39,84.0,,0.0,13.0,740.0,
2016-10-05 03:00:00,80.33,138.5,59.21,51.88,127.07,57.62,11.35,1.63,,11.47,78.61,,,,,26.34,76.83,0.9,103.16,,0.0,13.08,740.0,
2016-10-05 04:00:00,131.83,212.17,54.47,59.06,127.02,48.75,12.24,1.65,160.44,8.26,76.82,,,,,26.14,77.0,1.14,80.33,,0.0,12.84,740.0,
2016-10-05 05:00:00,130.5,217.5,109.21,61.35,203.87,63.78,14.5,1.68,104.99,6.49,120.05,,,,,26.17,76.75,0.39,121.25,,0.0,13.0,740.0,
2016-10-05 06:00:00,123.5,206.33,102.62,54.86,189.0,67.38,14.04,1.55,89.44,7.4,52.98,,,,,26.52,75.0,0.88,98.58,,0.0,114.42,740.0,
2016-10-05 07:00:00,103.5,162.83,101.2,66.22,197.18,66.71,15.98,2.14,81.01,9.92,64.38,,,,,27.05,73.0,0.45,131.58,,0.0,299.42,740.0,
2016-10-05 08:00:00,113.5,166.0,156.75,73.45,279.41,69.28,14.29,3.0,77.47,10.56,49.73,,,,,27.94,70.75,0.62,179.5,,0.0,375.0,740.0,
2016-10-05 09:00:00,109.0,201.67,156.52,83.0,287.7,59.6,11.8,2.98,58.94,9.34,38.82,,,,,28.53,67.17,0.3,235.17,,0.0,379.25,740.0,
2016-10-05 10:00:00,148.83,279.12,152.12,97.58,293.33,57.71,37.39,3.3,67.25,8.14,31.98,,,,,29.39,65.75,0.34,278.0,,0.0,393.58,740.0,
2016-10-05 11:00:00,142.38,269.5,100.3,92.18,219.08,53.91,16.45,2.33,35.68,11.18,31.96,,,,,30.46,58.08,0.62,234.08,,0.0,410.58,740.0,
2016-10-05 12:00:00,100.83,242.83,94.4,91.38,210.33,44.55,13.32,2.84,23.32,9.48,26.32,,,,,30.72,57.0,0.71,260.08,,0.0,406.67,740.0,
2016-10-05 13:00:00,90.83,235.83,63.69,73.94,153.01,54.72,10.58,2.6,23.88,8.36,22.64,,,,,31.02,58.17,0.78,251.5,,0.0,416.58,740.0,
2016-10-05 14:00:00,92.67,255.83,57.57,77.87,147.75,51.33,9.21,2.12,28.59,5.64,19.64,,,,,32.6,54.92,1.06,264.58,,0.0,427.17,740.0,
2016-10-05 15:00:00,87.0,262.33,51.94,92.33,153.26,54.32,7.6,2.28,26.33,7.17,26.16,,,,,31.28,59.17,0.78,289.0,,0.0,387.92,740.0,
2016-10-05 16:00:00,119.33,285.83,123.78,110.37,267.57,82.24,8.66,3.05,34.34,8.75,30.49,,,,,30.85,61.08,0.39,294.75,,0.0,362.58,740.0,
2016-10-05 17:00:00,126.17,336.67,166.2,90.78,307.86,67.57,9.38,3.03,35.72,7.91,30.96,,,,,30.09,61.5,0.72,292.5,,0.0,197.79,740.0,
2016-10-05 18:00:00,103.5,299.33,228.44,101.39,402.56,71.11,13.21,3.78,29.53,10.38,36.75,,,,,29.66,64.0,0.31,241.58,,0.0,16.5,740.0,
2016-10-05 19:00:00,118.5,332.83,253.94,108.58,391.84,69.78,14.56,4.27,28.22,12.98,39.82,,,,,29.01,68.33,0.3,246.84,,0.0,13.08,740.0,
2016-10-05 20:00:00,156.0,397.25,208.05,111.14,383.12,60.68,13.4,4.4,30.99,14.46,41.04,,,,,28.7,69.92,0.31,229.08,,0.0,13.0,740.0,
2016-10-05 21:00:00,154.5,444.17,265.99,104.59,409.27,75.72,14.35,4.06,35.06,17.95,46.94,,,,,28.64,71.67,0.3,206.25,,0.0,13.0,740.0,
2016-10-05 22:00:00,152.67,481.67,297.28,112.52,407.78,70.8,16.73,4.18,34.11,21.41,55.85,,,,,28.32,72.75,0.33,248.67,,0.0,13.08,740.0,
2016-10-05 23:00:00,173.17,414.0,201.7,92.83,358.16,71.8,13.96,2.88,33.61,18.44,45.76,,,,,28.31,72.67,0.33,205.46,,0.0,13.04,740.0,
2016-10-06 00:00:00,128.5,406.17,218.04,93.21,380.81,76.29,14.07,2.49,24.98,16.55,38.49,,,,,28.29,72.25,0.31,165.75,,0.0,13.25,740.0,
2016-10-06 01:00:00,108.17,379.17,95.46,89.12,209.78,69.38,10.85,2.81,24.64,10.82,34.8,,,,,28.26,72.16,1.36,104.75,,0.0,13.0,740.0,
2016-10-06 02:00:00,147.17,322.83,78.14,79.17,177.26,71.92,10.42,2.68,30.15,11.56,55.48,,,,,27.92,73.0,0.38,186.75,,0.0,13.0,740.0,
2016-10-06 03:00:00,198.0,416.83,120.11,74.18,230.12,77.21,11.18,3.09,51.05,10.82,33.97,,,,,27.38,74.42,0.3,217.33,,0.0,12.92,740.0,
2016-10-06 04:00:00,330.83,623.17,159.64,75.03,284.91,67.68,12.07,1.81,36.6,8.82,29.15,,,,,27.17,74.58,0.33,239.0,,0.0,13.0,740.0,
2016-10-06 05:00:00,125.33,304.83,156.78,69.04,275.52,88.35,13.35,1.42,31.95,11.84,27.04,,,,,27.13,74.0,0.32,185.67,,0.0,13.16,740.0,
2016-10-06 06:00:00,153.67,406.17,222.28,72.52,368.12,87.46,15.43,2.23,44.44,9.23,26.57,,,,,27.4,74.67,0.39,215.42,,0.0,146.92,740.0,
2016-10-06 07:00:00,162.17,388.83,182.9,78.38,319.66,89.52,15.22,2.09,63.61,11.75,31.26,,,,,28.28,73.34,0.38,165.67,,0.0,346.5,740.0,
2016-10-06 08:00:00,153.83,351.0,67.97,89.71,172.73,97.43,12.08,2.92,109.21,9.51,28.26,,,,,29.06,67.75,1.02,147.5,,0.0,392.5,740.0,
2016-10-06 09:00:00,120.83,255.5,26.72,87.5,114.44,89.2,8.64,2.88,76.32,8.15,28.17,,,,,29.22,69.59,1.68,101.25,,0.0,411.84,740.0,
2016-10-06 10:00:00,184.5,345.0,12.18,91.28,97.88,79.6,35.12,2.71,68.73,6.68,21.98,,,,,30.67,64.08,1.44,123.92,,0.0,420.58,740.0,
2016-10-06 11:00:00,179.12,385.83,49.23,114.29,169.24,71.92,13.29,3.12,47.11,7.01,24.81,,,,,33.65,56.25,0.63,216.42,,0.0,429.42,740.0,
2016-10-06 12:00:00,147.67,336.17,13.65,90.74,99.32,49.53,4.39,2.84,45.09,5.95,19.69,,,,,34.37,51.83,1.06,142.83,,0.0,427.92,740.0,
2016-10-06 13:00:00,125.88,371.0,29.26,85.0,115.67,71.85,3.02,2.07,73.57,4.57,14.71,,,,,35.4,47.5,0.82,203.33,,0.0,420.0,740.0,
2016-10-06 14:00:00,129.83,509.33,23.87,94.92,117.16,80.43,2.92,2.31,75.59,3.62,13.81,,,,,34.19,50.5,1.39,132.67,,0.0,409.17,740.0,
2016-10-06 15:00:00,149.17,473.25,22.94,67.29,91.58,69.71,2.17,1.97,31.18,3.34,15.38,,,,,34.07,47.58,0.81,179.58,,0.0,395.67,740.0,
2016-10-06 16:00:00,121.0,427.33,5.14,70.16,69.53,73.79,1.62,2.36,75.57,3.39,11.09,,,,,33.29,52.42,1.44,117.16,,0.0,371.42,740.0,
2016-10-06 17:00:00,106.33,255.67,3.78,87.8,83.42,62.18,0.91,2.47,84.32,6.24,24.33,,,,,31.56,59.58,1.48,91.25,,0.0,172.25,740.0,
2016-10-06 18:00:00,136.83,336.17,5.96,101.68,98.75,69.22,9.39,2.92,75.66,5.55,21.06,,,,,30.88,62.33,0.99,126.5,,0.0,14.08,740.0,
2016-10-06 19:00:00,157.67,334.83,11.08,101.33,105.42,75.78,10.28,3.12,46.42,6.85,22.97,,,,,30.42,64.92,1.46,120.42,,0.0,13.08,740.0,
2016-10-06 20:00:00,167.83,385.5,16.99,95.48,108.26,61.92,10.38,2.78,37.98,7.62,20.59,,,,,29.88,66.67,1.6,116.5,,0.0,13.0,740.0,
2016-10-06 21:00:00,173.67,318.67,32.89,82.82,118.69,69.42,10.2,2.38,37.41,5.79,13.38,,,,,29.22,70.17,1.4,147.17,,0.0,13.0,740.0,
2016-10-06 22:00:00,157.83,327.83,91.1,81.74,197.17,69.55,12.08,1.38,29.56,4.34,12.61,,,,,28.7,72.58,0.67,188.33,,0.0,13.08,740.0,
2016-10-06 23:00:00,156.17,337.5,46.65,74.15,129.76,64.88,11.03,1.14,25.86,3.75,11.97,,,,,28.33,73.08,0.6,170.08,,0.0,13.0,740.0,
2016-10-07 00:00:00,119.33,231.0,34.07,66.02,105.31,72.72,10.96,1.37,19.59,3.52,10.04,,,,,28.07,74.0,0.53,111.84,,0.0,13.0,740.0,
2016-10-07 01:00:00,88.83,202.5,72.69,63.98,156.24,57.72,10.71,1.43,24.83,3.94,10.86,,,,,27.52,75.42,0.35,203.58,,0.0,13.08,740.0,
2016-10-07 02:00:00,129.83,324.33,107.75,66.12,206.08,60.44,12.34,2.22,44.6,5.52,15.2,,,,,27.04,77.25,0.3,215.33,,0.0,13.16,740.0,
2016-10-07 03:00:00,140.67,359.33,115.19,66.22,216.32,60.28,12.41,1.69,24.31,4.49,10.4,,,,,26.61,78.75,0.3,228.25,,0.0,13.25,740.0,
2016-10-07 04:00:00,150.33,382.67,87.18,67.78,179.44,56.66,11.42,1.69,28.12,4.57,10.85,,,,,26.74,78.25,0.48,177.5,,0.0,12.92,740.0,
2016-10-07 05:00:00,157.75,442.83,205.43,72.38,345.11,72.35,15.69,2.17,35.12,4.93,11.03,,,,,26.68,77.42,0.33,244.08,,0.0,13.42,740.0,
2016-10-07 06:00:00,159.5,540.83,283.96,73.62,416.57,75.41,14.39,2.86,29.42,5.95,13.11,,,,,26.44,78.33,0.3,255.5,,0.0,160.08,740.0,
2016-10-07 07:00:00,144.17,365.83,258.83,78.94,394.18,80.41,13.24,2.98,27.64,4.78,11.53,,,,,28.65,74.25,0.35,255.75,,0.0,384.92,740.0,
2016-10-07 08:00:00,147.83,386.67,137.35,75.96,255.34,77.87,9.96,2.49,20.7,6.2,16.0,,,,,31.73,63.5,0.58,281.34,,0.0,415.67,740.0,
2016-10-07 09:00:00,117.33,375.5,106.22,83.67,219.44,69.27,7.06,2.12,12.1,3.86,10.07,,,,,33.94,56.16,0.85,276.08,,0.0,426.0,740.0,
2016-10-07 10:00:00,151.33,512.17,60.94,85.64,158.3,56.95,32.78,2.04,24.78,5.5,11.7,,,,,34.92,48.92,1.34,283.66,,0.0,431.0,740.0,
2016-10-07 11:00:00,182.0,716.5,74.82,81.43,174.68,49.73,12.28,1.9,26.62,4.11,10.83,,,,,35.55,42.58,1.55,279.5,,0.0,436.16,740.0,
2016-10-07 12:00:00,147.62,596.5,76.85,77.16,173.47,43.68,10.64,1.52,24.78,2.5,8.34,,,,,36.42,38.08,1.6,272.67,,0.0,436.0,740.0,
2016-10-07 13:00:00,118.0,515.67,34.52,71.74,111.02,59.84,8.96,1.65,23.54,3.0,8.57,,,,,36.31,39.42,1.45,252.58,,0.0,426.17,740.0,
2016-10-07 14:00:00,118.0,556.17,52.56,69.88,134.04,48.15,7.21,2.09,23.72,2.78,8.27,,,,,36.1,39.83,1.38,245.25,,0.0,421.92,740.0,
2016-10-07 15:00:00,92.33,573.33,44.82,55.61,110.71,50.25,6.58,2.53,24.26,2.31,7.63,,,,,35.14,41.25,1.27,235.75,,0.0,398.0,740.0,
2016-10-07 16:00:00,91.5,487.0,41.86,63.84,114.08,54.22,6.08,2.71,25.45,2.93,11.86,,,,,33.7,46.08,1.12,231.25,,0.0,359.0,740.0,
2016-10-07 17:00:00,102.67,527.0,57.08,69.87,140.01,52.81,6.38,2.8,24.06,4.09,19.47,,,,,32.57,47.33,0.85,240.25,,0.0,181.92,740.0,
2016-10-07 18:00:00,97.83,554.5,91.21,80.81,196.58,52.59,9.33,3.04,25.94,6.38,21.88,,,,,31.51,48.92,0.74,278.92,,0.0,14.08,740.0,
2016-10-07 19:00:00,110.33,609.33,152.89,89.15,288.19,54.58,11.33,2.65,30.36,9.4,25.42,,,,,30.68,52.83,0.45,296.16,,0.0,13.08,740.0,
2016-10-07 20:00:00,131.67,830.0,238.78,94.45,410.32,44.14,13.74,2.31,28.01,13.18,31.34,,,,,29.91,56.91,0.38,293.0,,0.0,13.08,740.0,
2016-10-07 21:00:00,154.5,853.83,134.24,88.18,261.94,51.66,12.02,3.26,26.52,13.63,35.55,,,,,29.78,57.42,0.35,209.5,,0.0,13.08,740.0,
2016-10-07 22:00:00,153.33,747.17,181.59,96.58,334.04,50.1,11.49,2.56,26.14,11.7,30.76,,,,,29.33,58.83,0.39,259.5,,0.0,13.0,740.0,
2016-10-07 23:00:00,167.33,743.0,159.43,97.58,304.6,50.29,11.82,2.46,28.42,10.97,23.93,,,,,28.63,60.91,0.36,218.67,,0.0,13.08,740.0,
2016-10-08 00:00:00,193.5,697.33,42.56,70.94,121.34,58.14,8.81,3.39,26.5,8.68,20.24,,,,,28.16,62.75,0.37,108.08,,0.0,13.0,740.0,
2016-10-08 01:00:00,155.83,477.5,51.38,70.46,132.93,53.74,9.32,3.47,29.34,7.64,19.75,,,,,27.45,65.92,0.3,112.34,,0.0,13.08,740.0,
2016-10-08 02:00:00,237.5,535.38,45.96,63.38,119.24,57.56,9.68,3.13,31.32,9.78,20.01,,,,,26.89,69.16,0.32,105.58,,0.0,13.16,740.0,
2016-10-08 03:00:00,274.67,603.67,64.01,66.56,146.71,54.11,9.24,3.49,25.29,6.12,13.99,,,,,26.78,69.58,0.45,72.75,,0.0,13.08,740.0,
2016-10-08 04:00:00,245.33,463.83,82.18,70.48,175.04,58.58,13.92,4.92,19.19,6.78,21.32,,,,,26.49,70.58,0.46,101.75,,0.0,13.08,740.0,
2016-10-08 05:00:00,533.17,748.0,242.81,75.01,398.38,82.98,20.36,6.45,114.11,11.98,32.37,,,,,25.93,72.75,0.32,197.5,,0.0,13.17,740.0,
2016-10-08 06:00:00,706.5,897.0,288.38,77.08,364.62,71.5,19.37,5.02,35.6,14.06,19.69,,,,,25.7,74.5,0.31,249.5,,0.0,158.75,740.0,
2016-10-08 07:00:00,274.17,866.0,342.97,89.75,437.8,61.72,17.95,5.16,36.18,10.96,18.79,,,,,28.76,69.0,0.36,272.08,,0.0,389.25,740.0,
2016-10-08 08:00:00,172.67,672.0,199.98,97.84,360.63,70.1,10.25,3.13,32.96,9.4,26.27,,,,,31.76,57.75,0.75,284.5,,0.0,416.0,740.0,
2016-10-08 09:00:00,162.67,479.67,145.67,106.21,293.57,63.46,7.36,3.04,18.37,6.54,18.22,,,,,33.85,50.75,0.76,270.25,,0.0,427.0,740.0,
2016-10-08 10:00:00,164.17,500.67,106.9,98.18,231.6,45.26,29.5,3.24,26.08,6.05,14.07,,,,,35.64,42.0,0.85,280.42,,0.0,432.17,740.0,
2016-10-08 11:00:00,130.0,540.83,51.34,88.89,149.42,48.96,11.47,3.36,29.12,5.92,13.18,,,,,36.37,38.92,1.03,240.08,,0.0,433.42,740.0,
2016-10-08 12:00:00,125.17,546.0,39.95,78.38,124.29,30.72,7.27,3.48,26.44,5.38,11.97,,,,,37.17,37.33,1.21,230.25,,0.0,433.0,740.0,
2016-10-08 13:00:00,96.83,542.5,51.35,65.21,128.21,29.79,5.2,1.23,22.24,3.71,11.82,,,,,36.91,34.58,1.82,283.59,,0.0,426.0,740.0,
2016-10-08 14:00:00,74.67,605.17,44.98,58.51,113.99,30.74,4.49,1.81,22.98,2.58,7.9,,,,,36.77,32.08,1.8,278.75,,0.0,423.58,740.0,
2016-10-08 15:00:00,69.0,513.62,66.19,73.97,156.34,28.51,4.89,2.11,21.69,1.67,5.64,,,,,35.94,33.5,1.18,242.08,,0.0,395.33,740.0,
2016-10-08 16:00:00,73.67,595.17,61.09,64.88,141.24,53.72,4.79,3.46,19.91,2.2,10.96,,,,,34.48,35.67,1.21,245.08,,0.0,348.17,740.0,
2016-10-08 17:00:00,71.67,694.0,78.95,74.38,174.0,45.33,5.7,2.16,20.95,3.61,16.52,,,,,32.92,39.17,0.62,245.92,,0.0,176.16,740.0,
2016-10-08 18:00:00,76.33,535.5,174.68,96.36,324.42,54.43,,2.16,23.36,5.97,19.59,,,,,31.64,44.75,0.31,301.17,,0.0,14.0,740.0,
2016-10-08 19:00:00,115.33,793.0,195.09,105.56,360.54,53.66,,3.08,26.99,10.49,27.48,,,,,30.74,49.5,0.31,291.92,,0.0,13.0,740.0,
2016-10-08 20:00:00,144.67,624.0,79.68,88.32,187.5,42.46,,2.58,21.1,13.25,34.66,,,,,30.42,49.71,0.39,201.17,,0.0,13.0,740.0,
2016-10-08 21:00:00,111.0,615.33,41.11,82.92,130.02,52.71,,2.2,23.37,9.48,28.15,,,,,29.48,53.5,0.3,151.42,,0.0,13.08,740.0,
2016-10-08 22:00:00,130.67,592.83,64.09,82.56,161.08,54.17,,2.66,26.92,8.96,29.28,,,,,28.64,57.25,0.3,113.25,,0.0,13.08,740.0,
2016-10-08 23:00:00,156.67,687.0,65.88,80.61,161.81,54.53,,2.4,27.0,8.88,24.68,,,,,28.13,58.17,0.3,93.92,,0.0,13.0,740.0,
2016-10-09 00:00:00,169.17,683.83,187.1,82.69,329.21,57.45,14.68,2.08,31.38,8.36,21.69,,,,,27.14,63.0,0.3,109.92,,0.0,13.0,740.0,
2016-10-09 01:00:00,174.83,918.0,140.05,79.67,262.23,49.96,13.26,1.67,30.06,7.98,19.8,,,,,26.16,66.54,0.3,208.46,,0.0,13.0,740.0,
2016-10-09 02:00:00,217.33,483.0,94.94,74.47,196.02,51.82,14.71,2.69,65.16,7.83,34.11,,,,,26.48,64.33,0.34,72.67,,0.0,13.08,740.0,
2016-10-09 03:00:00,184.0,483.0,242.3,80.03,367.87,62.24,21.16,5.22,64.82,11.95,117.1,,,,,25.62,67.42,0.3,166.75,,0.0,13.0,740.0,
2016-10-09 04:00:00,333.0,930.0,235.36,84.96,397.12,50.58,27.54,2.57,46.92,10.52,85.85,,,,,25.13,69.5,0.3,113.42,,0.0,13.16,740.0,
2016-10-09 05:00:00,331.62,907.67,221.04,82.42,375.28,61.14,40.02,2.23,34.29,10.54,103.61,,,,,25.68,66.25,0.36,73.0,,0.0,13.25,740.0,
2016-10-09 06:00:00,303.5,779.33,174.18,84.52,313.18,64.63,25.48,2.66,42.06,10.1,104.89,,,,,25.81,65.42,0.31,120.17,,0.0,166.58,740.0,
2016-10-09 07:00:00,208.5,695.33,132.55,88.71,260.05,62.04,19.24,2.03,47.7,9.38,120.76,,,,,28.4,58.0,0.4,94.42,,0.0,388.42,740.0,
2016-10-09 08:00:00,180.5,641.17,129.01,104.16,269.03,66.22,6.53,1.92,194.02,5.72,46.24,,,,,32.07,49.17,0.32,206.08,,0.0,412.33,740.0,
2016-10-09 09:00:00,112.17,384.17,21.22,78.31,98.76,59.51,0.65,1.1,58.98,6.92,46.85,,,,,32.94,45.58,1.35,105.08,,0.0,428.08,740.0,
2016-10-09 10:00:00,156.33,388.5,2.92,56.65,54.46,52.76,32.18,1.26,33.01,5.18,24.4,,,,,33.51,43.58,1.79,103.17,,0.0,435.83,740.0,
2016-10-09 11:00:00,149.83,465.83,4.34,61.84,61.04,52.94,5.94,1.58,35.17,5.18,19.12,,,,,34.89,40.42,1.75,107.75,,0.0,433.58,740.0,
2016-10-09 12:00:00,158.0,387.33,3.38,52.88,51.71,36.48,6.96,1.53,31.95,4.93,18.52,,,,,35.61,39.0,1.33,126.17,,0.0,432.5,740.0,
2016-10-09 13:00:00,152.33,385.33,5.46,68.62,68.58,35.52,2.74,1.4,39.21,5.17,18.22,,,,,36.2,38.08,1.06,130.5,,0.0,415.83,740.0,
2016-10-09 14:00:00,148.83,429.5,1.97,59.44,55.64,37.51,1.12,1.24,77.09,4.68,17.37,,,,,35.57,39.0,1.29,109.0,,0.0,409.66,740.0,
2016-10-09 15:00:00,152.83,372.67,11.14,74.12,81.24,39.46,2.14,0.54,149.36,3.7,14.9,,,,,35.21,38.92,0.44,171.42,,0.0,386.0,740.0,
2016-10-09 16:00:00,167.83,419.83,14.99,93.3,103.61,64.02,1.64,1.04,40.12,3.9,14.04,,,,,34.26,39.92,0.59,123.34,,0.0,347.25,740.0,
2016-10-09 17:00:00,121.67,533.0,42.45,111.5,157.33,54.37,2.72,1.2,25.24,4.03,16.99,,,,,32.76,42.67,0.35,183.5,,0.0,155.25,740.0,
2016-10-09 18:00:00,123.5,634.33,50.08,122.79,177.8,52.97,13.32,2.3,30.95,5.54,15.21,,,,,31.57,45.75,0.47,74.09,,0.0,13.75,740.0,
2016-10-09 19:00:00,156.33,677.83,87.56,112.76,220.05,54.96,15.91,2.06,,12.69,32.35,,,,,30.37,50.66,0.3,104.84,,0.0,13.08,740.0,
2016-10-09 20:00:00,233.5,737.0,244.39,116.89,391.2,49.59,22.39,2.33,194.78,10.58,31.71,,,,,29.33,55.0,0.3,183.92,,0.0,13.08,740.0,
2016-10-09 21:00:00,234.33,,319.09,119.27,429.28,51.17,,2.19,91.01,12.18,31.76,,,,,29.0,54.5,0.3,125.92,,0.0,13.0,740.0,
2016-10-09 22:00:00,221.25,,435.7,128.78,,52.59,,3.44,153.92,13.88,151.51,,,,,28.15,59.0,0.3,143.17,,0.0,13.0,740.0,
2016-10-09 23:00:00,321.0,,484.85,132.1,,58.19,,4.72,,20.95,198.39,,,,,27.5,62.59,0.3,50.92,,0.0,13.08,740.0,
2016-10-10 00:00:00,364.88,,382.7,115.1,,61.64,,3.2,,17.37,114.72,,,,,27.05,64.41,0.3,143.17,,0.0,12.92,740.0,
2016-10-10 01:00:00,282.5,726.0,239.06,97.47,375.92,57.36,,0.97,,16.54,98.01,,,,,26.89,62.84,0.31,165.42,,0.0,13.17,740.0,
2016-10-10 02:00:00,259.17,752.0,261.49,93.84,411.43,62.14,,1.27,,16.15,108.45,,,,,26.15,66.34,0.3,170.58,,0.0,13.08,740.0,
2016-10-10 03:00:00,313.67,882.0,166.58,88.98,306.79,71.37,,1.34,165.8,16.54,71.97,,,,,26.75,64.67,0.38,246.08,,0.0,13.0,740.0,
2016-10-10 04:00:00,531.5,409.0,49.88,58.86,120.57,63.15,,,12.85,11.33,34.88,,,,,27.52,54.33,1.05,285.83,,0.0,12.92,740.0,
2016-10-10 05:00:00,152.0,406.33,85.17,64.08,173.6,69.11,,,16.18,5.6,20.08,,,,,27.61,48.25,0.68,293.25,,0.0,13.08,740.0,
2016-10-10 06:00:00,132.17,425.0,188.09,67.26,317.05,61.62,,,16.26,4.1,14.32,,,,,27.26,45.0,0.44,264.33,,0.0,99.58,740.0,
2016-10-10 07:00:00,81.83,585.0,218.76,75.04,366.26,66.41,,,20.07,4.16,13.62,,,,,27.63,46.25,0.41,272.66,,0.0,357.58,740.0,
2016-10-10 08:00:00,70.0,354.0,105.61,64.57,201.77,68.68,,,20.45,4.39,14.79,,,,,28.05,44.5,0.86,207.5,,0.0,371.75,740.0,
2016-10-10 09:00:00,47.5,352.33,98.32,61.18,188.65,60.19,,0.1,24.84,4.47,11.43,,,,,29.06,44.66,0.48,211.67,,0.0,411.17,740.0,
2016-10-10 10:00:00,84.17,357.83,68.26,73.44,157.71,47.68,,0.1,25.33,5.48,14.21,,,,,33.5,38.5,0.82,232.83,,0.0,431.5,740.0,
2016-10-10 11:00:00,87.83,454.0,87.61,92.46,202.18,45.03,,,25.54,7.48,24.01,,,,,33.86,37.75,0.77,240.0,,0.0,427.0,740.0,
2016-10-10 12:00:00,121.67,552.0,42.67,74.07,124.34,34.26,,0.8,25.68,8.51,22.89,,,,,35.11,35.58,1.06,218.08,,0.0,434.08,740.0,
2016-10-10 13:00:00,91.67,363.83,31.79,65.2,101.49,38.21,,3.1,24.4,4.89,16.05,,,,,35.87,32.75,0.99,201.83,,0.0,424.42,740.0,
2016-10-10 14:00:00,79.67,362.83,34.41,72.98,112.04,36.89,18.67,2.7,23.36,3.8,10.82,,,,,35.27,34.75,0.82,218.25,,0.0,415.25,740.0,
2016-10-10 15:00:00,98.67,436.83,52.19,77.39,140.21,36.33,18.38,1.82,23.72,2.93,9.62,,,,,34.08,34.58,1.18,248.92,,0.0,393.25,740.0,
2016-10-10 16:00:00,81.17,458.5,101.93,96.08,224.83,56.76,24.26,2.49,21.97,2.74,8.01,,,,,32.81,36.25,0.74,279.75,,0.0,352.5,740.0,
2016-10-10 17:00:00,105.5,579.5,86.42,115.61,220.94,57.3,21.54,2.45,27.05,4.39,14.0,,,,,31.58,41.92,0.41,252.67,,0.0,160.92,740.0,
2016-10-10 18:00:00,123.83,672.67,154.41,127.3,324.49,55.86,17.77,3.09,30.81,6.78,19.4,,,,,30.36,47.92,0.3,296.62,,0.0,13.46,740.0,
2016-10-10 19:00:00,143.17,926.0,202.94,139.54,401.51,59.53,16.95,3.5,32.22,10.32,24.35,,,,,29.58,52.58,0.3,288.25,,0.0,13.0,740.0,
2016-10-10 20:00:00,219.83,832.0,272.78,146.33,419.7,56.92,18.79,4.66,29.85,11.22,29.12,,,,,28.94,55.75,0.3,243.17,,0.0,13.08,740.0,
2016-10-10 21:00:00,229.17,832.0,432.35,169.66,,54.94,24.82,5.28,34.89,15.26,35.11,,,,,28.21,59.67,0.3,249.92,,0.0,13.0,740.0,
2016-10-10 22:00:00,246.83,832.0,198.73,133.68,324.42,60.36,19.39,4.08,27.46,18.45,44.7,,,,,28.62,57.16,0.58,282.67,,0.0,13.0,740.0,
2016-10-10 23:00:00,194.75,788.0,155.35,120.0,319.05,62.24,17.28,2.79,25.88,9.05,26.8,,,,,28.14,56.33,0.51,290.29,,0.0,13.08,740.0,
2016-10-11 00:00:00,149.5,737.33,103.66,107.84,237.57,58.28,14.51,3.2,28.28,8.06,26.16,,,,,27.39,56.67,0.38,283.25,,0.0,13.16,740.0,
2016-10-11 01:00:00,95.5,466.17,58.72,100.4,169.62,51.04,12.57,3.06,32.53,6.3,20.11,,,,,26.82,56.08,0.47,291.75,,0.0,13.0,740.0,
2016-10-11 02:00:00,200.0,377.0,100.66,100.06,226.51,54.33,13.39,4.86,41.58,8.64,19.61,,,,,25.86,59.67,0.42,243.42,,0.0,13.0,740.0,
2016-10-11 03:00:00,563.5,597.0,132.04,101.8,271.08,53.62,14.81,3.9,50.52,11.24,22.37,,,,,25.6,59.5,0.36,259.33,,0.0,13.0,740.0,
2016-10-11 04:00:00,305.33,597.0,115.96,101.12,248.54,55.25,31.13,3.99,43.57,8.84,21.78,,,,,24.75,62.67,0.32,227.33,,0.0,13.08,740.0,
2016-10-11 05:00:00,741.33,920.0,203.57,86.11,354.79,59.6,21.03,5.69,71.38,13.77,21.17,,,,,23.84,68.09,0.31,231.58,,0.0,13.17,740.0,
2016-10-11 06:00:00,407.67,927.33,300.53,88.65,425.98,60.34,21.3,6.28,42.88,5.09,9.72,,,,,23.85,69.75,0.31,228.17,,0.0,161.92,740.0,
2016-10-11 07:00:00,244.17,951.83,293.96,97.34,401.38,54.66,19.4,5.62,20.05,7.32,14.36,,,,,27.9,59.83,0.41,262.75,,0.0,392.75,740.0,
2016-10-11 08:00:00,169.17,836.67,192.37,107.02,358.04,52.81,13.35,4.97,29.51,6.0,14.97,,,,,30.76,48.5,1.11,292.0,,0.0,419.5,740.0,
2016-10-11 09:00:00,95.83,545.33,105.26,79.53,214.86,43.03,10.05,4.38,31.44,4.34,12.65,,,,,32.36,43.0,1.43,289.08,,0.0,431.17,740.0,
2016-10-11 10:00:00,124.67,452.67,70.94,83.89,170.99,34.59,21.04,5.76,28.33,3.78,9.13,,,,,34.13,37.25,1.67,288.0,,0.0,436.17,740.0,
2016-10-11 11:00:00,116.5,474.67,50.87,72.92,134.32,33.87,13.94,6.8,29.21,4.04,9.66,,,,,34.9,33.83,1.85,281.5,,0.0,439.17,740.0,
2016-10-11 12:00:00,83.0,447.33,38.05,64.59,109.5,23.16,12.12,6.37,27.84,2.73,5.96,,,,,35.68,28.75,2.01,280.75,,0.0,437.42,740.0,
2016-10-11 13:00:00,75.5,450.33,42.14,65.38,115.76,20.76,10.76,2.41,30.22,2.04,5.21,,,,,35.62,27.75,1.88,276.33,,0.0,425.16,740.0,
2016-10-11 14:00:00,62.67,359.83,43.99,67.55,120.47,27.68,10.99,2.08,30.42,1.96,4.96,,,,,35.56,27.0,1.85,284.67,,0.0,421.83,740.0,
2016-10-11 15:00:00,60.67,374.83,70.63,76.3,164.64,21.07,11.08,2.36,33.17,1.91,4.63,,,,,34.49,27.42,1.78,285.67,,0.0,392.0,740.0,
2016-10-11 16:00:00,60.67,375.67,75.68,89.73,183.32,40.35,12.22,2.66,31.16,2.47,6.63,,,,,33.14,29.17,1.71,288.58,,0.0,339.92,740.0,
2016-10-11 17:00:00,73.17,414.67,148.91,113.46,303.48,36.53,15.53,3.31,32.66,5.07,13.34,,,,,31.88,31.25,1.2,288.67,,0.0,146.17,740.0,
2016-10-11 18:00:00,100.17,689.83,144.86,131.2,314.63,45.82,17.34,3.28,30.53,10.32,21.18,,,,,30.41,38.42,0.68,296.5,,0.0,13.42,740.0,
2016-10-11 19:00:00,129.5,641.0,65.0,112.32,188.84,46.75,16.29,3.11,25.6,10.84,24.24,,,,,29.79,39.16,0.52,247.58,,0.0,12.92,740.0,
2016-10-11 20:00:00,129.5,548.17,134.76,124.99,295.31,37.79,20.68,3.5,24.07,10.65,20.73,,,,,28.95,41.67,0.4,293.92,,0.0,13.0,740.0,
2016-10-11 21:00:00,167.67,873.5,108.08,115.68,250.34,47.02,21.48,3.43,26.55,9.97,20.31,,,,,28.22,44.58,0.38,268.34,,0.0,13.0,740.0,
2016-10-11 22:00:00,173.33,717.17,245.39,124.65,314.83,42.44,22.74,4.02,24.96,10.68,23.52,,,,,27.29,47.75,0.31,271.91,,0.0,13.08,740.0,
2016-10-11 23:00:00,167.83,823.0,273.99,132.72,429.74,52.01,24.26,3.84,27.5,13.65,26.67,,,,,26.32,51.58,0.31,271.08,,0.0,13.25,740.0,
2016-10-12 00:00:00,96.17,817.0,216.27,117.1,399.69,53.55,15.26,,32.32,14.56,25.16,,,,,25.5,55.33,0.3,222.33,,0.0,13.0,740.0,
2016-10-12 01:00:00,165.5,750.0,156.81,106.83,309.33,46.76,11.62,,47.68,11.59,24.52,,,,,24.48,59.75,0.32,221.08,,0.0,13.08,740.0,
2016-10-12 02:00:00,159.83,562.5,159.98,102.32,309.65,50.18,12.05,,33.8,14.79,28.85,,,,,23.83,62.42,0.3,242.42,,0.0,13.08,740.0,
2016-10-12 03:00:00,218.67,550.0,156.28,96.34,299.24,54.27,13.01,,31.92,21.53,30.94,,,,,23.53,63.17,0.31,236.58,,0.0,13.0,740.0,
2016-10-12 04:00:00,416.67,536.17,151.09,87.36,284.33,44.16,14.79,,11.34,15.0,22.67,,,,,23.09,62.46,0.32,253.92,,0.0,13.08,740.0,
2016-10-12 05:00:00,162.33,470.5,173.91,91.9,319.27,45.58,19.71,,12.94,8.1,13.23,,,,,23.2,58.67,0.32,253.5,,0.0,13.25,740.0,
2016-10-12 06:00:00,148.33,532.0,239.7,95.5,369.0,47.89,20.26,,20.32,6.56,10.3,,,,,23.53,56.84,0.48,274.25,,0.0,160.08,740.0,
2016-10-12 07:00:00,137.67,731.17,199.45,96.3,358.08,48.91,19.44,,19.37,6.07,9.36,,,,,26.96,48.75,0.57,262.42,,0.0,394.17,740.0,
2016-10-12 08:00:00,96.0,599.0,104.5,93.86,226.47,50.13,15.49,,29.24,6.84,10.17,,,,,30.95,41.92,0.48,251.25,,0.0,416.75,740.0,
2016-10-12 09:00:00,78.67,488.83,94.24,109.39,226.06,48.18,13.52,,27.88,7.62,13.2,,,,,33.32,38.75,0.68,266.16,,0.0,425.42,740.0,
2016-10-12 10:00:00,114.0,609.83,115.35,108.29,253.97,31.0,23.16,,30.61,8.07,15.08,,,,,34.47,33.75,1.45,283.46,,0.0,433.08,740.0,
2016-10-12 11:00:00,101.0,474.0,59.91,106.47,176.58,36.92,15.44,,37.22,7.56,14.58,,,,,35.12,32.0,1.6,284.92,,0.0,436.42,740.0,
2016-10-12 12:00:00,108.0,493.67,50.78,89.78,149.38,24.85,15.42,5.12,41.01,5.75,12.79,,,,,35.7,27.92,1.77,279.83,,0.0,436.33,740.0,
2016-10-12 13:00:00,89.5,464.17,43.02,82.12,132.0,21.72,14.04,3.42,49.04,4.08,9.61,,,,,35.95,26.08,1.8,289.25,,0.0,423.67,740.0,
2016-10-12 14:00:00,69.67,451.33,45.46,75.01,128.89,18.61,15.72,3.45,53.1,2.75,7.27,,,,,35.78,23.5,1.88,279.5,,0.0,421.92,740.0,
2016-10-12 15:00:00,58.0,442.0,53.61,77.14,141.75,18.19,16.67,2.29,55.19,2.52,8.04,,,,,34.87,22.84,1.92,287.25,,0.0,387.42,740.0,
2016-10-12 16:00:00,59.0,412.33,59.91,73.87,147.78,36.98,18.62,,55.38,2.39,7.12,,,,,33.48,25.42,1.94,287.66,,0.0,335.75,740.0,
2016-10-12 17:00:00,69.33,500.0,93.1,107.21,222.57,36.44,20.14,,51.98,3.03,10.49,,,,,31.9,29.84,1.08,288.16,,0.0,136.84,740.0,
2016-10-12 18:00:00,98.83,489.0,159.62,135.45,338.87,42.61,23.71,,33.58,7.14,21.55,,,,,30.46,33.83,0.67,288.92,,0.0,13.25,740.0,
2016-10-12 19:00:00,117.67,540.67,105.77,137.65,267.17,40.46,21.68,,29.73,11.35,37.06,,,,,29.21,36.67,0.41,201.92,,0.0,13.0,740.0,
2016-10-12 20:00:00,141.38,569.0,105.76,129.49,259.96,35.16,26.55,,23.72,11.98,35.53,,,,,28.61,37.08,0.38,217.5,,0.0,12.92,740.0,
2016-10-12 21:00:00,149.33,544.0,222.4,128.97,375.82,43.59,28.02,,23.32,10.75,32.72,,,,,27.4,39.34,0.36,218.5,,0.0,13.0,740.0,
2016-10-12 22:00:00,173.67,940.0,288.42,137.38,369.7,40.29,27.43,,25.28,11.62,33.97,,,,,26.35,42.5,0.39,244.08,,0.0,13.08,740.0,
2016-10-12 23:00:00,172.67,940.0,339.68,140.35,,44.55,28.38,,32.88,12.97,35.73,,,,,25.07,48.17,0.31,229.83,,0.0,13.0,740.0,
2016-10-13 00:00:00,212.67,925.33,254.32,112.84,425.51,49.34,18.95,,43.88,16.59,42.1,,,,,24.48,51.5,0.3,218.42,,0.0,13.0,740.0,
2016-10-13 01:00:00,156.83,852.0,317.65,118.6,,44.85,18.05,,33.26,14.45,35.02,,,,,23.78,54.16,0.31,220.75,,0.0,13.0,740.0,
2016-10-13 02:00:00,196.83,400.0,186.87,99.31,343.66,39.64,14.2,,25.69,12.72,32.08,,,,,23.06,55.08,0.35,245.92,,0.0,13.0,740.0,
2016-10-13 03:00:00,127.17,436.83,151.81,103.84,299.76,41.52,12.78,,23.91,7.66,19.53,,,,,22.56,54.46,0.3,237.04,,0.0,13.0,740.0,
2016-10-13 04:00:00,137.0,616.0,215.83,101.56,385.19,40.78,15.6,,17.58,9.08,13.7,,,,,22.1,53.33,0.31,225.42,,0.0,12.92,740.0,
2016-10-13 05:00:00,157.33,647.83,336.69,99.73,491.0,47.24,19.62,,20.85,9.01,13.19,,,,,21.97,51.58,0.31,226.08,,0.0,13.25,740.0,
2016-10-13 06:00:00,148.0,883.67,272.08,88.96,376.7,44.78,24.03,,13.62,6.27,15.27,,,,,22.92,43.92,0.48,250.42,,0.0,165.25,740.0,
2016-10-13 07:00:00,95.5,685.0,345.0,96.91,474.97,45.78,29.44,,19.84,5.31,17.83,,,,,27.89,36.83,0.4,252.5,,0.0,397.84,740.0,
2016-10-13 08:00:00,98.0,862.5,306.07,112.71,,39.83,25.86,,27.0,6.87,18.08,,,,,31.09,33.0,0.87,266.41,,0.0,419.0,740.0,
2016-10-13 09:00:00,51.83,656.83,146.28,86.54,276.66,41.67,18.92,,52.82,6.99,17.2,,,,,32.94,34.0,1.32,261.75,,0.0,430.17,740.0,
2016-10-13 10:00:00,69.83,556.67,109.44,82.66,221.67,26.94,25.16,,26.87,6.08,12.28,,,,,34.14,33.0,1.42,273.17,,0.0,436.17,740.0,
2016-10-13 11:00:00,64.17,509.67,86.96,92.81,201.12,34.08,18.55,,30.02,7.93,19.54,,,,,35.11,30.16,1.63,278.17,,0.0,438.58,740.0,
2016-10-13 12:00:00,62.5,492.67,49.78,71.82,131.98,28.35,11.55,,36.24,4.3,12.74,,,,,35.48,27.42,1.99,284.25,,0.0,438.17,740.0,
2016-10-13 13:00:00,48.0,410.5,56.64,73.51,142.96,28.12,9.76,2.9,41.64,2.81,10.48,,,,,36.16,25.25,1.97,285.58,,0.0,422.42,740.0,
2016-10-13 14:00:00,38.75,378.25,65.34,71.39,151.69,28.08,8.52,,43.47,2.51,10.1,,,,,36.16,24.25,1.79,277.92,,0.0,421.16,740.0,
2016-10-13 15:00:00,43.5,357.0,70.06,72.65,160.46,26.2,11.42,,43.52,2.32,8.39,,,,,35.08,22.16,2.04,282.09,,0.0,377.58,740.0,
2016-10-13 16:00:00,43.0,426.83,75.72,71.64,166.99,36.3,13.3,,44.45,4.08,13.68,,,,,33.78,22.83,1.96,285.66,,0.0,322.75,740.0,
2016-10-13 17:00:00,56.67,474.0,167.52,105.1,322.52,37.99,15.43,,35.5,6.73,18.79,,,,,32.29,25.92,1.14,288.92,,0.0,133.92,740.0,
2016-10-13 18:00:00,73.5,468.17,173.52,106.22,331.8,39.95,20.25,,23.88,12.88,33.68,,,,,30.22,30.75,0.44,264.16,,0.0,13.33,740.0,
2016-10-13 19:00:00,80.17,489.0,243.92,117.19,402.97,38.73,22.98,,24.2,15.87,45.99,,,,,28.73,33.08,0.32,254.25,,0.0,13.0,740.0,
2016-10-13 20:00:00,151.5,,225.31,116.52,411.42,41.59,24.52,,18.45,16.73,49.91,,,,,27.79,35.83,0.36,235.83,,0.0,13.08,740.0,
2016-10-13 21:00:00,148.0,545.0,167.36,111.43,327.8,35.86,31.12,,20.38,13.68,40.62,,,,,28.08,33.42,0.48,278.75,,0.0,13.0,740.0,
2016-10-13 22:00:00,126.33,594.67,154.76,94.43,295.52,39.55,34.45,,22.42,10.37,34.17,,,,,27.62,33.17,0.68,288.25,,0.0,13.0,740.0,
2016-10-13 23:00:00,172.0,810.83,167.71,97.39,315.77,43.99,35.34,,22.96,7.43,23.63,,,,,26.61,35.34,0.42,265.0,,0.0,13.0,740.0,
2016-10-14 00:00:00,183.5,659.5,217.26,104.79,389.74,35.31,31.2,,30.63,9.72,22.62,,,,,25.12,39.34,0.32,244.08,,0.0,13.0,740.0,
2016-10-14 01:00:00,152.5,719.33,242.63,107.42,427.11,39.93,25.8,,34.98,11.12,25.5,,,,,23.7,45.33,0.3,223.92,,0.0,13.08,740.0,
2016-10-14 02:00:00,187.0,781.0,259.84,99.18,392.9,48.56,24.94,,107.33,14.26,29.3,,,,,22.95,50.5,0.33,232.08,,0.0,13.0,740.0,
2016-10-14 03:00:00,97.5,563.0,148.55,80.21,274.32,42.19,20.79,,6.04,16.32,33.19,,,,,22.14,54.08,0.35,240.0,,0.0,13.0,740.0,
2016-10-14 04:00:00,184.83,565.17,196.24,86.24,344.95,39.68,21.05,,9.71,11.03,23.44,,,,,21.58,55.34,0.3,244.17,,0.0,13.08,740.0,
2016-10-14 05:00:00,140.62,608.0,299.62,91.5,443.98,45.08,24.26,,13.58,9.05,18.79,,,,,21.52,55.08,0.3,245.0,,0.0,13.17,740.0,
2016-10-14 06:00:00,153.67,768.0,426.92,108.01,,45.2,25.72,,18.72,8.54,16.7,,,,,21.88,55.67,0.31,243.58,,0.0,154.75,740.0,
2016-10-14 07:00:00,153.83,786.67,330.06,95.62,437.87,44.76,23.44,,21.32,9.05,18.68,,,,,26.62,45.58,0.35,251.5,,0.0,396.25,740.0,
2016-10-14 08:00:00,105.83,836.17,173.74,102.61,328.72,39.33,18.72,,27.25,9.75,20.45,,,,,31.5,34.83,0.59,277.67,,0.0,416.17,740.0,
2016-10-14 09:00:00,75.67,619.17,146.9,129.88,316.33,32.81,16.95,,22.76,,,,,,,33.33,31.42,1.09,288.41,,0.0,425.66,740.0,
2016-10-14 10:00:00,103.83,629.33,154.72,109.56,306.78,29.56,22.41,3.6,27.85,,,,,,,35.01,27.34,1.17,273.33,,0.0,431.67,740.0,
2016-10-14 11:00:00,99.0,621.0,86.28,119.86,224.63,23.75,19.02,3.19,48.12,,,,,,,35.83,26.08,1.34,283.75,,0.0,434.25,740.0,
2016-10-14 12:00:00,78.17,572.17,79.17,103.34,200.2,26.43,19.48,2.18,43.05,,,,,,,36.85,24.67,1.35,276.42,,0.0,431.92,740.0,
2016-10-14 13:00:00,71.75,452.5,43.74,77.94,129.18,22.76,16.9,1.44,60.22,,,,,,,36.78,23.79,1.54,275.42,,0.0,417.92,740.0,
2016-10-14 14:00:00,55.0,443.17,44.19,73.32,125.42,23.58,15.08,1.43,52.51,,,,,,,36.44,23.58,1.45,274.25,,0.0,416.58,740.0,
2016-10-14 15:00:00,49.0,404.33,63.72,80.92,159.07,25.93,15.5,1.27,47.64,,,,,,,35.3,24.25,1.47,274.58,,0.0,377.08,740.0,
2016-10-14 16:00:00,45.5,368.17,87.78,87.93,198.11,36.65,17.88,1.48,43.58,,,,,,,33.64,26.08,1.51,290.84,,0.0,314.67,740.0,
2016-10-14 17:00:00,57.5,462.0,149.97,116.95,309.29,38.61,21.48,1.84,33.61,,,,,,,31.96,29.0,0.78,289.0,,0.0,122.0,740.0,
2016-10-14 18:00:00,84.17,639.5,288.61,136.51,414.15,37.66,23.78,2.84,27.26,,,,,,,30.14,33.5,0.42,270.33,,0.0,13.25,740.0,
2016-10-14 19:00:00,124.83,702.0,311.45,137.6,420.88,40.63,25.17,3.84,32.31,,,,,,,28.72,37.66,0.31,221.08,,0.0,13.0,740.0,
2016-10-14 20:00:00,218.17,702.0,287.85,133.98,404.82,49.76,26.22,3.52,28.1,,,,,,,27.64,42.17,0.32,176.42,,0.0,13.08,740.0,
2016-10-14 21:00:00,179.5,522.0,109.55,121.12,257.54,49.76,25.56,1.34,18.11,,,,,,,27.78,37.92,0.53,195.58,,0.0,13.0,740.0,
2016-10-14 22:00:00,136.33,516.5,71.34,111.33,196.62,45.67,32.28,0.71,20.33,,,,,,,26.98,37.08,0.37,211.17,,0.0,13.08,740.0,
2016-10-14 23:00:00,164.5,489.0,233.26,140.62,333.74,46.86,31.78,0.98,21.67,,,,,,,25.76,38.34,0.36,226.33,,0.0,13.08,740.0,
2016-10-15 00:00:00,186.0,523.0,158.39,122.02,325.44,42.72,29.11,2.02,29.09,,,,,,,24.78,41.67,0.32,244.92,,0.0,12.92,740.0,
2016-10-15 01:00:00,133.0,644.0,46.44,95.66,148.67,38.73,25.03,1.24,67.97,,,,,,,25.42,40.25,0.56,291.96,,0.0,13.0,740.0,
2016-10-15 02:00:00,139.67,389.5,52.15,86.81,148.54,38.2,25.57,0.44,71.6,,,,,,,25.15,41.16,0.5,289.41,,0.0,13.0,740.0,
2016-10-15 03:00:00,125.67,367.83,47.0,95.31,149.14,37.83,23.31,0.82,37.36,,,,,,,24.1,44.42,0.34,204.42,,0.0,13.08,740.0,
2016-10-15 04:00:00,138.83,467.83,46.9,87.0,141.43,42.55,26.99,1.02,25.77,,,,,,,24.24,44.0,0.5,220.42,,0.0,13.0,740.0,
2016-10-15 05:00:00,147.17,399.67,224.12,122.56,369.09,43.23,34.79,1.62,22.82,,,,,,,23.72,45.5,0.39,289.92,,0.0,13.08,740.0,
2016-10-15 06:00:00,198.83,788.0,392.78,136.26,,54.43,31.23,1.81,24.14,,,,,,,22.68,50.34,0.3,202.34,,0.0,138.75,740.0,
2016-10-15 07:00:00,225.5,788.0,391.59,140.51,,52.67,33.38,2.27,28.72,,,,,,,26.16,45.29,0.36,247.58,,0.0,388.0,740.0,
2016-10-15 08:00:00,207.33,788.0,315.18,133.38,407.72,48.85,26.52,2.22,32.66,,,,,,,29.06,42.33,0.57,268.58,,0.0,415.92,740.0,
2016-10-15 09:00:00,179.67,898.0,130.58,145.66,308.12,43.1,18.63,1.78,28.6,,,,,,,31.1,39.42,0.64,256.5,,0.0,425.67,740.0,
2016-10-15 10:00:00,184.67,880.17,84.94,176.02,271.98,40.9,24.76,1.21,45.82,,,,,,,33.36,35.5,0.62,271.42,,0.0,428.25,740.0,
2016-10-15 11:00:00,191.83,764.67,70.05,168.22,245.66,41.6,22.65,1.37,83.77,,,,,,,35.1,31.34,0.86,263.5,,0.0,428.66,740.0,
2016-10-15 12:00:00,182.62,628.0,131.04,164.07,252.17,29.9,23.21,1.76,90.89,,,,,,,35.5,28.75,1.16,279.46,,0.0,431.38,740.0,
2016-10-15 13:00:00,155.67,577.17,27.92,106.11,133.15,30.33,17.26,1.08,130.28,,,,,,,34.99,28.16,1.5,266.08,,0.0,424.25,740.0,
2016-10-15 14:00:00,133.17,478.83,49.23,115.84,170.05,32.29,17.35,0.96,105.15,,,,,,,35.07,26.84,1.31,251.25,,0.0,420.0,740.0,
2016-10-15 15:00:00,102.83,385.0,42.62,102.42,149.31,29.68,15.38,0.92,108.68,,,,,,,33.92,27.42,1.56,284.25,,0.0,387.08,740.0,
2016-10-15 16:00:00,94.5,393.67,71.91,128.26,212.32,43.21,20.61,0.5,65.51,,,,,,,32.76,28.83,1.21,275.0,,0.0,337.0,740.0,
2016-10-15 17:00:00,86.33,429.33,121.79,140.75,291.88,39.24,22.39,1.26,53.87,,,,,,,31.19,31.08,0.97,287.0,,0.0,133.58,740.0,
2016-10-15 18:00:00,117.0,679.17,227.04,157.68,450.42,43.7,26.54,2.56,27.41,,,,,,,29.54,34.17,0.43,295.92,,0.0,13.08,740.0,
2016-10-15 19:00:00,170.83,870.0,357.02,175.64,,41.06,27.48,2.6,23.0,,,,,,,28.36,37.5,0.32,280.67,,0.0,13.0,740.0,
2016-10-15 20:00:00,211.33,981.0,329.18,167.82,400.63,52.76,32.18,3.18,17.26,,,,,,,27.83,39.16,0.39,280.25,,0.0,13.0,740.0,
2016-10-15 21:00:00,202.33,981.0,314.32,163.92,404.83,46.43,31.69,1.94,23.88,,,,,,,26.92,40.92,0.32,264.25,,0.0,13.0,740.0,
2016-10-15 22:00:00,241.33,981.0,267.58,152.05,400.75,48.89,28.8,1.95,22.62,,,,,,,26.66,40.17,0.31,277.16,,0.0,13.0,740.0,
2016-10-15 23:00:00,206.67,,120.54,121.72,273.05,48.09,23.97,1.86,19.38,,,,,,,25.59,42.92,0.32,210.0,,0.0,13.0,740.0,
2016-10-16 00:00:00,214.33,508.0,33.84,92.7,128.8,48.62,23.14,1.65,27.33,,,,,,,25.18,44.88,0.38,118.67,,0.0,13.0,740.0,
2016-10-16 01:00:00,195.0,527.0,58.66,92.5,162.55,47.51,27.32,1.81,27.68,,,,,,,24.04,49.17,0.53,91.75,,0.0,13.0,740.0,
2016-10-16 02:00:00,350.5,602.33,47.63,80.99,137.18,45.17,24.64,1.27,27.74,,,,,,,23.34,52.17,0.47,77.5,,0.0,13.0,740.0,
2016-10-16 03:00:00,268.83,492.17,77.64,80.68,177.9,46.25,20.08,1.38,29.77,,,,,,,22.88,55.08,0.41,74.91,,0.0,13.0,740.0,
2016-10-16 04:00:00,237.83,515.5,243.58,109.5,289.78,47.19,25.58,1.75,26.38,,,,,,,21.92,58.5,0.32,158.67,,0.0,13.08,740.0,
2016-10-16 05:00:00,312.33,928.0,357.13,119.23,,56.32,29.54,1.43,21.72,,,,,,,21.6,58.67,0.3,229.17,,0.0,13.17,740.0,
2016-10-16 06:00:00,301.62,1.0,375.44,115.3,401.3,51.59,28.39,1.35,23.7,,,,,,,21.58,58.29,0.34,247.04,,0.0,145.08,740.0,
2016-10-16 07:00:00,207.67,942.0,248.77,104.19,372.38,49.15,27.72,0.41,23.03,,,,,,,25.85,48.09,0.39,246.92,,0.0,399.17,740.0,
2016-10-16 08:00:00,160.33,920.83,177.12,113.49,342.92,50.93,21.41,0.72,26.89,,,,,,,30.16,39.42,0.43,262.33,,0.0,420.75,740.0,
2016-10-16 09:00:00,113.33,813.83,150.9,124.6,317.14,46.73,17.77,0.37,25.24,,,,,,,32.43,35.58,0.76,261.67,,0.0,429.67,740.0,
2016-10-16 10:00:00,142.83,778.33,87.89,148.85,251.86,40.2,21.36,0.44,42.11,,,,,,,34.52,31.67,0.9,259.09,,0.0,432.75,740.0,
2016-10-16 11:00:00,130.33,601.67,50.25,131.88,186.11,36.02,21.5,1.29,88.94,,,,,,,36.01,26.75,0.88,272.08,,0.0,433.42,740.0,
2016-10-16 12:00:00,117.0,456.17,42.38,107.06,153.45,26.52,26.85,1.39,114.69,,,,,,,36.67,23.42,0.94,242.42,,0.0,431.58,740.0,
2016-10-16 13:00:00,88.5,429.67,39.39,91.61,135.37,25.89,23.04,0.44,103.32,,,,,,,36.4,21.92,1.42,258.66,,0.0,420.17,740.0,
2016-10-16 14:00:00,68.0,380.83,52.87,84.61,147.78,24.91,22.84,0.7,94.42,,,,,,,35.88,21.08,1.4,265.0,,0.0,418.92,740.0,
2016-10-16 15:00:00,50.83,319.67,56.83,77.1,146.31,23.01,18.88,,79.21,,,,,,,34.72,21.0,1.38,255.42,,0.0,373.84,740.0,
2016-10-16 16:00:00,42.33,332.33,82.55,87.17,190.46,38.39,19.08,0.3,56.8,,,,,,,33.14,23.17,1.46,273.34,,0.0,322.59,740.0,
2016-10-16 17:00:00,56.17,404.0,94.02,110.44,226.68,36.98,21.37,0.67,37.28,,,,,,,31.35,27.33,0.7,244.25,,0.0,113.84,740.0,
2016-10-16 18:00:00,72.0,434.83,66.85,119.78,198.03,43.29,25.37,1.01,25.4,,,,,,,29.49,31.5,0.41,133.58,,0.0,13.0,740.0,
2016-10-16 19:00:00,115.17,648.67,112.43,124.56,264.52,48.22,34.35,2.38,29.23,,,,,,,28.36,36.0,0.35,111.17,,0.0,13.0,740.0,
2016-10-16 20:00:00,212.5,933.83,126.3,123.64,282.64,48.73,38.99,3.42,24.68,,,,,,,27.78,37.33,0.39,97.67,,0.0,13.0,740.0,
2016-10-16 21:00:00,243.17,868.0,114.32,118.81,261.94,44.72,44.71,2.47,22.48,,,,,,,27.38,35.75,0.46,84.75,,0.0,12.84,740.0,
2016-10-16 22:00:00,235.0,843.17,218.72,133.12,406.08,48.15,51.66,3.03,28.51,,,,,,,25.94,40.42,0.31,102.08,,0.0,12.83,740.0,
2016-10-16 23:00:00,255.67,719.0,284.05,138.51,364.23,46.09,37.38,2.08,34.04,,,,,,,24.81,43.67,0.3,172.83,,0.0,12.84,740.0,
2016-10-17 00:00:00,307.0,655.33,44.41,84.56,135.98,45.86,21.67,1.33,32.29,,,,,,,25.45,38.0,0.34,152.42,,0.0,12.92,740.0,
2016-10-17 01:00:00,185.17,394.17,166.74,86.21,304.52,45.14,18.01,1.89,30.22,,,,,,,23.52,45.67,0.3,154.0,,0.0,12.92,740.0,
2016-10-17 02:00:00,258.83,680.0,353.32,97.84,366.3,45.92,21.52,3.89,34.29,,,,,,,22.64,50.92,0.3,163.75,,0.0,12.67,740.0,
2016-10-17 03:00:00,294.5,683.67,270.0,89.14,418.84,47.32,17.7,3.0,30.77,,,,,,,22.38,51.67,0.3,150.83,,0.0,12.75,740.0,
2016-10-17 04:00:00,271.5,702.0,260.52,87.69,434.0,51.47,18.08,2.7,76.64,,,,,,,22.04,52.83,0.31,222.83,,0.0,13.0,740.0,
2016-10-17 05:00:00,238.67,707.5,255.8,77.32,387.98,61.56,19.82,2.84,42.25,,,,,,,21.59,57.5,0.34,250.54,,0.0,13.0,740.0,
2016-10-17 06:00:00,209.67,733.33,280.77,82.01,357.6,59.39,22.79,2.79,37.24,,,,,,,21.72,57.0,0.31,219.42,,0.0,137.33,740.0,
2016-10-17 07:00:00,192.5,742.83,251.68,84.9,419.39,58.68,23.9,2.58,24.27,,,,,,,25.96,48.67,0.31,238.83,,0.0,394.08,740.0,
2016-10-17 08:00:00,156.67,819.83,225.42,106.45,369.98,49.16,19.26,2.75,30.38,,,,,,,30.48,38.92,0.48,257.5,,0.0,417.5,740.0,
2016-10-17 09:00:00,118.83,742.17,122.19,118.06,272.13,48.53,15.2,2.07,24.59,,,,,,,32.03,34.83,0.92,281.17,,0.0,427.5,740.0,
2016-10-17 10:00:00,143.5,660.0,78.6,130.7,223.3,37.85,27.25,1.8,36.95,,,,,,,34.14,30.71,0.96,280.42,,0.0,431.46,740.0,
2016-10-17 11:00:00,158.0,655.5,69.0,126.06,206.52,37.24,30.3,2.1,60.85,,,,,,,35.63,26.0,1.02,276.33,,0.0,431.75,740.0,
2016-10-17 12:00:00,142.0,595.0,56.39,100.75,166.48,27.67,30.42,2.78,100.64,,,,,,,36.26,21.25,1.21,262.75,,0.0,430.5,740.0,
2016-10-17 13:00:00,108.25,519.0,64.67,94.13,172.17,28.05,27.75,2.55,101.14,,,,,,,36.11,19.33,1.28,267.33,,0.0,419.17,740.0,
2016-10-17 14:00:00,80.0,341.0,41.93,78.86,127.96,30.8,25.17,1.91,104.86,,,,,,,35.47,19.17,1.38,261.75,,0.0,417.58,740.0,
2016-10-17 15:00:00,70.5,358.33,57.17,87.62,156.19,29.85,25.46,2.73,86.56,,,,,,,34.1,20.75,1.29,272.09,,0.0,374.25,740.0,
2016-10-17 16:00:00,71.0,383.17,111.28,97.94,239.25,36.28,24.81,3.18,80.06,,,,,,,32.74,21.75,1.38,286.17,,0.0,331.33,740.0,
2016-10-17 17:00:00,65.5,401.17,124.32,112.25,269.82,35.47,26.12,3.66,45.73,,,,,,,31.05,26.58,0.63,259.33,,0.0,118.75,740.0,
2016-10-17 18:00:00,98.83,808.67,249.32,131.41,426.42,42.84,29.17,5.04,26.48,,,,,,,28.78,32.5,0.37,257.42,,0.0,12.92,740.0,
2016-10-17 19:00:00,161.67,917.0,311.78,129.21,384.17,47.13,28.75,5.44,28.35,,,,,,,26.89,38.42,0.3,209.08,,0.0,13.0,740.0,
2016-10-17 20:00:00,211.83,,329.08,129.3,479.5,53.19,32.45,4.15,28.94,,,,,,,25.69,42.84,0.3,158.17,,0.0,13.0,740.0,
2016-10-17 21:00:00,255.67,,436.83,156.36,,59.92,36.8,3.91,30.84,,,,,,,25.09,44.5,0.3,200.5,,0.0,12.84,740.0,
2016-10-17 22:00:00,294.67,,289.06,127.4,446.15,57.21,30.02,2.84,25.75,,,,,,,25.36,42.54,0.3,181.54,,0.0,13.08,740.0,
2016-10-17 23:00:00,248.33,,156.12,110.43,248.56,58.68,28.56,1.66,25.5,,,,,,,25.22,42.42,0.31,182.33,,0.0,12.84,740.0,
2016-10-18 00:00:00,235.67,560.0,27.42,84.88,113.07,50.72,26.17,0.95,29.82,,,,,,,25.41,41.42,0.45,83.67,,0.0,12.5,740.0,
2016-10-18 01:00:00,172.83,556.0,77.81,84.45,181.53,49.24,25.98,1.12,26.87,,,,,,,24.22,45.41,0.35,132.17,,0.0,12.5,740.0,
2016-10-18 02:00:00,213.83,569.5,157.9,92.01,297.7,49.66,20.18,2.26,39.5,,,,,,,23.04,49.58,0.3,208.92,,0.0,12.67,740.0,
2016-10-18 03:00:00,248.33,737.0,219.02,98.32,386.64,52.28,19.19,3.31,46.53,,,,,,,22.26,53.5,0.32,216.83,,0.0,12.75,740.0,
2016-10-18 04:00:00,456.83,776.0,185.54,86.44,330.36,55.59,19.1,1.66,29.85,,,,,,,21.48,57.33,0.31,257.62,,0.0,12.67,740.0,
2016-10-18 05:00:00,239.67,755.0,218.92,77.8,322.55,59.42,20.63,1.33,19.84,,,,,,,21.06,57.25,0.32,253.09,,0.0,12.75,740.0,
2016-10-18 06:00:00,226.17,650.0,332.7,87.27,431.05,61.03,22.56,1.37,19.17,,,,,,,21.0,56.17,0.31,237.17,,0.0,124.75,740.0,
2016-10-18 07:00:00,187.67,963.0,295.03,88.85,466.41,60.65,24.13,1.72,21.74,,,,,,,24.93,48.5,0.31,255.0,,0.0,389.92,740.0,
2016-10-18 08:00:00,157.5,943.5,206.58,95.54,367.21,52.46,19.04,2.16,31.1,,,,,,,29.33,40.0,0.52,269.33,,0.0,416.25,740.0,
2016-10-18 09:00:00,122.33,836.67,109.38,105.81,243.71,50.09,15.31,1.15,22.4,,,,,,,31.34,35.08,1.19,282.92,,0.0,427.58,740.0,
2016-10-18 10:00:00,154.67,756.17,82.94,115.14,213.68,37.4,20.98,0.3,39.17,,,,,,,33.19,31.5,1.19,281.09,,0.0,431.75,740.0,
2016-10-18 11:00:00,138.17,603.33,50.38,127.12,181.53,39.48,19.06,0.6,75.41,,,,,,,34.72,28.5,1.18,275.25,,0.0,431.66,740.0,
2016-10-18 12:00:00,157.83,661.5,34.98,94.85,132.36,32.34,23.33,1.4,125.32,,,,,,,35.24,26.92,1.28,260.42,,0.0,430.83,740.0,
2016-10-18 13:00:00,122.17,511.83,29.76,76.87,109.12,29.71,19.8,1.4,116.21,,,,,,,35.41,25.08,1.4,265.75,,0.0,418.5,740.0,
2016-10-18 14:00:00,94.67,354.67,44.2,74.9,127.18,29.13,19.44,1.81,99.07,,,,,,,35.5,22.83,1.34,270.08,,0.0,416.33,740.0,
2016-10-18 15:00:00,76.5,373.0,36.5,76.96,118.42,27.09,18.25,1.91,103.66,,,,,,,34.04,23.67,1.48,274.84,,0.0,374.42,740.0,
2016-10-18 16:00:00,71.67,389.67,94.22,105.69,223.28,44.84,21.97,2.38,79.09,,,,,,,32.58,27.0,1.41,290.83,,0.0,329.5,740.0,
2016-10-18 17:00:00,91.33,503.83,166.05,133.76,346.16,49.67,26.76,2.74,36.99,,,,,,,30.77,30.75,0.82,287.67,,0.0,105.92,740.0,
2016-10-18 18:00:00,132.83,658.0,221.74,135.93,390.16,52.48,24.66,3.59,26.43,,,,,,,28.87,35.75,0.36,211.42,,0.0,12.75,740.0,
2016-10-18 19:00:00,187.33,,283.82,125.56,422.98,53.67,20.7,4.62,28.72,,,,,,,26.99,42.75,0.3,292.91,,0.0,12.75,740.0,
2016-10-18 20:00:00,244.33,,,142.96,,62.58,30.97,6.28,27.17,,,,,,,25.66,49.25,0.3,282.75,,0.0,12.84,740.0,
2016-10-18 21:00:00,396.0,,,148.18,,65.9,33.44,8.09,64.49,,,,,,,24.92,52.5,0.3,215.0,,0.0,12.92,740.0,
2016-10-18 22:00:00,403.0,,,145.45,,66.47,36.42,8.5,196.0,,,,,,,24.36,54.08,0.3,148.17,,0.0,12.83,740.0,
2016-10-18 23:00:00,439.5,,,128.32,,62.26,34.55,7.66,174.9,,,,,,,24.08,55.0,0.32,60.17,,0.0,12.84,740.0,
2016-10-19 00:00:00,420.83,,377.78,110.58,491.67,56.14,17.46,1.63,92.92,,,,,,,23.84,53.33,0.41,118.25,,0.0,12.42,740.0,
2016-10-19 01:00:00,276.67,585.0,124.52,82.16,243.29,48.52,4.72,1.88,46.29,,,,,,,24.37,47.25,0.68,102.08,,0.0,12.58,740.0,
2016-10-19 02:00:00,255.67,642.83,148.72,75.98,270.82,52.03,5.7,1.29,66.66,,,,,,,23.2,51.33,0.39,219.67,,0.0,12.92,740.0,
2016-10-19 03:00:00,438.67,887.33,154.3,84.6,286.12,49.15,4.08,0.32,46.96,,,,,,,21.71,57.09,0.33,252.58,,0.0,12.92,740.0,
2016-10-19 04:00:00,211.83,654.33,,,,,5.71,,23.91,,,,,,,21.0,58.42,0.32,225.58,,0.0,12.5,740.0,
2016-10-19 05:00:00,213.67,667.0,,,,,8.98,,21.65,,,,,,,20.82,57.92,0.32,247.84,,0.0,13.0,740.0,
2016-10-19 06:00:00,218.17,972.0,,,,,20.36,1.45,19.98,,,,,,,21.04,56.17,0.31,220.67,,0.0,123.75,740.0,
2016-10-19 07:00:00,168.0,698.0,,,,,18.74,1.45,22.6,,,,,,,25.34,47.08,0.32,218.42,,0.0,387.67,740.0,
2016-10-19 08:00:00,134.17,733.17,,,,,19.75,1.27,26.34,,,,,,,30.22,37.0,0.51,282.5,,0.0,412.34,740.0,
2016-10-19 09:00:00,115.83,855.5,144.31,132.85,315.4,59.54,14.86,2.25,14.39,,,,,,,32.16,34.08,0.78,265.67,,0.0,422.5,740.0,
2016-10-19 10:00:00,118.33,580.33,116.21,122.89,266.49,46.45,19.58,2.01,16.07,,,,,,,34.47,29.84,0.92,269.5,,0.0,426.42,740.0,
2016-10-19 11:00:00,111.5,532.83,158.63,136.57,338.32,46.88,17.86,2.38,16.1,,,,,,,36.29,26.75,0.96,253.33,,0.0,426.67,740.0,
2016-10-19 12:00:00,113.67,472.33,63.41,95.64,171.78,37.76,19.47,1.83,25.88,,,,,,,36.92,23.08,1.06,254.83,,0.0,425.75,740.0,
2016-10-19 13:00:00,85.33,399.67,29.82,94.1,124.55,39.84,21.34,1.26,46.4,,,,,,,36.59,21.17,1.32,260.75,,0.0,413.0,740.0,
2016-10-19 14:00:00,74.83,403.67,60.55,85.74,158.95,36.06,20.03,1.27,36.1,,,,,,,36.04,21.0,1.32,254.67,,0.0,411.92,740.0,
2016-10-19 15:00:00,60.0,388.0,58.49,72.48,144.59,30.89,18.21,1.2,29.6,,,,,,,34.79,21.0,1.34,264.83,,0.0,364.25,740.0,
2016-10-19 16:00:00,42.83,309.83,74.51,75.71,169.18,48.49,19.23,1.1,29.24,,,,,,,33.24,23.16,1.34,279.58,,0.0,309.59,740.0,
2016-10-19 17:00:00,59.83,399.83,76.12,89.72,183.88,53.06,23.7,1.21,17.28,,,,,,,31.29,27.0,0.63,191.58,,0.0,101.5,740.0,
2016-10-19 18:00:00,83.17,512.17,86.78,97.28,205.19,54.42,28.58,2.05,15.11,,,,,,,29.12,32.83,0.38,60.58,,0.0,12.58,740.0,
2016-10-19 19:00:00,133.0,877.67,130.4,102.56,269.47,59.05,30.02,3.26,17.3,,,,,,,27.92,37.42,0.33,114.5,,0.0,12.75,740.0,
2016-10-19 20:00:00,153.0,626.0,,157.57,,66.94,44.96,5.7,17.03,,,,,,,26.06,44.58,0.3,143.42,,0.0,12.58,740.0,
2016-10-19 21:00:00,153.0,626.0,,170.98,,71.57,45.3,6.76,20.1,,,,,,,25.3,49.75,0.3,60.67,,0.0,12.75,740.0,
2016-10-19 22:00:00,153.0,626.0,,173.66,,73.59,43.97,6.26,21.98,,,,,,,24.46,52.58,0.3,186.25,,0.0,12.58,740.0,
2016-10-19 23:00:00,194.17,626.0,,147.56,,73.94,37.02,6.52,23.94,,,,,,,24.02,54.33,0.3,212.58,,0.0,12.84,740.0,
2016-10-20 00:00:00,369.5,,,117.86,,70.64,14.02,2.87,23.37,,,,,,,23.76,54.92,0.3,197.92,,0.0,12.58,740.0,
2016-10-20 01:00:00,217.0,,484.59,109.25,,68.93,11.62,2.38,22.32,,,,,,,23.12,56.38,0.31,197.96,,0.0,12.63,740.0,
2016-10-20 02:00:00,212.5,670.0,374.32,103.61,,69.04,8.22,1.67,23.35,,,,,,,23.03,55.0,0.34,216.67,,0.0,12.84,740.0,
2016-10-20 03:00:00,187.33,645.5,237.29,87.7,346.26,74.09,3.55,0.6,18.33,,,,,,,22.31,55.25,0.32,229.08,,0.0,12.5,740.0,
2016-10-20 04:00:00,174.83,532.17,195.57,84.79,342.59,79.11,2.8,,16.11,,,,,,,21.56,54.58,0.32,243.92,,0.0,12.67,740.0,
2016-10-20 05:00:00,178.0,627.67,311.32,94.02,434.18,84.82,6.07,0.1,12.89,,,,,,,21.61,53.0,0.32,218.42,,0.0,12.66,740.0,
2016-10-20 06:00:00,173.33,876.0,449.92,96.24,,85.28,23.83,2.74,15.94,,,,,,,21.66,52.83,0.3,211.25,,0.0,118.25,740.0,
2016-10-20 07:00:00,170.83,876.0,396.65,97.37,,77.75,25.68,2.87,16.08,,,,,,,26.18,45.75,0.39,247.33,,0.0,385.75,740.0,
2016-10-20 08:00:00,139.83,827.0,247.49,109.23,434.49,69.68,22.46,2.17,17.25,,,,,,,30.33,35.66,0.84,279.5,,0.0,412.0,740.0,
2016-10-20 09:00:00,92.67,781.17,129.49,122.12,285.84,59.3,19.2,1.29,13.92,,,,,,,32.52,31.75,0.98,291.08,,0.0,421.67,740.0,
2016-10-20 10:00:00,105.0,543.17,182.69,99.45,318.79,53.85,24.79,0.28,15.92,,,,,,,33.69,27.0,1.64,284.33,,0.0,430.33,740.0,
2016-10-20 11:00:00,71.83,490.67,201.42,109.67,373.08,38.39,26.72,2.2,18.03,,,,,,,34.94,25.0,1.73,282.91,,0.0,431.92,740.0,
2016-10-20 12:00:00,60.0,466.33,60.68,79.0,153.17,44.47,29.17,1.54,22.49,,,,,,,35.68,23.25,1.67,277.0,,0.0,428.67,740.0,
2016-10-20 13:00:00,76.17,540.33,65.59,76.89,157.9,48.49,30.79,0.84,26.35,,,,,,,35.82,22.25,1.68,281.92,,0.0,416.75,740.0,
2016-10-20 14:00:00,54.83,450.33,51.51,64.4,127.62,42.18,22.76,1.38,30.6,,,,,,,35.74,20.66,1.68,283.5,,0.0,413.08,740.0,
2016-10-20 15:00:00,44.33,321.5,68.49,75.34,160.57,43.89,21.46,1.17,25.04,,,,,,,34.87,21.17,1.45,284.34,,0.0,361.42,740.0,
2016-10-20 16:00:00,44.33,343.75,130.57,80.22,249.74,42.09,20.31,1.59,23.68,,,,,,,33.37,21.25,1.34,291.41,,0.0,297.25,740.0,
2016-10-20 17:00:00,48.0,438.0,265.45,102.14,374.44,52.45,23.73,2.21,13.96,,,,,,,31.24,25.25,0.5,268.5,,0.0,89.5,740.0,
2016-10-20 18:00:00,127.17,918.0,359.96,123.52,429.3,70.82,33.58,5.15,17.95,,,,,,,28.9,31.75,0.32,137.42,,0.0,12.84,740.0,
2016-10-20 19:00:00,240.12,918.0,,155.37,,72.29,53.63,8.66,23.54,,,,,,,27.32,39.75,0.3,34.08,,0.0,12.92,740.0,
2016-10-20 20:00:00,358.0,918.0,,163.64,,67.52,50.68,8.26,22.69,,,,,,,26.54,42.0,0.32,209.42,,0.0,12.84,740.0,
2016-10-20 21:00:00,332.33,918.0,,146.98,,68.95,44.34,10.49,25.64,,,,,,,25.94,44.83,0.36,174.75,,0.0,12.42,740.0,
2016-10-20 22:00:00,257.25,918.0,,145.42,,72.86,46.77,12.2,27.76,,,,,,,25.05,49.92,0.3,123.88,,0.0,12.71,740.0,
2016-10-20 23:00:00,292.5,918.0,,163.74,,86.35,48.95,11.71,30.52,,,,,,,24.48,53.58,0.32,169.83,,0.0,12.5,740.0,
2016-10-21 00:00:00,351.0,918.0,,140.12,,77.82,24.06,3.63,31.3,,,,,,,23.7,56.75,0.3,191.83,,0.0,12.58,740.0,
2016-10-21 01:00:00,342.5,918.0,,138.97,,75.51,23.14,4.11,29.54,,,,,,,23.26,59.5,0.3,197.0,,0.0,12.5,740.0,
2016-10-21 02:00:00,408.67,918.0,,134.3,,87.07,24.23,4.96,38.09,,,,,,,22.98,61.67,0.3,232.67,,0.0,12.75,740.0,
2016-10-21 03:00:00,476.67,918.0,429.78,111.97,,84.66,13.58,2.89,111.07,,,,,,,22.85,55.42,0.3,227.92,,0.0,12.16,740.0,
2016-10-21 04:00:00,550.17,796.0,394.21,91.52,,84.11,10.81,0.7,16.63,,,,,,,22.56,47.66,0.3,217.25,,0.0,12.34,740.0,
2016-10-21 05:00:00,278.5,796.0,365.72,90.27,,88.68,12.06,,6.76,,,,,,,22.14,47.33,0.3,222.67,,0.0,12.75,740.0,
2016-10-21 06:00:00,163.83,,410.86,86.87,,84.82,26.63,,10.48,,,,,,,22.14,48.34,0.31,248.25,,0.0,114.16,740.0,
2016-10-21 07:00:00,150.33,,357.42,92.67,483.73,82.14,27.76,,11.95,,,,,,,26.58,41.42,0.36,251.0,,0.0,382.5,740.0,
2016-10-21 08:00:00,124.0,812.0,207.1,97.61,369.43,72.36,21.82,,15.12,,,,,,,31.17,33.42,0.78,270.16,,0.0,408.17,740.0,
2016-10-21 09:00:00,62.17,773.5,111.36,91.21,233.18,63.9,17.56,,12.24,,,,,,,32.49,30.75,1.6,280.5,,0.0,422.75,740.0,
2016-10-21 10:00:00,75.67,574.5,89.47,68.69,183.42,44.66,22.37,0.5,13.43,,,,,,,33.58,28.16,1.98,281.41,,0.0,432.34,740.0,
2016-10-21 11:00:00,61.33,519.33,149.35,81.09,276.27,47.35,19.64,0.35,13.42,,,,,,,34.67,25.92,2.15,281.25,,0.0,434.33,740.0,
2016-10-21 12:00:00,47.17,418.0,45.52,59.28,114.85,46.73,22.08,0.62,12.61,4.14,10.57,,,,,35.01,24.16,2.2,287.83,,0.0,433.33,740.0,
2016-10-21 13:00:00,45.0,463.0,40.96,57.0,106.73,51.56,16.02,1.35,15.32,4.33,16.53,,,,,35.45,24.0,2.0,282.59,,0.0,418.16,740.0,
2016-10-21 14:00:00,53.83,393.5,60.5,60.57,136.71,45.48,14.44,3.95,15.51,,,,,,,35.36,23.5,1.83,282.08,,0.0,415.33,740.0,
2016-10-21 15:00:00,47.0,402.5,55.68,64.45,133.78,45.0,13.84,4.17,16.79,,,,,,,34.33,24.42,1.85,280.66,,0.0,365.5,740.0,
2016-10-21 16:00:00,44.33,322.0,96.8,75.8,199.9,50.2,14.7,4.2,13.51,,,,,,,33.09,25.66,1.43,284.41,,0.0,310.33,740.0,
2016-10-21 17:00:00,60.83,440.5,236.45,104.15,415.75,36.75,27.8,2.45,12.45,,,,,,,31.42,28.34,0.82,284.25,,0.0,91.0,740.0,
2016-10-21 18:00:00,103.17,733.0,347.0,130.68,,29.7,35.26,4.32,14.74,,,,,,,29.18,34.42,0.34,244.08,,0.0,12.58,740.0,
2016-10-21 19:00:00,208.67,733.0,,152.1,,45.7,41.0,5.06,21.63,,,,,,,27.49,39.5,0.3,233.42,,0.0,12.75,740.0,
2016-10-21 20:00:00,295.33,733.0,,160.58,,64.4,42.49,7.31,22.48,,,,,,,25.97,44.66,0.3,218.58,,0.0,12.75,740.0,
2016-10-21 21:00:00,344.5,733.0,,181.24,,70.96,47.93,9.78,23.49,,,,,,,25.68,47.92,0.3,244.5,,0.0,12.75,740.0,
2016-10-21 22:00:00,298.17,733.0,,156.96,,77.41,46.38,11.12,25.47,,,,,,,25.35,51.0,0.31,125.17,,0.0,12.75,740.0,
2016-10-21 23:00:00,336.0,733.0,,169.58,,80.82,46.05,9.19,24.63,,,,,,,24.41,53.5,0.3,159.5,,0.0,12.5,740.0,
2016-10-22 00:00:00,354.33,733.0,,133.16,,64.74,13.63,2.09,25.61,,,,,,,24.32,52.25,0.3,214.08,,0.0,12.5,740.0,
2016-10-22 01:00:00,271.5,733.0,,127.59,,67.16,11.05,3.74,27.62,,,,,,,23.64,55.17,0.3,214.33,,0.0,12.67,740.0,
2016-10-22 02:00:00,345.33,733.0,411.77,103.86,,85.46,8.38,5.26,75.06,,,,,,,23.42,56.25,0.3,224.92,,0.0,12.5,740.0,
2016-10-22 03:00:00,617.5,565.0,247.5,89.31,417.41,73.8,1.32,1.24,8.81,,,,,,,22.96,53.12,0.44,251.08,,0.0,12.62,740.0,
2016-10-22 04:00:00,184.33,563.33,208.13,87.39,362.05,74.63,0.92,0.3,12.52,,,,,,,22.48,50.5,0.34,231.0,,0.0,12.58,740.0,
2016-10-22 05:00:00,138.33,555.0,380.02,96.32,,88.69,4.07,1.45,8.79,,,,,,,21.98,51.83,0.31,236.42,,0.0,12.84,740.0,
2016-10-22 06:00:00,172.33,555.0,366.16,89.84,,93.32,18.41,1.62,11.43,,,,,,,22.15,51.25,0.3,234.5,,0.0,117.0,740.0,
2016-10-22 07:00:00,152.5,555.0,371.66,99.11,491.87,89.37,24.38,1.66,12.32,,,,,,,26.38,42.66,0.46,256.42,,0.0,385.08,740.0,
2016-10-22 08:00:00,108.33,735.0,184.44,88.84,330.98,62.12,18.76,1.78,16.56,,,,,,,30.61,34.75,1.02,268.83,,0.0,412.58,740.0,
2016-10-22 09:00:00,50.0,691.22,95.05,74.56,196.34,59.67,11.74,1.32,21.54,,,,,,,31.61,34.78,1.89,278.67,,0.0,426.78,740.0,
2016-10-22 10:00:00,68.0,540.33,320.38,103.9,472.53,47.04,19.27,1.89,14.16,,,,,,,33.18,34.08,1.82,272.92,,0.0,431.25,740.0,
2016-10-22 11:00:00,68.33,555.67,177.16,97.66,328.42,40.6,14.58,1.95,26.8,,,,,,,35.06,31.83,1.62,273.09,,0.0,430.25,740.0,
2016-10-22 12:00:00,70.0,578.83,65.86,73.85,155.81,51.0,12.83,1.5,16.52,,,,,,,35.64,30.42,1.75,273.25,,0.0,428.25,740.0,
2016-10-22 13:00:00,67.33,588.67,44.34,54.58,109.14,46.02,9.62,2.78,17.06,,,,,,,35.65,27.5,2.04,280.17,,0.0,415.0,740.0,
2016-10-22 14:00:00,55.17,525.17,80.59,70.99,172.51,39.51,11.8,3.8,15.63,,,,,,,36.02,23.92,1.76,278.0,,0.0,408.66,740.0,
2016-10-22 15:00:00,59.67,552.17,71.88,69.45,160.05,43.06,12.69,3.77,17.03,,,,,,,34.51,23.67,2.01,286.42,,0.0,368.0,740.0,
2016-10-22 16:00:00,54.0,474.83,97.29,99.17,221.36,59.64,14.43,3.06,13.19,,,,,,,33.16,24.58,1.72,289.92,,0.0,316.5,740.0,
2016-10-22 17:00:00,61.33,448.67,136.59,106.59,281.43,55.97,18.05,2.61,16.62,,,,,,,31.53,28.17,1.0,286.33,,0.0,89.75,740.0,
2016-10-22 18:00:00,78.67,543.83,172.34,114.09,336.84,57.85,19.42,2.53,16.88,,,,,,,29.78,33.17,0.57,294.67,,0.0,12.58,740.0,
2016-10-22 19:00:00,110.17,678.5,179.64,118.44,350.9,59.64,19.69,3.14,18.54,,,,,,,28.58,36.67,0.35,216.25,,0.0,12.67,740.0,
2016-10-22 20:00:00,136.67,817.17,152.52,109.3,236.09,65.72,21.85,3.85,20.35,,,,,,,27.26,41.33,0.3,73.54,,0.0,12.92,740.0,
2016-10-22 21:00:00,205.33,873.0,443.31,144.36,,71.2,28.94,5.09,20.34,,,,,,,25.69,46.66,0.3,174.83,,0.0,12.67,740.0,
2016-10-22 22:00:00,275.0,873.0,375.23,137.56,,73.4,25.8,5.1,21.92,,,,,,,25.88,45.83,0.3,255.09,,0.0,12.25,740.0,
2016-10-22 23:00:00,234.5,869.0,188.76,125.22,369.07,69.12,22.36,3.65,23.48,,,,,,,26.32,44.0,0.43,280.25,,0.0,12.75,740.0,
2016-10-23 00:00:00,205.67,818.0,104.48,100.1,231.88,64.81,17.27,1.66,26.51,,,,,,,25.84,46.42,0.52,284.42,,0.0,12.75,740.0,
2016-10-23 01:00:00,193.0,645.5,56.99,85.57,154.06,63.56,13.59,1.48,26.66,,,,,,,25.42,47.42,0.73,283.91,,0.0,12.58,740.0,
2016-10-23 02:00:00,278.67,558.0,60.45,90.64,163.33,74.85,13.61,3.74,86.56,,,,,,,24.76,50.09,0.4,265.12,,0.0,12.34,740.0,
2016-10-23 03:00:00,765.83,654.0,58.46,82.98,153.98,65.54,13.66,1.66,18.19,,,,,,,24.58,49.25,0.5,289.92,,0.0,12.5,740.0,
2016-10-23 04:00:00,301.17,645.33,87.06,93.12,201.8,66.78,,0.77,19.27,,,,,,,24.01,50.0,0.45,274.34,,0.0,12.5,740.0,
2016-10-23 05:00:00,263.67,674.0,239.92,126.85,383.13,74.04,,0.94,13.7,,,,,,,23.2,52.17,0.34,264.75,,0.0,12.5,740.0,
2016-10-23 06:00:00,294.17,890.0,396.7,114.91,,76.73,6.25,2.19,16.91,,,,,,,22.08,58.08,0.32,266.34,,0.0,92.08,740.0,
2016-10-23 07:00:00,266.0,904.17,308.91,104.64,454.17,71.03,5.61,1.92,17.05,,,,,,,23.8,54.33,0.34,261.66,,0.0,371.75,740.0,
2016-10-23 08:00:00,187.17,918.33,169.34,90.24,309.74,56.0,6.16,1.68,23.12,,,,,,,27.47,45.5,0.57,263.41,,0.0,410.92,740.0,
2016-10-23 09:00:00,153.67,665.67,124.47,99.54,258.75,52.7,5.36,1.6,22.52,,,,,,,29.08,40.92,1.14,262.59,,0.0,424.25,740.0,
2016-10-23 10:00:00,214.5,797.83,167.68,141.32,356.52,42.06,6.49,1.85,20.8,,,,,,,31.78,35.92,1.17,276.83,,0.0,427.0,740.0,
2016-10-23 11:00:00,252.0,697.83,98.74,114.59,236.66,43.18,21.86,1.92,24.38,,,,,,,32.68,34.25,1.52,279.42,,0.0,429.67,740.0,
2016-10-23 12:00:00,247.0,706.67,50.26,93.71,152.16,32.14,13.71,1.88,29.56,,,,,,,33.53,31.92,1.78,280.91,,0.0,428.0,740.0,
2016-10-23 13:00:00,210.17,605.0,36.92,92.2,132.73,31.55,11.51,1.66,32.5,,,,,,,33.86,28.75,2.04,284.66,,0.0,416.67,740.0,
2016-10-23 14:00:00,144.17,596.17,41.85,80.84,129.22,29.53,14.07,1.12,35.9,,,,,,,33.72,26.92,1.95,287.0,,0.0,408.17,740.0,
2016-10-23 15:00:00,107.5,530.83,47.16,74.07,130.54,32.29,17.38,0.51,38.1,,,,,,,32.73,24.33,1.94,288.25,,0.0,372.42,740.0,
2016-10-23 16:00:00,95.33,439.0,73.93,87.58,179.18,41.13,18.18,1.32,33.58,,,,,,,31.86,23.33,1.65,284.59,,0.0,322.42,740.0,
2016-10-23 17:00:00,101.33,549.5,192.86,127.22,376.68,41.79,22.15,1.98,26.39,,,,,,,29.9,27.84,0.67,273.33,,0.0,82.33,740.0,
2016-10-23 18:00:00,131.17,752.0,311.09,137.49,490.24,44.34,29.92,3.54,16.94,,,,,,,28.04,32.17,0.31,259.34,,0.0,12.67,740.0,
2016-10-23 19:00:00,174.88,,291.5,153.6,,43.72,30.09,3.86,20.0,,,,,,,27.6,34.5,0.31,269.75,,0.0,12.42,740.0,
2016-10-23 20:00:00,202.5,,312.72,166.92,430.53,50.7,35.73,2.97,17.8,,,,,,,27.04,36.34,0.34,266.42,,0.0,12.5,740.0,
2016-10-23 21:00:00,243.17,,276.88,158.38,470.71,52.44,34.97,3.03,20.64,,,,,,,26.52,37.58,0.32,253.84,,0.0,12.67,740.0,
2016-10-23 22:00:00,257.5,,323.27,164.58,494.2,57.18,31.25,2.92,22.17,,,,,,,25.06,42.25,0.31,220.08,,0.0,12.25,740.0,
2016-10-23 23:00:00,257.67,,327.29,157.38,,62.52,26.31,2.66,21.42,,,,,,,24.14,45.42,0.3,233.25,,0.0,12.58,740.0,
2016-10-24 00:00:00,284.5,646.0,169.92,122.77,341.28,52.09,19.62,2.36,25.06,,,,,,,23.87,46.83,0.3,233.5,,0.0,12.58,740.0,
2016-10-24 01:00:00,235.33,646.0,128.0,110.98,273.69,50.6,16.56,1.93,23.12,,,,,,,23.54,47.66,0.3,254.66,,0.0,12.58,740.0,
2016-10-24 02:00:00,301.5,642.5,44.31,88.71,139.62,52.86,14.16,2.81,46.83,,,,,,,24.04,44.91,0.58,284.25,,0.0,12.67,740.0,
2016-10-24 03:00:00,408.67,623.33,29.69,75.89,108.19,52.02,16.02,2.52,32.04,,,,,,,23.88,44.91,0.49,278.17,,0.0,12.42,740.0,
2016-10-24 04:00:00,360.33,660.83,107.44,98.07,234.1,56.03,16.93,3.78,87.3,,,,,,,22.35,49.5,0.3,233.33,,0.0,12.5,740.0,
2016-10-24 05:00:00,467.67,856.67,204.46,109.82,376.74,60.44,17.24,2.39,3.6,,,,,,,21.22,56.17,0.33,270.25,,0.0,12.75,740.0,
2016-10-24 06:00:00,280.67,684.83,304.26,113.35,460.62,55.33,19.03,2.31,9.46,,,,,,,21.28,54.92,0.45,260.92,,0.0,97.0,740.0,
2016-10-24 07:00:00,202.5,659.0,270.82,110.78,448.7,60.55,19.88,2.07,12.01,,,,,,,23.95,49.42,0.42,263.17,,0.0,378.08,740.0,
2016-10-24 08:00:00,191.17,853.0,203.01,99.5,365.66,42.68,20.06,2.08,18.37,,,,,,,27.81,40.25,0.76,260.17,,0.0,412.5,740.0,
2016-10-24 09:00:00,168.5,832.5,125.61,109.23,268.94,40.8,18.12,2.36,18.28,,,,,,,29.99,37.33,1.05,260.75,,0.0,422.83,740.0,
2016-10-24 10:00:00,157.67,731.33,143.86,144.93,323.03,27.94,20.74,2.34,18.98,,,,,,,33.43,33.16,0.8,264.0,,0.0,423.08,740.0,
2016-10-24 11:00:00,194.83,740.67,66.1,132.14,208.08,41.62,21.15,2.38,28.78,,,,,,,34.69,29.5,1.11,268.33,,0.0,425.5,740.0,
2016-10-24 12:00:00,202.0,745.5,51.92,118.41,176.41,33.05,23.05,2.01,29.22,,,,,,,35.34,26.33,1.23,265.08,,0.0,424.0,740.0,
2016-10-24 13:00:00,130.83,684.67,50.85,73.43,134.71,25.6,17.48,1.53,32.17,,,,,,,35.23,25.5,1.49,272.0,,0.0,413.34,740.0,
2016-10-24 14:00:00,71.33,617.67,60.91,64.43,140.31,25.28,11.98,1.2,28.05,,,,,,,34.96,23.83,1.92,281.17,,0.0,407.58,740.0,
2016-10-24 15:00:00,50.67,693.33,59.05,64.94,138.44,27.46,13.58,1.18,28.44,,,,,,,33.96,23.0,1.64,286.25,,0.0,358.83,740.0,
2016-10-24 16:00:00,40.67,451.5,101.63,81.92,211.79,37.17,16.31,1.34,,,,,,,,32.67,25.58,1.24,286.0,,0.0,300.42,740.0,
2016-10-24 17:00:00,51.83,440.33,149.64,89.75,284.46,34.82,18.26,1.42,13.16,,,,,,,30.95,26.83,0.8,284.67,,0.0,76.25,740.0,
2016-10-24 18:00:00,70.5,489.17,214.48,117.02,397.16,39.05,21.78,2.59,15.75,,,,,,,29.05,31.0,0.31,283.42,,0.0,12.66,740.0,
2016-10-24 19:00:00,127.67,575.0,319.37,119.18,466.47,41.85,26.32,3.36,18.24,,,,,,,27.51,34.67,0.3,262.17,,0.0,12.84,740.0,
2016-10-24 20:00:00,280.83,575.0,214.58,113.68,394.16,46.32,24.38,3.46,14.56,,,,,,,26.56,36.92,0.3,232.33,,0.0,12.16,740.0,
2016-10-24 21:00:00,188.83,,321.42,126.79,328.87,53.78,28.44,4.4,17.19,,,,,,,25.48,42.5,0.3,304.67,,0.0,12.5,740.0,
2016-10-24 22:00:00,245.67,,,194.03,,52.1,40.62,4.3,20.82,,,,,,,24.64,46.83,0.3,127.92,,0.0,12.67,740.0,
2016-10-24 23:00:00,308.5,,496.3,143.14,,60.23,31.42,3.45,26.59,,,,,,,24.08,49.66,0.3,228.67,,0.0,12.75,740.0,
2016-10-25 00:00:00,285.5,,,137.95,,43.06,22.45,2.85,27.22,,,,,,,24.12,49.58,0.3,204.83,,0.0,12.42,740.0,
2016-10-25 01:00:00,190.83,,480.0,122.54,,42.42,20.23,2.84,22.75,,,,,,,23.38,53.17,0.3,213.08,,0.0,12.75,740.0,
2016-10-25 02:00:00,230.0,,475.02,112.05,,60.03,20.06,6.11,50.47,,,,,,,22.8,55.0,0.3,185.92,,0.0,12.42,740.0,
2016-10-25 03:00:00,231.0,536.0,245.71,93.22,388.33,52.25,13.96,2.08,7.83,,,,,,,22.71,50.67,0.3,221.17,,0.0,12.67,740.0,
2016-10-25 04:00:00,217.67,574.33,255.8,94.19,433.2,49.62,13.08,0.46,8.55,,,,,,,22.21,49.58,0.3,237.67,,0.0,12.84,740.0,
2016-10-25 05:00:00,142.33,706.67,193.54,83.18,338.43,57.66,10.87,1.16,8.18,,,,,,,23.04,47.67,0.31,250.67,,0.0,12.58,740.0,
2016-10-25 06:00:00,94.0,451.33,301.36,89.36,398.7,67.51,21.88,2.27,9.2,,,,,,,23.48,47.17,0.31,260.08,,0.0,115.66,740.0,
2016-10-25 07:00:00,67.0,628.33,317.02,94.58,,68.08,24.68,2.46,10.68,,,,,,,26.65,42.66,0.42,253.92,,0.0,380.92,740.0,
2016-10-25 08:00:00,51.0,481.17,134.97,68.59,245.38,47.57,19.82,1.94,15.16,,,,,,,28.98,37.17,1.59,272.92,,0.0,412.58,740.0,
2016-10-25 09:00:00,26.0,468.5,73.9,61.6,155.52,46.92,19.91,1.53,12.64,,,,,,,29.68,36.33,1.9,275.92,,0.0,428.0,740.0,
2016-10-25 10:00:00,52.33,400.33,106.99,72.24,209.04,39.33,22.64,1.54,14.12,,,,,,,31.16,34.25,2.13,277.16,,0.0,434.92,740.0,
2016-10-25 11:00:00,58.88,535.0,82.1,68.32,173.13,33.15,19.28,1.72,14.7,,,,,,,32.33,33.79,2.13,280.79,,0.0,436.71,740.0,
2016-10-25 12:00:00,57.83,579.83,48.46,54.18,114.46,33.74,12.9,1.82,14.42,,,,,,,33.2,32.5,2.06,283.67,,0.0,433.67,740.0,
2016-10-25 13:00:00,54.83,340.67,34.36,58.14,98.69,35.94,9.83,1.35,15.25,,,,,,,33.43,32.17,1.97,282.25,,0.0,418.67,740.0,
2016-10-25 14:00:00,44.17,301.83,40.98,56.15,106.02,34.71,9.15,1.24,16.02,,,,,,,33.38,29.75,1.99,285.33,,0.0,411.67,740.0,
2016-10-25 15:00:00,45.0,316.0,62.12,67.99,152.06,31.39,12.47,,14.22,,,,,,,32.33,29.56,1.48,281.89,,0.0,359.67,740.0,
2016-10-25 16:00:00,62.0,384.0,76.88,81.79,177.96,48.78,18.31,,19.27,,,,,,,31.18,29.92,1.41,280.5,,0.0,296.58,740.0,
2016-10-25 17:00:00,66.17,411.33,164.04,114.98,327.01,43.84,20.92,,15.65,,,,,,,29.54,33.75,0.72,300.34,,0.0,71.67,740.0,
2016-10-25 18:00:00,92.83,563.67,154.72,120.07,318.28,51.86,17.7,,14.31,,,,,,,27.86,38.0,0.32,198.33,,0.0,12.83,740.0,
2016-10-25 19:00:00,140.33,642.0,398.06,133.52,488.37,53.62,22.51,,16.76,,,,,,,26.26,44.17,0.3,232.08,,0.0,12.5,740.0,
2016-10-25 20:00:00,240.67,642.0,441.83,137.39,,57.49,26.04,,15.36,,,,,,,25.13,48.09,0.3,191.75,,0.0,12.84,740.0,
2016-10-25 21:00:00,298.17,642.0,,172.08,,65.03,35.01,,18.88,,,,,,,24.67,51.42,0.3,184.5,,0.0,12.75,740.0,
2016-10-25 22:00:00,377.83,642.0,,228.05,,66.38,45.84,,21.31,,,,,,,23.86,55.33,0.3,192.25,,0.0,12.75,740.0,
2016-10-25 23:00:00,412.83,642.0,,213.37,,63.56,44.72,,25.44,,,,,,,23.55,56.92,0.3,227.42,,0.0,12.5,740.0,
2016-10-26 00:00:00,363.17,642.0,,160.26,,46.03,26.88,,31.28,,,,,,,23.38,59.25,0.3,166.08,,0.0,12.75,740.0,
2016-10-26 01:00:00,340.17,642.0,431.57,136.26,,46.8,20.17,,27.19,,,,,,,23.08,60.17,0.34,91.08,,0.0,12.42,740.0,
2016-10-26 02:00:00,340.0,642.0,356.26,99.62,,54.68,10.88,,29.06,,,,,,,22.73,59.25,0.3,129.63,,0.0,12.84,740.0,
2016-10-26 03:00:00,430.67,642.0,423.98,105.46,,54.54,12.68,,26.95,,,,,,,21.93,61.25,0.3,205.17,,0.0,12.75,740.0,
2016-10-26 04:00:00,382.5,642.0,363.79,101.85,,61.23,11.94,,20.98,,,,,,,21.24,63.58,0.3,248.08,,0.0,12.33,740.0,
2016-10-26 05:00:00,249.0,642.0,307.96,99.07,446.85,73.97,11.77,,15.57,,,,,,,21.1,61.33,0.3,243.42,,0.0,12.5,740.0,
2016-10-26 06:00:00,236.0,642.0,359.76,105.1,,80.18,22.3,,16.41,,,,,,,21.27,59.0,0.3,245.42,,0.0,76.08,740.0,
2016-10-26 07:00:00,190.5,642.0,365.67,104.56,,85.9,25.76,,15.01,,,,,,,23.3,54.21,0.3,243.17,,0.0,352.21,740.0,
2016-10-26 08:00:00,162.17,780.0,225.8,113.57,409.74,58.42,20.16,,21.04,,,,,,,27.65,43.67,0.32,280.17,,0.0,404.58,740.0,
2016-10-26 09:00:00,159.17,750.83,146.18,126.5,312.66,51.66,16.36,,16.56,,,,,,,30.58,36.83,0.31,281.83,,0.0,416.92,740.0,
2016-10-26 10:00:00,164.83,618.67,85.8,130.98,232.8,44.6,19.0,,17.42,,,,,,,32.42,33.25,0.58,275.83,,0.0,422.5,740.0,
2016-10-26 11:00:00,165.0,687.5,75.76,140.75,228.77,42.2,17.43,,19.78,,,,,,,34.23,30.5,0.91,273.59,,0.0,423.58,740.0,
2016-10-26 12:00:00,169.5,671.33,54.86,132.05,192.44,42.03,17.27,,22.42,,,,,,,34.78,28.5,1.17,286.84,,0.0,421.63,740.0,
2016-10-26 13:00:00,165.0,566.0,43.71,122.22,168.6,41.88,10.68,,26.29,,,,,,,35.1,27.66,1.11,279.75,,0.0,410.34,740.0,
2016-10-26 14:00:00,151.5,499.5,26.41,82.42,109.47,44.12,9.68,,23.5,,,,,,,34.42,26.25,1.4,262.17,,0.0,402.08,740.0,
2016-10-26 15:00:00,132.17,460.17,62.31,83.76,159.02,48.12,14.27,,21.68,,,,,,,33.25,26.58,1.03,251.16,,0.0,369.67,740.0,
2016-10-26 16:00:00,131.0,441.83,49.07,111.04,165.92,67.56,20.42,,18.52,,,,,,,31.37,30.5,0.62,184.83,,0.0,309.17,740.0,
2016-10-26 17:00:00,177.5,560.83,50.84,129.95,185.22,62.68,22.48,2.17,15.48,,,,,,,29.77,34.0,0.4,149.0,,0.0,65.58,740.0,
2016-10-26 18:00:00,230.0,760.0,133.09,156.35,321.03,69.61,21.92,3.22,17.41,,,,,,,28.22,39.04,0.57,80.54,,0.0,12.46,740.0,
2016-10-26 19:00:00,328.5,760.0,82.96,145.22,242.66,72.01,17.3,2.46,20.11,21.6,88.73,,,,,27.07,44.08,0.91,84.92,,0.0,12.58,740.0,
2016-10-26 20:00:00,327.5,760.0,352.52,170.32,447.93,82.64,26.86,2.58,17.62,24.44,73.43,,,,,25.2,49.42,0.32,189.25,,0.0,12.84,740.0,
2016-10-26 21:00:00,364.83,760.0,384.6,170.62,472.1,87.55,28.26,2.84,21.34,27.83,78.09,,,,,24.86,50.58,0.35,123.08,,0.0,12.67,740.0,
2016-10-26 22:00:00,395.5,760.0,,174.56,,86.83,31.78,4.38,24.72,31.16,81.02,,,,,23.95,54.84,0.32,95.58,,0.0,12.84,740.0,
2016-10-26 23:00:00,435.5,760.0,334.95,166.52,401.63,87.73,28.33,3.8,23.05,36.27,85.74,,,,,23.53,54.66,0.42,147.58,,0.0,12.67,740.0,
2016-10-27 00:00:00,453.83,760.0,90.86,118.24,229.42,66.09,17.98,2.18,23.02,32.94,67.61,,,,,23.73,50.16,0.36,95.17,,0.0,12.33,740.0,
2016-10-27 01:00:00,460.17,760.0,177.94,116.68,347.02,63.59,17.29,2.17,20.18,31.23,50.58,,,,,22.23,55.16,0.31,192.0,,0.0,12.5,740.0,
2016-10-27 02:00:00,564.83,783.67,199.78,101.97,363.7,62.54,17.5,2.39,19.81,35.49,55.02,,,,,21.44,58.58,0.3,197.58,,0.0,12.83,740.0,
2016-10-27 03:00:00,415.33,902.0,316.06,113.5,476.1,63.36,19.78,2.74,24.99,37.85,58.11,,,,,20.75,61.42,0.3,179.0,,0.0,12.5,740.0,
2016-10-27 04:00:00,441.33,902.0,295.78,127.56,452.53,70.98,19.96,2.48,29.16,33.74,77.84,,,,,20.3,62.5,0.3,216.42,,0.0,12.75,740.0,
2016-10-27 05:00:00,420.5,902.0,361.47,119.01,,87.56,21.08,3.07,26.98,44.04,114.0,,,,,19.96,65.25,0.3,224.0,,0.0,12.37,740.0,
2016-10-27 06:00:00,452.0,902.0,371.66,112.9,,92.13,20.04,3.09,23.99,38.07,99.98,,,,,19.6,67.08,0.3,231.67,,0.0,81.0,740.0,
2016-10-27 07:00:00,420.67,902.0,414.8,128.9,,96.52,22.68,3.16,22.08,32.5,75.94,,,,,22.79,62.09,0.3,245.25,,0.0,365.58,740.0,
2016-10-27 08:00:00,396.67,902.0,192.8,121.91,372.07,64.44,19.34,2.03,20.85,27.1,57.56,,,,,27.85,43.66,0.68,284.0,,0.0,409.75,740.0,
2016-10-27 09:00:00,305.0,898.0,111.07,133.62,270.99,61.01,22.34,2.3,15.42,22.22,45.32,,,,,30.08,37.66,0.81,274.5,,0.0,420.08,740.0,
2016-10-27 10:00:00,273.83,842.17,68.05,117.31,195.79,45.74,27.35,1.35,19.85,19.84,42.07,,,,,32.1,33.25,0.9,249.92,,0.0,425.25,740.0,
2016-10-27 11:00:00,243.0,663.0,40.44,127.76,169.06,51.32,28.39,1.52,41.58,19.22,39.78,,,,,32.86,31.33,1.21,279.58,,0.0,426.67,740.0,
2016-10-27 12:00:00,243.0,663.0,32.94,128.74,155.13,51.48,44.41,4.06,71.64,14.73,31.22,,,,,33.52,28.83,1.27,283.83,,0.0,422.92,740.0,
2016-10-27 13:00:00,179.0,962.0,23.72,94.55,116.65,39.69,34.2,1.42,94.94,11.67,32.12,,,,,33.68,25.83,1.41,271.66,,0.0,412.33,740.0,
2016-10-27 14:00:00,173.67,956.0,45.32,90.58,142.62,34.79,23.1,1.31,84.88,8.46,19.61,,,,,33.45,23.5,1.45,267.66,,0.0,404.17,740.0,
2016-10-27 15:00:00,145.17,884.0,52.82,102.37,163.31,40.93,23.11,1.44,83.62,7.73,18.04,,,,,32.26,24.75,1.43,283.59,,0.0,365.33,740.0,
2016-10-27 16:00:00,135.25,674.25,96.35,128.13,245.71,51.71,25.66,1.59,55.63,9.41,27.91,,,,,30.93,27.04,1.01,282.83,,0.0,300.67,740.0,
2016-10-27 17:00:00,142.33,676.0,241.48,158.7,400.28,49.88,28.55,2.26,21.22,23.42,54.37,,,,,28.94,30.84,0.41,272.41,,0.0,62.92,740.0,
2016-10-27 18:00:00,216.67,676.0,248.33,166.22,426.63,51.35,28.52,3.62,18.09,36.8,89.09,,,,,26.61,37.33,0.3,218.92,,0.0,12.67,740.0,
2016-10-27 19:00:00,299.0,676.0,,202.35,,52.01,34.84,5.76,18.5,42.42,113.4,,,,,25.28,41.92,0.3,222.17,,0.0,12.75,740.0,
2016-10-27 20:00:00,405.17,676.0,,212.25,,65.89,43.64,6.13,20.82,48.76,125.39,,,,,24.71,45.58,0.3,203.75,,0.0,12.58,740.0,
2016-10-27 21:00:00,465.17,676.0,,213.35,,84.61,46.39,4.7,22.34,55.24,141.98,,,,,24.28,47.92,0.3,173.58,,0.0,12.58,740.0,
2016-10-27 22:00:00,468.0,676.0,,190.06,,86.66,43.39,2.58,22.52,54.36,138.6,,,,,24.01,47.42,0.3,216.58,,0.0,12.42,740.0,
2016-10-27 23:00:00,388.33,676.0,,203.69,,93.36,47.4,2.71,31.47,50.8,124.48,,,,,23.43,48.08,0.3,242.42,,0.0,12.42,740.0,
2016-10-28 00:00:00,440.0,676.0,340.46,145.08,,71.72,28.0,1.43,29.92,45.62,107.12,,,,,23.59,47.75,0.33,257.08,,0.0,12.66,740.0,
2016-10-28 01:00:00,438.33,676.0,348.7,147.81,,72.62,25.16,1.09,21.42,35.02,81.23,,,,,23.38,46.83,0.3,266.42,,0.0,12.84,740.0,
2016-10-28 02:00:00,437.5,676.0,238.83,126.72,404.33,73.23,24.52,0.62,19.94,32.53,74.02,,,,,22.93,47.83,0.38,274.25,,0.0,12.42,740.0,
2016-10-28 03:00:00,482.5,676.0,192.18,116.89,366.61,76.62,19.23,0.82,21.48,27.68,64.45,,,,,21.52,52.5,0.3,226.42,,0.0,12.75,740.0,
2016-10-28 04:00:00,537.5,676.0,274.01,127.79,480.57,87.83,18.72,1.45,22.23,32.11,61.95,,,,,20.3,57.58,0.3,210.17,,0.0,12.5,740.0,
2016-10-28 05:00:00,609.33,676.0,335.65,133.0,,95.21,18.05,1.15,20.46,37.39,66.83,,,,,19.58,61.25,0.3,227.17,,0.0,12.66,740.0,
2016-10-28 06:00:00,529.83,676.0,382.29,132.09,,105.63,23.55,1.6,21.42,33.26,65.54,,,,,20.07,60.58,0.34,186.08,,0.0,67.92,740.0,
2016-10-28 07:00:00,521.17,676.0,444.44,145.1,,106.67,25.98,1.83,23.34,33.59,68.63,,,,,22.04,57.5,0.32,251.08,,0.0,347.17,740.0,
2016-10-28 08:00:00,485.83,676.0,264.12,125.64,385.68,72.3,22.14,1.56,18.64,28.06,48.82,,,,,25.52,47.33,0.6,262.42,,0.0,406.92,740.0,
2016-10-28 09:00:00,370.83,704.17,116.58,137.1,281.34,73.88,18.52,2.06,14.32,20.35,34.17,,,,,28.0,40.92,0.78,258.0,,0.0,419.08,740.0,
2016-10-28 10:00:00,328.25,845.0,75.18,151.2,237.71,63.67,29.5,2.01,32.67,21.01,37.33,,,,,30.1,36.54,0.97,281.09,,0.0,423.75,740.0,
2016-10-28 11:00:00,344.83,959.0,169.06,187.64,327.93,56.09,31.69,1.99,49.24,23.68,47.21,,,,,31.98,32.25,1.21,285.25,,0.0,423.66,740.0,
2016-10-28 12:00:00,296.5,936.67,234.92,170.71,291.43,40.02,35.17,1.56,57.16,18.74,39.31,,,,,32.98,27.58,1.41,281.84,,0.0,423.16,740.0,
2016-10-28 13:00:00,206.83,790.83,138.8,154.22,326.96,36.08,24.25,1.5,74.88,13.41,31.65,,,,,33.14,26.33,1.23,273.08,,0.0,408.83,740.0,
2016-10-28 14:00:00,188.5,631.83,82.11,119.05,218.35,32.94,24.37,0.25,83.17,10.5,25.6,,,,,32.62,24.0,1.43,282.33,,0.0,399.58,740.0,
2016-10-28 15:00:00,147.5,668.62,59.06,111.14,179.68,38.71,21.81,0.2,76.14,4.72,11.16,,,,,31.65,24.25,1.21,282.66,,0.0,364.67,740.0,
2016-10-28 16:00:00,125.5,518.67,115.91,138.98,282.15,44.18,23.69,1.17,51.82,5.96,16.84,,,,,30.24,26.67,0.88,292.08,,0.0,292.41,740.0,
2016-10-28 17:00:00,154.17,552.0,333.12,171.57,459.5,44.63,29.04,2.22,18.37,10.62,26.88,,,,,28.28,30.84,0.4,280.92,,0.0,61.0,740.0,
2016-10-28 18:00:00,285.5,552.0,492.33,206.48,,45.04,37.61,4.16,16.7,15.31,38.58,,,,,26.03,37.58,0.3,218.83,,0.0,12.5,740.0,
2016-10-28 19:00:00,538.0,552.0,,226.06,,34.59,45.17,6.92,18.98,23.29,51.88,,,,,24.27,43.92,0.3,226.67,,0.0,12.84,740.0,
2016-10-28 20:00:00,536.67,552.0,,239.24,,41.28,50.1,8.33,22.35,50.04,111.21,,,,,23.28,47.42,0.3,231.25,,0.0,12.84,740.0,
2016-10-28 21:00:00,530.0,552.0,,214.35,,59.77,54.71,8.09,28.03,59.77,159.2,,,,,23.05,50.21,0.3,198.83,,0.0,12.5,740.0,
2016-10-28 22:00:00,507.33,552.0,,192.19,,82.84,74.08,6.59,32.68,59.76,290.42,,,,,22.71,52.58,0.3,130.92,,0.0,12.58,740.0,
2016-10-28 23:00:00,389.67,552.0,,160.27,,81.48,74.68,5.84,124.23,35.41,275.13,,,,,22.37,54.59,0.3,71.0,,0.0,12.67,740.0,
2016-10-29 00:00:00,373.17,552.0,,108.18,,70.22,52.02,3.43,,29.36,198.33,,,,,21.99,56.25,0.3,126.5,,0.0,12.5,740.0,
2016-10-29 01:00:00,399.0,552.0,,112.98,,67.38,43.03,4.06,,31.23,144.88,,,,,20.91,59.08,0.3,243.92,,0.0,12.42,740.0,
2016-10-29 02:00:00,399.0,552.0,490.97,106.07,,60.1,44.82,2.27,171.68,28.85,137.84,,,,,20.63,57.34,0.31,157.84,,0.0,12.42,740.0,
2016-10-29 03:00:00,399.0,552.0,,107.85,,62.52,33.36,4.5,135.58,29.36,122.78,,,,,20.39,60.92,0.3,224.88,,0.0,12.38,740.0,
2016-10-29 04:00:00,394.67,552.0,489.47,109.32,,69.13,30.22,2.27,57.72,27.8,85.35,,,,,19.62,62.09,0.3,199.92,,0.0,12.58,740.0,
2016-10-29 05:00:00,385.0,552.0,,111.18,,73.98,35.68,3.71,46.54,26.32,73.57,,,,,19.77,63.0,0.3,130.17,,0.0,12.58,740.0,
2016-10-29 06:00:00,427.83,552.0,,114.26,,82.73,42.32,3.6,43.25,36.98,265.52,,,,,20.02,60.58,0.34,102.92,,0.0,54.5,740.0,
2016-10-29 07:00:00,354.5,552.0,,112.39,,89.92,49.91,4.32,78.75,28.75,175.62,,,,,21.5,58.67,0.43,91.08,,0.0,308.34,740.0,
2016-10-29 08:00:00,421.33,552.0,378.46,118.81,,67.11,45.32,3.91,151.7,56.96,189.96,,,,,23.86,52.25,0.85,95.75,,0.0,395.33,740.0,
2016-10-29 09:00:00,437.83,552.0,291.07,183.62,,72.02,130.95,3.53,156.98,54.68,185.98,,,,,27.34,44.17,0.57,212.25,,0.0,405.75,740.0,
2016-10-29 10:00:00,436.83,642.25,192.76,333.35,,63.41,146.11,3.2,132.57,52.08,180.92,,,,,29.5,37.58,0.6,201.83,,0.0,405.16,740.0,
2016-10-29 11:00:00,547.17,913.0,71.42,293.29,358.84,72.94,167.73,1.34,72.95,48.67,173.74,,,,,29.74,36.58,1.49,107.33,,0.0,408.5,740.0,
2016-10-29 12:00:00,466.5,911.0,15.41,182.38,183.32,71.95,133.19,2.7,54.99,35.3,163.43,,,,,30.97,31.5,1.68,115.58,,0.0,413.42,740.0,
2016-10-29 13:00:00,371.83,869.5,9.12,138.11,135.58,65.26,121.04,2.19,82.36,29.17,109.22,,,,,32.34,27.66,1.23,164.83,,0.0,406.58,740.0,
2016-10-29 14:00:00,294.75,713.25,3.66,124.63,116.01,63.0,109.33,2.45,122.01,19.25,62.59,,,,,32.09,26.71,1.32,120.25,,0.0,388.5,740.0,
2016-10-29 15:00:00,269.0,667.83,5.24,151.51,142.11,63.19,79.12,2.22,87.45,11.23,50.42,,,,,30.77,28.84,1.63,89.92,,0.0,364.0,740.0,
2016-10-29 16:00:00,243.83,759.5,37.08,179.17,210.29,68.85,103.4,3.18,37.42,11.42,116.16,,,,,29.17,33.83,1.04,74.16,,0.0,250.25,740.0,
2016-10-29 17:00:00,310.5,947.0,118.86,176.52,319.58,71.52,125.53,4.43,51.95,16.38,90.86,,,,,27.02,38.83,0.48,70.66,,0.0,45.75,740.0,
2016-10-29 18:00:00,418.5,,283.48,188.3,,73.99,114.64,5.72,36.98,35.32,272.22,,,,,25.68,44.25,0.48,58.92,,0.0,12.58,740.0,
2016-10-29 19:00:00,534.5,,313.23,174.41,,76.17,67.82,7.06,37.31,42.88,349.37,,,,,24.29,49.92,0.45,98.58,,0.0,12.42,740.0,
2016-10-29 20:00:00,550.33,,370.84,180.66,,90.82,81.87,6.86,36.01,44.42,385.66,,,,,23.64,52.33,0.32,48.66,,0.0,12.71,740.0,
2016-10-29 21:00:00,298.83,,405.43,166.72,,113.97,77.82,5.63,28.28,40.54,471.05,,,,,22.65,56.58,0.3,48.33,,0.0,12.67,740.0,
2016-10-29 22:00:00,371.0,,397.46,156.98,,129.34,67.22,3.36,79.17,32.44,309.1,,,,,21.82,59.83,0.3,55.67,,0.0,12.5,740.0,
2016-10-29 23:00:00,557.17,,368.9,150.26,,136.03,69.34,3.06,,36.88,259.96,,,,,21.22,62.75,0.3,62.25,,0.0,12.75,740.0,
2016-10-30 00:00:00,493.33,,390.42,114.64,,95.1,42.5,3.96,,36.36,229.48,,,,,21.01,64.75,0.3,188.75,,0.0,12.67,740.0,
2016-10-30 01:00:00,270.0,,442.93,114.59,,85.29,31.91,2.15,205.94,36.86,264.42,,,,,20.41,66.92,0.3,165.08,,0.0,12.66,740.0,
2016-10-30 02:00:00,316.5,,443.16,115.64,,90.3,29.97,3.56,115.89,35.88,271.84,,,,,19.94,68.67,0.3,231.58,,0.0,12.33,740.0,
2016-10-30 03:00:00,549.0,,471.55,100.41,,83.75,29.88,4.52,96.48,35.23,287.51,,,,,19.53,70.25,0.3,249.25,,0.0,12.42,740.0,
2016-10-30 04:00:00,521.67,,,,,,29.86,3.89,64.04,37.67,262.03,,,,,19.34,71.75,0.3,135.08,,0.0,12.42,740.0,
2016-10-30 05:00:00,411.33,,,,,,31.08,2.37,184.67,40.54,189.42,,,,,19.49,71.08,0.34,77.84,,0.0,12.5,740.0,
2016-10-30 06:00:00,522.83,,,,,,32.52,1.53,51.08,39.55,105.27,,,,,19.05,70.58,0.36,70.42,,0.0,53.58,740.0,
2016-10-30 07:00:00,414.83,972.33,,,,,95.1,4.27,,29.16,74.64,,,,,20.2,69.42,0.31,81.0,,0.0,323.0,740.0,
2016-10-30 08:00:00,386.67,964.0,234.13,240.57,,101.55,55.48,4.58,,35.94,95.11,,,,,24.47,59.25,0.3,238.0,,0.0,399.75,740.0,
2016-10-30 09:00:00,433.5,968.75,146.06,203.88,381.09,168.8,61.23,4.46,78.48,38.96,86.93,,,,,28.04,48.08,0.43,245.58,,0.0,406.5,740.0,
2016-10-30 10:00:00,456.5,984.67,4.69,96.88,92.71,95.18,49.94,2.29,29.27,29.58,79.8,,,,,28.4,43.0,1.63,147.42,,0.0,417.17,740.0,
2016-10-30 11:00:00,255.17,823.25,6.87,83.16,83.44,94.26,65.68,1.17,26.28,19.16,44.69,,,,,29.83,37.84,1.41,156.33,,0.0,421.08,740.0,
2016-10-30 12:00:00,158.33,356.0,4.04,62.58,61.25,85.6,77.82,2.18,40.56,12.81,31.66,,,,,30.57,34.25,1.84,110.42,,0.0,423.84,740.0,
2016-10-30 13:00:00,141.83,313.17,3.32,60.09,58.07,72.1,51.32,2.13,73.3,10.75,30.51,,,,,31.16,30.25,1.27,141.58,,0.0,408.08,740.0,
2016-10-30 14:00:00,127.83,324.33,3.47,72.22,69.11,74.8,55.42,3.09,97.28,9.17,22.78,,,,,30.97,29.92,1.91,111.33,,0.0,396.08,740.0,
2016-10-30 15:00:00,139.83,344.33,4.76,81.4,78.99,81.16,44.31,3.18,75.7,10.55,27.14,,,,,29.91,34.08,1.72,85.58,,0.0,365.33,740.0,
2016-10-30 16:00:00,152.17,441.83,6.21,93.25,91.54,85.93,49.53,3.26,65.34,11.05,29.19,,,,,28.62,37.42,1.47,76.25,,0.0,263.08,740.0,
2016-10-30 17:00:00,150.5,507.17,15.14,113.12,121.44,86.99,35.34,3.57,49.22,5.85,15.7,,,,,27.77,44.16,1.0,70.5,,0.0,37.58,740.0,
2016-10-30 18:00:00,196.67,701.0,55.03,112.45,175.34,88.46,26.83,3.53,61.65,15.99,45.6,,,,,25.84,49.91,0.46,65.83,,0.0,12.5,740.0,
2016-10-30 19:00:00,255.5,778.17,85.28,105.17,210.16,93.76,51.99,3.8,,23.66,50.8,,,,,24.11,53.83,0.55,63.83,,0.0,12.5,740.0,
2016-10-30 20:00:00,369.33,852.5,144.23,112.3,296.99,93.02,40.64,5.05,161.76,26.22,58.45,,,,,22.91,58.41,0.3,70.67,,0.0,12.5,740.0,
2016-10-30 21:00:00,551.0,920.0,309.26,113.99,422.66,97.08,40.74,5.66,82.1,29.48,63.1,,,,,21.71,62.66,0.3,56.42,,0.0,13.0,740.0,
2016-10-30 22:00:00,573.5,,435.8,124.65,,114.57,50.44,6.16,67.3,30.79,73.34,,,,,20.96,66.75,0.3,60.0,,0.0,12.66,740.0,
2016-10-30 23:00:00,736.88,,435.68,113.46,,122.02,50.69,6.74,56.44,33.1,75.96,,,,,20.6,69.34,0.3,59.5,,0.0,12.84,740.0,
2016-10-31 00:00:00,782.17,,468.5,110.96,,146.76,97.52,3.72,79.53,36.09,74.06,,,,,20.61,70.16,0.3,99.16,,0.0,12.33,740.0,
2016-10-31 01:00:00,813.0,,414.57,105.18,,157.34,,3.94,79.97,35.44,84.4,,,,,20.11,71.58,0.38,83.67,,0.0,12.46,740.0,
2016-10-31 02:00:00,874.12,,187.36,81.75,328.68,126.05,157.77,5.94,61.47,36.16,77.82,,,,,19.59,71.17,0.37,53.58,,0.0,12.5,740.0,
2016-10-31 03:00:00,774.88,,151.51,75.74,274.38,118.29,76.25,5.44,51.44,33.97,63.54,,,,,18.81,73.25,0.3,50.58,,0.0,12.58,740.0,
2016-10-31 04:00:00,513.17,,212.25,79.89,361.06,131.39,56.09,5.79,74.79,25.17,51.14,,,,,18.96,74.0,0.3,80.34,,0.0,12.67,740.0,
2016-10-31 05:00:00,549.17,,267.92,77.03,434.52,139.3,44.94,6.14,91.56,25.07,58.86,,,,,18.87,73.5,0.38,70.66,,0.0,12.67,740.0,
2016-10-31 06:00:00,745.12,,254.53,78.0,372.58,138.27,36.2,6.43,121.5,25.38,57.62,,,,,18.68,72.67,0.3,77.42,,0.0,54.38,740.0,
2016-10-31 07:00:00,538.17,766.0,333.55,93.85,432.42,141.67,35.27,5.6,193.5,26.19,73.23,,,,,20.23,70.58,0.34,123.92,,0.0,329.58,740.0,
2016-10-31 08:00:00,514.5,776.83,119.3,102.77,254.5,137.33,57.05,2.38,224.7,24.03,52.48,,,,,24.14,58.09,0.3,139.84,,0.0,402.75,740.0,
2016-10-31 09:00:00,336.17,791.5,50.28,106.92,163.96,126.55,116.47,2.23,177.1,18.61,74.11,,,,,26.66,48.67,0.41,148.5,,0.0,414.34,740.0,
2016-10-31 10:00:00,268.83,580.17,69.63,98.61,182.45,81.76,160.85,1.56,64.21,15.28,115.55,,,,,28.72,41.08,0.99,109.5,,0.0,420.42,740.0,
2016-10-31 11:00:00,223.17,503.5,48.14,107.76,161.68,86.46,196.07,1.6,,11.39,40.1,,,,,30.38,36.75,0.7,177.08,,0.0,419.58,740.0,
2016-10-31 12:00:00,187.5,494.17,57.29,104.37,171.3,76.03,158.98,2.31,161.2,10.86,26.08,,,,,31.44,33.29,0.61,218.58,,0.0,414.79,740.0,
2016-10-31 13:00:00,204.67,616.33,35.18,90.3,128.52,76.04,93.33,2.72,105.01,10.42,19.24,,,,,31.67,32.5,0.61,192.67,,0.0,404.08,740.0,
2016-10-31 14:00:00,199.5,523.5,53.44,89.94,153.15,72.03,54.62,1.63,35.65,9.62,15.68,,,,,31.32,31.0,0.34,234.75,,0.0,394.08,740.0,
2016-10-31 15:00:00,174.5,532.83,58.24,111.49,178.91,73.14,32.58,2.42,30.48,7.44,11.9,,,,,30.37,29.25,0.36,216.67,,0.0,358.84,740.0,
2016-10-31 16:00:00,132.33,549.5,60.39,119.21,188.52,76.8,26.47,2.98,24.06,8.4,13.46,,,,,28.96,31.42,0.34,190.25,,0.0,265.08,740.0,
2016-10-31 17:00:00,117.67,479.0,80.06,131.92,226.87,78.42,25.78,3.62,20.1,10.72,23.93,,,,,26.91,36.75,0.3,86.92,,0.0,45.75,740.0,
2016-10-31 18:00:00,188.17,564.0,281.1,141.21,453.42,82.26,50.61,5.41,26.48,22.2,62.78,,,,,24.84,44.62,0.3,206.58,,0.0,12.62,740.0,
2016-10-31 19:00:00,336.5,564.0,451.43,141.09,,89.69,50.12,6.55,26.21,28.67,66.88,,,,,23.7,51.25,0.3,235.92,,0.0,12.66,740.0,
2016-10-31 20:00:00,430.67,564.0,460.26,152.76,,111.75,49.29,6.19,24.82,36.41,81.47,,,,,22.62,55.42,0.3,153.33,,0.0,12.58,740.0,
2016-10-31 21:00:00,589.0,564.0,407.82,144.02,,146.98,42.86,4.34,23.08,39.63,79.17,,,,,21.71,59.42,0.3,145.17,,0.0,12.75,740.0,
2016-10-31 22:00:00,589.0,640.5,492.3,190.13,,171.64,45.39,4.0,28.7,37.65,70.14,,,,,20.98,62.0,0.3,151.0,,0.0,12.84,740.0,
2016-10-31 23:00:00,618.17,,,156.99,,183.01,44.98,4.85,45.58,40.08,68.57,,,,,20.46,64.83,0.3,178.5,,0.0,13.0,740.0,
2016-11-01 00:00:00,764.0,,,150.81,,139.68,35.28,5.22,49.24,41.53,83.32,,,,,20.32,66.25,0.3,209.58,,0.0,12.67,740.0,
2016-11-01 01:00:00,764.0,,,136.93,,128.19,27.89,4.19,42.91,43.78,79.92,,,,,19.57,68.25,0.3,190.75,,0.0,12.42,740.0,
2016-11-01 02:00:00,764.0,,455.02,116.71,,139.86,22.21,3.12,43.23,44.75,78.3,,,,,19.12,70.67,0.3,167.83,,0.0,12.67,740.0,
2016-11-01 03:00:00,736.83,,230.52,102.17,349.82,145.38,16.57,1.18,27.42,44.68,73.3,,,,,19.23,69.5,0.31,92.84,,0.0,12.58,740.0,
2016-11-01 04:00:00,570.67,,199.5,95.87,357.9,150.4,18.1,0.57,17.68,37.03,63.25,,,,,18.79,68.92,0.3,85.17,,0.0,12.75,740.0,
2016-11-01 05:00:00,432.5,,285.3,117.82,477.4,172.86,28.91,2.56,21.04,34.53,61.24,,,,,18.27,71.25,0.3,85.0,,0.0,12.58,740.0,
2016-11-01 06:00:00,490.88,,452.9,118.96,,180.64,18.34,2.17,18.75,35.44,63.9,,,,,18.12,72.08,0.3,96.5,,0.0,50.66,740.0,
2016-11-01 07:00:00,437.83,910.0,429.84,132.3,,193.06,19.61,3.92,21.08,32.57,56.07,,,,,19.87,70.0,0.3,239.92,,0.0,315.91,740.0,
2016-11-01 08:00:00,485.67,779.67,302.42,132.64,358.53,147.11,21.86,3.65,22.0,30.32,52.78,,,,,24.15,58.17,0.35,272.25,,0.0,400.17,740.0,
2016-11-01 09:00:00,457.0,793.0,123.3,159.28,310.26,134.31,29.78,3.21,22.72,28.27,48.0,,,,,27.68,46.25,0.38,267.5,,0.0,409.83,740.0,
2016-11-01 10:00:00,469.17,795.0,113.01,180.06,312.97,103.58,31.2,2.53,21.63,26.9,44.88,,,,,30.17,38.67,0.32,260.5,,0.0,413.34,740.0,
2016-11-01 11:00:00,428.83,817.67,50.41,144.16,197.22,107.03,41.08,2.07,30.05,23.8,40.1,,,,,31.5,34.58,0.6,185.42,,0.0,413.08,740.0,
2016-11-01 12:00:00,290.38,830.38,141.73,141.29,319.34,95.64,53.23,2.01,31.08,10.57,13.88,,,,,32.46,31.25,0.68,208.92,,0.0,410.75,740.0,
2016-11-01 13:00:00,221.67,611.83,74.93,106.4,197.16,76.47,45.66,1.62,36.32,10.99,15.85,,,,,32.68,27.67,0.82,243.25,,0.0,402.08,740.0,
2016-11-01 14:00:00,141.67,569.17,34.6,88.09,125.72,64.26,37.81,2.4,53.09,8.51,12.41,,,,,31.98,26.33,0.72,234.92,,0.0,391.83,740.0,
2016-11-01 15:00:00,128.75,506.83,81.18,126.68,223.53,68.77,33.43,0.72,37.28,9.51,14.53,,,,,30.64,28.75,0.47,268.75,,0.0,357.66,740.0,
2016-11-01 16:00:00,152.0,724.33,107.63,135.07,267.26,73.42,30.65,2.88,28.94,10.3,20.0,,,,,29.0,27.42,0.32,299.08,,0.0,244.0,740.0,
2016-11-01 17:00:00,156.67,667.5,212.14,165.25,401.37,79.28,44.14,4.75,19.2,15.32,44.66,,,,,26.99,35.25,0.3,283.58,,0.0,40.83,740.0,
2016-11-01 18:00:00,265.0,853.0,162.63,149.91,355.7,88.35,36.38,5.4,18.23,22.99,64.06,,,,,25.49,40.75,0.3,232.17,,0.0,12.5,740.0,
2016-11-01 19:00:00,337.67,,199.92,142.09,399.64,92.99,30.4,6.54,19.56,31.09,75.19,,,,,23.92,46.25,0.3,209.67,,0.0,12.67,740.0,
2016-11-01 20:00:00,460.33,,303.64,159.98,,111.81,28.37,7.63,17.49,37.83,87.56,,,,,22.82,49.83,0.3,237.0,,0.0,12.5,740.0,
2016-11-01 21:00:00,520.83,,279.1,155.22,450.0,141.69,25.51,6.18,19.12,44.94,93.45,,,,,22.36,52.5,0.3,157.42,,0.0,12.58,740.0,
2016-11-01 22:00:00,595.75,,376.43,188.17,,167.17,30.94,5.35,24.06,39.92,78.18,,,,,21.38,57.34,0.3,120.0,,0.0,12.5,740.0,
2016-11-01 23:00:00,613.0,,,196.39,,184.94,36.89,4.93,22.96,42.33,85.01,,,,,20.91,60.67,0.3,138.0,,0.0,12.5,740.0,
2016-11-02 00:00:00,608.88,,395.76,145.34,,146.32,14.82,2.7,23.27,37.74,85.81,,,,,21.23,58.75,0.3,214.42,,0.0,12.5,740.0,
2016-11-02 01:00:00,572.0,,360.32,136.68,,137.86,11.44,4.22,19.65,41.76,100.84,,,,,20.74,60.34,0.3,206.92,,0.0,12.67,740.0,
2016-11-02 02:00:00,549.0,,315.64,124.09,,150.48,7.9,4.7,19.99,37.88,80.58,,,,,20.24,63.58,0.3,241.5,,0.0,12.58,740.0,
2016-11-02 03:00:00,649.67,,407.84,120.87,,157.72,9.43,4.97,23.18,39.08,80.56,,,,,20.07,65.58,0.3,243.58,,0.0,12.67,740.0,
2016-11-02 04:00:00,698.0,,297.14,122.19,440.66,193.41,10.36,5.08,25.56,38.4,84.32,,,,,19.83,67.29,0.3,100.67,,0.0,12.67,740.0,
2016-11-02 05:00:00,548.0,,339.42,134.17,,225.42,13.44,5.55,25.22,35.44,67.18,,,,,19.27,68.84,0.3,105.0,,0.0,12.42,740.0,
2016-11-02 06:00:00,598.17,,295.87,141.39,404.97,229.0,19.67,5.93,27.87,36.4,59.82,,,,,18.98,70.67,0.3,105.0,,0.0,39.58,740.0,
2016-11-02 07:00:00,850.25,,314.58,150.37,451.33,235.52,21.51,6.57,27.75,36.47,60.17,,,,,20.19,69.58,0.3,59.42,,0.0,254.33,740.0,
2016-11-02 08:00:00,864.0,,182.98,171.02,402.25,190.98,19.38,4.46,25.96,38.27,66.91,,,,,23.0,61.92,0.3,175.08,,0.0,379.92,740.0,
2016-11-02 09:00:00,,,88.67,197.35,296.92,182.76,19.5,4.16,24.61,39.56,62.63,,,,,26.05,52.75,0.31,218.92,,0.0,399.25,740.0,
2016-11-02 10:00:00,460.0,,85.34,217.16,310.15,147.91,52.11,2.86,18.97,38.38,63.74,,,,,28.87,43.25,0.43,217.92,,0.0,406.04,740.0,
2016-11-02 11:00:00,465.67,,85.03,174.07,271.28,131.42,46.41,0.77,15.16,28.05,48.19,,,,,30.76,36.17,0.38,214.25,,0.0,410.42,740.0,
2016-11-02 12:00:00,470.25,,84.35,131.84,233.22,98.02,43.43,1.02,17.36,16.5,30.22,,,,,31.94,32.67,0.91,159.58,,0.0,409.38,740.0,
2016-11-02 13:00:00,288.33,718.17,136.3,153.28,322.74,77.38,34.57,2.86,16.56,12.72,19.32,,,,,32.58,30.25,0.62,226.83,,0.0,398.5,740.0,
2016-11-02 14:00:00,199.5,623.5,75.38,125.81,215.03,77.83,28.2,2.47,19.11,8.67,11.68,,,,,31.88,28.92,0.59,240.83,,0.0,387.67,740.0,
2016-11-02 15:00:00,146.0,539.5,73.63,126.19,212.9,80.37,28.48,2.23,19.25,7.72,12.68,,,,,30.52,29.58,0.37,198.17,,0.0,350.58,740.0,
2016-11-02 16:00:00,135.0,652.5,98.22,148.49,266.4,89.21,27.06,2.45,14.21,7.95,17.43,,,,,28.89,31.5,0.3,167.67,,0.0,225.67,740.0,
2016-11-02 17:00:00,126.17,570.0,248.79,158.68,449.23,89.05,30.36,3.44,15.29,15.84,43.58,,,,,26.52,37.83,0.31,222.58,,0.0,37.58,740.0,
2016-11-02 18:00:00,199.83,,362.45,166.24,484.17,96.74,33.16,5.47,18.39,29.41,91.42,,,,,24.63,45.33,0.31,90.25,,0.0,12.5,740.0,
2016-11-02 19:00:00,339.0,,447.25,174.59,,103.75,31.43,6.09,19.75,39.07,136.11,,,,,22.97,53.67,0.3,197.17,,0.0,12.33,740.0,
2016-11-02 20:00:00,579.5,,,229.42,,131.58,35.64,6.13,21.9,49.81,129.58,,,,,21.99,59.17,0.3,202.33,,0.0,12.42,740.0,
2016-11-02 21:00:00,532.0,,,266.42,,176.95,42.1,7.83,25.57,51.13,144.7,,,,,21.29,63.83,0.3,208.25,,0.0,12.42,740.0,
2016-11-02 22:00:00,532.0,,,258.2,,199.32,40.2,8.04,24.55,50.76,154.62,,,,,20.84,67.25,0.3,208.92,,0.0,12.75,740.0,
2016-11-02 23:00:00,531.17,,,228.14,,208.96,35.12,6.12,25.19,51.97,160.22,,,,,20.14,69.58,0.3,209.0,,0.0,12.5,740.0,
2016-11-03 00:00:00,524.17,,,173.93,,164.0,22.42,5.91,27.52,53.61,159.26,,,,,20.3,70.5,0.3,226.92,,0.0,12.42,740.0,
2016-11-03 01:00:00,510.0,,,159.7,,150.5,20.3,6.06,25.02,55.44,171.1,,,,,19.82,72.25,0.3,231.58,,0.0,12.33,740.0,
2016-11-03 02:00:00,563.33,,,126.54,,160.15,17.02,4.12,26.84,56.16,194.64,,,,,19.47,74.0,0.3,247.08,,0.0,12.42,740.0,
2016-11-03 03:00:00,830.0,,453.35,138.5,,169.2,17.93,3.89,24.76,55.68,265.29,,,,,18.96,75.0,0.3,195.5,,0.0,12.54,740.0,
2016-11-03 04:00:00,834.38,,372.11,129.42,469.57,196.64,13.24,2.6,21.7,51.2,161.74,,,,,18.61,75.59,0.32,148.83,,0.0,12.33,740.0,
2016-11-03 05:00:00,847.25,,343.16,129.2,,216.23,15.71,1.6,20.28,44.65,204.53,,,,,18.78,73.67,0.3,72.08,,0.0,12.42,740.0,
2016-11-03 06:00:00,701.33,,,136.37,,220.64,21.2,2.6,21.74,44.7,210.15,,,,,18.03,74.5,0.3,92.0,,0.0,47.25,740.0,
2016-11-03 07:00:00,599.83,,331.47,174.78,,231.4,24.62,3.1,24.05,43.09,122.5,,,,,20.5,73.67,0.3,91.92,,0.0,309.66,740.0,
2016-11-03 08:00:00,615.83,,216.27,201.95,372.55,181.46,21.08,2.91,25.27,40.69,94.85,,,,,26.18,54.58,0.33,249.75,,0.0,394.42,740.0,
2016-11-03 09:00:00,530.0,,67.31,189.31,260.56,160.43,45.59,3.93,19.89,32.38,72.12,,,,,28.85,43.34,0.55,166.54,,0.0,404.83,740.0,
2016-11-03 10:00:00,510.33,,52.64,145.86,201.78,94.45,47.2,1.94,21.78,22.74,49.02,,,,,31.21,36.58,0.55,194.17,,0.0,408.75,740.0,
2016-11-03 11:00:00,287.0,826.5,60.94,156.64,222.45,116.23,64.2,1.78,17.7,20.12,44.75,,,,,32.82,32.25,0.58,244.42,,0.0,408.92,740.0,
2016-11-03 12:00:00,266.83,728.33,63.75,120.16,194.08,84.43,53.37,2.22,18.62,16.23,39.26,,,,,33.24,27.75,0.79,256.42,,0.0,406.58,740.0,
2016-11-03 13:00:00,156.17,600.5,56.76,122.06,186.4,70.34,38.74,1.4,21.12,13.05,32.35,,,,,33.46,26.75,0.76,252.67,,0.0,395.17,740.0,
2016-11-03 14:00:00,107.0,353.0,34.3,112.79,147.26,82.32,43.07,1.56,64.39,10.16,28.2,,,,,32.42,27.58,0.84,174.75,,0.0,379.63,740.0,
2016-11-03 15:00:00,103.83,368.17,56.54,108.38,173.67,82.71,41.42,2.7,28.33,6.93,28.39,,,,,31.21,27.83,0.45,222.83,,0.0,341.5,740.0,
2016-11-03 16:00:00,94.33,501.67,169.1,150.53,365.34,95.04,37.06,3.15,14.94,8.74,24.23,,,,,29.43,31.5,0.31,277.33,,0.0,210.5,740.0,
2016-11-03 17:00:00,130.67,820.5,152.22,147.22,339.04,94.51,30.81,4.13,14.14,16.82,49.15,,,,,27.14,36.67,0.3,291.42,,0.0,35.75,740.0,
2016-11-03 18:00:00,170.83,973.0,315.17,163.02,484.0,93.35,33.48,6.33,16.42,27.64,79.81,,,,,25.28,43.17,0.3,284.25,,0.0,12.58,740.0,
2016-11-03 19:00:00,271.83,974.08,395.6,169.79,,104.81,36.08,8.98,20.22,38.46,105.26,,,,,24.36,47.5,0.3,192.17,,0.0,12.83,740.0,
2016-11-03 20:00:00,372.0,986.5,,189.84,,140.52,48.23,8.66,22.18,48.21,192.73,,,,,23.05,53.71,0.3,313.33,,0.0,12.37,740.0,
2016-11-03 21:00:00,450.38,992.0,,186.32,,182.75,45.14,5.39,25.18,49.84,167.45,,,,,22.17,57.83,0.3,268.25,,0.0,12.5,740.0,
2016-11-03 22:00:00,444.67,,,196.27,,207.74,51.36,7.14,27.5,55.77,156.05,,,,,21.78,59.92,0.3,266.25,,0.0,12.42,740.0,
2016-11-03 23:00:00,461.33,,,189.17,,223.08,55.12,5.92,122.45,32.82,169.94,,,,,20.98,62.5,0.3,266.0,,0.0,12.75,740.0,
2016-11-04 00:00:00,409.17,,,153.68,,155.24,27.49,5.03,,31.69,180.07,,,,,20.6,65.08,0.3,256.92,,0.0,12.58,740.0,
2016-11-04 01:00:00,441.83,,,138.63,,145.95,20.49,5.08,,46.61,250.65,,,,,19.76,67.5,0.3,267.91,,0.0,12.67,740.0,
2016-11-04 02:00:00,452.83,,,131.86,,176.24,13.8,5.6,,46.46,222.48,,,,,19.22,69.62,0.3,199.5,,0.0,12.25,740.0,
2016-11-04 03:00:00,468.5,,,152.49,,180.39,21.72,6.4,,50.24,192.67,,,,,18.9,70.92,0.3,237.92,,0.0,12.5,740.0,
2016-11-04 04:00:00,487.88,,,148.12,,199.62,19.37,3.94,159.34,51.02,163.72,,,,,18.25,71.5,0.3,185.08,,0.0,12.33,740.0,
2016-11-04 05:00:00,394.0,,,148.16,,221.63,21.42,6.22,77.19,53.09,166.18,,,,,18.15,73.08,0.3,200.5,,0.0,12.42,740.0,
2016-11-04 06:00:00,401.25,,,153.92,,219.86,21.22,5.11,30.58,54.24,172.42,,,,,18.19,73.09,0.3,217.42,,0.0,43.25,740.0,
2016-11-04 07:00:00,503.33,,482.5,158.62,,200.95,20.54,3.59,17.14,25.74,68.42,,,,,20.48,68.34,0.31,238.84,,0.0,319.42,740.0,
2016-11-04 08:00:00,409.83,,382.49,179.36,,130.92,16.16,3.79,22.93,24.83,61.83,,,,,25.12,52.5,0.32,246.29,,0.0,409.0,740.0,
2016-11-04 09:00:00,415.25,,146.17,208.68,386.33,137.45,30.96,3.28,,37.08,87.88,,,,,28.29,40.08,0.3,257.34,,0.0,418.42,740.0,
2016-11-04 10:00:00,453.33,,75.86,208.49,289.2,140.06,73.3,4.65,24.7,31.72,69.82,,,,,30.41,36.0,0.3,261.83,,0.0,420.16,740.0,
2016-11-04 11:00:00,427.17,,61.38,234.42,292.78,142.51,21.53,3.29,34.95,28.19,61.29,,,,,31.84,34.75,0.51,218.5,,0.0,420.5,740.0,
2016-11-04 12:00:00,426.62,,54.1,172.03,226.8,105.34,33.26,2.7,42.14,24.98,52.32,,,,,32.36,30.92,0.82,249.5,,0.0,418.42,740.0,
2016-11-04 13:00:00,319.83,975.0,111.83,139.33,276.96,84.55,29.75,2.08,34.52,11.24,24.92,,,,,32.88,23.79,0.8,249.62,,0.0,410.46,740.0,
2016-11-04 14:00:00,196.33,837.67,69.12,166.98,243.05,109.57,36.91,3.11,56.35,6.57,16.08,,,,,31.12,31.58,0.63,271.33,,0.0,396.42,740.0,
2016-11-04 15:00:00,284.62,737.0,55.57,177.28,233.96,141.66,46.96,3.59,35.44,13.16,35.7,,,,,29.09,41.42,0.43,217.92,,0.0,371.08,740.0,
2016-11-04 16:00:00,464.17,737.0,38.53,133.66,171.67,126.54,35.82,3.38,32.38,13.16,46.15,,,,,27.18,45.34,0.48,213.67,,0.0,262.16,740.0,
2016-11-04 17:00:00,428.33,770.17,53.48,151.96,208.42,122.32,35.57,4.08,21.65,13.23,30.46,,,,,25.48,49.84,0.32,160.42,,0.0,37.66,740.0,
2016-11-04 18:00:00,433.75,,131.55,166.32,327.86,120.46,32.82,5.04,23.37,16.81,43.12,,,,,24.36,54.5,0.36,104.66,,0.0,12.67,740.0,
2016-11-04 19:00:00,532.5,,296.48,160.82,366.72,120.6,32.46,5.28,23.51,19.57,50.5,,,,,23.18,57.75,0.3,175.42,,0.0,12.42,740.0,
2016-11-04 20:00:00,552.33,,422.48,172.8,,130.03,34.21,5.03,21.21,35.85,106.69,,,,,22.16,59.58,0.3,191.83,,0.0,12.75,740.0,
2016-11-04 21:00:00,599.33,,469.22,180.68,,157.44,31.46,6.61,25.68,23.11,59.44,,,,,21.17,62.33,0.3,204.0,,0.0,12.5,740.0,
2016-11-04 22:00:00,651.0,,,199.55,,171.12,34.21,5.81,30.67,25.58,70.77,,,,,20.64,63.17,0.3,205.75,,0.0,12.58,740.0,
2016-11-04 23:00:00,651.0,,,223.23,,167.48,36.12,5.06,28.08,23.33,64.94,,,,,20.4,63.92,0.3,206.0,,0.0,12.5,740.0,
2016-11-05 00:00:00,658.5,,476.6,163.08,,136.2,21.38,4.39,29.27,24.12,67.27,,,,,20.68,63.67,0.3,210.67,,0.0,12.67,740.0,
2016-11-05 01:00:00,696.0,,359.78,148.59,,130.25,14.84,4.77,24.9,23.24,57.15,,,,,20.22,63.92,0.3,218.71,,0.0,12.79,740.0,
2016-11-05 02:00:00,716.67,,432.55,151.96,,146.51,16.49,4.86,24.73,22.42,56.64,,,,,19.71,67.0,0.3,198.25,,0.0,12.75,740.0,
2016-11-05 03:00:00,820.0,,386.54,151.93,,154.1,15.36,4.19,24.49,22.23,56.36,,,,,19.36,68.83,0.3,187.17,,0.0,12.67,740.0,
2016-11-05 04:00:00,817.5,,240.46,132.78,446.59,170.65,11.86,3.28,22.22,16.59,38.22,,,,,18.76,71.25,0.32,255.67,,0.0,12.67,740.0,
2016-11-05 05:00:00,812.17,,218.1,120.16,404.72,178.93,11.48,2.77,19.98,12.28,22.64,,,,,18.45,72.67,0.3,261.25,,0.0,12.5,740.0,
2016-11-05 06:00:00,844.88,,296.88,125.68,366.06,170.53,18.37,2.53,18.1,9.76,15.84,,,,,18.34,72.5,0.31,244.54,,0.0,39.5,740.0,
2016-11-05 07:00:00,823.0,,434.48,146.01,,173.62,23.13,4.17,20.68,10.05,15.66,,,,,19.17,72.16,0.32,244.83,,0.0,259.5,740.0,
2016-11-05 08:00:00,812.17,,313.45,127.77,449.63,123.9,21.82,4.54,19.81,12.42,18.81,,,,,21.48,64.83,0.45,272.75,,0.0,386.75,740.0,
2016-11-05 09:00:00,752.83,,251.06,133.11,427.94,113.94,22.98,3.96,19.32,8.73,16.95,,,,,23.33,55.75,0.55,268.41,,0.0,404.58,740.0,
2016-11-05 10:00:00,754.17,,148.72,153.84,338.38,110.04,21.94,4.23,21.7,7.31,13.3,,,,,24.62,50.83,0.93,290.25,,0.0,413.08,740.0,
2016-11-05 11:00:00,890.0,,111.14,170.77,303.93,118.78,24.62,4.82,23.96,12.24,22.91,,,,,26.28,46.42,1.08,287.75,,0.0,418.5,740.0,
2016-11-05 12:00:00,,,134.05,186.2,348.36,141.17,31.95,5.28,26.21,12.61,26.39,,,,,27.4,43.04,1.17,292.75,,0.0,413.5,740.0,
2016-11-05 13:00:00,,,74.88,169.62,253.42,137.73,31.12,5.02,27.59,14.82,28.82,,,,,27.84,43.16,1.05,286.84,,0.0,410.58,740.0,
2016-11-05 14:00:00,,,104.38,160.59,285.52,128.58,30.4,4.65,26.22,15.34,29.85,,,,,28.0,43.25,0.84,278.0,,0.0,396.08,740.0,
2016-11-05 15:00:00,,,88.53,148.56,253.2,141.66,24.77,5.07,26.87,14.74,30.69,,,,,26.98,45.75,0.37,275.0,,0.0,365.0,740.0,
2016-11-05 16:00:00,,,192.48,153.59,399.64,136.79,23.0,6.04,20.85,14.29,26.01,,,,,25.71,47.83,0.31,290.66,,0.0,239.34,740.0,
2016-11-05 17:00:00,,,251.9,157.46,464.06,122.75,21.7,6.46,32.06,15.29,25.62,,,,,23.86,53.58,0.3,277.92,,0.0,37.84,740.0,
2016-11-05 18:00:00,,,254.85,159.69,387.35,118.28,19.95,6.32,21.29,16.58,29.38,,,,,22.33,59.5,0.3,219.0,,0.0,12.84,740.0,
2016-11-05 19:00:00,,,465.14,190.43,,119.78,26.52,9.3,19.07,20.79,42.33,,,,,21.35,63.67,0.3,214.75,,0.0,12.58,740.0,
2016-11-05 20:00:00,,,,210.73,,134.18,28.03,8.86,71.28,21.79,51.56,,,,,20.56,67.25,0.3,208.08,,0.0,12.25,740.0,
2016-11-05 21:00:00,,,,235.0,,156.82,30.1,10.22,189.1,21.17,51.99,,,,,20.11,69.84,0.3,218.0,,0.0,12.75,740.0,
2016-11-05 22:00:00,,,,218.08,,161.88,31.56,11.53,134.51,18.74,45.6,,,,,19.76,72.08,0.3,220.0,,0.0,12.75,740.0,
2016-11-05 23:00:00,,,,198.02,,167.14,35.72,9.42,106.23,24.32,67.99,,,,,19.18,74.0,0.3,218.5,,0.0,12.5,740.0,
2016-11-06 00:00:00,,,,169.54,,123.56,21.72,5.88,93.59,27.88,73.52,,,,,18.79,75.79,0.3,212.88,,0.0,12.54,740.0,
2016-11-06 01:00:00,,,,145.55,,113.01,14.34,5.26,57.91,26.25,66.93,,,,,18.52,76.0,0.3,243.58,,0.0,12.75,740.0,
2016-11-06 02:00:00,,,413.36,152.27,,128.68,9.8,3.58,35.93,21.31,52.3,,,,,18.23,75.91,0.3,170.83,,0.0,12.42,740.0,
2016-11-06 03:00:00,,,313.31,154.02,,154.83,1.84,1.88,27.68,19.63,41.59,,,,,18.12,74.25,0.3,222.33,,0.0,12.67,740.0,
2016-11-06 04:00:00,,,378.0,150.68,,170.12,6.45,2.68,23.42,21.15,43.88,,,,,17.57,74.92,0.3,219.17,,0.0,12.67,740.0,
2016-11-06 05:00:00,,,494.8,144.28,,185.53,8.94,2.76,22.57,24.21,49.38,,,,,17.42,76.5,0.3,203.96,,0.0,12.62,740.0,
2016-11-06 06:00:00,,,427.71,145.96,,179.59,6.16,1.08,18.23,19.29,39.69,,,,,17.19,77.0,0.3,223.08,,0.0,33.84,740.0,
2016-11-06 07:00:00,822.0,,389.34,152.9,,167.08,4.97,3.24,18.76,15.34,30.35,,,,,17.54,75.17,0.3,289.58,,0.0,247.75,740.0,
2016-11-06 08:00:00,825.0,,357.81,146.52,,133.06,6.17,4.99,18.66,14.8,29.53,,,,,19.82,69.75,0.3,276.5,,0.0,386.34,740.0,
2016-11-06 09:00:00,860.67,,304.93,157.0,466.7,123.9,4.9,5.14,23.42,18.98,41.78,,,,,22.55,59.58,0.31,267.25,,0.0,405.75,740.0,
2016-11-06 10:00:00,866.42,,166.42,189.06,394.0,114.46,4.58,4.14,21.83,28.38,53.52,,,,,25.02,50.34,0.3,284.42,,0.0,411.58,740.0,
2016-11-06 11:00:00,885.0,,90.72,215.46,315.85,118.64,3.25,5.61,22.03,35.64,63.85,,,,,26.67,46.38,0.31,237.79,,0.0,408.0,740.0,
2016-11-06 12:00:00,873.0,,114.02,222.78,354.22,151.04,23.4,6.06,22.61,40.15,83.98,,,,,27.4,44.34,0.32,285.33,,0.0,404.84,740.0,
2016-11-06 13:00:00,813.0,,86.66,219.22,313.65,154.88,26.72,6.53,27.66,20.68,44.01,,,,,28.65,41.92,0.31,266.33,,0.0,406.42,740.0,
2016-11-06 14:00:00,819.0,,77.32,213.22,295.53,146.78,28.95,6.44,26.59,22.14,50.84,,,,,28.88,41.33,0.32,222.42,,0.0,391.33,740.0,
2016-11-06 15:00:00,849.0,,50.0,219.23,263.58,150.23,31.57,5.86,24.49,22.34,49.44,,,,,27.78,43.5,0.35,189.5,,0.0,372.16,740.0,
2016-11-06 16:00:00,849.0,,48.0,182.34,227.99,135.82,24.88,5.65,22.82,21.48,44.19,,,,,26.0,49.34,0.3,155.08,,0.0,257.25,740.0,
2016-11-06 17:00:00,849.0,,221.07,199.1,385.09,130.28,19.08,6.9,19.77,22.46,47.76,,,,,23.34,58.84,0.3,114.08,,0.0,34.0,740.0,
2016-11-06 18:00:00,849.0,,389.1,220.58,,140.05,22.05,9.13,20.66,24.98,59.98,,,,,21.66,64.66,0.3,79.91,,0.0,12.67,740.0,
2016-11-06 19:00:00,849.0,,444.59,210.65,,140.97,24.68,12.48,23.14,49.06,196.28,,,,,21.34,67.33,0.31,86.34,,0.0,12.58,740.0,
2016-11-06 20:00:00,849.0,,,220.48,,159.44,30.85,12.24,22.61,55.65,274.73,,,,,20.21,68.92,0.3,140.75,,0.0,12.58,740.0,
2016-11-06 21:00:00,849.0,,,220.54,,183.17,33.83,12.99,26.58,49.12,147.42,,,,,19.55,71.16,0.3,213.67,,0.0,12.67,740.0,
2016-11-06 22:00:00,849.67,,,235.74,,189.78,40.18,11.15,31.69,28.89,78.28,,,,,19.08,73.75,0.3,214.92,,0.0,12.84,740.0,
2016-11-06 23:00:00,853.0,,,194.9,,185.75,37.41,7.15,33.58,31.35,82.28,,,,,18.67,75.5,0.3,221.0,,0.0,12.58,740.0,
2016-11-07 00:00:00,850.67,,430.89,122.98,,122.41,11.64,2.11,24.89,27.38,64.33,,,,,18.73,76.09,0.3,213.58,,0.0,12.5,740.0,
2016-11-07 01:00:00,839.0,,395.3,112.79,,103.87,11.32,6.59,19.99,27.46,61.81,,,,,18.28,76.09,0.3,221.0,,0.0,12.75,740.0,
2016-11-07 02:00:00,839.0,,462.91,125.7,,108.07,10.33,5.21,20.68,44.91,100.65,,,,,17.78,77.17,0.3,194.16,,0.0,12.58,740.0,
2016-11-07 03:00:00,839.0,,449.68,132.26,,118.42,8.26,3.69,19.85,41.7,90.63,,,,,17.7,77.25,0.3,122.0,,0.0,12.58,740.0,
2016-11-07 04:00:00,839.0,,491.97,149.28,,133.55,13.12,3.86,19.58,28.72,61.22,,,,,17.42,77.0,0.32,86.34,,0.0,12.5,740.0,
2016-11-07 05:00:00,839.0,,,144.04,,160.36,16.08,3.85,21.44,26.64,56.09,,,,,17.4,77.0,0.3,84.84,,0.0,12.67,740.0,
2016-11-07 06:00:00,839.0,,485.54,160.58,,175.42,13.35,3.09,21.92,21.18,47.61,,,,,16.87,77.0,0.3,216.0,,0.0,37.17,740.0,
2016-11-07 07:00:00,839.0,,445.29,159.58,,179.69,12.15,3.4,22.3,20.09,45.4,,,,,17.81,75.59,0.3,254.92,,0.0,281.08,740.0,
2016-11-07 08:00:00,827.33,,232.97,133.49,398.56,122.49,5.93,3.53,28.97,18.38,37.27,,,,,21.61,63.67,0.3,262.83,,0.0,396.0,740.0,
2016-11-07 09:00:00,769.0,,156.66,166.62,362.41,113.73,9.38,3.6,15.19,28.64,57.65,,,,,25.15,47.25,0.46,293.34,,0.0,415.33,740.0,
2016-11-07 10:00:00,738.33,,94.89,170.76,281.49,100.98,17.7,1.74,17.96,31.26,62.1,,,,,27.76,37.84,0.5,286.83,,0.0,421.0,740.0,
2016-11-07 11:00:00,539.17,,111.24,156.94,291.63,85.35,17.77,0.47,18.45,24.0,45.01,,,,,28.94,32.42,1.17,291.58,,0.0,424.0,740.0,
2016-11-07 12:00:00,295.67,748.17,66.48,139.91,215.38,83.02,27.67,0.43,19.12,18.33,40.32,,,,,29.27,31.16,1.3,283.08,,0.0,420.42,740.0,
2016-11-07 13:00:00,269.33,655.0,70.89,134.44,216.3,78.3,28.5,3.1,26.89,13.51,30.51,,,,,29.91,30.5,1.45,283.58,,0.0,411.92,740.0,
2016-11-07 14:00:00,253.33,696.33,75.03,134.19,221.98,72.49,25.0,2.8,31.3,6.83,14.41,,,,,29.87,26.42,1.66,287.09,,0.0,397.92,740.0,
2016-11-07 15:00:00,183.33,852.17,92.47,150.19,260.11,69.17,20.19,2.58,32.61,5.8,12.68,,,,,29.12,24.08,1.61,287.25,,0.0,362.67,740.0,
2016-11-07 16:00:00,148.67,595.0,166.99,153.86,365.18,75.71,22.03,2.73,24.18,6.68,16.02,,,,,27.69,26.21,0.91,291.12,,0.0,247.46,740.0,
2016-11-07 17:00:00,155.0,580.0,308.45,171.83,,78.82,26.14,3.52,16.29,12.68,27.26,,,,,25.48,31.33,0.31,278.5,,0.0,38.83,740.0,
2016-11-07 18:00:00,229.0,580.0,373.89,175.32,,83.32,31.55,4.49,14.84,13.75,36.95,,,,,23.46,36.16,0.3,256.92,,0.0,12.58,740.0,
2016-11-07 19:00:00,276.5,580.0,400.35,183.78,,84.74,30.96,4.89,15.32,15.84,43.9,,,,,22.84,38.5,0.3,265.91,,0.0,12.42,740.0,
2016-11-07 20:00:00,294.33,580.0,315.39,185.23,484.4,109.97,30.89,4.33,15.83,18.52,44.06,,,,,22.68,40.58,0.54,279.0,,0.0,12.84,740.0,
2016-11-07 21:00:00,345.0,580.0,189.45,162.48,403.45,137.83,32.2,2.81,22.98,15.14,31.75,,,,,23.23,40.25,1.18,284.25,,0.0,12.42,740.0,
2016-11-07 22:00:00,533.83,580.0,119.52,148.72,295.79,155.94,31.05,3.76,31.82,12.01,18.99,,,,,22.48,42.84,1.08,283.84,,0.0,12.5,740.0,
2016-11-07 23:00:00,638.0,580.0,82.39,141.2,238.32,153.7,29.92,4.38,31.58,17.72,24.33,,,,,21.94,44.5,1.38,285.83,,0.0,12.5,740.0,
2016-11-08 00:00:00,666.83,580.0,40.41,104.74,148.52,119.12,24.78,3.7,21.15,17.41,20.12,,,,,21.35,48.83,1.46,287.83,,0.0,12.58,740.0,
2016-11-08 01:00:00,806.83,580.0,25.87,102.34,126.47,114.28,20.6,3.58,14.91,16.26,16.82,,,,,20.6,53.16,1.41,286.25,,0.0,12.67,740.0,
2016-11-08 02:00:00,776.33,580.0,28.32,96.18,124.36,108.54,17.42,3.24,14.62,12.54,13.75,,,,,19.9,55.92,1.26,283.5,,0.0,12.33,740.0,
2016-11-08 03:00:00,718.83,580.0,29.36,91.61,121.74,108.42,16.53,3.06,14.21,12.98,13.0,,,,,19.33,58.0,1.26,287.42,,0.0,12.16,740.0,
2016-11-08 04:00:00,661.67,580.0,45.34,103.2,153.91,111.06,15.52,2.78,12.57,14.61,14.84,,,,,19.14,58.17,1.13,287.17,,0.0,12.5,740.0,
2016-11-08 05:00:00,593.0,580.0,60.32,107.75,178.32,119.47,14.45,2.58,13.27,16.65,17.96,,,,,18.74,58.83,1.22,285.25,,0.0,12.42,740.0,
2016-11-08 06:00:00,525.17,580.0,107.02,118.05,251.34,119.27,17.13,2.97,14.41,14.68,15.16,,,,,18.34,60.0,1.03,284.58,,0.0,43.67,740.0,
2016-11-08 07:00:00,479.67,580.0,187.6,134.87,376.06,117.39,20.76,3.82,13.53,12.12,12.76,,,,,19.55,57.42,1.03,278.67,,0.0,316.92,740.0,
2016-11-08 08:00:00,436.67,580.0,177.27,117.6,346.84,84.35,25.72,3.62,16.89,9.26,11.06,,,,,23.08,47.75,1.2,278.59,,0.0,410.67,740.0,
2016-11-08 09:00:00,374.38,607.83,123.13,130.98,284.8,78.16,32.06,3.02,15.56,9.01,11.6,,,,,25.48,40.75,1.32,281.5,,0.0,423.5,740.0,
2016-11-08 10:00:00,340.33,762.0,117.54,150.09,293.12,71.94,29.3,2.51,24.19,14.84,21.37,,,,,27.34,36.92,1.3,275.58,,0.0,428.34,740.0,
2016-11-08 11:00:00,353.17,828.67,109.8,159.92,292.41,61.92,33.37,2.84,32.7,13.98,22.19,,,,,28.63,33.17,1.59,277.75,,0.0,430.83,740.0,
2016-11-08 12:00:00,279.0,765.0,65.21,132.75,207.17,48.16,26.54,2.89,46.14,13.06,21.77,,,,,29.62,30.66,1.65,274.92,,0.0,427.75,740.0,
2016-11-08 13:00:00,246.17,652.0,50.86,124.33,180.23,45.47,21.12,3.0,53.11,7.18,10.9,,,,,30.02,27.75,1.74,284.83,,0.0,413.75,740.0,
2016-11-08 14:00:00,201.67,650.17,72.75,128.33,213.69,41.66,19.47,2.77,51.85,6.19,9.35,,,,,30.04,24.75,1.63,281.5,,0.0,400.08,740.0,
2016-11-08 15:00:00,172.0,676.17,78.42,146.82,237.86,44.78,18.02,2.6,57.31,6.16,10.18,,,,,29.01,24.88,1.64,285.29,,0.0,367.21,740.0,
2016-11-08 16:00:00,161.67,491.83,159.38,157.88,358.24,53.79,23.16,3.38,33.41,6.19,11.19,,,,,27.56,27.92,0.78,285.66,,0.0,268.42,740.0,
2016-11-08 17:00:00,198.33,653.5,261.76,182.79,478.4,56.04,29.46,4.94,15.12,11.38,23.72,,,,,24.9,33.84,0.3,262.59,,0.0,39.67,740.0,
2016-11-08 18:00:00,278.83,,327.98,192.71,,64.03,28.45,5.98,14.97,17.08,35.05,,,,,22.59,39.75,0.3,217.25,,0.0,12.5,740.0,
2016-11-08 19:00:00,346.17,,397.66,188.34,,67.53,27.54,7.06,17.05,21.95,52.87,,,,,21.73,42.0,0.3,227.83,,0.0,12.75,740.0,
2016-11-08 20:00:00,337.0,,383.29,198.62,,79.53,29.13,6.77,15.45,22.77,63.21,,,,,21.66,41.08,0.3,248.58,,0.0,12.34,740.0,
2016-11-08 21:00:00,348.83,,456.69,194.12,,89.61,33.55,6.14,16.57,20.41,50.38,,,,,21.69,39.08,0.3,272.25,,0.0,12.5,740.0,
2016-11-08 22:00:00,413.67,,397.52,183.08,,100.01,33.86,4.88,19.79,14.88,31.2,,,,,21.12,39.33,0.3,273.42,,0.0,12.33,740.0,
2016-11-08 23:00:00,448.0,,292.35,169.31,412.27,108.06,31.02,3.56,24.48,16.84,31.32,,,,,20.57,40.75,0.32,280.5,,0.0,12.58,740.0,
2016-11-09 00:00:00,476.17,,218.18,136.98,420.05,80.25,22.65,3.61,28.61,23.19,38.15,,,,,19.85,42.5,0.3,225.33,,0.0,12.25,740.0,
2016-11-09 01:00:00,467.0,,193.78,125.16,333.2,75.17,17.3,3.28,20.24,20.49,32.71,,,,,18.55,46.5,0.3,214.92,,0.0,12.75,740.0,
2016-11-09 02:00:00,471.67,,109.44,108.14,245.85,74.29,13.23,3.51,17.23,15.03,23.57,,,,,18.29,47.54,0.3,259.42,,0.0,12.58,740.0,
2016-11-09 03:00:00,490.67,,145.27,108.4,294.88,77.22,12.98,3.08,14.62,13.2,20.94,,,,,17.79,48.09,0.3,258.0,,0.0,12.58,740.0,
2016-11-09 04:00:00,471.33,,261.94,130.32,449.14,84.61,14.37,3.42,15.41,13.38,22.8,,,,,16.26,54.42,0.3,221.33,,0.0,12.5,740.0,
2016-11-09 05:00:00,490.67,,283.78,126.13,451.33,95.74,14.36,3.42,15.95,20.18,36.18,,,,,16.07,55.67,0.3,236.08,,0.0,12.08,740.0,
2016-11-09 06:00:00,534.5,,376.13,136.34,,101.19,16.09,4.14,19.49,17.87,29.07,,,,,15.81,56.25,0.3,239.17,,0.0,41.0,740.0,
2016-11-09 07:00:00,552.0,,396.09,141.38,,101.52,17.43,4.17,15.4,16.52,22.95,,,,,17.23,55.67,0.3,267.75,,0.0,320.75,740.0,
2016-11-09 08:00:00,488.17,,319.82,138.52,,73.45,21.22,3.57,15.55,11.14,17.43,,,,,21.68,45.08,0.39,261.5,,0.0,410.16,740.0,
2016-11-09 09:00:00,419.0,,216.21,160.77,409.22,75.52,26.59,3.74,10.34,15.1,21.73,,,,,24.53,39.08,0.66,256.75,,0.0,422.83,740.0,
2016-11-09 10:00:00,419.0,897.67,111.14,185.98,316.0,62.04,22.89,3.02,16.49,19.22,27.26,,,,,27.15,35.08,0.66,244.33,,0.0,424.92,740.0,
2016-11-09 11:00:00,419.0,801.0,109.98,215.47,342.19,63.49,29.88,3.79,32.26,22.72,33.42,,,,,29.36,31.5,0.59,268.75,,0.0,424.33,740.0,
2016-11-09 12:00:00,419.0,801.0,62.08,189.08,253.34,53.12,33.22,3.03,71.93,18.42,32.98,,,,,30.46,27.0,1.12,277.66,,0.0,422.42,740.0,
2016-11-09 13:00:00,419.0,773.5,113.62,193.82,328.56,50.8,32.47,3.12,63.78,9.33,18.78,,,,,30.78,26.25,1.23,278.42,,0.0,410.0,740.0,
2016-11-09 14:00:00,419.0,649.17,109.56,183.13,312.74,58.92,26.93,2.76,62.86,8.8,15.76,,,,,30.27,26.5,1.3,271.46,,0.0,397.38,740.0,
2016-11-09 15:00:00,419.0,689.33,122.22,171.42,319.65,55.68,22.13,2.52,58.83,6.91,13.15,,,,,29.65,24.58,1.37,286.59,,0.0,343.0,740.0,
2016-11-09 16:00:00,419.0,570.83,237.08,184.26,442.84,63.52,29.51,3.23,35.28,7.39,15.28,,,,,28.24,26.92,0.7,288.42,,0.0,276.33,740.0,
2016-11-09 17:00:00,419.0,620.0,287.1,192.27,491.47,65.74,30.2,4.34,12.05,10.76,24.62,,,,,24.96,33.67,0.3,211.0,,0.0,41.34,740.0,
2016-11-09 18:00:00,419.0,620.0,469.81,196.28,,71.76,31.33,6.76,13.48,16.75,37.66,,,,,22.45,41.0,0.3,191.0,,0.0,12.42,740.0,
2016-11-09 19:00:00,414.75,620.0,,204.78,,78.99,30.03,6.4,17.32,25.78,55.18,,,,,21.36,44.58,0.3,208.42,,0.0,12.71,740.0,
2016-11-09 20:00:00,397.17,620.0,491.84,218.14,,93.92,26.16,4.51,15.24,31.44,66.37,,,,,20.92,43.58,0.3,219.67,,0.0,12.58,740.0,
2016-11-09 21:00:00,373.17,620.0,408.85,211.35,,107.33,27.74,3.61,15.56,28.55,60.26,,,,,21.45,38.75,0.31,226.92,,0.0,12.33,740.0,
2016-11-09 22:00:00,376.5,620.0,403.12,189.52,,120.02,24.34,4.06,21.37,21.38,54.43,,,,,20.38,43.08,0.32,69.75,,0.0,12.5,740.0,
2016-11-09 23:00:00,389.0,620.0,393.9,205.11,,140.25,29.28,5.35,52.95,19.48,106.62,,,,,18.58,50.41,0.3,69.0,,0.0,12.33,740.0,
2016-11-10 00:00:00,409.17,620.0,,170.92,,105.86,19.82,3.0,33.21,24.45,84.93,,,,,17.53,55.5,0.3,115.0,,0.0,12.67,740.0,
2016-11-10 01:00:00,502.67,620.0,444.32,159.62,,100.63,18.23,4.72,16.81,23.12,73.32,,,,,17.08,57.84,0.3,117.25,,0.0,12.58,740.0,
2016-11-10 02:00:00,489.17,620.0,,159.4,,105.0,18.84,4.95,19.98,23.04,60.34,,,,,16.63,59.83,0.3,207.5,,0.0,12.58,740.0,
2016-11-10 03:00:00,589.5,620.0,437.93,141.28,,110.58,12.88,2.87,16.84,19.32,45.53,,,,,16.54,58.83,0.3,213.33,,0.0,12.16,740.0,
2016-11-10 04:00:00,519.5,620.0,466.42,159.73,,119.09,14.04,3.01,16.99,18.16,40.38,,,,,16.04,59.67,0.3,202.08,,0.0,12.75,740.0,
2016-11-10 05:00:00,559.17,620.0,458.79,150.96,,129.65,12.61,3.09,18.43,22.82,50.17,,,,,15.52,59.42,0.3,230.17,,0.0,12.58,740.0,
2016-11-10 06:00:00,561.17,620.0,,151.08,,125.01,16.74,3.34,15.35,20.16,39.97,,,,,15.18,58.92,0.3,207.58,,0.0,42.58,740.0,
2016-11-10 07:00:00,495.5,620.0,406.96,145.07,,123.48,14.79,1.62,13.28,17.13,30.59,,,,,17.58,52.0,0.3,240.75,,0.0,323.83,740.0,
2016-11-10 08:00:00,369.67,620.0,247.42,128.76,416.38,89.11,16.17,0.74,14.08,10.42,20.6,,,,,22.38,38.42,0.37,265.92,,0.0,409.66,740.0,
2016-11-10 09:00:00,276.83,633.17,176.14,143.4,368.36,77.6,27.65,0.63,11.28,8.65,19.51,,,,,25.58,32.08,0.48,262.66,,0.0,419.75,740.0,
2016-11-10 10:00:00,272.83,693.33,117.93,196.12,335.32,65.24,25.14,0.84,13.81,8.79,20.04,,,,,28.61,29.5,0.51,240.42,,0.0,422.5,740.0,
2016-11-10 11:00:00,274.67,630.0,56.22,186.54,243.04,66.51,33.01,0.5,16.33,9.47,25.49,,,,,30.39,27.34,0.78,208.75,,0.0,422.58,740.0,
2016-11-10 12:00:00,237.5,455.0,31.86,165.63,191.12,66.68,36.99,1.71,30.61,8.7,25.8,,,,,31.78,23.66,0.57,220.0,,0.0,416.42,740.0,
2016-11-10 13:00:00,238.5,467.67,63.44,173.86,241.6,56.54,37.76,3.05,51.64,7.15,16.93,,,,,32.52,20.75,0.51,232.75,,0.0,406.0,740.0,
2016-11-10 14:00:00,245.67,517.17,26.49,146.94,167.1,53.89,37.5,2.5,75.32,5.77,11.72,,,,,31.63,19.5,0.7,184.17,,0.0,394.17,740.0,
2016-11-10 15:00:00,195.67,467.33,74.28,216.22,294.03,66.1,33.6,2.91,28.96,6.72,15.11,,,,,30.0,21.75,0.36,202.33,,0.0,362.33,740.0,
2016-11-10 16:00:00,204.5,588.83,70.32,198.76,273.12,72.25,33.95,3.26,17.54,7.08,18.11,,,,,27.89,25.42,0.31,98.25,,0.0,266.17,740.0,
2016-11-10 17:00:00,207.0,713.0,251.14,220.58,357.78,78.07,37.06,5.78,15.42,10.94,35.02,,,,,25.27,32.67,0.31,55.33,,0.0,36.33,740.0,
2016-11-10 18:00:00,249.33,713.0,414.6,236.78,,84.91,47.91,8.19,91.79,17.48,79.63,,,,,23.38,38.0,0.31,41.75,,0.0,12.67,740.0,
2016-11-10 19:00:00,476.0,713.0,,248.28,,90.28,46.51,9.74,,21.56,130.65,,,,,21.42,45.58,0.3,217.42,,0.0,12.58,740.0,
2016-11-10 20:00:00,556.67,713.0,,268.93,,105.24,45.51,7.95,,21.0,153.09,,,,,20.08,49.92,0.3,239.34,,0.0,12.92,740.0,
2016-11-10 21:00:00,585.0,713.0,,297.18,,122.66,50.64,7.52,213.75,37.85,145.54,,,,,19.37,53.66,0.3,224.0,,0.0,12.5,740.0,
2016-11-10 22:00:00,585.0,713.0,,276.67,,139.23,41.78,7.94,140.17,42.05,142.54,,,,,18.68,56.0,0.3,222.75,,0.0,12.66,740.0,
2016-11-10 23:00:00,585.0,713.0,,265.6,,151.74,43.92,9.43,106.62,44.58,129.07,,,,,18.1,59.16,0.3,220.67,,0.0,12.42,740.0,
2016-11-11 00:00:00,575.33,713.0,,237.78,,105.34,23.85,7.05,83.52,50.02,126.32,,,,,18.21,61.66,0.3,263.59,,0.0,12.42,740.0,
2016-11-11 01:00:00,527.0,713.0,,204.37,,99.72,21.22,4.83,69.29,42.46,190.84,,,,,17.44,64.33,0.3,208.42,,0.0,12.5,740.0,
2016-11-11 02:00:00,536.33,713.0,,175.06,,103.72,13.94,2.6,99.61,28.59,188.84,,,,,17.19,65.75,0.3,168.67,,0.0,12.58,740.0,
2016-11-11 03:00:00,580.67,713.0,,156.14,,107.62,15.48,3.04,149.5,27.22,170.26,,,,,16.85,67.5,0.3,132.66,,0.0,12.58,740.0,
2016-11-11 04:00:00,577.5,713.0,,160.58,,125.48,17.46,2.86,105.9,27.19,151.54,,,,,16.37,70.09,0.3,91.33,,0.0,12.67,740.0,
2016-11-11 05:00:00,604.67,713.0,,151.49,,143.4,9.52,0.25,40.69,34.38,193.44,,,,,16.61,68.25,0.31,94.33,,0.0,12.5,740.0,
2016-11-11 06:00:00,524.67,713.0,458.52,137.91,,145.38,12.14,,32.93,26.86,150.48,,,,,16.42,65.46,0.4,57.38,,0.0,37.33,740.0,
2016-11-11 07:00:00,526.0,713.0,,167.99,,150.42,19.93,4.64,35.9,19.24,160.78,,,,,17.64,65.25,0.3,56.75,,0.0,294.5,740.0,
2016-11-11 08:00:00,597.0,713.0,218.92,174.05,383.56,113.52,21.64,3.49,22.52,17.7,114.35,,,,,21.84,50.08,1.02,87.0,,0.0,403.0,740.0,
2016-11-11 09:00:00,470.17,713.0,53.89,201.88,253.46,107.44,92.01,2.72,14.18,21.04,74.8,,,,,24.05,41.84,1.55,107.25,,0.0,419.5,740.0,
2016-11-11 10:00:00,311.0,685.83,7.58,134.7,130.31,78.02,90.52,1.28,17.07,21.26,93.14,,,,,26.46,35.08,1.82,123.25,,0.0,426.5,740.0,
2016-11-11 11:00:00,299.67,540.5,6.57,117.29,113.45,79.32,89.79,2.0,19.64,18.17,63.24,,,,,28.37,30.25,1.88,124.92,,0.0,427.08,740.0,
2016-11-11 12:00:00,241.67,489.33,4.89,93.32,89.83,78.02,90.02,2.88,22.85,10.78,33.4,,,,,29.25,28.5,2.16,119.92,,0.0,423.75,740.0,
2016-11-11 13:00:00,231.17,471.0,3.93,82.87,79.22,93.39,77.22,2.72,30.07,7.93,21.9,,,,,29.76,27.5,1.91,118.58,,0.0,411.33,740.0,
2016-11-11 14:00:00,207.0,453.67,2.21,77.41,71.98,96.43,65.93,2.92,41.43,8.64,21.56,,,,,29.81,26.67,1.69,133.58,,0.0,400.92,740.0,
2016-11-11 15:00:00,179.83,364.0,3.56,103.13,96.72,96.06,54.39,2.91,47.03,4.87,12.92,,,,,29.32,26.42,1.08,128.83,,0.0,366.08,740.0,
2016-11-11 16:00:00,175.83,373.0,7.42,139.18,134.16,100.8,54.6,3.68,30.08,5.79,18.45,,,,,27.92,30.0,0.68,110.42,,0.0,255.92,740.0,
2016-11-11 17:00:00,223.33,553.17,75.23,167.94,252.36,100.2,51.65,5.22,16.92,8.9,19.48,,,,,25.61,36.04,0.51,94.92,,0.0,35.04,740.0,
2016-11-11 18:00:00,282.5,817.67,94.84,175.42,285.8,104.92,45.25,5.4,14.41,14.04,32.68,,,,,24.7,39.92,0.78,89.67,,0.0,12.66,740.0,
2016-11-11 19:00:00,248.83,639.83,112.56,164.02,299.85,108.21,35.93,6.1,15.28,11.35,43.7,,,,,23.17,44.92,0.47,81.92,,0.0,12.58,740.0,
2016-11-11 20:00:00,288.67,659.0,360.57,180.04,,119.74,34.07,8.7,17.06,13.81,63.58,,,,,22.1,49.58,0.48,63.5,,0.0,12.58,740.0,
2016-11-11 21:00:00,414.17,659.0,,189.46,,144.11,36.13,9.38,19.77,17.93,119.28,,,,,21.02,53.0,0.41,58.5,,0.0,12.33,740.0,
2016-11-11 22:00:00,513.5,659.0,,209.92,,150.26,38.5,6.92,22.48,15.62,116.95,,,,,19.37,57.33,0.3,198.92,,0.0,12.58,740.0,
2016-11-11 23:00:00,456.0,659.0,,197.89,,158.0,35.6,4.76,22.58,17.26,88.1,,,,,18.5,62.0,0.3,149.5,,0.0,12.84,740.0,
2016-11-12 00:00:00,452.0,659.0,,138.48,,116.61,20.55,4.39,26.85,17.53,93.44,,,,,18.22,64.17,0.3,205.25,,0.0,12.42,740.0,
2016-11-12 01:00:00,436.0,659.0,497.18,144.04,,113.92,16.59,3.74,59.11,18.12,99.36,,,,,17.63,66.09,0.3,116.83,,0.0,12.66,740.0,
2016-11-12 02:00:00,456.83,659.0,,147.61,,122.14,15.66,4.33,82.15,15.28,120.4,,,,,17.05,68.17,0.3,264.33,,0.0,12.58,740.0,
2016-11-12 03:00:00,465.33,659.0,473.39,137.76,,122.96,13.85,2.97,61.8,14.27,135.89,,,,,16.6,69.5,0.3,215.83,,0.0,12.58,740.0,
2016-11-12 04:00:00,491.0,659.0,434.35,146.08,,127.44,11.67,2.05,37.61,14.54,140.37,,,,,16.13,70.5,0.3,156.5,,0.0,12.5,740.0,
2016-11-12 05:00:00,511.0,659.0,,147.26,,144.71,16.52,3.15,39.5,13.39,109.55,,,,,16.2,70.83,0.3,75.0,,0.0,12.5,740.0,
2016-11-12 06:00:00,509.62,659.0,,146.0,,153.45,18.56,3.66,49.65,13.37,127.92,,,,,15.86,71.75,0.3,257.75,,0.0,37.08,740.0,
2016-11-12 07:00:00,502.5,659.0,,153.14,,163.52,17.42,3.62,35.95,15.36,99.35,,,,,18.08,70.08,0.3,127.08,,0.0,297.67,740.0,
2016-11-12 08:00:00,477.83,659.0,164.24,146.5,351.59,120.48,12.39,0.67,21.76,14.38,62.89,,,,,22.37,51.25,0.92,96.42,,0.0,405.25,740.0,
2016-11-12 09:00:00,292.0,635.83,29.42,155.46,178.67,119.13,45.38,0.47,10.72,13.32,47.89,,,,,24.04,43.92,1.65,99.5,,0.0,425.66,740.0,
2016-11-12 10:00:00,283.88,510.38,1.86,100.76,92.34,85.74,64.64,,17.83,17.08,57.06,,,,,25.98,38.17,1.98,108.17,,0.0,432.17,740.0,
2016-11-12 11:00:00,220.0,443.0,3.12,87.39,82.16,77.05,83.58,2.83,16.02,9.41,25.12,,,,,28.44,32.67,1.67,158.25,,0.0,431.42,740.0,
2016-11-12 12:00:00,185.0,433.67,7.9,78.19,60.98,89.3,64.54,4.15,15.68,5.43,14.43,,,,,28.91,28.83,2.52,113.67,,0.0,430.08,740.0,
2016-11-12 13:00:00,193.0,387.33,5.51,65.59,65.94,92.64,76.08,4.22,20.59,6.08,14.16,,,,,29.76,28.17,1.75,124.34,,0.0,414.75,740.0,
2016-11-12 14:00:00,194.0,429.5,2.9,67.72,64.28,104.68,43.12,3.11,77.84,5.02,13.14,,,,,29.36,28.33,1.94,119.33,,0.0,400.25,740.0,
2016-11-12 15:00:00,194.0,592.17,2.39,74.54,69.71,97.56,35.65,3.47,101.06,4.08,12.12,,,,,28.83,26.5,2.05,111.33,,0.0,363.75,740.0,
2016-11-12 16:00:00,165.83,407.17,10.12,132.05,131.45,89.58,32.9,4.06,60.23,4.47,14.61,,,,,27.69,29.54,1.06,104.79,,0.0,241.38,740.0,
2016-11-12 17:00:00,161.83,511.17,67.39,182.88,254.95,85.47,45.74,5.56,17.34,6.86,22.73,,,,,26.09,33.42,0.86,99.42,,0.0,30.67,740.0,
2016-11-12 18:00:00,232.17,696.0,111.33,179.39,311.78,86.74,43.41,7.13,14.78,10.14,33.93,,,,,24.91,36.16,0.99,93.67,,0.0,12.58,740.0,
2016-11-12 19:00:00,282.0,736.67,117.7,169.88,312.07,88.25,41.84,7.19,13.25,10.43,37.9,,,,,24.36,37.83,1.12,91.08,,0.0,12.5,740.0,
2016-11-12 20:00:00,266.67,655.0,308.13,181.3,399.43,99.18,49.1,8.95,14.32,12.09,63.99,,,,,23.22,41.17,0.8,69.33,,0.0,12.58,740.0,
2016-11-12 21:00:00,334.67,655.0,298.48,182.46,354.13,111.3,43.65,7.88,12.86,12.6,75.91,,,,,22.52,43.83,0.55,112.83,,0.0,12.58,740.0,
2016-11-12 22:00:00,309.0,655.0,283.25,173.94,432.5,116.34,60.62,8.69,51.87,12.92,43.45,,,,,21.41,47.66,0.46,131.25,,0.0,12.25,740.0,
2016-11-12 23:00:00,309.5,655.0,247.02,162.1,377.63,114.02,52.92,7.42,64.52,11.46,86.21,,,,,21.09,47.75,0.6,116.17,,0.0,12.33,740.0,
2016-11-13 00:00:00,317.5,655.0,288.6,147.99,333.77,101.18,34.95,4.38,35.22,14.44,38.17,,,,,20.06,51.25,0.48,147.58,,0.0,12.42,740.0,
2016-11-13 01:00:00,432.0,646.5,134.89,135.32,304.77,91.09,27.31,3.25,26.61,12.01,40.26,,,,,20.01,51.58,0.38,111.42,,0.0,12.42,740.0,
2016-11-13 02:00:00,253.67,604.0,335.49,139.29,364.83,103.06,32.3,3.99,180.13,9.69,48.39,,,,,18.44,58.25,0.3,86.17,,0.0,12.33,740.0,
2016-11-13 03:00:00,310.17,647.0,373.54,137.41,,111.66,31.2,4.08,119.08,10.96,57.2,,,,,18.39,60.16,0.31,170.33,,0.0,12.58,740.0,
2016-11-13 04:00:00,306.17,862.0,223.05,120.88,289.83,128.28,34.09,3.7,58.05,12.98,55.26,,,,,17.77,61.5,0.45,86.75,,0.0,12.58,740.0,
2016-11-13 05:00:00,326.5,814.67,149.72,95.12,289.21,150.8,110.76,,89.66,9.92,52.53,,,,,17.21,61.0,0.56,114.42,,0.0,12.58,740.0,
2016-11-13 06:00:00,302.5,591.17,155.16,99.63,300.62,140.2,150.51,,48.49,9.36,40.3,,,,,17.25,60.58,0.36,148.83,,0.0,38.34,740.0,
2016-11-13 07:00:00,316.67,657.0,208.27,107.24,379.98,135.22,138.78,,26.59,10.88,38.43,,,,,18.73,57.25,0.62,77.5,,0.0,310.83,740.0,
2016-11-13 08:00:00,294.33,657.0,109.58,107.28,245.21,96.84,154.32,,125.75,10.79,56.37,,,,,21.52,49.17,0.82,104.75,,0.0,409.42,740.0,
2016-11-13 09:00:00,268.75,657.0,35.84,109.4,146.39,88.76,127.43,3.55,41.28,10.3,43.92,,,,,24.32,41.91,1.32,108.75,,0.0,423.25,740.0,
2016-11-13 10:00:00,269.17,632.33,4.84,80.74,78.51,73.46,39.9,2.36,56.53,9.11,28.8,,,,,26.61,35.58,2.09,114.5,,0.0,429.67,740.0,
2016-11-13 11:00:00,217.5,480.67,4.62,71.15,69.71,64.31,42.63,2.56,89.3,5.8,15.92,,,,,28.53,31.75,1.98,120.92,,0.0,430.08,740.0,
2016-11-13 12:00:00,152.5,343.5,6.33,60.88,62.9,52.47,39.99,2.13,105.71,5.15,10.93,,,,,29.72,29.92,1.71,134.17,,0.0,426.17,740.0,
2016-11-13 13:00:00,137.67,350.17,10.62,60.88,68.76,52.91,33.98,2.15,118.87,4.49,10.19,,,,,30.24,28.33,1.66,164.83,,0.0,411.83,740.0,
2016-11-13 14:00:00,126.67,284.33,19.04,76.5,94.16,54.52,33.82,1.99,129.05,7.49,17.08,,,,,30.28,28.25,1.11,171.83,,0.0,397.83,740.0,
2016-11-13 15:00:00,131.33,349.0,5.52,76.8,75.94,60.27,31.39,3.72,131.93,7.39,18.93,,,,,29.25,29.16,0.69,184.84,,0.0,359.66,740.0,
2016-11-13 16:00:00,138.33,367.5,8.28,123.07,120.94,79.41,29.43,4.51,78.35,6.18,16.12,,,,,27.64,32.08,0.55,133.08,,0.0,241.16,740.0,
2016-11-13 17:00:00,154.5,551.33,139.09,177.47,174.62,83.02,35.77,6.58,27.57,7.1,15.86,,,,,25.58,38.34,0.52,127.0,,0.0,31.08,740.0,
2016-11-13 18:00:00,249.67,758.0,428.24,194.72,,89.96,36.35,8.84,26.04,13.6,34.03,,,,,23.46,45.83,0.43,173.17,,0.0,12.75,740.0,
2016-11-13 19:00:00,360.5,758.0,388.65,186.15,,97.89,30.85,9.74,32.09,18.06,56.44,,,,,22.7,49.84,0.3,93.75,,0.0,12.75,740.0,
2016-11-13 20:00:00,351.5,758.0,479.3,196.71,,122.58,38.67,5.7,74.49,18.87,100.38,,,,,21.82,52.08,0.3,155.83,,0.0,12.42,740.0,
2016-11-13 21:00:00,376.83,758.0,443.47,181.96,,162.24,34.69,5.14,83.04,18.96,73.49,,,,,21.0,55.17,0.3,170.42,,0.0,12.58,740.0,
2016-11-13 22:00:00,411.67,758.0,473.68,178.42,,168.77,32.36,5.61,55.23,19.28,52.85,,,,,20.36,57.75,0.3,169.17,,0.0,12.67,740.0,
2016-11-13 23:00:00,384.83,758.0,447.1,166.07,,159.02,30.66,4.88,99.25,19.58,50.92,,,,,19.67,60.33,0.3,161.25,,0.0,12.58,740.0,
2016-11-14 00:00:00,344.33,758.0,482.17,138.04,,120.22,21.88,3.26,59.98,19.28,48.82,,,,,19.14,62.66,0.3,143.67,,0.0,12.42,740.0,
2016-11-14 01:00:00,271.0,758.0,,132.85,,111.9,19.96,3.45,63.18,18.82,45.83,,,,,18.82,64.5,0.32,95.16,,0.0,13.0,740.0,
2016-11-14 02:00:00,,,,,,,,,,,,,,,,,,,,,0.0,,,
2016-11-14 03:00:00,,,,,,,,,,,,,,,,,,,,,0.0,,,
2016-11-14 04:00:00,,,,,,,,,,,,,,,,,,,,,0.0,,,
2016-11-14 05:00:00,,,,,,,,,,,,,,,,,,,,,0.0,,,
2016-11-14 06:00:00,,,,,,,,,,,,,,,,,,,,,0.0,,,
2016-11-14 07:00:00,,,,,,,,,,,,,,,,,,,,,0.0,,,
2016-11-14 08:00:00,,,,,,,,,,,,,,,,,,,,,0.0,,,
2016-11-14 09:00:00,,,,,,,,,,,,,,,,,,,,,0.0,,,
2016-11-14 10:00:00,,,,,,,,,,,,,,,,,,,,,0.0,,,
2016-11-14 11:00:00,,,,,,,,,,,,,,,,,,,,,0.0,,,
2016-11-14 12:00:00,,,,,,,,,,,,,,,,,,,,,0.0,,,
2016-11-14 13:00:00,,,,,,,,,,,,,,,,,,,,,0.0,,,
2016-11-14 14:00:00,106.17,369.33,45.76,85.02,138.36,57.68,27.1,1.3,118.82,3.26,8.24,,,,,30.7,23.75,0.7,226.0,,0.0,394.5,740.0,
2016-11-14 15:00:00,75.0,366.17,42.69,100.02,147.55,59.83,33.16,1.24,84.38,3.77,9.73,,,,,28.76,27.84,0.83,202.0,,0.0,363.42,740.0,
2016-11-14 16:00:00,113.5,488.67,75.39,126.72,215.89,58.54,30.08,1.68,32.7,3.66,8.21,,,,,27.05,30.25,0.52,157.58,,0.0,229.83,740.0,
2016-11-14 17:00:00,113.5,597.0,93.45,115.03,230.18,61.04,29.56,2.45,19.1,6.45,15.71,,,,,25.08,35.17,0.43,144.33,,0.0,32.16,740.0,
2016-11-14 18:00:00,158.5,,145.23,111.52,297.77,63.92,32.83,3.47,20.75,9.11,20.61,,,,,23.65,38.84,0.38,82.42,,0.0,12.58,740.0,
2016-11-14 19:00:00,199.17,,137.04,113.23,288.05,69.25,32.73,3.86,20.24,13.77,25.94,,,,,22.66,41.25,0.31,104.08,,0.0,12.58,740.0,
2016-11-14 20:00:00,219.0,597.0,178.27,112.74,343.94,74.1,32.27,4.22,19.1,14.16,28.06,,,,,21.66,44.54,0.3,78.0,,0.0,12.46,740.0,
2016-11-14 21:00:00,259.5,,331.77,129.65,,97.11,39.52,4.64,31.7,15.51,52.57,,,,,20.59,47.58,0.3,68.5,,0.0,12.42,740.0,
2016-11-14 22:00:00,354.5,,302.38,138.45,429.23,108.73,38.55,3.93,69.88,12.78,58.44,,,,,19.62,50.58,0.39,120.08,,0.0,12.67,740.0,
2016-11-14 23:00:00,307.67,859.0,358.97,111.18,474.63,92.38,33.65,4.05,73.56,13.56,47.19,,,,,19.28,52.92,0.36,149.0,,0.0,12.58,740.0,
2016-11-15 00:00:00,271.17,859.0,446.23,109.07,,93.85,22.48,4.82,36.06,15.47,38.76,,,,,18.55,57.17,0.42,148.42,,0.0,12.58,740.0,
2016-11-15 01:00:00,324.62,,364.29,108.23,438.75,103.6,19.99,14.65,34.12,18.2,37.39,,,,,17.89,59.25,0.3,191.12,,0.0,12.42,740.0,
2016-11-15 02:00:00,336.83,754.33,350.72,96.18,435.37,111.43,18.1,9.51,22.04,17.72,36.01,,,,,17.3,61.67,0.3,159.67,,0.0,12.42,740.0,
2016-11-15 03:00:00,323.5,658.0,399.44,118.66,,114.76,21.51,4.88,20.92,19.61,35.02,,,,,16.76,63.5,0.3,200.08,,0.0,12.16,740.0,
2016-11-15 04:00:00,396.17,896.12,394.51,109.46,477.93,125.74,20.88,5.13,19.9,21.12,38.63,,,,,16.55,64.17,0.3,210.0,,0.0,12.5,740.0,
2016-11-15 05:00:00,336.0,708.0,,120.18,,124.74,26.25,4.1,21.31,18.39,40.75,,,,,16.34,64.67,0.3,215.33,,0.0,12.5,740.0,
2016-11-15 06:00:00,405.67,,397.97,103.22,,124.92,18.05,2.97,19.32,16.34,36.3,,,,,16.26,63.0,0.3,159.42,,0.0,33.08,740.0,
2016-11-15 07:00:00,415.83,,446.63,119.38,,125.02,21.41,2.57,21.69,16.71,35.78,,,,,17.75,61.75,0.3,218.25,,0.0,298.09,740.0,
2016-11-15 08:00:00,458.33,,269.64,124.5,429.97,115.84,27.75,1.61,18.46,16.38,35.84,,,,,22.63,46.92,0.3,262.17,,0.0,405.83,740.0,
2016-11-15 09:00:00,375.67,,104.32,145.4,272.06,98.98,44.02,0.73,15.74,13.29,28.42,,,,,25.67,37.08,0.3,279.08,,0.0,418.5,740.0,
2016-11-15 10:00:00,363.67,726.0,75.16,137.7,224.69,69.01,30.06,,29.49,12.08,26.18,,,,,27.79,32.08,0.49,223.33,,0.0,424.5,740.0,
2016-11-15 11:00:00,284.67,750.67,69.29,128.44,209.12,70.27,34.43,,57.78,10.68,21.98,,,,,29.12,27.92,0.68,258.75,,0.0,426.42,740.0,
2016-11-15 12:00:00,256.5,811.5,67.72,100.89,182.24,43.41,34.08,,73.09,8.46,18.33,,,,,29.56,24.5,0.96,267.91,,0.0,425.67,740.0,
2016-11-15 13:00:00,166.0,490.0,45.02,82.54,135.33,44.5,27.54,1.06,77.41,6.73,15.22,,,,,29.84,22.04,0.84,240.92,,0.0,413.33,740.0,
2016-11-15 14:00:00,123.0,438.33,39.03,80.52,125.02,48.53,23.38,1.27,73.52,3.93,9.68,,,,,29.02,21.34,0.97,233.17,,0.0,403.0,740.0,
2016-11-15 15:00:00,114.83,499.67,52.11,103.28,162.68,58.24,32.15,1.55,67.57,3.76,10.91,,,,,27.58,24.92,0.73,238.92,,0.0,370.17,740.0,
2016-11-15 16:00:00,146.0,887.33,104.29,128.91,256.86,58.49,31.28,2.2,34.76,4.61,14.92,,,,,25.93,26.92,0.49,230.0,,0.0,259.16,740.0,
2016-11-15 17:00:00,142.33,584.5,301.75,149.83,,59.31,36.09,3.2,14.11,8.32,23.21,,,,,23.74,31.25,0.32,265.83,,0.0,34.58,740.0,
2016-11-15 18:00:00,209.17,,434.98,170.05,,62.52,36.78,4.94,15.1,13.49,33.19,,,,,22.03,37.16,0.3,222.75,,0.0,12.67,740.0,
2016-11-15 19:00:00,278.5,,445.43,162.47,,70.53,31.92,6.46,16.36,16.67,39.25,,,,,21.07,41.83,0.3,148.92,,0.0,12.58,740.0,
2016-11-15 20:00:00,368.83,,415.17,169.12,,75.97,34.51,7.1,15.41,19.01,46.42,,,,,19.94,45.08,0.3,166.17,,0.0,12.5,740.0,
2016-11-15 21:00:00,381.33,,,206.24,,88.44,43.24,8.54,18.77,19.8,49.7,,,,,19.06,49.25,0.3,69.0,,0.0,12.5,740.0,
2016-11-15 22:00:00,498.0,,,199.0,,97.34,38.49,8.1,18.25,19.59,49.92,,,,,18.25,52.08,0.3,149.92,,0.0,12.58,740.0,
2016-11-15 23:00:00,498.0,,,192.42,,99.04,40.91,9.54,21.58,20.22,52.23,,,,,17.67,54.66,0.3,232.0,,0.0,12.67,740.0,
2016-11-16 00:00:00,498.0,,,161.1,,106.08,16.29,10.09,47.74,21.0,52.13,,,,,17.02,57.84,0.3,251.42,,0.0,12.5,740.0,
2016-11-16 01:00:00,498.0,,433.6,127.78,,122.2,7.82,7.98,13.26,23.62,56.02,,,,,16.31,58.5,0.3,260.58,,0.0,12.42,740.0,
2016-11-16 02:00:00,495.0,,174.94,82.65,314.67,110.2,,3.78,14.08,19.04,42.61,,,,,16.56,52.67,0.3,127.42,,0.0,12.33,740.0,
2016-11-16 03:00:00,472.17,807.5,,111.3,213.0,111.3,,3.08,13.12,14.89,31.54,,,,,15.64,54.17,0.3,101.33,,0.0,12.42,740.0,
2016-11-16 04:00:00,447.17,740.0,,,,,2.94,3.1,12.95,13.93,26.87,,,,,14.96,56.5,0.3,94.0,,0.0,12.67,740.0,
2016-11-16 05:00:00,509.0,740.0,,,,,3.64,3.72,13.38,13.62,24.88,,,,,14.79,57.08,0.3,94.0,,0.0,12.33,740.0,
2016-11-16 06:00:00,475.17,740.0,,,,,25.41,5.0,16.27,13.57,25.0,,,,,14.95,57.33,0.3,176.0,,0.0,35.33,740.0,
2016-11-16 07:00:00,521.33,740.0,,,,,22.98,4.62,16.26,15.84,27.54,,,,,16.99,55.92,0.3,107.84,,0.0,317.58,740.0,
2016-11-16 08:00:00,454.67,740.0,,,,,26.56,3.35,14.15,13.05,25.58,,,,,22.15,43.66,0.48,275.25,,0.0,416.25,740.0,
2016-11-16 09:00:00,350.67,,,,,,50.08,2.54,12.15,11.06,20.74,,,,,24.87,36.58,0.68,295.5,,0.0,430.42,740.0,
2016-11-16 10:00:00,293.0,962.33,22.85,101.05,120.45,72.75,98.72,1.72,20.02,10.88,20.08,,,,,26.73,33.58,0.99,285.16,,0.0,434.84,740.0,
2016-11-16 11:00:00,300.83,819.5,87.83,120.19,227.14,97.15,52.72,1.67,42.05,9.32,17.27,,,,,28.08,30.0,1.13,275.42,,0.0,436.92,740.0,
2016-11-16 12:00:00,235.17,623.5,37.38,84.58,126.48,90.72,32.3,1.46,76.56,7.74,15.16,,,,,28.16,27.79,1.54,286.92,,0.0,435.54,740.0,
2016-11-16 13:00:00,204.17,593.67,66.77,86.08,168.68,76.82,28.06,1.16,86.18,5.38,13.52,,,,,28.2,27.0,1.74,285.58,,0.0,424.42,740.0,
2016-11-16 14:00:00,165.0,523.83,78.33,97.38,193.57,73.42,23.85,1.06,85.98,4.11,10.56,,,,,28.16,24.92,1.5,286.67,,0.0,412.25,740.0,
2016-11-16 15:00:00,134.0,469.83,70.75,92.78,179.04,54.81,20.78,1.33,86.48,3.84,8.64,,,,,27.22,23.67,1.38,285.58,,0.0,370.33,740.0,
2016-11-16 16:00:00,106.17,418.33,137.14,116.29,289.76,61.95,22.54,1.56,54.16,4.31,13.04,,,,,25.9,24.92,1.12,287.5,,0.0,261.58,740.0,
2016-11-16 17:00:00,117.0,490.0,277.53,135.93,344.1,47.42,24.57,2.33,16.19,5.56,15.76,,,,,23.12,30.62,0.3,257.75,,0.0,40.5,740.0,
2016-11-16 18:00:00,270.0,,371.62,167.06,,58.58,32.83,4.22,14.25,11.52,25.65,,,,,20.99,36.5,0.3,213.5,,0.0,12.25,740.0,
2016-11-16 19:00:00,271.83,,408.32,167.62,,68.91,35.1,5.04,14.56,16.47,36.22,,,,,20.16,39.16,0.3,234.17,,0.0,12.42,740.0,
2016-11-16 20:00:00,290.17,,494.43,182.22,,72.15,37.77,6.28,13.68,18.46,41.77,,,,,19.42,41.67,0.3,241.5,,0.0,12.25,740.0,
2016-11-16 21:00:00,347.33,,443.43,187.45,,79.41,41.6,6.35,14.98,19.27,48.82,,,,,19.41,41.75,0.3,273.42,,0.0,12.42,740.0,
2016-11-16 22:00:00,403.33,,302.58,157.63,448.84,83.64,39.46,4.72,13.41,18.56,46.98,,,,,19.23,41.25,0.52,265.84,,0.0,12.33,740.0,
2016-11-16 23:00:00,395.0,954.67,192.02,129.9,333.35,83.76,38.72,2.86,12.88,12.88,27.7,,,,,19.18,39.5,0.52,277.75,,0.0,12.46,740.0,
2016-11-17 00:00:00,367.33,787.67,148.52,117.27,307.36,86.31,30.2,1.87,13.18,11.45,21.68,,,,,18.28,41.58,0.44,260.33,,0.0,12.42,740.0,
2016-11-17 01:00:00,350.12,615.88,44.06,88.62,139.11,83.89,24.89,1.45,12.7,11.29,19.58,,,,,18.34,41.25,0.64,279.5,,0.0,12.5,740.0,
2016-11-17 02:00:00,313.0,492.67,27.5,71.76,101.48,76.09,22.46,1.23,21.4,8.37,16.2,,,,,18.3,41.58,0.76,283.59,,0.0,12.67,740.0,
2016-11-17 03:00:00,261.33,406.17,45.77,75.22,129.57,75.52,19.52,0.92,19.63,7.55,15.48,,,,,17.41,45.17,0.58,280.66,,0.0,12.5,740.0,
2016-11-17 04:00:00,254.5,409.25,62.6,77.9,154.95,76.7,18.24,0.94,21.39,7.48,15.37,,,,,16.95,47.25,0.49,281.25,,0.0,12.25,740.0,
2016-11-17 05:00:00,261.62,440.0,170.41,98.88,322.56,72.24,21.44,1.52,17.28,7.51,11.51,,,,,16.42,49.25,0.43,279.75,,0.0,12.58,740.0,
2016-11-17 06:00:00,282.67,590.0,203.22,112.79,378.24,72.53,24.94,1.7,13.63,7.81,11.62,,,,,15.83,51.5,0.38,270.41,,0.0,41.42,740.0,
2016-11-17 07:00:00,291.17,713.67,107.54,101.2,236.95,70.93,26.73,1.48,17.37,7.38,11.08,,,,,17.87,47.17,0.79,286.67,,0.0,351.16,740.0,
2016-11-17 08:00:00,263.0,580.17,108.52,102.94,239.98,73.6,37.25,1.76,24.6,7.19,10.76,,,,,21.29,41.5,1.02,287.25,,0.0,432.34,740.0,
2016-11-17 09:00:00,243.83,575.83,104.18,102.72,233.75,74.27,42.4,1.37,32.96,7.3,10.98,,,,,23.81,37.84,1.12,289.25,,0.0,443.08,740.0,
2016-11-17 10:00:00,246.0,598.0,63.08,94.98,170.48,62.84,29.61,0.84,65.2,7.26,12.53,,,,,25.12,35.83,1.51,285.67,,0.0,449.58,740.0,
2016-11-17 11:00:00,229.0,582.67,56.31,90.75,157.43,53.75,30.51,0.88,90.45,6.38,11.7,,,,,26.72,31.83,1.72,286.25,,0.0,449.58,740.0,
2016-11-17 12:00:00,192.0,551.67,78.38,90.42,186.93,41.22,27.22,1.71,93.08,5.37,10.24,,,,,27.88,29.67,1.54,281.17,,0.0,445.84,740.0,
2016-11-17 13:00:00,176.17,542.67,63.21,89.03,165.48,28.21,21.52,1.06,107.14,5.34,8.9,,,,,28.74,25.58,1.78,282.41,,0.0,430.08,740.0,
2016-11-17 14:00:00,142.33,625.67,70.35,79.01,167.32,25.96,19.41,0.98,97.87,11.48,19.28,,,,,28.61,24.08,1.98,284.33,,0.0,419.66,740.0,
2016-11-17 15:00:00,101.25,683.33,74.03,75.18,168.06,26.32,17.79,0.89,94.12,10.89,20.11,,,,,27.61,24.16,1.66,283.5,,0.0,378.83,740.0,
2016-11-17 16:00:00,103.0,476.0,111.84,107.66,248.86,54.61,18.98,1.69,62.26,12.31,31.0,,,,,26.12,25.79,1.15,280.67,,0.0,279.25,740.0,
2016-11-17 17:00:00,124.0,531.83,263.62,161.2,467.52,50.98,25.21,2.14,21.34,7.82,14.49,,,,,24.03,30.25,0.47,277.25,,0.0,39.17,740.0,
2016-11-17 18:00:00,181.83,891.0,232.34,149.32,426.38,54.72,28.84,3.18,12.38,14.09,31.48,,,,,22.28,34.92,0.33,268.67,,0.0,12.42,740.0,
2016-11-17 19:00:00,201.83,805.5,281.22,157.58,468.6,60.41,33.17,4.05,11.39,14.65,35.62,,,,,21.32,37.75,0.33,276.0,,0.0,12.42,740.0,
2016-11-17 20:00:00,235.83,881.17,293.42,148.58,422.75,63.28,30.84,3.84,11.78,15.0,35.81,,,,,20.66,39.42,0.31,248.0,,0.0,12.5,740.0,
2016-11-17 21:00:00,266.33,922.5,332.81,148.42,435.3,64.41,29.44,3.7,11.58,14.12,32.21,,,,,19.59,42.25,0.3,257.08,,0.0,12.5,740.0,
2016-11-17 22:00:00,298.67,,391.07,159.92,,65.19,30.48,3.02,11.66,12.75,27.31,,,,,19.38,42.25,0.35,252.5,,0.0,12.46,740.0,
2016-11-17 23:00:00,308.83,977.67,278.32,144.75,466.73,71.46,28.64,2.29,11.64,10.94,21.83,,,,,18.72,43.75,0.31,275.91,,0.0,12.42,740.0,
2016-11-18 00:00:00,340.83,963.0,134.18,115.77,286.35,73.41,21.91,2.18,13.48,11.87,17.47,,,,,18.48,44.25,0.61,267.08,,0.0,12.42,740.0,
2016-11-18 01:00:00,317.0,870.83,27.82,83.35,112.29,68.7,19.64,1.54,18.95,8.57,15.3,,,,,18.56,43.25,0.74,285.09,,0.0,12.42,740.0,
2016-11-18 02:00:00,255.33,411.83,38.06,80.12,123.38,71.04,19.4,1.46,22.19,8.06,14.34,,,,,17.85,45.66,0.59,279.67,,0.0,12.58,740.0,
2016-11-18 03:00:00,274.5,439.83,115.56,103.33,249.8,70.91,17.8,1.69,14.22,8.72,11.91,,,,,16.6,49.83,0.3,241.58,,0.0,12.67,740.0,
2016-11-18 04:00:00,305.17,595.0,199.98,119.14,379.21,81.46,16.33,2.22,15.58,8.35,12.96,,,,,15.7,53.34,0.3,239.33,,0.0,12.84,740.0,
2016-11-18 05:00:00,407.33,919.83,279.79,112.52,443.28,81.27,17.12,2.84,10.57,10.32,15.59,,,,,14.95,56.83,0.3,229.83,,0.0,12.5,740.0,
2016-11-18 06:00:00,442.17,,293.72,113.05,440.94,72.42,21.09,2.46,10.82,9.59,14.99,,,,,15.32,57.33,0.36,273.0,,0.0,36.92,740.0,
2016-11-18 07:00:00,334.0,978.0,219.32,119.81,406.71,79.46,22.4,2.32,11.09,9.7,13.07,,,,,17.28,52.75,0.55,279.91,,0.0,332.5,740.0,
2016-11-18 08:00:00,327.67,846.17,177.64,122.88,352.27,77.56,29.61,2.55,12.62,10.02,14.03,,,,,21.02,44.92,0.78,277.92,,0.0,425.16,740.0,
2016-11-18 09:00:00,270.67,723.33,120.64,130.11,280.56,69.84,35.74,1.52,20.45,9.6,14.74,,,,,23.57,39.92,0.91,285.83,,0.0,439.0,740.0,
2016-11-18 10:00:00,258.75,650.17,156.34,107.55,306.77,60.09,31.92,1.68,38.1,8.9,14.96,,,,,25.67,36.5,1.06,288.58,,0.0,443.92,740.0,
2016-11-18 11:00:00,224.5,622.5,84.16,116.69,219.98,63.74,37.05,1.5,63.78,7.73,13.56,,,,,27.01,34.5,1.14,283.16,,0.0,445.25,740.0,
2016-11-18 12:00:00,203.5,591.0,54.43,90.99,155.52,45.0,34.77,1.52,94.35,6.5,11.35,,,,,27.42,32.16,1.52,286.83,,0.0,443.84,740.0,
2016-11-18 13:00:00,180.17,534.33,81.01,101.7,201.07,39.1,26.72,1.1,93.9,6.79,11.61,,,,,28.0,30.58,1.5,285.0,,0.0,429.25,740.0,
2016-11-18 14:00:00,147.83,464.67,62.67,97.8,172.67,32.92,23.26,1.99,97.84,7.13,12.44,,,,,28.1,28.75,1.35,286.67,,0.0,417.25,740.0,
2016-11-18 15:00:00,131.62,481.67,75.82,99.15,193.31,29.48,22.42,1.84,87.09,5.58,10.42,,,,,27.19,28.67,1.17,288.5,,0.0,381.75,740.0,
2016-11-18 16:00:00,134.17,499.0,153.76,124.78,320.92,54.25,22.19,1.97,42.04,6.88,15.3,,,,,25.84,29.83,0.86,283.84,,0.0,281.5,740.0,
2016-11-18 17:00:00,166.33,712.33,291.58,165.31,434.75,57.0,25.02,2.78,11.32,11.46,23.12,,,,,22.88,36.08,0.3,220.42,,0.0,38.25,740.0,
2016-11-18 18:00:00,205.67,,425.51,172.58,,60.31,28.12,4.16,10.58,18.06,38.8,,,,,21.05,42.0,0.3,207.33,,0.0,12.25,740.0,
2016-11-18 19:00:00,248.17,,487.67,181.52,,61.35,30.14,4.95,14.32,23.17,56.21,,,,,19.81,46.58,0.3,219.17,,0.0,12.5,740.0,
2016-11-18 20:00:00,289.17,,,199.54,,74.24,35.66,6.18,13.19,28.55,68.69,,,,,19.06,48.5,0.3,214.58,,0.0,12.5,740.0,
2016-11-18 21:00:00,395.33,,,197.99,,75.1,35.31,6.31,13.58,28.1,70.53,,,,,18.65,50.0,0.3,214.17,,0.0,12.67,740.0,
2016-11-18 22:00:00,425.0,,,198.99,,84.74,33.78,5.98,13.92,26.32,63.68,,,,,18.04,52.25,0.3,202.58,,0.0,12.5,740.0,
2016-11-18 23:00:00,411.75,979.0,192.9,144.55,313.7,87.14,26.02,3.51,10.65,22.74,53.34,,,,,18.76,49.25,0.33,239.5,,0.0,12.42,740.0,
2016-11-19 00:00:00,316.17,676.0,134.54,131.66,301.06,98.61,22.2,1.92,9.49,15.5,32.67,,,,,18.88,46.83,0.31,262.92,,0.0,12.42,740.0,
2016-11-19 01:00:00,260.0,640.0,52.98,100.64,161.99,103.67,17.02,1.72,12.95,12.59,26.1,,,,,18.22,47.67,0.33,247.92,,0.0,12.67,740.0,
2016-11-19 02:00:00,248.83,444.67,35.11,87.06,125.52,102.3,16.73,1.37,18.3,10.84,21.4,,,,,18.16,47.17,0.42,210.5,,0.0,12.84,740.0,
2016-11-19 03:00:00,244.83,398.33,126.83,107.85,269.35,99.65,13.87,1.72,13.42,9.86,24.83,,,,,16.45,52.42,0.3,183.5,,0.0,12.67,740.0,
2016-11-19 04:00:00,266.17,629.17,399.73,128.66,,83.34,17.72,3.06,15.96,12.25,27.81,,,,,15.38,57.5,0.3,241.42,,0.0,12.5,740.0,
2016-11-19 05:00:00,323.33,987.0,374.88,114.0,,91.71,16.09,3.12,13.54,14.19,29.14,,,,,14.78,60.5,0.3,244.92,,0.0,12.42,740.0,
2016-11-19 06:00:00,302.0,945.67,301.15,98.58,449.85,93.08,9.07,2.67,11.39,14.58,27.84,,,,,13.91,63.75,0.31,281.91,,0.0,35.17,740.0,
2016-11-19 07:00:00,278.67,874.17,350.1,114.94,,86.04,11.58,2.35,10.59,11.47,18.47,,,,,15.82,58.42,0.3,278.91,,0.0,333.33,740.0,
2016-11-19 08:00:00,225.33,805.0,198.28,113.69,372.54,84.6,15.1,2.07,11.73,9.72,16.06,,,,,21.4,42.59,0.4,262.0,,0.0,425.08,740.0,
2016-11-19 09:00:00,172.5,675.67,181.27,123.22,357.09,77.67,24.47,2.05,6.59,9.51,17.03,,,,,24.58,36.25,0.54,261.33,,0.0,434.67,740.0,
2016-11-19 10:00:00,198.83,684.33,124.7,117.82,272.5,55.81,21.06,1.74,23.72,8.93,16.37,,,,,26.88,32.33,0.52,265.42,,0.0,438.08,740.0,
2016-11-19 11:00:00,196.0,594.67,74.89,138.57,225.58,59.19,27.34,2.23,65.09,10.62,21.33,,,,,28.24,30.0,0.71,261.75,,0.0,437.75,740.0,
2016-11-19 12:00:00,211.17,640.33,56.61,129.25,191.99,51.65,28.39,1.88,111.22,13.68,26.11,,,,,28.88,28.16,0.77,256.92,,0.0,436.25,740.0,
2016-11-19 13:00:00,206.0,637.33,43.04,125.39,171.18,43.3,25.76,1.55,141.52,14.83,29.64,,,,,29.44,26.25,0.75,252.5,,0.0,422.42,740.0,
2016-11-19 14:00:00,170.67,566.67,65.31,124.27,200.22,35.88,24.64,1.33,120.97,12.72,28.24,,,,,29.04,24.08,0.7,277.84,,0.0,412.5,740.0,
2016-11-19 15:00:00,145.33,606.33,74.89,137.64,224.78,37.84,23.07,1.0,79.84,10.33,24.99,,,,,27.6,26.17,0.5,287.0,,0.0,378.92,740.0,
2016-11-19 16:00:00,158.33,738.0,64.72,169.05,239.12,70.18,22.73,1.64,33.34,12.14,28.91,,,,,25.57,30.16,0.34,258.0,,0.0,268.91,740.0,
2016-11-19 17:00:00,203.83,,234.97,183.04,347.85,74.15,22.84,3.85,11.59,12.54,34.03,,,,,22.89,37.5,0.3,160.75,,0.0,33.08,740.0,
2016-11-19 18:00:00,290.83,,404.74,202.14,,90.7,63.19,6.2,54.37,21.1,101.29,,,,,21.8,41.25,0.38,63.58,,0.0,12.67,740.0,
2016-11-19 19:00:00,397.12,,435.82,204.02,,106.93,169.08,7.68,180.73,23.42,178.98,,,,,20.7,45.87,0.3,41.25,,0.0,12.46,740.0,
2016-11-19 20:00:00,517.0,,,220.47,,115.26,139.02,8.94,130.84,24.52,242.66,,,,,19.34,51.08,0.3,39.42,,0.0,12.66,740.0,
2016-11-19 21:00:00,517.0,,,232.13,,119.12,80.51,9.08,81.1,24.75,267.47,,,,,18.27,54.33,0.3,215.25,,0.0,12.33,740.0,
2016-11-19 22:00:00,517.0,,,239.41,,128.04,55.24,10.03,53.88,32.24,157.08,,,,,17.89,57.41,0.3,220.0,,0.0,12.42,740.0,
2016-11-19 23:00:00,517.0,,,232.61,,134.25,42.96,9.32,33.86,34.67,129.14,,,,,17.33,59.17,0.3,234.0,,0.0,12.33,740.0,
2016-11-20 00:00:00,517.0,,,194.71,,143.64,23.26,8.58,31.38,35.2,110.61,,,,,16.88,61.84,0.3,233.08,,0.0,12.33,740.0,
2016-11-20 01:00:00,530.5,,,164.98,,141.62,16.27,7.78,26.54,33.94,114.22,,,,,16.24,63.92,0.3,225.33,,0.0,12.16,740.0,
2016-11-20 02:00:00,581.83,,,134.73,,151.99,10.69,8.03,23.81,31.92,128.36,,,,,15.86,65.5,0.3,220.83,,0.0,12.5,740.0,
2016-11-20 03:00:00,503.83,,,135.37,,165.86,14.62,7.66,21.83,30.85,142.24,,,,,15.49,67.25,0.3,228.0,,0.0,12.33,740.0,
2016-11-20 04:00:00,507.67,,,131.28,,181.78,13.05,6.26,24.73,26.9,197.17,,,,,15.15,68.0,0.3,146.83,,0.0,12.33,740.0,
2016-11-20 05:00:00,462.67,,,139.86,,201.58,20.33,6.55,41.0,23.04,290.35,,,,,15.16,68.08,0.3,126.67,,0.0,12.33,740.0,
2016-11-20 06:00:00,485.83,,,126.81,,185.8,21.8,6.22,38.71,21.82,278.13,,,,,15.07,67.08,0.3,109.0,,0.0,31.0,740.0,
2016-11-20 07:00:00,434.83,,213.28,140.12,279.43,175.32,20.74,4.26,20.53,19.23,198.59,,,,,16.82,62.84,0.5,122.0,,0.0,311.42,740.0,
2016-11-20 08:00:00,411.83,,36.79,121.81,158.77,153.95,59.44,2.43,15.73,11.69,58.16,,,,,20.8,47.91,1.29,102.16,,0.0,419.67,740.0,
2016-11-20 09:00:00,294.5,818.33,10.97,97.89,102.16,137.1,89.3,1.92,21.94,9.4,30.48,,,,,23.48,40.83,1.45,113.08,,0.0,434.83,740.0,
2016-11-20 10:00:00,259.83,529.0,4.71,75.22,73.45,90.74,33.86,1.31,57.58,7.42,23.42,,,,,25.36,36.42,1.64,128.83,,0.0,440.42,740.0,
2016-11-20 11:00:00,239.83,477.0,3.62,60.34,58.74,96.45,31.33,1.36,99.01,7.76,20.24,,,,,26.34,33.25,2.11,121.0,,0.0,443.17,740.0,
2016-11-20 12:00:00,189.5,413.0,14.44,58.02,71.11,67.21,39.32,1.22,113.82,6.56,18.51,,,,,27.98,30.17,1.67,156.0,,0.0,439.66,740.0,
2016-11-20 13:00:00,162.67,387.83,15.48,59.4,74.04,56.32,39.17,1.19,135.14,6.04,31.01,,,,,29.14,28.5,1.41,176.5,,0.0,423.33,740.0,
2016-11-20 14:00:00,142.5,363.67,19.77,61.65,81.89,54.47,36.79,1.06,151.12,7.44,20.68,,,,,28.81,28.17,1.1,143.58,,0.0,414.0,740.0,
2016-11-20 15:00:00,145.5,373.83,7.49,61.68,65.17,47.29,30.24,1.62,149.14,6.21,17.86,,,,,28.05,26.92,0.71,150.42,,0.0,375.5,740.0,
2016-11-20 16:00:00,129.5,416.17,4.33,107.42,101.59,89.92,31.24,2.89,86.81,6.72,33.26,,,,,26.37,30.5,0.61,118.58,,0.0,265.25,740.0,
2016-11-20 17:00:00,179.5,582.0,172.18,178.87,198.47,93.24,37.41,5.39,14.42,10.03,26.1,,,,,23.38,39.25,0.3,130.33,,0.0,33.17,740.0,
2016-11-20 18:00:00,306.5,,,201.77,,97.84,36.08,7.73,16.95,19.33,56.94,,,,,21.44,46.92,0.3,197.0,,0.0,12.5,740.0,
2016-11-20 19:00:00,436.67,,,194.16,,113.86,37.58,8.72,17.2,21.4,244.03,,,,,20.25,51.25,0.3,241.92,,0.0,12.5,740.0,
2016-11-20 20:00:00,508.33,,,194.74,,156.79,33.1,8.45,16.59,25.48,250.79,,,,,19.44,54.25,0.3,109.34,,0.0,12.42,740.0,
2016-11-20 21:00:00,567.5,,,179.63,,187.46,28.6,8.18,16.36,22.3,217.27,,,,,18.4,57.75,0.3,158.75,,0.0,12.5,740.0,
2016-11-20 22:00:00,524.5,,,173.01,,202.09,30.89,7.91,22.92,21.58,239.02,,,,,17.82,60.41,0.3,297.42,,0.0,12.25,740.0,
2016-11-20 23:00:00,498.17,,,178.02,,205.39,30.34,7.79,40.65,22.29,265.02,,,,,16.96,63.5,0.3,248.42,,0.0,12.33,740.0,
2016-11-21 00:00:00,498.83,,440.27,142.69,,199.73,11.64,4.53,111.15,22.18,209.8,,,,,16.7,65.75,0.3,184.46,,0.0,12.54,740.0,
2016-11-21 01:00:00,473.17,,261.27,125.51,420.17,195.63,2.56,2.62,101.5,20.25,113.95,,,,,16.52,66.08,0.31,93.16,,0.0,12.42,740.0,
2016-11-21 02:00:00,475.17,821.5,192.01,113.88,363.7,181.97,1.73,1.46,95.68,16.54,52.02,,,,,16.05,66.75,0.3,122.42,,0.0,12.25,740.0,
2016-11-21 03:00:00,480.0,894.67,190.92,109.3,358.12,172.02,3.42,1.56,102.39,18.49,56.34,,,,,15.62,68.0,0.3,128.75,,0.0,12.5,740.0,
2016-11-21 04:00:00,470.67,765.33,277.14,106.18,417.86,164.38,2.82,1.48,68.25,17.52,60.83,,,,,15.01,70.0,0.3,115.92,,0.0,12.25,740.0,
2016-11-21 05:00:00,459.17,852.0,,141.32,,182.28,12.08,2.96,49.92,18.17,81.31,,,,,14.56,71.58,0.3,122.0,,0.0,12.5,740.0,
2016-11-21 06:00:00,507.0,852.0,,130.29,,181.21,21.56,5.97,30.03,18.46,70.39,,,,,14.77,72.5,0.3,120.0,,0.0,29.58,740.0,
2016-11-21 07:00:00,484.67,852.0,,167.34,,196.04,20.13,5.12,21.77,19.05,56.93,,,,,16.45,71.59,0.3,159.08,,0.0,302.83,740.0,
2016-11-21 08:00:00,424.0,,140.46,144.22,197.33,182.17,23.2,2.64,14.76,14.25,33.5,,,,,21.83,52.08,0.8,150.42,,0.0,416.92,740.0,
2016-11-21 09:00:00,294.33,745.0,24.58,133.91,152.91,182.1,60.53,2.26,11.51,8.63,19.69,,,,,24.66,41.75,1.0,136.83,,0.0,430.25,740.0,
2016-11-21 10:00:00,248.33,506.67,20.34,116.68,131.65,103.88,64.06,1.52,28.05,9.6,24.42,,,,,27.15,36.42,1.21,156.58,,0.0,434.75,740.0,
2016-11-21 11:00:00,248.17,531.17,20.18,91.38,109.01,117.78,56.59,1.48,60.42,8.02,25.07,,,,,29.82,29.75,0.96,178.25,,0.0,433.16,740.0,
2016-11-21 12:00:00,183.33,431.0,69.61,120.14,202.27,78.08,46.68,1.53,62.26,6.78,23.66,,,,,31.64,25.33,0.68,248.96,,0.0,425.25,740.0,
2016-11-21 13:00:00,156.33,558.33,62.81,130.56,202.06,63.07,38.71,1.92,79.09,8.1,19.39,,,,,31.9,23.25,0.65,253.33,,0.0,410.42,740.0,
2016-11-21 14:00:00,161.5,723.5,56.72,124.93,188.89,52.58,34.73,1.53,99.89,8.57,22.94,,,,,31.29,21.58,0.8,279.83,,0.0,402.92,740.0,
2016-11-21 15:00:00,154.83,749.33,72.05,152.13,233.95,51.52,33.44,0.51,101.42,8.7,27.9,,,,,29.44,23.5,0.56,274.0,,0.0,369.0,740.0,
2016-11-21 16:00:00,168.5,791.0,155.78,191.32,383.02,85.74,31.92,0.98,14.18,9.28,29.9,,,,,26.83,28.58,0.31,240.33,,0.0,238.83,740.0,
2016-11-21 17:00:00,218.83,,328.53,209.53,,88.32,39.5,5.25,13.04,11.92,30.9,,,,,23.56,35.92,0.3,217.83,,0.0,30.96,740.0,
2016-11-21 18:00:00,250.0,,,262.91,,93.85,49.41,7.16,15.9,18.8,44.11,,,,,21.52,42.84,0.3,207.42,,0.0,12.58,740.0,
2016-11-21 19:00:00,325.33,,,230.59,,96.09,50.03,10.36,15.1,24.52,80.88,,,,,20.26,48.75,0.3,205.83,,0.0,12.42,740.0,
2016-11-21 20:00:00,295.5,,,229.19,,111.96,49.02,11.51,15.58,28.64,86.69,,,,,19.46,52.0,0.3,162.17,,0.0,12.5,740.0,
2016-11-21 21:00:00,394.67,,,257.14,,134.67,58.85,12.44,19.77,34.93,93.46,,,,,18.55,55.25,0.3,210.16,,0.0,12.5,740.0,
2016-11-21 22:00:00,429.67,,,266.66,,147.26,58.07,13.32,19.6,44.02,110.96,,,,,17.61,59.25,0.3,199.42,,0.0,12.25,740.0,
2016-11-21 23:00:00,437.67,,,242.41,,153.51,57.4,14.72,19.42,38.24,98.07,,,,,17.41,61.33,0.3,282.75,,0.0,12.33,740.0,
2016-11-22 00:00:00,436.0,,,257.82,,153.57,24.0,14.22,20.9,37.91,99.22,,,,,16.76,63.92,0.3,249.83,,0.0,12.25,740.0,
2016-11-22 01:00:00,416.33,,,174.58,,149.61,5.5,8.61,15.35,35.55,92.59,,,,,16.09,62.17,0.3,225.58,,0.0,12.16,740.0,
2016-11-22 02:00:00,319.67,833.83,,145.44,,152.62,,5.54,14.95,29.08,70.85,,,,,15.54,62.0,0.3,212.08,,0.0,12.42,740.0,
2016-11-22 03:00:00,325.67,958.67,420.57,140.53,,153.21,,4.08,14.64,26.06,58.48,,,,,15.06,61.42,0.3,191.75,,0.0,12.67,740.0,
2016-11-22 04:00:00,303.67,943.33,492.0,136.24,,156.38,,6.3,11.95,22.1,47.8,,,,,14.6,61.08,0.3,204.0,,0.0,12.58,740.0,
2016-11-22 05:00:00,256.67,975.0,332.5,150.14,,168.22,2.5,10.74,11.16,19.51,42.23,,,,,14.86,59.58,0.3,213.33,,0.0,12.25,740.0,
2016-11-22 06:00:00,273.83,,408.6,134.0,,149.45,16.05,10.42,13.18,17.54,39.76,,,,,15.01,56.42,0.3,192.67,,0.0,28.67,740.0,
2016-11-22 07:00:00,249.83,,,157.49,,142.74,21.88,10.44,14.84,17.82,36.88,,,,,17.82,52.0,0.3,150.58,,0.0,313.17,740.0,
2016-11-22 08:00:00,268.88,881.67,314.33,125.23,472.82,130.32,19.23,,12.27,15.04,30.81,,,,,23.51,39.0,0.52,260.25,,0.0,412.0,740.0,
2016-11-22 09:00:00,161.83,778.67,209.21,121.59,394.2,134.82,25.52,5.66,7.52,8.7,19.25,,,,,26.68,32.16,0.66,275.5,,0.0,422.08,740.0,
2016-11-22 10:00:00,154.38,589.12,125.38,149.32,302.6,74.22,12.5,,11.95,7.31,17.43,,,,,29.18,27.79,0.76,271.58,,0.0,424.79,740.0,
2016-11-22 11:00:00,139.33,640.83,106.57,129.73,263.01,86.69,18.17,15.62,24.88,9.84,22.14,,,,,30.18,23.17,1.24,284.75,,0.0,429.25,740.0,
2016-11-22 12:00:00,121.17,643.0,78.98,127.42,221.09,73.28,25.6,1.15,47.54,10.51,27.24,,,,,31.02,22.42,1.12,278.08,,0.0,426.67,740.0,
2016-11-22 13:00:00,121.33,615.0,73.19,98.06,187.27,67.53,29.03,1.28,59.21,8.86,25.51,,,,,31.21,23.17,1.42,282.75,,0.0,409.33,740.0,
2016-11-22 14:00:00,111.33,676.67,85.56,88.56,196.04,80.07,25.99,,52.58,4.86,16.06,,,,,30.73,24.17,1.64,280.67,,0.0,400.25,740.0,
2016-11-22 15:00:00,78.83,769.83,75.96,89.04,182.86,82.72,23.85,0.46,52.12,4.32,14.42,,,,,29.58,25.66,1.48,288.0,,0.0,346.75,740.0,
2016-11-22 16:00:00,89.67,622.0,222.35,116.49,335.16,80.02,27.89,1.1,26.34,5.12,16.68,,,,,27.88,28.83,1.05,284.62,,0.0,219.67,740.0,
2016-11-22 17:00:00,145.0,887.0,303.18,153.44,400.23,83.17,32.29,0.83,11.15,11.43,25.82,,,,,25.17,34.17,0.42,263.0,,0.0,31.25,740.0,
2016-11-22 18:00:00,247.83,,462.85,173.49,,96.17,35.51,1.78,13.34,19.01,38.33,,,,,22.9,40.42,0.3,226.75,,0.0,12.58,740.0,
2016-11-22 19:00:00,217.17,,461.03,181.34,,78.63,34.25,3.21,14.58,24.28,55.11,,,,,21.38,45.34,0.3,204.33,,0.0,12.58,740.0,
2016-11-22 20:00:00,248.67,,412.6,159.56,,79.79,30.16,2.68,12.7,30.24,70.11,,,,,21.51,45.0,0.42,263.75,,0.0,12.33,740.0,
2016-11-22 21:00:00,267.67,946.0,285.98,135.02,476.2,84.48,25.58,1.33,11.03,24.03,56.71,,,,,21.86,43.75,0.41,262.67,,0.0,12.17,740.0,
2016-11-22 22:00:00,218.5,772.5,263.55,128.59,415.35,90.87,24.33,0.57,10.2,17.28,42.05,,,,,21.2,45.12,0.41,270.17,,0.0,12.33,740.0,
2016-11-22 23:00:00,203.17,761.17,228.5,122.14,365.98,90.75,,1.8,10.87,11.8,29.36,,,,,20.56,45.83,0.35,271.5,,0.0,12.42,740.0,
2016-11-23 00:00:00,187.83,618.17,141.61,110.92,292.14,97.24,71.06,1.66,11.55,10.94,23.69,,,,,19.56,49.08,0.32,284.92,,0.0,12.58,740.0,
2016-11-23 01:00:00,182.5,584.0,70.4,99.81,184.82,94.18,88.68,1.34,10.99,11.84,22.35,,,,,18.99,50.67,0.32,277.0,,0.0,12.33,740.0,
2016-11-23 02:00:00,183.5,391.5,74.49,90.12,182.01,85.92,87.46,1.13,11.52,9.77,19.62,,,,,18.6,51.84,0.32,277.58,,0.0,12.67,740.0,
2016-11-23 03:00:00,176.67,430.33,102.02,103.34,231.4,85.73,86.8,1.47,10.53,10.11,20.1,,,,,17.31,55.84,0.31,237.33,,0.0,12.42,740.0,
2016-11-23 04:00:00,181.67,445.17,185.79,113.31,297.65,91.58,87.44,1.43,9.54,8.82,23.44,,,,,16.77,57.91,0.3,248.67,,0.0,12.16,740.0,
2016-11-23 05:00:00,195.33,519.17,277.05,110.12,448.23,98.08,87.95,1.71,11.58,10.47,20.49,,,,,16.02,60.92,0.34,243.83,,0.0,12.42,740.0,
2016-11-23 06:00:00,217.5,675.0,335.53,100.24,461.46,91.61,15.43,2.09,11.05,10.94,20.92,,,,,15.82,61.5,0.3,218.08,,0.0,27.33,740.0,
2016-11-23 07:00:00,198.5,654.67,418.55,109.73,,91.96,18.62,2.18,12.14,12.3,21.08,,,,,17.52,61.0,0.31,242.17,,0.0,302.58,740.0,
2016-11-23 08:00:00,213.5,775.17,251.68,106.67,314.43,96.16,17.61,2.77,13.29,13.54,22.18,,,,,22.47,48.59,0.45,239.92,,0.0,410.58,740.0,
2016-11-23 09:00:00,206.75,637.25,150.34,132.11,323.41,100.11,21.23,2.76,9.52,12.99,22.15,,,,,25.73,40.5,0.46,266.16,,0.0,420.75,740.0,
2016-11-23 10:00:00,242.67,684.33,210.03,166.79,381.17,105.55,32.44,5.64,18.22,10.13,18.76,,,,,28.12,34.92,0.76,282.42,,0.0,426.17,740.0,
2016-11-23 11:00:00,217.33,859.83,130.87,155.11,316.74,96.52,30.61,2.17,34.26,11.35,21.55,,,,,29.27,32.58,1.14,278.75,,0.0,428.92,740.0,
2016-11-23 12:00:00,197.0,762.5,77.89,97.42,193.07,59.29,33.73,1.59,68.33,10.38,19.74,,,,,29.57,29.0,1.51,286.92,,0.0,428.66,740.0,
2016-11-23 13:00:00,193.17,692.33,43.4,85.76,135.73,51.15,32.08,1.36,93.14,8.12,16.55,,,,,29.35,29.34,1.56,281.41,,0.0,412.92,740.0,
2016-11-23 14:00:00,218.0,751.33,98.97,105.0,228.54,45.8,27.35,1.27,67.72,6.98,16.47,,,,,29.56,26.5,1.4,287.0,,0.0,402.58,740.0,
2016-11-23 15:00:00,187.67,720.5,91.01,107.41,219.73,43.05,23.34,1.17,58.28,5.52,13.64,,,,,28.57,26.75,1.03,284.84,,0.0,357.25,740.0,
2016-11-23 16:00:00,188.5,692.5,179.58,147.24,376.29,69.94,24.57,1.66,25.59,7.68,19.38,,,,,26.67,30.08,0.69,276.25,,0.0,227.58,740.0,
2016-11-23 17:00:00,206.17,990.0,348.6,171.98,434.97,80.12,26.19,3.05,11.28,13.1,28.8,,,,,23.41,37.5,0.3,210.42,,0.0,29.84,740.0,
2016-11-23 18:00:00,249.33,,,222.81,,79.44,32.63,6.04,13.98,21.25,41.33,,,,,21.41,44.42,0.3,210.33,,0.0,12.67,740.0,
2016-11-23 19:00:00,333.0,,,193.77,,80.11,27.94,6.58,13.0,26.17,61.42,,,,,20.32,49.0,0.3,209.83,,0.0,12.42,740.0,
2016-11-23 20:00:00,323.67,,,208.42,,89.34,31.7,7.55,12.2,20.41,50.64,,,,,19.37,52.17,0.3,220.5,,0.0,12.42,740.0,
2016-11-23 21:00:00,373.67,,,234.82,,92.7,39.44,9.22,13.01,24.17,60.12,,,,,19.0,54.16,0.3,258.0,,0.0,12.42,740.0,
2016-11-23 22:00:00,473.67,,,237.66,,101.62,38.21,9.51,13.76,24.92,62.66,,,,,17.95,57.42,0.3,215.08,,0.0,12.5,740.0,
2016-11-23 23:00:00,432.0,,,218.22,,120.59,38.6,10.86,16.64,24.12,60.57,,,,,17.25,60.25,0.3,210.25,,0.0,12.33,740.0,
2016-11-24 00:00:00,437.67,,,199.48,,126.9,13.2,8.2,17.37,28.79,74.24,,,,,16.94,61.0,0.31,203.5,,0.0,12.25,740.0,
2016-11-24 01:00:00,443.67,,228.68,147.25,359.18,119.76,1.3,3.78,12.43,24.88,63.09,,,,,18.04,54.25,0.37,253.83,,0.0,12.5,740.0,
2016-11-24 02:00:00,334.17,919.67,246.18,130.38,434.07,116.83,,3.54,13.89,21.5,47.66,,,,,17.21,54.92,0.3,222.92,,0.0,12.25,740.0,
2016-11-24 03:00:00,347.17,713.0,248.12,118.52,360.02,115.64,,2.85,18.36,19.06,39.45,,,,,16.24,59.12,0.3,217.38,,0.0,12.67,740.0,
2016-11-24 04:00:00,354.0,758.33,247.12,118.12,420.71,117.64,,2.32,13.74,13.54,28.48,,,,,15.34,60.58,0.3,199.33,,0.0,12.25,740.0,
2016-11-24 05:00:00,342.67,806.17,218.02,133.43,275.74,142.37,,2.8,15.11,14.38,29.87,,,,,15.24,62.5,0.32,212.25,,0.0,12.25,740.0,
2016-11-24 06:00:00,378.67,895.83,119.74,131.57,281.12,134.33,10.79,2.86,14.19,13.35,31.65,,,,,15.14,62.59,0.3,231.17,,0.0,24.58,740.0,
2016-11-24 07:00:00,348.5,815.0,153.72,139.21,334.34,130.59,15.12,3.62,15.75,13.83,28.58,,,,,16.48,63.75,0.3,258.0,,0.0,275.58,740.0,
2016-11-24 08:00:00,380.17,,250.08,156.92,375.28,126.0,15.94,3.4,15.58,14.39,25.44,,,,,21.62,51.41,0.37,258.75,,0.0,403.84,740.0,
2016-11-24 09:00:00,376.17,,231.24,188.74,399.21,134.03,19.69,3.72,14.39,15.02,25.96,,,,,24.74,43.17,0.58,265.75,,0.0,417.25,740.0,
2016-11-24 10:00:00,371.83,,49.32,155.32,177.8,96.18,24.7,1.61,13.97,14.31,24.02,,,,,26.64,38.34,1.16,285.25,,0.0,424.92,740.0,
2016-11-24 11:00:00,339.25,990.0,57.44,130.38,185.03,105.67,35.48,1.32,27.12,11.56,21.31,,,,,28.28,32.66,1.45,288.5,,0.0,427.84,740.0,
2016-11-24 12:00:00,282.88,907.0,55.67,92.6,158.77,65.21,36.08,0.82,54.85,7.96,16.86,,,,,29.0,27.58,1.69,283.09,,0.0,425.17,740.0,
2016-11-24 13:00:00,210.33,780.67,38.81,82.22,126.29,52.09,30.22,1.3,66.11,5.26,14.25,,,,,29.74,25.0,1.55,270.67,,0.0,409.25,740.0,
2016-11-24 14:00:00,158.33,594.83,77.99,87.68,184.46,40.76,24.18,1.36,59.82,4.32,10.36,,,,,29.56,22.42,1.36,271.0,,0.0,398.0,740.0,
2016-11-24 15:00:00,116.0,605.17,81.34,88.81,190.24,40.2,22.66,1.42,61.62,4.44,9.3,,,,,28.39,23.92,1.21,280.84,,0.0,354.25,740.0,
2016-11-24 16:00:00,128.33,656.5,216.0,129.45,410.5,72.69,24.4,1.86,21.99,6.15,15.3,,,,,26.55,26.75,0.79,293.83,,0.0,215.92,740.0,
2016-11-24 17:00:00,178.0,,377.42,162.49,459.9,79.45,28.09,3.1,12.08,12.47,28.15,,,,,24.09,33.0,0.35,273.0,,0.0,26.75,740.0,
2016-11-24 18:00:00,251.17,,366.38,169.75,,77.49,24.64,4.54,11.0,17.01,39.1,,,,,22.3,37.92,0.32,261.42,,0.0,12.75,740.0,
2016-11-24 19:00:00,284.33,,356.06,164.15,,71.21,22.86,4.2,11.4,17.84,40.9,,,,,21.26,40.42,0.32,245.25,,0.0,12.5,740.0,
2016-11-24 20:00:00,247.67,,254.26,153.19,414.88,71.32,22.44,4.32,10.44,16.38,38.07,,,,,20.79,41.04,0.32,259.58,,0.0,12.62,740.0,
2016-11-24 21:00:00,253.17,858.67,213.49,147.44,394.89,69.89,19.97,3.48,9.88,13.9,29.65,,,,,20.2,41.0,0.36,257.25,,0.0,12.42,740.0,
2016-11-24 22:00:00,243.33,805.67,201.36,133.8,355.37,71.66,18.81,2.67,9.28,12.43,25.73,,,,,19.68,40.92,0.58,260.5,,0.0,12.33,740.0,
2016-11-24 23:00:00,251.83,867.17,69.14,97.56,181.38,65.03,17.91,1.44,13.14,8.1,15.92,,,,,20.16,38.25,1.18,285.25,,0.0,12.08,740.0,
2016-11-25 00:00:00,176.83,509.83,36.63,81.88,123.18,66.88,20.76,1.26,21.5,9.42,16.06,,,,,19.56,37.92,1.16,286.75,,0.0,12.25,740.0,
2016-11-25 01:00:00,129.67,372.0,12.26,61.53,71.51,61.35,19.49,1.02,28.92,7.15,13.0,,,,,19.08,37.92,1.22,285.09,,0.0,12.16,740.0,
2016-11-25 02:00:00,124.17,271.67,26.35,54.98,85.4,61.82,19.5,1.08,36.54,7.05,11.46,,,,,18.5,39.54,1.43,285.67,,0.0,12.34,740.0,
2016-11-25 03:00:00,136.33,320.5,9.88,49.89,56.62,58.45,18.96,0.38,50.74,7.86,11.3,,,,,18.09,41.08,1.22,281.25,,0.0,12.33,740.0,
2016-11-25 04:00:00,166.33,331.83,15.3,47.46,57.36,57.7,17.04,0.15,51.71,7.08,9.3,,,,,17.75,41.75,1.46,283.58,,0.0,12.33,740.0,
2016-11-25 05:00:00,159.0,374.0,37.08,79.07,114.58,57.7,17.55,0.38,30.29,6.41,8.35,,,,,17.24,42.67,0.88,282.84,,0.0,12.17,740.0,
2016-11-25 06:00:00,160.5,392.0,37.02,81.63,102.36,55.98,18.56,0.6,22.84,6.82,8.45,,,,,16.66,44.5,1.22,283.75,,0.0,24.25,740.0,
2016-11-25 07:00:00,147.17,552.33,111.32,102.84,243.61,57.02,22.09,1.1,15.68,7.81,10.41,,,,,18.01,42.96,1.14,275.21,,0.0,293.12,740.0,
2016-11-25 08:00:00,161.5,649.17,86.43,80.9,190.52,53.73,28.24,1.18,24.79,7.99,11.94,,,,,21.61,36.5,1.8,284.34,,0.0,411.75,740.0,
2016-11-25 09:00:00,135.33,640.83,66.45,79.08,161.26,51.63,31.24,0.72,30.36,6.0,9.0,,,,,23.94,31.84,1.99,287.08,,0.0,426.75,740.0,
2016-11-25 10:00:00,169.83,774.33,35.25,74.58,70.18,47.17,22.76,0.91,50.6,5.8,10.33,,,,,25.98,28.58,2.15,286.17,,0.0,434.34,740.0,
2016-11-25 11:00:00,177.5,,112.52,95.28,226.89,54.62,28.54,1.33,56.78,6.72,14.78,,,,,28.22,25.08,1.99,282.41,,0.0,433.67,740.0,
2016-11-25 12:00:00,141.67,,38.66,64.51,110.24,29.99,20.32,0.82,72.81,7.42,17.63,,,,,29.76,20.75,2.3,281.34,,0.0,428.83,740.0,
2016-11-25 13:00:00,121.33,,33.44,57.2,96.67,28.5,17.65,1.18,70.71,5.43,14.4,,,,,30.6,18.58,2.44,284.96,,0.0,411.54,740.0,
2016-11-25 14:00:00,103.0,,85.25,67.97,177.52,28.28,17.43,0.83,80.43,4.96,12.78,,,,,30.34,18.25,2.48,284.42,,0.0,396.16,740.0,
2016-11-25 15:00:00,100.33,986.0,59.91,64.58,139.37,37.74,16.18,0.82,79.89,5.25,11.98,,,,,29.55,18.25,2.4,283.75,,0.0,346.84,740.0,
2016-11-25 16:00:00,87.17,875.33,75.11,77.47,171.67,35.19,15.92,0.97,59.98,6.02,16.98,,,,,28.1,20.08,1.78,284.08,,0.0,204.25,740.0,
2016-11-25 17:00:00,94.67,658.33,146.98,93.91,284.37,37.33,20.12,1.44,30.46,8.8,22.66,,,,,26.13,23.16,1.26,285.08,,0.0,28.0,740.0,
2016-11-25 18:00:00,128.83,751.17,124.29,87.04,247.26,37.35,19.38,1.97,19.46,11.6,28.88,,,,,24.83,25.83,1.54,286.5,,0.0,12.25,740.0,
2016-11-25 19:00:00,132.5,667.0,99.26,93.88,218.72,35.73,20.14,1.5,21.78,9.44,19.78,,,,,24.48,25.83,1.83,283.25,,0.0,12.16,740.0,
2016-11-25 20:00:00,131.5,595.17,115.18,82.68,231.15,31.18,19.44,1.5,22.85,8.53,21.22,,,,,23.99,26.0,1.66,280.66,,0.0,12.17,740.0,
2016-11-25 21:00:00,139.17,592.67,77.62,85.72,181.62,41.64,19.48,1.44,26.45,7.62,16.82,,,,,23.46,27.34,1.72,283.67,,0.0,12.08,740.0,
2016-11-25 22:00:00,138.5,502.17,84.48,89.37,195.17,43.6,20.35,1.54,25.8,6.99,15.64,,,,,22.61,29.08,1.66,281.83,,0.0,12.42,740.0,
2016-11-25 23:00:00,130.17,487.0,57.82,76.12,146.86,41.04,20.98,1.15,32.67,6.44,12.62,,,,,21.6,31.08,1.77,287.75,,0.0,12.25,740.0,
2016-11-26 00:00:00,117.5,379.33,27.82,63.93,94.97,41.64,25.32,1.55,37.59,5.91,11.41,,,,,20.76,33.0,2.1,286.0,,0.0,12.42,740.0,
2016-11-26 01:00:00,77.67,347.0,21.92,55.69,79.56,40.56,25.63,1.42,43.45,5.9,8.16,,,,,20.11,35.0,1.82,285.09,,0.0,12.42,740.0,
2016-11-26 02:00:00,94.33,256.67,23.94,53.28,80.05,36.95,25.18,1.16,51.72,6.7,9.96,,,,,20.22,34.92,1.74,285.5,,0.0,12.25,740.0,
2016-11-26 03:00:00,110.5,286.33,24.5,53.88,81.43,40.81,24.82,1.28,50.26,5.63,7.15,,,,,19.55,36.42,1.83,282.75,,0.0,12.16,740.0,
2016-11-26 04:00:00,109.0,324.5,20.0,48.33,70.48,44.09,24.16,1.29,50.39,4.57,5.48,,,,,19.28,37.0,2.12,289.0,,0.0,12.17,740.0,
2016-11-26 05:00:00,117.0,366.83,63.4,62.77,142.54,41.01,26.3,1.34,37.67,4.8,6.42,,,,,18.73,39.17,2.06,289.5,,0.0,12.16,740.0,
2016-11-26 06:00:00,130.75,405.0,52.74,58.63,123.91,44.48,24.9,,30.78,5.47,5.86,,,,,18.47,40.42,1.9,287.0,,0.0,25.33,740.0,
2016-11-26 07:00:00,128.75,392.33,81.54,70.14,173.79,45.19,26.26,,28.59,6.49,7.16,,,,,20.18,38.33,1.87,285.09,,0.0,310.0,740.0,
2016-11-26 08:00:00,130.0,499.5,70.97,75.02,163.81,47.52,30.68,,38.96,8.15,9.5,,,,,23.92,32.92,1.81,289.5,,0.0,414.0,740.0,
2016-11-26 09:00:00,113.0,525.83,65.6,72.86,154.57,38.19,31.42,,39.39,7.45,9.55,,,,,25.69,30.83,1.9,288.92,,0.0,428.75,740.0,
2016-11-26 10:00:00,125.83,544.33,86.76,84.5,192.44,33.09,21.29,0.98,61.66,7.34,12.59,,,,,27.89,26.25,1.94,282.33,,0.0,433.34,740.0,
2016-11-26 11:00:00,113.33,646.5,61.39,74.63,150.68,41.25,25.43,1.11,41.76,7.08,12.94,,,,,30.0,23.34,1.76,283.92,,0.0,432.58,740.0,
2016-11-26 12:00:00,104.5,535.0,33.99,75.01,113.14,23.82,18.01,1.02,62.54,6.53,14.24,,,,,31.42,20.34,2.01,285.34,,0.0,428.25,740.0,
2016-11-26 13:00:00,96.33,464.33,66.03,66.39,149.32,23.74,16.02,1.09,59.24,5.3,12.75,,,,,32.22,18.92,1.92,279.58,,0.0,408.33,740.0,
2016-11-26 14:00:00,68.5,454.17,48.78,67.22,126.39,20.9,15.28,1.08,73.52,3.94,8.77,,,,,31.71,19.25,1.98,283.25,,0.0,395.08,740.0,
2016-11-26 15:00:00,73.0,439.67,69.18,72.6,159.04,21.38,15.35,1.12,60.72,4.68,10.82,,,,,30.78,19.92,1.68,288.0,,0.0,348.08,740.0,
2016-11-26 16:00:00,83.17,535.17,127.67,106.86,268.32,32.72,16.85,1.3,35.46,7.14,18.17,,,,,29.08,22.5,1.18,289.08,,0.0,206.67,740.0,
2016-11-26 17:00:00,98.33,521.0,244.21,124.64,422.52,38.52,24.17,2.38,17.98,11.61,30.76,,,,,26.48,27.42,0.57,274.42,,0.0,28.75,740.0,
2016-11-26 18:00:00,166.88,,242.61,121.15,409.44,42.34,27.35,3.29,10.81,15.26,38.31,,,,,24.68,30.75,0.52,252.5,,0.0,12.33,740.0,
2016-11-26 19:00:00,152.83,936.0,271.1,125.51,460.48,42.31,25.58,4.19,11.33,20.53,44.86,,,,,22.64,35.92,0.31,232.67,,0.0,12.58,740.0,
2016-11-26 20:00:00,197.5,,213.98,123.78,402.58,46.2,28.74,3.72,10.28,20.39,52.7,,,,,22.33,36.25,0.48,272.33,,0.0,12.58,740.0,
2016-11-26 21:00:00,223.17,,150.32,117.18,309.63,53.26,30.54,2.32,10.22,16.93,44.18,,,,,22.64,35.25,0.86,289.34,,0.0,12.5,740.0,
2016-11-26 22:00:00,205.0,840.67,74.78,87.82,180.34,47.25,28.63,1.52,17.45,10.35,25.75,,,,,22.38,35.5,1.25,288.33,,0.0,12.33,740.0,
2016-11-26 23:00:00,161.5,430.0,64.99,89.15,168.43,53.04,25.71,1.4,33.71,9.12,18.34,,,,,21.39,37.5,1.04,283.0,,0.0,12.5,740.0,
2016-11-27 00:00:00,163.0,428.67,43.96,77.93,129.49,55.37,26.61,1.29,30.06,9.84,17.42,,,,,20.55,39.42,0.88,285.0,,0.0,12.42,740.0,
2016-11-27 01:00:00,118.83,369.83,39.13,64.9,111.23,52.26,25.95,1.04,26.01,7.91,13.08,,,,,20.06,40.25,0.92,279.67,,0.0,12.67,740.0,
2016-11-27 02:00:00,124.33,296.17,29.72,62.62,96.43,50.77,23.79,1.19,27.85,7.62,11.92,,,,,19.25,42.67,0.97,281.92,,0.0,12.5,740.0,
2016-11-27 03:00:00,132.83,357.67,32.3,62.62,99.73,50.64,24.34,1.04,33.67,7.49,12.94,,,,,18.9,43.5,0.92,282.25,,0.0,12.58,740.0,
2016-11-27 04:00:00,144.0,380.25,69.32,78.82,165.11,52.22,24.62,1.11,22.71,7.48,12.78,,,,,18.41,45.42,0.72,278.5,,0.0,12.33,740.0,
2016-11-27 05:00:00,163.17,547.5,129.33,91.94,258.31,58.54,23.66,1.4,14.28,8.07,10.78,,,,,17.92,47.58,0.64,284.0,,0.0,12.5,740.0,
2016-11-27 06:00:00,208.67,724.5,140.8,103.93,284.77,57.32,21.14,1.81,10.65,8.19,9.74,,,,,17.29,50.5,0.44,257.67,,0.0,22.92,740.0,
2016-11-27 07:00:00,204.5,812.0,176.39,108.92,337.38,56.18,23.74,4.62,10.54,9.03,14.14,,,,,19.0,49.0,0.68,270.17,,0.0,291.0,740.0,
2016-11-27 08:00:00,189.83,854.67,117.11,95.61,244.78,60.58,30.27,4.57,14.4,8.77,13.1,,,,,23.17,39.83,1.08,275.66,,0.0,411.42,740.0,
2016-11-27 09:00:00,182.33,704.67,114.05,102.68,246.87,58.42,37.29,4.06,19.41,8.37,11.08,,,,,25.42,36.0,1.14,276.25,,0.0,425.0,740.0,
2016-11-27 10:00:00,198.0,741.33,99.14,129.32,249.56,39.36,27.22,4.04,38.37,7.45,11.08,,,,,26.98,32.67,1.4,283.59,,0.0,431.83,740.0,
2016-11-27 11:00:00,188.5,629.33,43.97,96.18,138.06,48.36,34.03,4.36,63.29,7.72,14.51,,,,,28.52,29.54,1.71,285.58,,0.0,433.54,740.0,
2016-11-27 12:00:00,168.67,606.67,53.4,79.25,143.54,28.72,27.06,3.87,73.8,7.65,15.37,,,,,29.76,25.17,1.77,284.33,,0.0,430.5,740.0,
2016-11-27 13:00:00,166.33,598.0,29.89,60.62,94.52,21.78,22.36,0.79,78.6,5.43,14.0,,,,,30.25,20.33,2.32,282.5,,0.0,411.5,740.0,
2016-11-27 14:00:00,87.33,653.5,67.85,70.45,155.38,25.02,20.59,1.61,69.74,4.66,10.95,,,,,30.32,16.83,2.08,285.0,,0.0,394.0,740.0,
2016-11-27 15:00:00,82.17,590.67,,,,,18.56,0.9,69.12,4.47,10.6,,,,,29.49,17.08,1.69,283.33,,0.0,347.16,740.0,
2016-11-27 16:00:00,72.0,501.5,77.71,86.18,183.03,29.51,22.34,1.56,60.62,5.06,16.21,,,,,27.72,19.25,1.61,286.34,,0.0,201.08,740.0,
2016-11-27 17:00:00,75.33,524.83,179.18,111.03,290.82,36.86,27.42,2.14,23.0,7.54,22.48,,,,,25.07,24.58,0.54,268.34,,0.0,29.34,740.0,
2016-11-27 18:00:00,148.33,954.0,302.0,137.36,480.23,39.58,27.76,4.34,9.95,14.31,31.52,,,,,22.44,32.08,0.3,247.08,,0.0,12.67,740.0,
2016-11-27 19:00:00,291.33,,181.91,119.42,354.7,40.11,26.06,3.65,9.85,17.72,40.05,,,,,22.65,30.75,0.44,270.0,,0.0,12.42,740.0,
2016-11-27 20:00:00,219.33,,169.22,110.98,329.58,39.27,26.08,2.95,8.85,13.94,31.73,,,,,22.77,29.5,0.66,281.33,,0.0,12.33,740.0,
2016-11-27 21:00:00,189.67,748.5,68.38,82.62,167.12,38.21,27.54,1.63,14.7,10.84,23.38,,,,,22.47,28.5,1.3,287.25,,0.0,12.33,740.0,
2016-11-27 22:00:00,131.83,360.67,64.58,73.73,153.84,36.8,27.33,0.88,16.9,7.92,15.4,,,,,21.64,30.0,1.41,287.5,,0.0,12.54,740.0,
2016-11-27 23:00:00,124.83,350.33,65.61,66.05,148.47,37.15,24.08,0.63,20.1,7.88,13.4,,,,,20.81,32.25,1.26,286.59,,0.0,12.5,740.0,
2016-11-28 00:00:00,112.5,307.0,38.75,65.92,111.39,41.71,22.57,1.46,24.86,7.62,12.95,,,,,20.09,34.5,1.2,284.42,,0.0,12.0,740.0,
2016-11-28 01:00:00,81.83,293.83,36.0,63.68,105.98,39.43,22.32,1.46,28.69,7.02,10.71,,,,,19.44,36.0,1.16,283.75,,0.0,12.5,740.0,
2016-11-28 02:00:00,95.17,229.5,32.42,57.51,95.59,39.19,23.58,1.42,29.62,7.04,9.11,,,,,18.67,38.0,1.06,282.41,,0.0,12.67,740.0,
2016-11-28 03:00:00,119.17,239.0,28.74,52.56,86.04,39.34,22.54,1.44,35.06,8.43,8.42,,,,,18.25,39.58,1.26,286.83,,0.0,12.33,740.0,
2016-11-28 04:00:00,134.67,254.5,29.59,53.17,87.82,40.47,22.89,0.82,35.42,7.4,7.68,,,,,17.77,41.42,1.14,281.16,,0.0,12.42,740.0,
2016-11-28 05:00:00,139.17,294.83,71.04,61.38,151.72,42.72,32.43,1.01,22.27,7.47,8.21,,,,,17.58,40.42,1.09,281.09,,0.0,12.25,740.0,
2016-11-28 06:00:00,165.33,399.83,79.87,79.97,166.53,40.79,33.92,0.57,13.98,7.39,7.8,,,,,17.29,39.75,0.71,276.25,,0.0,23.08,740.0,
2016-11-28 07:00:00,141.67,617.17,74.86,80.55,174.73,36.21,29.01,0.7,11.48,7.32,8.61,,,,,19.44,35.5,1.08,275.42,,0.0,300.91,740.0,
2016-11-28 08:00:00,138.83,660.5,93.65,81.29,200.25,41.18,32.16,0.9,15.56,8.07,11.44,,,,,23.48,30.33,1.25,280.58,,0.0,412.92,740.0,
2016-11-28 09:00:00,135.67,529.67,89.92,86.16,199.52,39.21,48.16,0.67,18.26,9.04,13.18,,,,,25.16,28.67,1.4,285.25,,0.0,427.83,740.0,
2016-11-28 10:00:00,145.5,435.5,54.81,90.71,139.38,33.2,26.85,1.0,40.91,7.51,12.93,,,,,26.76,26.75,1.5,287.67,,0.0,434.5,740.0,
2016-11-28 11:00:00,130.33,416.33,41.35,92.28,138.25,37.46,32.27,0.83,50.54,8.46,16.49,,,,,28.06,25.25,1.54,288.5,,0.0,435.0,740.0,
2016-11-28 12:00:00,138.5,393.33,94.16,82.44,202.18,19.89,24.96,1.18,51.71,6.8,14.94,,,,,29.47,21.33,1.68,284.41,,0.0,431.67,740.0,
2016-11-28 13:00:00,116.5,426.5,45.25,70.41,124.52,19.46,20.83,0.35,67.7,4.9,11.67,,,,,29.68,19.42,1.72,286.33,,0.0,411.92,740.0,
2016-11-28 14:00:00,92.67,339.5,78.44,72.38,171.58,24.22,21.02,1.03,62.12,5.15,11.18,,,,,29.64,18.83,1.56,282.09,,0.0,399.5,740.0,
2016-11-28 15:00:00,89.5,383.5,,,,,22.05,1.27,48.38,5.05,13.46,,,,,28.76,18.16,1.21,280.59,,0.0,348.92,740.0,
2016-11-28 16:00:00,109.33,459.33,157.66,104.32,308.34,27.15,20.77,1.42,31.16,7.18,20.32,,,,,26.92,19.92,0.85,293.0,,0.0,195.67,740.0,
2016-11-28 17:00:00,130.12,426.0,281.74,139.42,471.38,32.14,28.1,2.32,8.85,11.35,27.89,,,,,24.12,25.92,0.32,230.08,,0.0,28.75,740.0,
2016-11-28 18:00:00,199.38,,409.37,136.92,,39.77,29.84,3.54,9.56,18.71,47.76,,,,,22.0,31.34,0.3,169.42,,0.0,12.67,740.0,
2016-11-28 19:00:00,264.0,,,168.09,,40.06,33.68,5.21,9.92,22.3,64.38,,,,,20.38,36.42,0.3,226.42,,0.0,12.25,740.0,
2016-11-28 20:00:00,406.33,,339.94,193.29,,46.02,40.34,9.54,11.25,26.3,67.36,,,,,18.8,40.5,0.3,228.0,,0.0,12.5,740.0,
2016-11-28 21:00:00,468.83,,294.22,234.33,,55.18,49.38,11.1,12.67,33.95,84.0,,,,,18.06,44.58,0.3,251.83,,0.0,12.5,740.0,
2016-11-28 22:00:00,598.0,,383.06,244.32,,60.32,46.49,10.95,13.56,35.72,86.61,,,,,17.4,48.08,0.32,202.0,,0.0,12.25,740.0,
2016-11-28 23:00:00,554.83,,127.75,155.1,313.96,67.41,35.34,10.77,18.67,34.67,132.95,,,,,17.49,49.34,0.3,104.25,,0.0,12.42,740.0,
2016-11-29 00:00:00,359.83,,141.38,131.96,237.31,74.38,16.95,11.28,22.05,34.04,149.05,,,,,16.85,53.34,0.3,144.83,,0.0,12.5,740.0,
2016-11-29 01:00:00,464.0,,448.57,144.54,,66.03,19.32,11.28,22.32,34.08,132.25,,,,,16.17,55.5,0.3,212.75,,0.0,12.58,740.0,
2016-11-29 02:00:00,472.5,,372.38,127.18,,71.57,14.26,10.24,21.25,34.8,126.02,,,,,15.61,58.33,0.3,239.67,,0.0,12.42,740.0,
2016-11-29 03:00:00,510.0,,374.18,114.94,,75.21,12.76,8.42,20.02,33.42,130.54,,,,,15.32,59.0,0.3,241.75,,0.0,12.58,740.0,
2016-11-29 04:00:00,480.0,,190.71,101.88,293.13,78.36,11.98,6.4,18.03,30.96,116.2,,,,,14.58,59.75,0.3,239.0,,0.0,12.42,740.0,
2016-11-29 05:00:00,442.67,,235.02,108.9,417.92,92.98,7.68,5.41,14.7,28.13,93.81,,,,,14.61,57.75,0.32,142.17,,0.0,12.34,740.0,
2016-11-29 06:00:00,373.33,,230.44,113.23,363.53,96.79,13.32,4.68,14.08,24.08,86.59,,,,,14.4,54.91,0.31,62.84,,0.0,20.25,740.0,
2016-11-29 07:00:00,332.83,,215.18,121.78,304.61,99.73,15.28,3.89,12.26,21.82,75.16,,,,,15.38,54.34,0.3,175.25,,0.0,258.5,740.0,
2016-11-29 08:00:00,310.67,,115.21,116.78,251.12,96.39,16.54,3.38,13.98,17.43,43.2,,,,,21.25,40.83,0.31,215.25,,0.0,405.42,740.0,
2016-11-29 09:00:00,256.83,769.67,63.5,164.12,186.87,90.94,49.92,3.3,12.4,17.28,43.02,,,,,24.65,34.75,0.41,215.29,,0.0,418.96,740.0,
2016-11-29 10:00:00,283.67,672.17,84.06,178.83,271.35,73.82,51.39,2.92,18.56,15.13,34.82,,,,,26.86,33.0,0.44,249.25,,0.0,421.25,740.0,
2016-11-29 11:00:00,335.33,811.0,16.04,145.12,140.95,86.49,56.43,2.97,51.28,15.18,32.78,,,,,28.47,31.34,0.5,214.67,,0.0,422.67,740.0,
2016-11-29 12:00:00,284.67,630.33,33.81,152.95,182.53,65.47,74.18,3.01,54.65,16.37,33.08,,,,,28.59,30.75,0.73,238.33,,0.0,420.84,740.0,
2016-11-29 13:00:00,321.17,651.33,28.49,135.41,159.57,59.64,67.09,2.76,89.28,16.58,32.52,,,,,28.95,30.08,0.62,257.58,,0.0,405.92,740.0,
2016-11-29 14:00:00,305.33,641.67,20.4,108.68,124.65,52.78,58.5,2.43,73.36,16.49,29.63,,,,,28.83,30.25,0.44,232.33,,0.0,395.75,740.0,
2016-11-29 15:00:00,272.17,647.67,79.22,161.44,252.12,54.64,46.73,2.41,42.54,12.83,23.03,,,,,27.46,32.16,0.31,219.08,,0.0,354.67,740.0,
2016-11-29 16:00:00,272.5,828.33,93.74,161.08,271.52,91.23,37.33,2.32,14.79,13.59,29.83,,,,,25.44,39.92,0.3,174.92,,0.0,208.42,740.0,
2016-11-29 17:00:00,286.83,790.0,141.56,174.72,348.94,93.26,34.18,4.32,10.94,15.82,37.94,,,,,22.78,48.42,0.3,217.33,,0.0,24.5,740.0,
2016-11-29 18:00:00,370.0,,69.01,165.0,222.78,100.13,22.63,4.92,27.22,18.62,61.68,,,,,21.9,51.75,0.68,70.67,,0.0,12.5,740.0,
2016-11-29 19:00:00,382.83,,73.03,150.37,233.68,107.16,24.22,5.36,38.4,19.86,138.85,,,,,20.72,56.75,0.32,89.25,,0.0,12.42,740.0,
2016-11-29 20:00:00,469.33,,138.62,148.48,321.65,115.36,26.95,6.62,21.02,16.38,94.03,,,,,19.51,61.83,0.34,45.08,,0.0,12.58,740.0,
2016-11-29 21:00:00,464.17,,196.79,150.62,334.57,131.72,32.98,7.6,23.75,17.48,143.58,,,,,18.26,66.42,0.3,13.58,,0.0,12.42,740.0,
2016-11-29 22:00:00,500.5,,91.76,133.79,216.82,129.26,23.66,6.07,28.19,18.19,111.64,,,,,17.83,69.58,0.3,174.92,,0.0,12.33,740.0,
2016-11-29 23:00:00,463.17,917.67,40.88,123.81,118.74,137.14,18.98,5.05,17.29,15.49,74.66,,,,,17.6,71.17,0.3,39.42,,0.0,12.5,740.0,
2016-11-30 00:00:00,396.67,809.0,15.05,104.15,89.6,141.91,16.07,5.31,16.51,15.32,54.84,,,,,17.11,73.17,0.3,194.17,,0.0,12.5,740.0,
2016-11-30 01:00:00,435.17,815.5,13.4,81.22,67.54,118.21,12.31,5.31,14.75,15.06,49.42,,,,,16.71,74.25,0.3,234.33,,0.0,12.42,740.0,
2016-11-30 02:00:00,432.0,813.17,15.56,55.77,57.86,124.53,8.82,4.81,13.25,15.5,44.08,,,,,16.18,75.84,0.3,216.08,,0.0,12.5,740.0,
2016-11-30 03:00:00,412.67,645.83,23.66,45.19,59.02,129.49,12.74,5.3,12.96,15.03,46.84,,,,,15.92,77.42,0.3,231.75,,0.0,12.5,740.0,
2016-11-30 04:00:00,412.83,676.67,18.88,46.26,39.68,146.82,11.47,4.5,10.97,14.53,49.88,,,,,15.61,78.83,0.3,114.5,,0.0,12.08,740.0,
2016-11-30 05:00:00,391.5,637.5,13.83,48.58,38.28,183.37,9.92,3.48,28.93,11.91,65.12,,,,,15.6,80.5,0.34,67.59,,0.0,12.58,740.0,
2016-11-30 06:00:00,361.83,507.83,8.23,51.69,42.32,168.44,12.88,2.28,25.82,11.43,79.38,,,,,15.46,82.17,1.06,99.92,,0.0,15.0,740.0,
2016-11-30 07:00:00,327.83,393.17,3.32,57.94,54.78,157.6,10.06,2.18,13.72,8.36,24.28,,,,,15.85,83.58,1.54,93.17,,0.0,93.34,740.0,
2016-11-30 08:00:00,201.67,242.0,3.36,58.77,54.02,157.4,9.11,2.26,12.25,8.41,15.0,,,,,16.19,84.75,1.46,107.84,,0.0,279.38,740.0,
2016-11-30 09:00:00,158.17,214.17,1.7,78.45,68.94,141.66,9.65,2.42,15.02,17.7,26.03,,,,,16.87,85.0,1.81,109.08,,0.0,404.58,740.0,
2016-11-30 10:00:00,207.67,269.5,26.8,117.34,111.34,105.12,11.92,1.98,12.23,11.88,18.25,,,,,19.73,82.25,1.85,121.42,,0.0,436.67,740.0,
2016-11-30 11:00:00,250.0,365.83,1.72,85.82,77.38,108.92,11.0,1.87,13.62,14.39,41.2,,,,,22.65,68.5,2.0,112.58,,0.0,436.25,740.0,
2016-11-30 12:00:00,249.0,375.17,1.31,68.48,61.49,84.47,12.73,2.04,16.35,7.13,24.49,,,,,24.18,60.09,2.61,101.0,,0.0,432.75,740.0,
2016-11-30 13:00:00,263.88,440.38,1.12,51.36,45.68,91.98,12.82,2.02,18.29,7.18,23.09,,,,,25.4,55.25,2.19,129.12,,0.0,417.04,740.0,
2016-11-30 14:00:00,222.5,363.5,1.89,52.25,47.32,97.75,12.75,1.91,20.14,16.03,42.86,,,,,26.0,51.0,1.83,139.5,,0.0,404.67,740.0,
2016-11-30 15:00:00,196.5,363.0,5.44,68.32,59.09,103.01,12.58,2.15,19.85,26.16,81.98,,,,,25.85,51.33,1.14,167.25,,0.0,369.75,740.0,
2016-11-30 16:00:00,209.33,448.33,27.87,108.75,103.66,163.0,13.75,2.46,10.58,15.23,45.8,,,,,24.26,57.59,0.68,216.17,,0.0,221.75,740.0,
2016-11-30 17:00:00,235.67,579.67,15.27,110.79,98.27,145.72,14.57,2.97,9.99,8.96,33.27,,,,,22.62,62.42,0.46,201.67,,0.0,25.17,740.0,
2016-11-30 18:00:00,244.0,614.33,36.36,124.36,120.52,136.95,16.65,4.54,10.79,12.7,33.84,,,,,21.63,65.67,0.32,185.92,,0.0,12.5,740.0,
2016-11-30 19:00:00,310.83,734.67,30.32,131.32,134.62,132.65,21.24,5.56,11.86,17.72,47.67,,,,,20.47,69.33,0.3,220.33,,0.0,12.42,740.0,
2016-11-30 20:00:00,397.33,,34.53,131.54,115.72,134.54,25.06,6.18,11.08,19.66,51.43,,,,,19.44,72.58,0.31,105.42,,0.0,12.5,740.0,
2016-11-30 21:00:00,409.17,902.0,20.2,119.5,112.08,146.0,22.35,5.72,12.17,18.8,49.66,,,,,19.46,74.5,0.38,156.92,,0.0,12.5,740.0,
2016-11-30 22:00:00,418.33,839.67,49.9,129.88,81.4,148.57,27.58,5.97,12.54,17.66,39.6,,,,,18.55,76.42,0.31,254.66,,0.0,12.42,740.0,
2016-11-30 23:00:00,454.5,887.0,18.54,100.72,105.72,149.58,24.33,6.37,13.48,15.77,84.65,,,,,18.08,78.17,0.3,196.67,,0.0,12.5,740.0,
2016-12-01 00:00:00,416.5,779.0,6.28,82.92,62.86,150.06,16.44,5.16,34.48,14.64,138.05,,,,,17.87,79.0,0.3,190.34,,0.0,12.34,740.0,
2016-12-01 01:00:00,365.83,747.17,12.19,76.06,68.94,129.02,13.34,4.83,84.8,13.64,130.47,,,,,17.74,79.5,0.3,98.21,,0.0,12.54,740.0,
2016-12-01 02:00:00,377.33,583.83,6.73,82.25,69.71,130.36,11.39,3.78,43.39,13.22,110.22,,,,,17.76,80.92,0.48,110.17,,0.0,12.25,740.0,
2016-12-01 03:00:00,401.67,572.83,12.01,70.04,67.41,131.17,13.0,3.53,35.95,12.11,83.46,,,,,17.29,81.0,0.3,216.66,,0.0,12.5,740.0,
2016-12-01 04:00:00,461.5,619.33,12.63,65.59,59.54,134.42,15.24,3.35,55.76,12.27,87.15,,,,,16.75,81.25,0.3,155.0,,0.0,12.42,740.0,
2016-12-01 05:00:00,442.5,601.0,6.48,66.62,56.28,160.94,18.6,3.11,72.51,12.61,84.23,,,,,16.84,82.0,0.32,72.25,,0.0,12.67,740.0,
2016-12-01 06:00:00,428.5,574.17,15.9,65.32,68.91,146.17,19.56,2.97,79.53,14.17,125.84,,,,,16.76,82.83,0.35,62.83,,0.0,17.58,740.0,
2016-12-01 07:00:00,393.33,562.0,6.0,70.74,55.12,138.59,17.38,3.11,60.68,13.52,85.48,,,,,17.22,83.0,0.62,77.84,,0.0,198.75,740.0,
2016-12-01 08:00:00,379.17,541.67,2.72,121.92,108.1,144.18,11.57,3.0,15.34,14.1,50.09,,,,,18.51,81.41,1.27,101.5,,0.0,391.83,740.0,
2016-12-01 09:00:00,371.33,508.33,5.48,184.88,165.11,136.72,8.02,2.96,16.08,27.64,78.59,,,,,20.31,76.5,1.46,117.17,,0.0,420.5,740.0,
2016-12-01 10:00:00,356.0,479.33,6.5,114.2,96.25,104.65,8.47,2.35,13.62,36.3,90.56,,,,,22.08,69.91,1.58,126.75,,0.0,429.46,740.0,
2016-12-01 11:00:00,357.83,493.5,3.45,95.41,57.72,111.6,6.79,2.42,13.98,27.56,77.45,,,,,23.98,62.17,1.46,178.75,,0.0,431.75,740.0,
2016-12-01 12:00:00,280.5,439.33,0.67,70.66,59.17,115.58,15.08,2.56,15.89,16.18,31.77,,,,,24.22,60.42,1.78,136.92,,0.0,430.92,740.0,
2016-12-01 13:00:00,225.5,361.33,1.23,67.01,54.14,121.73,17.12,2.2,22.09,12.52,22.44,,,,,24.77,57.33,1.85,124.42,,0.0,417.42,740.0,
2016-12-01 14:00:00,246.17,398.17,2.07,84.91,72.52,131.58,16.39,2.08,24.42,7.9,17.78,,,,,25.13,56.67,1.63,133.0,,0.0,402.33,740.0,
2016-12-01 15:00:00,284.17,455.17,4.52,96.78,78.47,123.46,14.96,1.49,21.22,7.84,18.81,,,,,24.89,55.75,1.07,197.83,,0.0,368.84,740.0,
2016-12-01 16:00:00,271.5,484.33,3.84,119.29,105.92,144.92,13.97,1.25,15.28,7.55,27.51,,,,,23.72,58.66,0.76,149.67,,0.0,214.17,740.0,
2016-12-01 17:00:00,289.67,497.0,5.39,135.35,117.15,137.26,14.12,2.06,12.15,10.61,29.36,,,,,22.38,63.75,0.61,128.92,,0.0,24.83,740.0,
2016-12-01 18:00:00,355.67,652.33,35.87,140.78,134.48,136.99,17.79,3.3,12.66,13.96,27.23,,,,,21.17,68.92,0.42,187.92,,0.0,12.5,740.0,
2016-12-01 19:00:00,418.5,895.5,44.9,132.86,134.72,140.84,20.6,4.36,12.73,29.23,70.19,,,,,20.12,73.09,0.34,240.5,,0.0,12.33,740.0,
2016-12-01 20:00:00,417.0,856.5,68.8,133.12,132.1,122.8,22.53,3.11,12.04,48.52,112.84,,,,,18.88,76.25,0.3,237.92,,0.0,12.67,740.0,
2016-12-01 21:00:00,426.33,884.33,381.09,122.0,,140.52,23.77,5.43,12.12,41.43,95.53,,,,,18.31,78.0,0.3,209.5,,0.0,12.25,740.0,
2016-12-01 22:00:00,458.33,947.67,487.1,128.23,,150.96,28.3,7.42,13.13,54.89,127.14,,,,,17.99,79.08,0.3,199.75,,0.0,12.5,740.0,
2016-12-01 23:00:00,494.83,898.67,467.97,106.31,,143.01,27.02,8.04,13.07,47.04,94.79,,,,,17.56,79.83,0.3,137.0,,0.0,12.33,740.0,
2016-12-02 00:00:00,435.0,845.0,349.5,89.66,414.7,146.17,15.15,6.55,15.83,31.66,65.44,,,,,17.54,80.16,0.3,193.75,,0.0,12.33,740.0,
2016-12-02 01:00:00,496.33,795.33,108.12,116.49,249.61,116.41,4.25,3.11,16.39,20.27,43.64,,,,,17.64,79.58,0.3,114.42,,0.0,12.42,740.0,
2016-12-02 02:00:00,395.5,532.17,32.72,111.7,142.38,111.54,0.64,1.92,13.75,14.22,29.85,,,,,17.38,77.92,0.3,124.25,,0.0,12.58,740.0,
2016-12-02 03:00:00,355.17,464.17,139.12,72.98,253.2,112.71,2.24,1.41,12.62,19.86,39.73,,,,,16.75,77.83,0.3,224.42,,0.0,12.5,740.0,
2016-12-02 04:00:00,348.0,520.17,280.23,65.27,390.77,124.34,4.57,1.27,12.14,25.29,48.28,,,,,15.81,79.42,0.3,235.33,,0.0,12.58,740.0,
2016-12-02 05:00:00,378.67,628.5,258.85,72.12,415.96,154.14,5.62,1.24,12.01,20.66,36.89,,,,,15.55,80.33,0.3,220.17,,0.0,12.42,740.0,
2016-12-02 06:00:00,362.67,590.5,426.77,73.53,,155.66,17.79,1.86,13.28,21.5,41.58,,,,,15.62,81.34,0.3,217.67,,0.0,18.16,740.0,
2016-12-02 07:00:00,379.83,829.5,374.22,87.3,494.33,135.74,17.19,1.92,12.84,11.86,24.74,,,,,16.08,81.92,0.3,183.58,,0.0,225.08,740.0,
2016-12-02 08:00:00,327.67,760.83,294.86,210.13,,159.72,17.09,2.4,13.07,15.16,31.63,,,,,19.13,79.42,0.3,253.83,,0.0,400.42,740.0,
2016-12-02 09:00:00,347.67,634.5,139.76,169.51,339.91,184.24,13.31,2.26,9.84,47.1,88.72,,,,,22.65,67.42,0.3,258.08,,0.0,415.34,740.0,
2016-12-02 10:00:00,350.33,650.17,79.13,131.82,221.7,198.92,21.01,9.93,14.38,18.8,33.9,,,,,24.94,55.92,0.33,244.84,,0.0,419.75,740.0,
2016-12-02 11:00:00,313.67,602.0,76.55,144.45,231.9,192.45,23.71,2.02,13.72,12.61,23.89,,,,,26.62,49.0,0.54,250.33,,0.0,421.92,740.0,
2016-12-02 12:00:00,269.33,543.17,89.26,137.92,242.97,109.36,27.77,3.44,24.1,12.59,22.14,,,,,26.38,48.66,0.94,279.33,,0.0,420.17,740.0,
2016-12-02 13:00:00,254.12,591.5,61.1,96.45,167.79,85.57,23.8,2.35,26.07,10.7,21.14,,,,,26.01,47.96,1.26,290.08,,0.0,412.79,740.0,
2016-12-02 14:00:00,237.83,535.17,55.0,93.88,158.77,84.04,21.81,1.61,28.24,9.25,20.44,,,,,25.42,48.16,1.14,288.41,,0.0,399.75,740.0,
2016-12-02 15:00:00,224.83,517.67,98.48,112.35,234.46,81.11,21.83,1.32,25.92,10.95,24.78,,,,,24.66,48.5,0.6,293.0,,0.0,364.84,740.0,
2016-12-02 16:00:00,242.67,562.0,182.26,151.27,383.58,92.96,21.86,1.86,15.82,9.15,21.57,,,,,23.4,53.08,0.38,289.0,,0.0,221.58,740.0,
2016-12-02 17:00:00,273.75,742.0,279.86,153.52,431.6,106.38,22.83,3.47,13.71,13.89,31.31,,,,,21.07,60.5,0.31,276.33,,0.0,25.34,740.0,
2016-12-02 18:00:00,366.5,882.33,295.39,160.74,,119.17,17.77,4.08,14.49,14.97,35.91,,,,,19.09,68.08,0.3,222.0,,0.0,12.67,740.0,
2016-12-02 19:00:00,380.33,,393.7,147.16,,117.64,20.17,5.0,14.68,18.41,47.52,,,,,18.14,72.0,0.3,204.58,,0.0,12.5,740.0,
2016-12-02 20:00:00,363.5,,418.82,138.98,,119.65,20.33,5.56,15.13,24.66,62.65,,,,,17.69,73.75,0.3,202.75,,0.0,12.5,740.0,
2016-12-02 21:00:00,376.67,,494.87,144.28,,116.22,23.77,5.82,16.89,31.32,76.82,,,,,17.07,75.0,0.3,216.92,,0.0,12.42,740.0,
2016-12-02 22:00:00,401.0,,456.63,152.77,,110.7,24.6,5.74,15.55,20.68,48.12,,,,,16.4,76.25,0.3,215.42,,0.0,12.33,740.0,
2016-12-02 23:00:00,383.0,,404.51,129.24,,111.49,21.4,5.2,16.08,19.39,41.44,,,,,15.62,77.25,0.3,222.75,,0.0,12.25,740.0,
2016-12-03 00:00:00,388.17,824.33,399.51,100.65,,106.61,14.42,4.99,14.76,17.71,33.85,,,,,15.14,78.42,0.3,232.08,,0.0,12.67,740.0,
2016-12-03 01:00:00,363.33,660.83,304.61,87.57,450.98,106.23,10.39,4.76,15.72,16.44,29.42,,,,,14.81,79.0,0.3,240.75,,0.0,12.33,740.0,
2016-12-03 02:00:00,354.5,607.0,222.89,81.18,309.72,102.11,8.45,4.4,15.16,16.51,27.64,,,,,14.37,79.92,0.3,170.5,,0.0,12.42,740.0,
2016-12-03 03:00:00,315.67,538.17,125.17,75.03,237.76,100.26,3.98,2.24,11.95,14.54,20.72,,,,,13.88,80.33,0.3,228.5,,0.0,12.58,740.0,
2016-12-03 04:00:00,251.0,402.0,175.8,74.82,306.65,102.02,4.02,2.4,12.18,9.62,12.95,,,,,13.74,81.0,0.3,178.83,,0.0,12.33,740.0,
2016-12-03 05:00:00,213.5,465.33,288.52,79.68,440.61,104.48,6.78,2.54,11.08,10.11,13.09,,,,,13.38,81.0,0.3,137.0,,0.0,12.5,740.0,
2016-12-03 06:00:00,227.5,568.33,288.44,91.74,434.62,105.71,13.4,2.36,12.01,9.21,12.48,,,,,12.92,81.0,0.3,213.58,,0.0,18.67,740.0,
2016-12-03 07:00:00,216.17,563.17,382.89,122.86,,103.42,16.78,2.93,13.31,8.93,11.57,,,,,14.11,80.25,0.3,225.75,,0.0,251.59,740.0,
2016-12-03 08:00:00,240.5,822.17,256.45,242.14,417.03,95.24,15.51,2.53,13.16,9.48,14.31,,,,,19.41,67.17,0.31,270.0,,0.0,407.5,740.0,
2016-12-03 09:00:00,207.0,542.33,164.35,115.04,327.07,80.79,15.43,2.3,7.9,17.93,30.25,,,,,22.46,44.91,0.9,282.91,,0.0,421.75,740.0,
2016-12-03 10:00:00,198.83,565.17,78.99,119.18,213.48,62.44,16.46,2.12,14.38,29.43,49.44,,,,,25.5,37.58,0.69,272.75,,0.0,423.42,740.0,
2016-12-03 11:00:00,178.5,571.0,76.5,132.85,111.52,52.2,21.75,1.05,18.25,20.0,32.66,,,,,27.35,33.0,0.78,257.75,,0.0,211.75,740.0,
2016-12-03 12:00:00,167.67,559.17,73.15,117.82,204.46,45.76,24.06,1.7,24.23,39.24,62.82,,,,,28.39,28.66,0.95,270.42,,0.0,421.25,740.0,
2016-12-03 13:00:00,130.67,481.17,48.85,89.73,146.7,44.28,26.02,1.46,42.56,34.55,62.17,,,,,28.02,26.08,1.06,282.25,,0.0,407.25,740.0,
2016-12-03 14:00:00,105.0,391.67,67.39,104.99,185.48,51.04,25.85,1.31,47.46,20.16,38.84,,,,,27.48,26.16,1.02,278.08,,0.0,395.58,740.0,
2016-12-03 15:00:00,115.0,460.5,105.34,129.37,259.08,58.25,25.26,1.51,31.83,12.03,26.87,,,,,26.21,29.0,0.86,290.16,,0.0,352.83,740.0,
2016-12-03 16:00:00,143.5,688.83,96.52,142.52,258.64,63.75,21.4,1.68,17.75,6.36,14.91,,,,,24.05,34.0,0.41,258.33,,0.0,212.92,740.0,
2016-12-03 17:00:00,170.38,693.0,285.82,170.26,464.77,79.03,20.44,3.48,12.14,9.89,19.32,,,,,20.95,41.17,0.3,204.0,,0.0,27.42,740.0,
2016-12-03 18:00:00,260.83,,,192.08,,91.95,24.09,5.19,13.66,15.01,28.88,,,,,19.07,47.58,0.3,235.75,,0.0,12.58,740.0,
2016-12-03 19:00:00,388.67,,,164.38,,96.06,28.15,6.9,14.58,22.69,51.42,,,,,18.17,53.5,0.3,275.83,,0.0,12.42,740.0,
2016-12-03 20:00:00,419.5,,,199.14,,106.38,38.99,9.77,16.01,24.91,62.21,,,,,17.3,57.0,0.32,212.75,,0.0,12.75,740.0,
2016-12-03 21:00:00,489.0,,,192.02,,126.49,49.0,12.98,19.12,29.26,84.66,,,,,17.03,59.58,0.32,123.83,,0.0,12.25,740.0,
2016-12-03 22:00:00,524.0,,,210.44,,153.48,53.46,13.94,18.47,30.92,131.35,,,,,16.19,63.42,0.3,13.17,,0.0,12.67,740.0,
2016-12-03 23:00:00,524.0,,,204.91,,173.7,50.07,14.46,18.71,31.44,110.84,,,,,15.34,66.41,0.3,10.5,,0.0,12.42,740.0,
2016-12-04 00:00:00,521.5,,,171.27,,196.26,14.14,14.21,18.89,30.5,88.22,,,,,14.52,68.91,0.3,172.0,,0.0,12.33,740.0,
2016-12-04 01:00:00,505.83,,,132.7,,191.22,15.85,15.42,20.02,31.35,86.25,,,,,14.43,71.16,0.3,281.5,,0.0,12.5,740.0,
2016-12-04 02:00:00,484.17,,,132.8,,187.22,13.14,14.38,19.84,31.89,90.98,,,,,14.05,72.0,0.3,297.67,,0.0,12.5,740.0,
2016-12-04 03:00:00,454.67,,,127.99,,186.18,4.33,10.02,18.71,32.6,91.83,,,,,13.23,73.0,0.3,227.0,,0.0,12.58,740.0,
2016-12-04 04:00:00,458.33,774.0,,115.94,,173.44,1.36,8.42,18.44,31.91,82.8,,,,,12.89,73.0,0.3,227.0,,0.0,12.58,740.0,
2016-12-04 05:00:00,481.67,774.0,,101.87,,171.24,4.16,8.31,17.64,31.56,77.99,,,,,12.72,73.0,0.3,311.25,,0.0,12.25,740.0,
2016-12-04 06:00:00,480.5,774.0,,120.98,,173.32,20.69,7.92,17.72,30.09,70.86,,,,,12.25,73.58,0.3,238.75,,0.0,17.08,740.0,
2016-12-04 07:00:00,511.33,791.33,400.68,159.07,,149.53,4.04,2.87,11.11,21.27,45.12,,,,,12.98,71.59,0.39,283.5,,0.0,220.25,740.0,
2016-12-04 08:00:00,269.33,893.33,271.35,135.79,268.1,123.33,1.62,2.05,11.06,11.04,22.31,,,,,18.75,53.41,0.41,260.59,,0.0,407.5,740.0,
2016-12-04 09:00:00,219.5,906.83,120.56,106.53,259.46,108.16,5.66,1.16,7.96,8.73,16.5,,,,,22.38,39.75,0.74,266.17,,0.0,420.84,740.0,
2016-12-04 10:00:00,184.5,578.67,107.3,102.58,236.98,63.36,18.7,1.08,12.61,26.19,46.4,,,,,24.05,35.0,1.05,289.75,,0.0,426.67,740.0,
2016-12-04 11:00:00,173.0,516.5,73.47,110.9,198.96,67.01,29.82,1.81,13.08,16.87,33.48,,,,,26.08,31.08,1.03,281.88,,0.0,427.12,740.0,
2016-12-04 12:00:00,175.0,505.0,73.43,96.38,186.18,65.71,44.52,1.62,16.08,12.04,24.44,,,,,27.41,27.17,0.97,280.34,,0.0,423.42,740.0,
2016-12-04 13:00:00,155.0,457.17,48.38,98.38,153.71,64.24,39.84,1.41,20.69,13.18,28.64,,,,,28.14,25.25,0.92,262.83,,0.0,406.16,740.0,
2016-12-04 14:00:00,127.5,431.83,74.96,93.14,185.42,67.24,35.43,1.2,27.18,17.08,43.01,,,,,26.93,25.83,1.08,269.08,,0.0,392.58,740.0,
2016-12-04 15:00:00,120.5,407.33,72.33,105.03,192.29,64.45,32.94,1.27,26.03,6.14,16.05,,,,,25.94,26.34,0.78,276.17,,0.0,352.67,740.0,
2016-12-04 16:00:00,144.0,573.5,176.54,127.5,277.3,72.16,28.52,1.71,17.38,5.11,13.22,,,,,24.08,28.75,0.62,282.67,,0.0,194.92,740.0,
2016-12-04 17:00:00,158.5,602.0,334.26,156.63,486.33,89.52,28.04,3.27,10.44,8.06,23.98,,,,,20.76,37.0,0.3,244.83,,0.0,25.75,740.0,
2016-12-04 18:00:00,310.33,,,170.61,,103.19,23.84,5.32,12.78,12.17,27.38,,,,,18.73,44.17,0.3,225.58,,0.0,12.33,740.0,
2016-12-04 19:00:00,412.17,,,151.73,,112.22,22.26,7.69,13.33,16.79,34.85,,,,,17.55,50.42,0.3,232.67,,0.0,12.25,740.0,
2016-12-04 20:00:00,438.17,,,143.9,,118.35,24.05,9.86,14.98,20.28,45.07,,,,,17.02,54.58,0.3,231.83,,0.0,12.08,740.0,
2016-12-04 21:00:00,454.5,,,155.25,,127.23,28.92,10.64,15.06,22.22,51.2,,,,,16.55,56.33,0.3,237.25,,0.0,12.42,740.0,
2016-12-04 22:00:00,532.0,,,244.84,,137.34,45.53,10.73,14.46,22.64,53.98,,,,,15.78,58.84,0.3,231.33,,0.0,12.33,740.0,
2016-12-04 23:00:00,526.17,,,169.59,,142.48,32.68,9.54,16.12,25.18,58.52,,,,,15.08,60.58,0.3,201.17,,0.0,12.33,740.0,
2016-12-05 00:00:00,497.5,,169.51,69.42,148.98,82.77,11.78,9.45,17.04,30.79,57.5,,,,,14.52,63.17,0.3,214.5,,0.0,12.33,740.0,
2016-12-05 01:00:00,474.33,908.33,15.55,3.15,31.8,5.9,5.98,7.74,16.7,31.25,55.24,,,,,14.26,64.75,0.3,226.58,,0.0,12.75,740.0,
2016-12-05 02:00:00,352.17,721.5,0.25,,0.38,0.12,2.08,6.06,14.15,25.72,46.2,,,,,13.81,64.25,0.3,175.0,,0.0,12.58,740.0,
2016-12-05 03:00:00,377.33,774.75,0.16,0.1,0.21,0.12,1.9,4.58,12.98,23.09,39.84,,,,,13.28,65.5,0.3,153.08,,0.0,12.5,740.0,
2016-12-05 04:00:00,347.0,805.67,0.19,,,0.12,,3.8,13.35,20.84,34.7,,,,,12.93,66.0,0.3,194.17,,0.0,12.5,740.0,
2016-12-05 05:00:00,323.5,771.17,0.12,,,0.16,,2.6,11.04,16.84,26.18,,,,,12.84,64.25,0.3,235.92,,0.0,12.58,740.0,
2016-12-05 06:00:00,257.67,676.83,0.33,,0.2,0.19,14.37,2.44,10.25,13.12,19.38,,,,,12.27,64.59,0.3,233.42,,0.0,16.42,740.0,
2016-12-05 07:00:00,269.67,901.0,0.2,0.21,0.23,0.12,17.08,3.21,11.33,11.82,16.65,,,,,13.23,64.17,0.3,246.33,,0.0,200.0,740.0,
2016-12-05 08:00:00,284.67,,0.2,0.43,0.46,0.1,15.09,2.64,11.66,11.55,16.37,,,,,18.33,51.67,0.44,263.91,,0.0,397.92,740.0,
2016-12-05 09:00:00,270.17,943.0,0.18,0.55,0.2,0.15,16.96,3.03,10.1,12.01,18.04,,,,,22.13,42.0,0.61,260.75,,0.0,413.83,740.0,
2016-12-05 10:00:00,277.83,800.5,0.26,,0.34,0.13,25.41,3.17,12.29,12.06,18.76,,,,,24.38,38.5,0.78,280.84,,0.0,419.58,740.0,
2016-12-05 11:00:00,256.17,713.33,0.28,0.3,0.4,0.17,30.37,2.94,12.16,11.96,18.94,,,,,26.49,34.5,0.89,273.46,,0.0,420.37,740.0,
2016-12-05 12:00:00,220.33,707.17,0.25,0.4,0.2,0.54,31.71,1.96,12.93,9.74,17.34,,,,,27.0,31.83,1.15,283.17,,0.0,420.58,740.0,
2016-12-05 13:00:00,184.5,545.83,0.25,,0.15,0.14,31.88,1.66,15.11,7.78,17.44,,,,,27.51,30.42,1.14,274.59,,0.0,405.66,740.0,
2016-12-05 14:00:00,172.83,571.83,0.31,,0.1,0.11,32.07,1.56,16.01,6.23,12.98,,,,,26.7,30.83,1.25,276.83,,0.0,395.83,740.0,
2016-12-05 15:00:00,173.17,633.67,0.5,,0.2,0.1,27.56,1.68,14.39,5.35,9.96,,,,,25.96,30.34,1.04,277.09,,0.0,347.17,740.0,
2016-12-05 16:00:00,151.5,644.5,0.42,,0.17,0.1,23.7,2.25,12.12,5.25,10.92,,,,,24.51,31.92,0.86,295.17,,0.0,182.83,740.0,
2016-12-05 17:00:00,154.67,632.0,0.25,0.23,0.28,0.11,21.87,3.18,9.42,7.58,18.22,,,,,21.47,38.62,0.31,228.21,,0.0,24.71,740.0,
2016-12-05 18:00:00,247.83,,0.29,0.35,0.36,0.1,25.62,5.21,28.89,13.27,26.82,,,,,19.18,45.92,0.3,201.33,,0.0,12.42,740.0,
2016-12-05 19:00:00,329.33,,0.15,0.34,0.24,0.1,32.37,9.25,22.78,18.06,37.44,,,,,18.03,51.08,0.3,216.0,,0.0,12.5,740.0,
2016-12-05 20:00:00,377.83,,0.2,0.18,0.11,0.15,36.56,10.37,18.43,22.93,51.99,,,,,17.42,54.67,0.3,220.33,,0.0,12.5,740.0,
2016-12-05 21:00:00,452.17,,0.17,0.22,0.23,0.1,41.09,10.87,19.41,25.57,64.77,,,,,17.01,57.5,0.3,233.0,,0.0,12.33,740.0,
2016-12-05 22:00:00,522.5,,0.24,0.21,0.36,0.1,42.58,11.68,18.92,26.52,69.03,,,,,16.71,59.84,0.3,34.42,,0.0,12.16,740.0,
2016-12-05 23:00:00,495.0,,0.25,0.22,0.32,,45.6,12.72,18.46,26.37,71.32,,,,,16.05,62.75,0.3,4.08,,0.0,12.33,740.0,
2016-12-06 00:00:00,495.0,,0.5,0.29,0.83,0.12,10.94,10.8,18.52,25.64,83.08,,,,,15.15,65.5,0.3,4.08,,0.0,12.58,740.0,
2016-12-06 01:00:00,483.83,,0.47,0.22,0.74,0.1,4.7,9.73,18.18,24.98,89.36,,,,,14.87,67.5,0.3,217.0,,0.0,12.42,740.0,
2016-12-06 02:00:00,430.17,,0.38,0.32,0.72,0.14,4.63,10.53,18.62,25.42,88.44,,,,,14.34,69.58,0.3,118.42,,0.0,12.5,740.0,
2016-12-06 03:00:00,445.83,935.17,0.28,0.17,0.42,0.1,3.31,10.04,18.24,25.9,82.07,,,,,14.05,71.58,0.3,213.33,,0.0,12.42,740.0,
2016-12-06 04:00:00,456.83,841.0,,0.3,0.18,0.1,3.65,9.22,17.68,25.32,80.66,,,,,13.89,72.67,0.3,245.42,,0.0,12.67,740.0,
2016-12-06 05:00:00,395.0,841.0,,0.27,0.3,0.1,8.37,9.88,18.57,24.53,124.44,,,,,13.87,73.08,0.3,38.75,,0.0,12.37,740.0,
2016-12-06 06:00:00,422.17,841.0,0.37,0.18,0.52,,17.89,9.7,18.38,24.3,118.32,,,,,13.7,74.0,0.3,13.67,,0.0,15.58,740.0,
2016-12-06 07:00:00,464.83,841.0,0.2,,0.13,0.12,11.54,7.85,21.75,23.69,104.64,,,,,14.41,72.58,0.39,82.42,,0.0,147.5,740.0,
2016-12-06 08:00:00,515.33,841.0,0.17,0.15,0.18,0.13,0.75,4.38,192.37,19.79,87.05,,,,,17.09,64.58,0.39,119.58,,0.0,374.33,740.0,
2016-12-06 09:00:00,586.83,827.17,0.1,0.61,0.27,,,3.84,16.18,16.29,58.28,,,,,18.52,56.91,1.84,111.5,,0.0,411.67,740.0,
2016-12-06 10:00:00,521.5,758.0,13.7,114.15,79.25,132.27,15.68,2.48,17.67,14.74,37.18,,,,,19.11,55.08,2.11,111.66,,0.0,427.42,740.0,
2016-12-06 11:00:00,415.0,732.5,16.11,116.64,125.93,124.47,28.03,3.01,16.99,25.6,55.02,,,,,20.13,53.0,2.16,111.0,,0.0,431.92,740.0,
2016-12-06 12:00:00,392.33,610.17,12.76,109.61,115.11,146.9,64.61,3.03,17.04,21.07,44.16,,,,,21.99,50.5,1.7,108.16,,0.0,426.08,740.0,
2016-12-06 13:00:00,407.83,637.0,30.81,123.94,152.49,153.1,48.81,3.25,16.02,11.83,26.56,,,,,21.65,53.67,2.22,85.58,,0.0,413.92,740.0,
2016-12-06 14:00:00,432.83,657.5,33.42,129.5,160.99,148.65,43.04,3.23,15.28,34.93,94.1,,,,,21.2,55.92,2.14,91.83,,0.0,395.42,740.0,
2016-12-06 15:00:00,465.67,728.83,16.55,96.49,108.6,125.42,30.01,3.02,14.0,50.21,110.88,,,,,20.18,60.17,2.04,85.08,,0.0,354.08,740.0,
2016-12-06 16:00:00,478.5,699.83,24.76,84.91,109.46,121.36,25.25,3.02,13.14,48.69,194.66,,,,,19.05,64.12,1.99,90.79,,0.0,171.38,740.0,
2016-12-06 17:00:00,447.0,701.0,33.91,76.24,114.22,125.21,23.21,3.1,11.89,50.29,107.02,,,,,17.9,67.75,1.82,85.75,,0.0,21.92,740.0,
2016-12-06 18:00:00,427.83,656.67,60.07,69.43,143.9,133.83,21.58,3.5,11.49,55.14,158.03,,,,,17.23,71.0,1.44,89.34,,0.0,12.5,740.0,
2016-12-06 19:00:00,417.5,612.67,49.17,58.93,119.64,124.19,20.18,3.09,10.38,52.77,116.88,,,,,16.52,73.16,1.49,115.5,,0.0,12.58,740.0,
2016-12-06 20:00:00,369.83,495.67,55.24,45.81,116.24,125.14,19.95,3.26,10.26,26.43,50.1,,,,,15.9,75.0,1.28,95.17,,0.0,12.58,740.0,
2016-12-06 21:00:00,348.83,469.5,65.41,43.15,127.79,116.78,19.34,3.36,10.84,28.77,48.72,,,,,15.42,76.58,1.26,82.67,,0.0,12.58,740.0,
2016-12-06 22:00:00,354.83,486.83,105.08,38.33,177.68,115.32,20.34,3.71,13.39,29.58,48.59,,,,,14.68,77.33,0.84,84.92,,0.0,12.58,740.0,
2016-12-06 23:00:00,384.17,545.67,62.47,31.38,113.26,106.42,20.56,3.2,10.82,29.3,60.18,,,,,13.68,79.66,0.54,79.58,,0.0,12.5,740.0,
2016-12-07 00:00:00,357.17,469.0,51.52,26.78,94.24,101.5,19.68,3.02,11.21,27.02,47.54,,,,,13.24,81.58,0.56,77.67,,0.0,12.66,740.0,
2016-12-07 01:00:00,354.0,505.83,80.36,23.49,130.66,103.04,23.25,3.24,127.05,27.55,78.15,,,,,13.61,82.16,0.38,107.34,,0.0,12.5,740.0,
2016-12-07 02:00:00,409.67,685.5,94.82,28.49,154.89,101.1,26.35,3.28,,28.99,117.94,,,,,13.54,83.0,0.31,126.08,,0.0,12.67,740.0,
2016-12-07 03:00:00,402.67,634.0,70.61,35.11,127.72,95.24,26.46,3.21,89.85,28.77,77.88,,,,,13.09,83.0,0.37,141.75,,0.0,12.67,740.0,
2016-12-07 04:00:00,333.5,481.17,74.66,37.12,135.04,91.26,24.64,3.35,101.32,26.53,64.92,,,,,12.93,83.08,0.31,151.17,,0.0,12.5,740.0,
2016-12-07 05:00:00,294.0,461.67,130.38,41.89,215.68,86.8,25.98,3.42,85.5,25.66,70.08,,,,,13.21,83.34,0.3,182.0,,0.0,12.42,740.0,
2016-12-07 06:00:00,335.67,563.67,136.51,50.67,231.55,87.16,26.8,3.37,70.32,25.28,102.52,,,,,13.22,83.5,0.3,206.67,,0.0,13.67,740.0,
2016-12-07 07:00:00,348.5,594.5,129.43,63.51,233.28,89.4,27.62,3.35,74.84,24.68,69.59,,,,,13.37,83.33,0.33,183.33,,0.0,70.75,740.0,
2016-12-07 08:00:00,348.83,647.17,86.57,107.3,213.82,85.84,26.95,3.31,57.98,24.52,61.19,,,,,13.89,82.92,0.31,142.75,,0.0,315.75,740.0,
2016-12-07 09:00:00,371.25,604.5,66.32,164.15,236.85,87.22,26.53,2.08,64.72,26.3,59.19,,,,,15.96,80.17,0.3,125.08,,0.0,414.83,740.0,
2016-12-07 10:00:00,443.33,671.83,74.77,133.61,221.18,79.07,25.96,2.88,137.72,27.44,66.55,,,,,18.85,69.42,0.81,133.75,,0.0,425.25,740.0,
2016-12-07 11:00:00,509.17,778.0,53.58,116.37,176.86,80.61,27.77,2.76,,28.52,61.32,,,,,20.49,59.5,1.12,140.58,,0.0,430.92,740.0,
2016-12-07 12:00:00,461.33,736.67,45.61,108.61,159.08,74.52,36.0,3.28,214.8,26.6,56.67,,,,,22.75,51.83,0.88,168.16,,0.0,426.75,740.0,
2016-12-07 13:00:00,347.0,586.5,52.61,97.1,158.31,74.42,63.12,2.19,108.97,21.66,47.46,,,,,24.48,44.25,0.86,188.25,,0.0,408.58,740.0,
2016-12-07 14:00:00,231.5,479.0,47.2,79.36,135.17,71.05,66.05,2.2,59.6,16.1,29.9,,,,,24.65,40.75,0.7,205.75,,0.0,397.58,740.0,
2016-12-07 15:00:00,179.0,418.83,50.8,86.26,146.17,73.09,57.58,2.47,51.06,14.06,22.73,,,,,23.44,41.84,0.58,159.67,,0.0,355.08,740.0,
2016-12-07 16:00:00,186.83,507.0,21.96,110.07,128.07,76.37,43.61,2.81,38.51,18.69,73.59,,,,,21.38,47.0,0.99,88.58,,0.0,175.42,740.0,
2016-12-07 17:00:00,224.33,574.67,52.72,99.26,160.43,79.05,32.64,3.12,13.44,20.58,61.36,,,,,19.74,53.42,0.92,90.0,,0.0,23.75,740.0,
2016-12-07 18:00:00,241.17,563.0,251.71,104.88,271.02,77.43,31.76,5.31,13.74,27.02,84.66,,,,,18.17,58.92,0.55,149.83,,0.0,12.67,740.0,
2016-12-07 19:00:00,356.83,741.67,71.21,91.36,178.65,109.53,26.36,4.04,10.83,34.56,90.58,,,,,17.88,64.0,0.83,126.33,,0.0,12.08,740.0,
2016-12-07 20:00:00,300.5,477.67,70.32,70.02,158.42,88.66,23.88,3.85,11.92,29.0,52.03,,,,,17.01,68.25,0.53,125.0,,0.0,12.58,740.0,
2016-12-07 21:00:00,276.0,378.17,77.7,63.01,162.27,79.53,22.63,4.1,11.83,29.18,48.64,,,,,16.29,70.96,0.38,130.96,,0.0,12.25,740.0,
2016-12-07 22:00:00,296.83,420.0,80.86,54.2,158.75,75.72,22.99,4.2,10.88,27.78,48.57,,,,,15.69,73.84,0.3,121.16,,0.0,12.33,740.0,
2016-12-07 23:00:00,334.67,475.5,,,,,24.08,4.24,11.11,30.82,56.12,,,,,15.21,75.25,0.3,143.5,,0.0,12.75,740.0,
2016-12-08 00:00:00,374.5,543.0,,,,,24.34,3.88,9.71,29.64,54.92,,,,,14.29,76.91,0.3,94.92,,0.0,12.5,740.0,
2016-12-08 01:00:00,359.33,550.0,,,,,24.47,4.27,11.14,21.81,43.87,,,,,13.58,78.33,0.3,90.25,,0.0,12.34,740.0,
2016-12-08 02:00:00,372.33,572.83,,,,,24.55,4.57,12.47,13.81,28.18,,,,,13.21,79.5,0.3,64.5,,0.0,12.42,740.0,
2016-12-08 03:00:00,373.67,507.83,,,,,23.54,3.53,12.23,14.96,25.78,,,,,13.24,80.42,0.3,122.17,,0.0,12.25,740.0,
2016-12-08 04:00:00,338.83,478.17,,,,,22.85,3.32,13.92,13.04,20.87,,,,,12.75,81.0,0.3,112.84,,0.0,12.67,740.0,
2016-12-08 05:00:00,294.67,433.67,,,,,24.15,3.57,12.45,21.24,33.52,,,,,12.28,81.0,0.35,129.66,,0.0,12.58,740.0,
2016-12-08 06:00:00,282.5,429.33,,,,,22.63,3.62,13.82,33.78,42.74,,,,,12.02,81.92,0.38,150.75,,0.0,14.58,740.0,
2016-12-08 07:00:00,296.33,406.83,,,,,21.22,3.68,12.38,28.34,45.6,,,,,12.14,82.83,0.76,145.08,,0.0,86.58,740.0,
2016-12-08 08:00:00,258.5,365.38,,,,,21.75,3.9,11.5,30.7,49.32,,,,,12.37,83.25,1.21,116.92,,0.0,300.67,740.0,
2016-12-08 09:00:00,305.67,417.83,,,,,22.92,2.68,14.69,25.97,62.39,,,,,13.31,83.5,0.8,130.5,,0.0,399.42,740.0,
2016-12-08 10:00:00,355.0,529.5,39.11,218.86,248.02,74.29,21.52,1.81,14.6,22.55,44.67,,,,,16.44,79.41,1.58,117.42,,0.0,434.0,740.0,
2016-12-08 11:00:00,381.67,542.33,31.2,156.93,182.42,72.92,26.23,4.12,13.94,27.62,73.9,,,,,20.26,63.83,1.18,159.0,,0.0,431.25,740.0,
2016-12-08 12:00:00,356.83,537.5,15.03,106.61,115.48,70.32,28.48,3.62,15.07,24.34,77.35,,,,,21.6,55.0,1.47,138.83,,0.0,428.84,740.0,
2016-12-08 13:00:00,308.17,496.67,10.18,94.2,97.8,72.85,28.56,3.22,14.01,23.97,73.58,,,,,22.06,51.5,1.73,126.5,,0.0,415.25,740.0,
2016-12-08 14:00:00,255.17,433.67,7.31,77.28,78.84,77.59,35.52,2.59,13.45,20.26,52.02,,,,,22.3,46.21,1.78,131.46,,0.0,403.92,740.0,
2016-12-08 15:00:00,181.83,328.0,7.9,76.1,78.59,81.29,36.51,3.02,12.93,18.08,39.42,,,,,21.92,44.5,1.59,122.0,,0.0,354.58,740.0,
2016-12-08 16:00:00,161.33,342.17,20.88,95.5,113.6,97.73,31.34,3.25,10.28,16.38,43.09,,,,,20.83,47.75,0.99,115.67,,0.0,177.33,740.0,
2016-12-08 17:00:00,181.33,425.67,77.59,108.95,203.02,115.39,26.51,4.21,11.14,13.61,43.63,,,,,19.36,54.84,0.69,112.25,,0.0,22.83,740.0,
2016-12-08 18:00:00,265.33,592.0,136.12,98.95,274.0,111.19,25.71,4.66,9.96,12.6,30.38,,,,,18.19,57.25,0.53,113.92,,0.0,12.08,740.0,
2016-12-08 19:00:00,231.75,499.17,213.89,94.01,375.91,104.82,25.05,5.42,12.04,14.1,30.26,,,,,17.21,58.42,0.4,131.08,,0.0,12.5,740.0,
2016-12-08 20:00:00,271.0,599.17,342.85,89.48,477.32,78.58,28.7,6.8,15.1,22.99,44.39,,,,,16.33,62.62,0.34,164.83,,0.0,12.42,740.0,
2016-12-08 21:00:00,312.17,735.5,444.31,84.85,,77.28,32.49,7.1,12.58,39.63,81.44,,,,,15.18,67.25,0.3,226.75,,0.0,12.58,740.0,
2016-12-08 22:00:00,393.0,,474.53,78.7,,82.54,34.68,8.6,13.59,48.75,86.78,,,,,14.76,71.83,0.3,212.33,,0.0,12.42,740.0,
2016-12-08 23:00:00,521.67,,373.82,63.05,,78.56,33.65,8.43,14.88,47.72,82.81,,,,,14.39,74.42,0.3,215.58,,0.0,12.66,740.0,
2016-12-09 00:00:00,531.17,,348.26,49.49,453.74,95.05,23.17,6.32,12.06,40.42,72.12,,,,,13.55,76.17,0.3,223.0,,0.0,12.5,740.0,
2016-12-09 01:00:00,477.33,853.33,162.39,33.24,251.36,71.54,18.95,5.82,11.86,19.15,35.15,,,,,13.28,77.92,0.3,174.5,,0.0,12.5,740.0,
2016-12-09 02:00:00,433.5,687.83,20.62,3.12,26.36,21.46,21.47,6.37,13.9,18.87,37.64,,,,,13.0,79.17,0.3,149.67,,0.0,12.5,740.0,
2016-12-09 03:00:00,451.17,711.83,96.2,,,,22.58,6.31,14.6,18.18,86.74,,,,,12.6,80.0,0.3,61.83,,0.0,12.67,740.0,
2016-12-09 04:00:00,429.17,635.0,44.8,,,92.9,23.34,6.47,19.09,18.95,87.62,,,,,12.51,80.25,0.3,194.33,,0.0,12.58,740.0,
2016-12-09 05:00:00,442.83,749.33,,,,,25.06,6.37,17.48,18.65,94.73,,,,,12.49,80.75,0.3,156.08,,0.0,12.42,740.0,
2016-12-09 06:00:00,462.17,749.17,,,,,25.02,6.86,15.54,19.54,99.52,,,,,12.26,81.0,0.3,152.42,,0.0,15.42,740.0,
2016-12-09 07:00:00,483.83,890.0,,,,,23.18,6.89,15.18,32.45,127.91,,,,,12.85,81.08,0.3,133.08,,0.0,171.67,740.0,
2016-12-09 08:00:00,457.0,842.17,,,,,16.37,6.27,14.53,28.34,93.88,,,,,15.04,78.5,0.83,85.83,,0.0,397.08,740.0,
2016-12-09 09:00:00,428.0,608.0,0.42,0.8,0.87,0.1,19.33,5.78,22.51,23.8,75.14,,,,,18.92,65.75,0.64,164.58,,0.0,414.08,740.0,
2016-12-09 10:00:00,424.5,624.67,0.2,0.18,0.3,0.1,17.09,3.03,14.93,29.4,74.01,,,,,22.38,48.92,0.64,207.83,,0.0,417.75,740.0,
2016-12-09 11:00:00,373.67,584.5,3.31,45.46,44.92,86.0,31.72,3.98,16.82,18.58,44.56,,,,,23.95,43.42,1.33,156.5,,0.0,420.92,740.0,
2016-12-09 12:00:00,342.33,596.17,15.52,162.45,165.92,74.8,42.02,4.65,18.71,29.69,68.94,,,,,24.36,43.34,1.52,127.42,,0.0,420.58,740.0,
2016-12-09 13:00:00,392.5,629.83,9.07,126.8,125.36,79.91,38.2,4.23,17.04,18.16,49.48,,,,,25.19,42.33,1.46,121.08,,0.0,403.75,740.0,
2016-12-09 14:00:00,387.17,711.0,1.09,38.01,35.82,20.59,35.48,4.54,17.7,15.4,37.69,,,,,25.72,41.67,0.98,156.17,,0.0,383.25,740.0,
2016-12-09 15:00:00,364.75,784.0,0.18,,,0.14,30.78,3.61,15.52,15.49,38.13,,,,,24.58,46.17,0.55,166.25,,0.0,337.92,740.0,
2016-12-09 16:00:00,403.5,730.0,0.25,0.48,0.48,0.1,32.49,5.16,13.46,15.98,37.36,,,,,22.83,52.08,0.47,131.83,,0.0,167.5,740.0,
2016-12-09 17:00:00,434.83,766.5,0.17,0.19,0.33,,29.46,5.42,13.04,16.58,33.52,,,,,21.06,58.17,0.56,129.75,,0.0,22.08,740.0,
2016-12-09 18:00:00,419.83,764.5,0.36,0.16,0.52,0.14,25.81,5.22,12.73,15.76,29.93,,,,,20.01,62.0,0.71,134.08,,0.0,12.42,740.0,
2016-12-09 19:00:00,369.67,585.33,11.45,0.57,8.38,1.16,24.04,5.48,12.99,15.05,31.32,,,,,18.92,66.0,0.61,128.17,,0.0,12.25,740.0,
2016-12-09 20:00:00,344.5,541.33,2.88,0.25,0.48,8.84,22.32,5.56,13.76,17.34,36.34,,,,,17.98,70.17,0.86,119.58,,0.0,12.5,740.0,
2016-12-09 21:00:00,324.67,475.33,15.75,1.2,1.08,24.55,20.15,4.57,11.36,19.98,47.9,,,,,17.34,72.25,1.58,122.25,,0.0,12.42,740.0,
2016-12-09 22:00:00,315.67,412.83,,,,,18.78,4.37,11.45,23.27,38.61,,,,,16.48,74.0,1.67,124.16,,0.0,12.58,740.0,
2016-12-09 23:00:00,328.0,416.17,,,,,17.73,4.02,10.74,25.37,33.78,,,,,15.8,74.83,1.56,115.5,,0.0,12.08,740.0,
2016-12-10 00:00:00,318.0,412.0,,,,,21.52,3.35,9.37,20.31,24.84,,,,,15.28,76.0,1.82,120.17,,0.0,12.5,740.0,
2016-12-10 01:00:00,288.83,393.67,,,,,21.23,3.45,11.06,13.03,11.65,,,,,14.83,77.33,1.16,117.71,,0.0,12.46,740.0,
2016-12-10 02:00:00,257.83,290.83,,,,,21.02,3.34,9.94,10.56,10.22,,,,,14.35,78.5,0.54,106.25,,0.0,12.5,740.0,
2016-12-10 03:00:00,209.33,243.33,,,,,21.12,3.43,10.6,8.57,21.92,,,,,13.42,79.33,0.84,89.25,,0.0,12.42,740.0,
2016-12-10 04:00:00,217.83,288.67,,,,,20.94,3.47,12.31,9.31,21.06,,,,,12.52,81.33,1.48,100.5,,0.0,12.17,740.0,
2016-12-10 05:00:00,202.33,299.17,,,,,20.99,3.18,10.98,8.89,21.99,,,,,12.32,82.33,2.18,94.92,,0.0,12.58,740.0,
2016-12-10 06:00:00,198.0,253.0,,,,,21.88,3.12,10.34,9.42,14.06,,,,,12.26,83.08,2.06,91.75,,0.0,13.5,740.0,
2016-12-10 07:00:00,180.5,232.5,,,,,22.14,3.45,10.95,16.33,23.43,,,,,12.31,84.0,2.14,104.0,,0.0,59.33,740.0,
2016-12-10 08:00:00,182.5,237.67,,,,,22.21,3.51,9.34,15.4,21.8,,,,,12.1,84.0,2.2,106.92,,0.0,196.67,740.0,
2016-12-10 09:00:00,180.83,251.5,,,,,22.56,3.26,12.22,16.11,19.68,,,,,12.43,83.5,2.25,99.92,,0.0,383.33,740.0,
2016-12-10 10:00:00,190.0,259.17,15.28,48.11,63.75,41.72,24.01,3.42,11.44,12.27,23.55,,,,,14.2,80.17,2.46,116.34,,0.0,430.25,740.0,
2016-12-10 11:00:00,214.67,289.5,0.39,5.35,5.65,2.38,25.07,3.8,11.64,15.52,24.55,,,,,15.76,74.25,2.36,104.0,,0.0,441.33,740.0,
2016-12-10 12:00:00,211.67,309.33,0.12,0.18,0.22,0.15,24.13,3.77,13.4,16.28,30.8,,,,,18.0,65.92,2.05,108.16,,0.0,437.33,740.0,
2016-12-10 13:00:00,210.83,310.67,0.27,0.27,0.25,0.1,24.99,3.67,12.79,15.98,31.02,,,,,18.93,61.75,2.25,101.0,,0.0,424.75,740.0,
2016-12-10 14:00:00,248.17,398.33,0.1,0.11,,0.14,24.22,2.67,12.8,10.49,24.05,,,,,20.02,58.5,1.76,115.75,,0.0,405.5,740.0,
2016-12-10 15:00:00,289.0,470.0,,0.1,,,24.25,3.4,12.75,10.15,27.1,,,,,20.35,57.5,1.8,112.0,,0.0,375.5,740.0,
2016-12-10 16:00:00,,,,,,,,,,,,,,,,,,,,,0.0,,,
2016-12-10 17:00:00,,,,,,,,,,,,,,,,,,,,,0.0,,,
2016-12-10 18:00:00,,,,,,,,,,,,,,,,,,,,,0.0,,,
2016-12-10 19:00:00,,,,,,,,,,,,,,,,,,,,,0.0,,,
2016-12-10 20:00:00,,,,,,,,,,,,,,,,,,,,,0.0,,,
2016-12-10 21:00:00,,,,,,,,,,,,,,,,,,,,,0.0,,,
2016-12-10 22:00:00,,,,,,,,,,,,,,,,,,,,,0.0,,,
2016-12-10 23:00:00,,,,,,,,,,,,,,,,,,,,,0.0,,,
2016-12-11 00:00:00,254.0,349.0,,,,0.2,21.45,2.95,9.55,9.2,38.2,,,,,14.6,78.0,0.35,67.0,,0.0,12.5,740.0,
2016-12-11 01:00:00,256.0,344.67,0.3,0.1,0.25,0.18,21.81,3.22,10.48,9.2,32.82,,,,,14.54,79.0,0.64,78.5,,0.0,12.5,740.0,
2016-12-11 02:00:00,268.5,326.83,0.45,0.3,0.7,,21.66,3.57,10.98,9.41,28.52,,,,,13.58,80.0,1.84,78.84,,0.0,12.08,740.0,
2016-12-11 03:00:00,275.0,346.0,,,,,21.03,3.38,10.84,9.02,20.47,,,,,13.04,81.67,1.6,87.17,,0.0,12.16,740.0,
2016-12-11 04:00:00,238.67,341.17,,,,,21.32,3.44,12.55,8.49,34.07,,,,,12.52,82.75,1.67,87.42,,0.0,12.5,740.0,
2016-12-11 05:00:00,208.17,316.17,,,,,20.18,2.78,11.67,11.07,40.52,,,,,12.27,83.42,1.28,89.67,,0.0,12.42,740.0,
2016-12-11 06:00:00,211.83,309.83,,,,,19.72,2.76,11.31,9.68,20.76,,,,,12.37,84.0,1.68,104.83,,0.0,13.25,740.0,
2016-12-11 07:00:00,206.0,303.0,,,,,20.32,2.92,11.86,9.76,15.6,,,,,12.58,84.0,1.21,110.33,,0.0,73.59,740.0,
2016-12-11 08:00:00,230.5,322.5,,,,,20.62,2.89,10.03,15.4,27.35,,,,,13.02,84.08,1.23,133.42,,0.0,301.66,740.0,
2016-12-11 09:00:00,233.83,322.5,,,,,21.47,3.32,15.19,10.97,11.78,,,,,15.25,82.84,1.59,135.08,,0.0,419.92,740.0,
2016-12-11 10:00:00,274.0,351.33,,,,0.12,23.66,3.16,13.42,10.58,16.03,,,,,18.62,73.92,1.52,134.5,,0.0,429.58,740.0,
2016-12-11 11:00:00,311.5,416.0,0.15,0.24,0.22,0.1,26.34,3.2,13.3,10.0,20.3,,,,,21.36,60.54,1.37,157.33,,0.0,429.21,740.0,
2016-12-11 12:00:00,238.33,349.88,0.1,0.14,0.13,,26.74,3.69,15.4,17.02,40.64,,,,,24.51,51.58,0.71,220.33,,0.0,416.58,740.0,
2016-12-11 13:00:00,315.0,507.67,0.19,0.15,0.31,0.1,25.59,4.08,14.81,24.94,43.04,,,,,26.51,46.08,0.59,273.42,,0.0,399.58,740.0,
2016-12-11 14:00:00,326.0,645.17,0.31,,0.37,0.13,26.25,3.46,13.97,19.68,39.64,,,,,26.74,42.92,0.8,282.16,,0.0,386.42,740.0,
2016-12-11 15:00:00,251.83,677.5,0.18,0.27,0.22,0.11,26.03,3.02,12.82,10.28,19.77,,,,,25.78,44.34,0.76,285.67,,0.0,342.67,740.0,
2016-12-11 16:00:00,229.83,633.17,0.14,0.2,0.19,0.1,29.52,3.17,11.13,9.28,18.44,,,,,24.17,47.58,0.3,296.75,,0.0,167.58,740.0,
2016-12-11 17:00:00,236.75,749.0,0.1,0.38,0.1,0.1,33.27,4.74,14.15,11.83,24.12,,,,,20.95,56.25,0.3,223.25,,0.0,23.75,740.0,
2016-12-11 18:00:00,334.0,,0.14,0.31,0.26,0.15,35.98,7.62,14.89,15.21,38.36,,,,,19.41,63.0,0.3,206.83,,0.0,12.58,740.0,
2016-12-11 19:00:00,388.17,,0.2,0.1,0.17,0.1,32.34,9.52,14.22,18.83,48.5,,,,,18.26,67.17,0.3,219.83,,0.0,12.58,740.0,
2016-12-11 20:00:00,422.17,,0.1,0.1,,0.19,22.99,6.62,15.41,19.94,46.59,,,,,19.02,65.75,0.3,242.25,,0.0,12.42,740.0,
2016-12-11 21:00:00,244.0,953.0,0.15,0.28,0.15,,20.85,6.18,13.92,31.96,81.6,,,,,17.96,68.08,0.3,210.67,,0.0,12.58,740.0,
2016-12-11 22:00:00,287.62,674.0,0.14,0.12,0.18,,31.49,8.73,14.92,32.09,80.5,,,,,17.12,71.25,0.3,213.67,,0.0,12.58,740.0,
2016-12-11 23:00:00,381.17,,0.1,0.23,0.1,,29.41,8.2,14.93,34.3,90.01,,,,,16.6,73.5,0.3,183.5,,0.0,12.25,740.0,
2016-12-12 00:00:00,366.83,857.5,,,,,20.41,7.35,13.29,32.84,90.32,,,,,15.9,75.92,0.3,125.83,,0.0,12.5,740.0,
2016-12-12 01:00:00,342.67,658.67,,,,,18.43,6.49,13.78,17.02,47.02,,,,,15.36,77.58,0.3,118.83,,0.0,12.25,740.0,
2016-12-12 02:00:00,357.5,557.83,,,,,15.69,6.28,15.14,16.77,39.71,,,,,14.91,78.75,0.3,243.17,,0.0,12.5,740.0,
2016-12-12 03:00:00,382.5,580.83,,,,,16.12,5.61,14.84,15.92,35.24,,,,,14.53,79.83,0.3,143.67,,0.0,12.67,740.0,
2016-12-12 04:00:00,341.67,551.67,,,,,15.66,5.65,14.57,15.1,30.12,,,,,14.43,80.16,0.3,205.04,,0.0,12.16,740.0,
2016-12-12 05:00:00,326.0,571.17,,,,,17.23,4.97,14.08,16.12,30.54,,,,,14.43,80.75,0.3,217.67,,0.0,12.42,740.0,
2016-12-12 06:00:00,326.5,603.0,,,,,20.07,3.82,16.92,14.91,30.83,,,,,14.69,81.0,0.3,255.42,,0.0,15.08,740.0,
2016-12-12 07:00:00,308.67,502.17,,,,,21.22,3.89,15.8,25.0,51.67,,,,,15.17,80.75,0.3,259.0,,0.0,181.33,740.0,
2016-12-12 08:00:00,335.0,588.67,,,,,19.52,3.68,12.38,23.92,46.15,,,,,18.34,76.16,0.32,190.33,,0.0,388.25,740.0,
2016-12-12 09:00:00,346.67,532.17,,,,,20.92,2.94,14.86,14.55,23.62,,,,,22.08,61.67,0.62,299.34,,0.0,408.16,740.0,
2016-12-12 10:00:00,329.67,501.0,8.85,69.02,73.58,60.0,18.65,1.98,16.83,22.78,37.09,,,,,25.02,50.62,0.66,219.96,,0.0,411.96,740.0,
2016-12-12 11:00:00,321.5,570.33,16.31,96.28,108.08,63.94,15.39,1.32,16.33,21.9,71.51,,,,,27.29,41.17,0.67,199.42,,0.0,409.75,740.0,
2016-12-12 12:00:00,265.25,472.17,38.58,124.18,163.28,63.62,27.58,1.44,14.51,18.04,53.18,,,,,29.55,28.25,0.76,266.08,,0.0,406.67,740.0,
2016-12-12 13:00:00,174.0,468.33,44.91,101.21,151.49,69.44,32.74,1.09,10.38,12.98,31.41,,,,,28.89,21.83,1.09,255.75,,0.0,396.58,740.0,
2016-12-12 14:00:00,83.67,342.67,54.83,106.02,169.34,70.99,33.04,1.16,11.44,9.96,26.31,,,,,28.02,25.16,0.71,244.92,,0.0,380.25,740.0,
2016-12-12 15:00:00,124.5,457.0,96.41,92.07,213.71,63.9,30.18,1.2,9.85,6.02,22.95,,,,,26.75,23.33,0.64,246.83,,0.0,339.0,740.0,
2016-12-12 16:00:00,89.33,468.12,142.04,103.24,285.92,77.97,28.02,1.84,10.36,4.28,14.09,,,,,24.79,27.96,0.38,274.83,,0.0,173.79,740.0,
2016-12-12 17:00:00,122.0,511.0,189.74,90.28,269.7,77.88,31.79,2.99,11.18,10.02,21.86,,,,,21.82,35.84,0.3,209.08,,0.0,25.08,740.0,
2016-12-12 18:00:00,260.17,,,110.01,,85.22,34.91,5.22,12.16,14.91,36.15,,,,,19.17,44.83,0.3,200.83,,0.0,12.67,740.0,
2016-12-12 19:00:00,416.5,,,96.16,,94.89,37.91,8.84,13.16,20.02,46.47,,,,,18.01,50.91,0.3,209.42,,0.0,12.58,740.0,
2016-12-12 20:00:00,357.33,,104.22,59.42,159.12,74.96,42.72,11.9,13.25,25.16,57.46,,,,,17.45,53.75,0.3,212.92,,0.0,12.5,740.0,
2016-12-12 21:00:00,396.5,,0.16,0.27,0.3,,45.36,13.31,13.95,33.41,86.34,,,,,16.94,56.34,0.3,222.58,,0.0,12.67,740.0,
2016-12-12 22:00:00,422.17,,0.15,,0.15,0.12,38.78,12.85,16.78,34.67,97.89,,,,,16.84,59.08,0.3,130.17,,0.0,12.58,740.0,
2016-12-12 23:00:00,462.83,,0.28,0.39,0.58,0.1,23.01,5.76,17.56,25.52,82.14,,,,,16.62,66.92,0.3,101.42,,0.0,12.75,740.0,
2016-12-13 00:00:00,332.0,658.33,0.33,0.42,0.4,0.2,17.37,2.68,11.61,15.0,41.1,,,,,15.71,69.34,0.4,165.75,,0.0,12.25,740.0,
2016-12-13 01:00:00,296.67,429.83,0.1,0.24,0.22,0.1,17.4,3.41,13.37,11.1,22.8,,,,,14.58,70.5,0.3,224.08,,0.0,12.25,740.0,
2016-12-13 02:00:00,243.83,458.83,0.2,0.13,0.25,0.26,19.58,4.21,18.3,11.7,23.63,,,,,14.07,73.58,0.3,168.66,,0.0,12.42,740.0,
2016-12-13 03:00:00,240.83,471.67,26.62,0.53,0.7,8.9,17.87,3.31,18.37,13.0,26.84,,,,,14.09,73.96,0.31,96.84,,0.0,12.16,740.0,
2016-12-13 04:00:00,246.0,444.67,9.42,0.42,0.25,0.93,20.94,2.68,19.1,13.12,24.94,,,,,13.99,74.0,0.3,198.83,,0.0,12.5,740.0,
2016-12-13 05:00:00,218.0,648.0,31.2,,0.2,0.1,29.57,5.7,18.26,14.46,29.17,,,,,13.75,73.92,0.3,187.83,,0.0,12.58,740.0,
2016-12-13 06:00:00,304.33,934.83,,,,,26.73,5.78,18.16,14.9,34.28,,,,,13.59,74.41,0.3,211.92,,0.0,14.0,740.0,
2016-12-13 07:00:00,308.83,974.83,,,,,23.16,5.1,17.51,16.51,42.78,,,,,14.26,74.5,0.3,209.92,,0.0,160.67,740.0,
2016-12-13 08:00:00,300.17,859.0,,,,,20.13,3.97,16.63,19.83,42.47,,,,,18.74,64.42,0.32,193.42,,0.0,381.42,740.0,
2016-12-13 09:00:00,302.17,734.17,,,,,16.23,2.19,17.66,13.08,25.55,,,,,22.95,47.29,0.46,283.67,,0.0,403.62,740.0,
2016-12-13 10:00:00,250.33,597.83,0.1,0.1,0.1,0.16,17.31,0.8,17.92,10.92,21.66,,,,,25.02,38.58,0.52,284.33,,0.0,409.58,740.0,
2016-12-13 11:00:00,204.0,527.17,0.3,,0.2,0.2,20.68,2.88,16.39,11.41,23.95,,,,,26.7,31.42,0.59,278.08,,0.0,406.33,740.0,
2016-12-13 12:00:00,165.17,488.83,0.15,0.2,,0.1,29.75,2.95,18.17,18.92,38.35,,,,,28.16,29.17,0.65,263.34,,0.0,405.92,740.0,
2016-12-13 13:00:00,161.0,523.33,0.14,,0.1,0.12,31.12,2.19,15.58,20.72,44.32,,,,,27.64,27.25,0.87,283.75,,0.0,398.58,740.0,
2016-12-13 14:00:00,111.83,422.67,,,,0.1,31.13,2.1,15.14,13.45,36.43,,,,,26.99,28.42,0.88,278.09,,0.0,383.84,740.0,
2016-12-13 15:00:00,113.17,416.17,,,,,29.92,1.86,14.87,11.93,36.01,,,,,25.61,29.25,0.77,287.92,,0.0,338.92,740.0,
2016-12-13 16:00:00,108.0,461.5,,,,,27.46,1.92,14.29,7.87,24.19,,,,,23.5,36.25,0.3,251.33,,0.0,158.42,740.0,
2016-12-13 17:00:00,153.5,570.17,,,,,24.49,2.19,15.57,6.92,21.12,,,,,21.26,42.33,0.3,131.16,,0.0,23.25,740.0,
2016-12-13 18:00:00,167.83,679.33,,,,,26.02,3.26,17.02,9.95,27.82,,,,,19.79,49.84,0.3,128.58,,0.0,12.42,740.0,
2016-12-13 19:00:00,237.67,958.0,,,,,28.41,4.77,17.6,12.88,33.44,,,,,18.74,56.58,0.3,114.58,,0.0,12.5,740.0,
2016-12-13 20:00:00,300.83,958.67,,,,,27.86,6.59,18.16,16.45,41.98,,,,,18.23,61.25,0.3,129.83,,0.0,12.33,740.0,
2016-12-13 21:00:00,359.5,929.0,,,,,32.58,7.84,17.09,35.64,88.46,,,,,17.72,62.17,0.3,228.42,,0.0,12.67,740.0,
2016-12-13 22:00:00,370.67,677.67,,,,,24.62,4.21,15.28,34.73,86.79,,,,,17.76,59.33,0.39,272.75,,0.0,12.42,740.0,
2016-12-13 23:00:00,183.0,408.0,,,,,20.28,2.72,15.61,20.21,53.66,,,,,17.11,59.33,0.55,218.08,,0.0,12.5,740.0,
2016-12-14 00:00:00,158.67,288.0,,,,,20.66,2.37,16.16,13.43,34.59,,,,,15.64,66.59,0.34,138.25,,0.0,12.58,740.0,
2016-12-14 01:00:00,190.83,302.67,,,,,22.02,2.73,16.45,7.45,16.9,,,,,14.82,71.75,0.32,147.25,,0.0,12.25,740.0,
2016-12-14 02:00:00,212.0,367.17,,,,,22.63,2.75,17.42,8.54,13.84,,,,,14.25,75.16,0.31,242.0,,0.0,12.42,740.0,
2016-12-14 03:00:00,224.33,335.83,,,,,24.0,2.92,17.98,9.58,13.28,,,,,13.52,77.0,0.3,200.5,,0.0,12.5,740.0,
2016-12-14 04:00:00,227.62,392.5,,,,,23.3,3.58,20.2,9.75,16.86,,,,,13.44,78.08,0.31,159.08,,0.0,12.67,740.0,
2016-12-14 05:00:00,172.5,366.17,,,,,24.62,3.46,17.88,12.87,25.72,,,,,13.27,78.0,0.34,206.5,,0.0,12.67,740.0,
2016-12-14 06:00:00,192.5,437.5,,,,,21.42,3.41,17.1,20.38,41.48,,,,,12.9,78.08,0.3,234.08,,0.0,14.08,740.0,
2016-12-14 07:00:00,207.17,514.33,,,,,21.92,3.6,17.26,22.09,38.01,,,,,13.47,78.17,0.42,270.67,,0.0,159.92,740.0,
2016-12-14 08:00:00,217.17,505.5,,,,,21.42,3.24,16.33,19.51,30.86,,,,,17.28,69.21,0.59,268.5,,0.0,387.42,740.0,
2016-12-14 09:00:00,215.5,470.5,,,,,21.28,3.64,17.55,13.98,24.18,,,,,19.54,56.0,0.93,286.75,,0.0,413.67,740.0,
2016-12-14 10:00:00,218.67,431.0,,,,,19.13,2.94,19.15,13.36,22.45,,,,,21.98,46.0,1.03,283.25,,0.0,419.83,740.0,
2016-12-14 11:00:00,169.83,414.33,,,,,19.98,2.93,17.86,15.42,28.01,,,,,23.2,40.75,1.16,286.91,,0.0,423.5,740.0,
2016-12-14 12:00:00,154.0,377.33,,,,,21.76,2.42,16.48,18.18,37.63,,,,,24.29,35.34,1.08,280.25,,0.0,421.08,740.0,
2016-12-14 13:00:00,126.67,359.0,,,,,22.91,2.2,16.06,17.97,38.12,,,,,24.81,32.0,0.67,265.67,,0.0,405.92,740.0,
2016-12-14 14:00:00,114.0,357.33,,,,,22.38,2.3,16.87,16.54,42.93,,,,,24.18,31.67,0.74,283.66,,0.0,394.92,740.0,
2016-12-14 15:00:00,110.0,352.0,,,,,22.37,2.2,16.75,13.08,35.96,,,,,22.97,34.17,0.78,286.66,,0.0,331.67,740.0,
2016-12-14 16:00:00,114.83,373.33,,,,,21.44,2.13,16.76,11.77,28.9,,,,,21.32,37.75,0.68,289.25,,0.0,154.75,740.0,
2016-12-14 17:00:00,119.83,442.83,,,,,21.26,2.49,17.23,6.67,15.47,,,,,19.77,43.66,0.31,292.25,,0.0,24.17,740.0,
2016-12-14 18:00:00,153.5,635.5,,,,,25.06,3.52,17.67,10.82,24.17,,,,,18.48,49.25,0.3,292.25,,0.0,12.5,740.0,
2016-12-14 19:00:00,178.75,651.12,,,,,24.91,3.79,18.09,13.55,28.69,,,,,17.62,54.12,0.31,292.91,,0.0,12.25,740.0,
2016-12-14 20:00:00,203.33,658.17,,,,,27.77,4.98,17.43,14.56,34.27,,,,,16.84,58.42,0.3,284.92,,0.0,12.25,740.0,
2016-12-14 21:00:00,232.83,763.83,,,,,27.82,5.23,16.63,32.01,72.42,,,,,16.31,61.25,0.3,269.09,,0.0,12.67,740.0,
2016-12-14 22:00:00,249.17,776.67,,,,,26.93,4.38,16.64,32.24,67.29,,,,,15.64,64.25,0.3,278.25,,0.0,12.33,740.0,
2016-12-14 23:00:00,258.83,710.88,,,,,25.12,4.43,16.77,37.6,66.12,,,,,14.8,67.0,0.3,246.42,,0.0,12.75,740.0,
2016-12-15 00:00:00,243.5,591.33,,,,,18.58,2.79,16.47,29.62,51.6,,,,,15.1,65.42,0.34,281.92,,0.0,12.34,740.0,
2016-12-15 01:00:00,196.0,310.67,,,,,17.15,2.81,17.99,11.77,21.48,,,,,14.81,66.0,0.35,282.08,,0.0,12.84,740.0,
2016-12-15 02:00:00,196.17,298.83,,,,,17.47,2.63,17.94,10.24,18.75,,,,,14.11,67.83,0.34,280.83,,0.0,12.5,740.0,
2016-12-15 03:00:00,197.0,294.83,,,,,17.24,2.6,18.07,7.75,14.52,,,,,13.54,69.75,0.31,272.33,,0.0,12.33,740.0,
2016-12-15 04:00:00,188.33,275.0,,,,,16.48,2.18,18.04,6.72,10.55,,,,,13.47,70.33,0.57,284.75,,0.0,12.5,740.0,
2016-12-15 05:00:00,150.83,259.83,,,,,16.46,1.7,16.52,9.23,10.96,,,,,13.34,69.84,0.5,280.59,,0.0,12.33,740.0,
2016-12-15 06:00:00,184.17,332.33,,,,,21.74,2.68,16.75,14.35,15.38,,,,,12.61,71.25,0.31,254.42,,0.0,13.84,740.0,
2016-12-15 07:00:00,215.67,607.5,,,,,24.76,2.6,16.64,11.48,14.18,,,,,12.65,73.0,0.32,250.0,,0.0,145.58,740.0,
2016-12-15 08:00:00,269.5,768.33,,,,,23.38,3.17,16.6,17.23,22.0,,,,,16.72,65.42,0.34,263.75,,0.0,384.08,740.0,
2016-12-15 09:00:00,260.83,685.33,,,,,21.43,2.95,16.02,9.7,13.07,,,,,19.27,52.75,1.14,285.75,,0.0,413.34,740.0,
2016-12-15 10:00:00,200.33,434.5,,,,,19.45,3.19,18.91,9.93,12.71,,,,,20.84,47.25,1.31,280.83,,0.0,421.92,740.0,
2016-12-15 11:00:00,176.17,427.17,,,,,21.2,2.71,16.22,13.08,19.58,,,,,22.53,41.92,1.42,278.59,,0.0,423.58,740.0,
2016-12-15 12:00:00,163.67,436.67,,,,,22.5,3.17,16.16,14.09,23.39,,,,,23.59,37.5,1.58,280.09,,0.0,422.5,740.0,
2016-12-15 13:00:00,119.5,363.5,,,,,21.94,2.32,16.55,13.74,23.35,,,,,24.39,33.34,1.58,281.75,,0.0,406.0,740.0,
2016-12-15 14:00:00,105.17,405.67,,,,,22.37,2.1,16.7,10.83,17.85,,,,,24.32,31.0,1.42,284.5,,0.0,380.75,740.0,
2016-12-15 15:00:00,94.67,395.5,,,,,22.22,1.6,16.89,8.73,16.14,,,,,23.58,29.58,1.49,286.16,,0.0,327.25,740.0,
2016-12-15 16:00:00,88.33,356.33,,,,,21.44,1.69,16.38,5.43,13.59,,,,,22.12,30.92,0.92,288.09,,0.0,149.17,740.0,
2016-12-15 17:00:00,94.17,408.83,,,,,23.07,2.22,17.29,5.81,16.32,,,,,20.11,35.58,0.32,283.67,,0.0,25.34,740.0,
2016-12-15 18:00:00,113.83,588.0,,,,,27.17,4.04,17.63,11.21,28.95,,,,,17.4,43.16,0.3,228.92,,0.0,12.58,740.0,
2016-12-15 19:00:00,122.83,,,,,,30.82,5.55,18.39,15.02,34.94,,,,,16.2,48.92,0.3,153.17,,0.0,12.67,740.0,
2016-12-15 20:00:00,213.5,,,,,,33.62,7.81,18.66,17.81,39.93,,,,,15.84,52.58,0.3,218.25,,0.0,12.58,740.0,
2016-12-15 21:00:00,314.33,,,,,,36.05,9.3,17.89,22.19,52.0,,,,,15.22,54.75,0.3,197.5,,0.0,12.5,740.0,
2016-12-15 22:00:00,406.0,,,,,,43.48,10.25,17.37,41.64,96.83,,,,,14.54,57.83,0.3,218.25,,0.0,12.33,740.0,
2016-12-15 23:00:00,413.0,,,,,,39.95,9.89,18.49,44.78,109.3,,,,,13.95,60.83,0.3,193.83,,0.0,12.58,740.0,
2016-12-16 00:00:00,442.67,,,,,,22.36,8.85,19.55,39.17,98.01,,,,,12.74,64.08,0.3,184.92,,0.0,12.33,740.0,
2016-12-16 01:00:00,411.33,915.0,,,,,19.75,9.33,19.79,22.11,53.54,,,,,12.42,67.58,0.3,103.92,,0.0,12.34,740.0,
2016-12-16 02:00:00,389.5,757.5,,,,,19.35,10.2,22.33,23.43,59.75,,,,,12.38,69.25,0.3,115.92,,0.0,12.58,740.0,
2016-12-16 03:00:00,388.67,647.5,,,,,17.06,10.02,23.46,22.22,61.21,,,,,11.92,70.58,0.3,128.33,,0.0,12.25,740.0,
2016-12-16 04:00:00,340.0,582.83,,,,,12.69,8.42,22.51,19.53,47.15,,,,,11.78,72.08,0.3,215.83,,0.0,12.34,740.0,
2016-12-16 05:00:00,320.67,613.17,,,,,17.98,6.18,19.98,31.1,69.63,,,,,11.26,72.67,0.3,207.42,,0.0,12.16,740.0,
2016-12-16 06:00:00,376.83,802.83,,,,,20.66,4.65,19.13,33.28,72.64,,,,,10.98,73.59,0.3,224.5,,0.0,13.92,740.0,
2016-12-16 07:00:00,262.67,743.0,,,,,21.16,4.83,17.57,31.41,66.54,,,,,11.48,72.91,0.3,222.25,,0.0,150.66,740.0,
2016-12-16 08:00:00,253.33,839.5,,,,,19.5,4.6,18.44,27.56,52.74,,,,,17.35,60.5,0.3,274.91,,0.0,388.67,740.0,
2016-12-16 09:00:00,293.33,779.5,,,,,16.76,4.26,18.76,28.0,48.54,,,,,21.37,45.33,0.3,276.16,,0.0,406.16,740.0,
2016-12-16 10:00:00,295.0,649.33,,,,,11.85,2.8,19.68,20.73,34.74,,,,,22.78,39.92,0.57,295.84,,0.0,414.75,740.0,
2016-12-16 11:00:00,211.5,441.75,,,,10.5,13.94,2.56,14.2,19.56,36.32,,,,,24.36,35.25,0.52,273.54,,0.0,417.17,740.0,
2016-12-16 12:00:00,177.5,441.5,,,,,13.52,2.15,14.02,17.22,30.38,,,,,24.9,31.5,0.76,274.92,,0.0,415.25,740.0,
2016-12-16 13:00:00,139.33,361.33,,,,,13.07,2.11,12.68,15.22,28.23,,,,,25.21,30.08,0.56,243.67,,0.0,402.42,740.0,
2016-12-16 14:00:00,157.0,391.5,,,,,13.35,2.0,11.45,13.12,32.65,,,,,24.34,29.16,0.55,275.42,,0.0,384.92,740.0,
2016-12-16 15:00:00,136.5,360.0,,,,,13.23,1.97,10.53,10.66,30.36,,,,,23.36,28.58,0.56,287.75,,0.0,333.5,740.0,
2016-12-16 16:00:00,133.17,395.67,,,,,14.63,2.04,9.25,9.81,25.68,,,,,21.91,30.58,0.32,296.34,,0.0,175.83,740.0,
2016-12-16 17:00:00,136.67,589.67,,,,,15.16,2.34,9.77,5.96,16.84,,,,,19.01,37.33,0.3,145.83,,0.0,24.92,740.0,
2016-12-16 18:00:00,193.5,793.0,,,,,26.07,4.14,11.75,9.17,22.65,,,,,16.7,45.75,0.3,163.17,,0.0,12.33,740.0,
2016-12-16 19:00:00,289.17,,,,,,29.68,5.85,12.21,15.42,34.29,,,,,15.88,50.25,0.3,232.42,,0.0,12.58,740.0,
2016-12-16 20:00:00,295.5,832.33,,,,,26.49,5.54,14.04,18.99,42.02,,,,,15.9,51.75,0.3,222.83,,0.0,12.42,740.0,
2016-12-16 21:00:00,263.0,740.17,,,,,24.53,5.03,13.18,31.74,77.72,,,,,15.32,54.25,0.3,126.33,,0.0,12.5,740.0,
2016-12-16 22:00:00,338.0,710.67,,,,,23.53,3.84,15.71,33.65,82.45,,,,,14.57,58.0,0.3,162.25,,0.0,12.33,740.0,
2016-12-16 23:00:00,349.67,719.0,,,,,25.88,4.23,13.3,23.84,44.62,,,,,13.53,62.66,0.3,208.0,,0.0,12.5,740.0,
2016-12-17 00:00:00,393.17,787.0,,,,,22.23,3.49,10.43,29.67,52.8,,,,,13.12,66.0,0.3,203.58,,0.0,12.33,740.0,
2016-12-17 01:00:00,317.0,656.0,,,,,18.17,3.23,10.92,11.82,23.36,,,,,12.64,68.0,0.3,161.25,,0.0,12.33,740.0,
2016-12-17 02:00:00,312.83,568.83,,,,,18.82,3.23,11.58,11.33,24.72,,,,,12.67,70.33,0.3,192.75,,0.0,12.42,740.0,
2016-12-17 03:00:00,321.83,475.33,,,,,17.59,2.61,10.44,9.84,24.77,,,,,13.03,69.75,0.3,238.5,,0.0,12.42,740.0,
2016-12-17 04:00:00,215.25,323.75,,,,,15.42,2.4,12.64,7.02,16.58,,,,,12.8,68.42,0.3,229.42,,0.0,12.42,740.0,
2016-12-17 05:00:00,184.0,419.67,,,,,17.11,2.76,10.93,9.2,20.48,,,,,12.64,69.16,0.3,290.67,,0.0,12.33,740.0,
2016-12-17 06:00:00,235.33,527.67,,,,,21.41,3.29,11.03,12.61,24.88,,,,,12.35,70.17,0.3,265.0,,0.0,15.42,740.0,
2016-12-17 07:00:00,269.0,748.83,,,,,24.12,3.61,10.89,19.65,33.28,,,,,12.82,70.59,0.3,261.58,,0.0,138.33,740.0,
2016-12-17 08:00:00,281.33,829.0,,,,,23.51,3.55,9.51,17.82,29.67,,,,,16.52,63.58,0.32,271.25,,0.0,377.42,740.0,
2016-12-17 09:00:00,310.5,648.17,,,,,22.55,3.16,11.0,9.59,14.9,,,,,19.23,54.17,0.51,288.92,,0.0,408.66,740.0,
2016-12-17 10:00:00,296.83,586.17,,,,,17.65,2.45,12.54,9.9,15.3,,,,,21.21,47.83,0.41,283.46,,0.0,412.96,740.0,
2016-12-17 11:00:00,282.0,538.67,,,,,20.25,3.08,9.9,14.76,25.37,,,,,22.68,42.25,0.64,280.17,,0.0,417.34,740.0,
2016-12-17 12:00:00,231.83,483.67,,,,,21.98,2.72,12.24,17.7,31.38,,,,,22.76,40.16,0.62,290.66,,0.0,406.83,740.0,
2016-12-17 13:00:00,207.33,429.5,,,,,22.41,2.62,10.65,18.92,38.55,,,,,23.34,39.0,0.45,279.75,,0.0,396.5,740.0,
2016-12-17 14:00:00,214.33,521.17,,,,,22.32,2.78,10.42,13.11,29.33,,,,,22.62,39.5,0.52,279.08,,0.0,374.17,740.0,
2016-12-17 15:00:00,212.0,542.17,,,,,23.72,2.72,9.41,15.7,34.74,,,,,22.02,38.83,0.44,287.17,,0.0,335.83,740.0,
2016-12-17 16:00:00,186.33,528.0,,,,,23.12,2.53,7.96,11.14,23.84,,,,,20.6,39.5,0.3,283.34,,0.0,160.42,740.0,
2016-12-17 17:00:00,170.17,550.17,175.71,145.5,,101.7,23.17,3.24,9.54,7.51,15.99,,,,,17.66,46.41,0.3,213.92,,0.0,24.42,740.0,
2016-12-17 18:00:00,236.17,,479.53,129.2,,127.75,24.98,5.12,9.95,11.35,25.49,,,,,15.8,53.0,0.3,241.92,,0.0,12.33,740.0,
2016-12-17 19:00:00,276.5,,463.72,159.52,,139.91,28.78,6.27,11.05,16.27,34.79,,,,,15.32,56.92,0.3,256.91,,0.0,12.42,740.0,
2016-12-17 20:00:00,348.33,,,131.72,,102.07,30.34,7.64,15.05,20.27,43.72,,,,,14.57,60.5,0.3,227.0,,0.0,12.5,740.0,
2016-12-17 21:00:00,355.5,,,129.78,,103.56,30.6,8.58,13.82,41.35,104.68,,,,,13.84,62.5,0.3,204.92,,0.0,12.42,740.0,
2016-12-17 22:00:00,398.17,,317.0,123.28,386.57,98.96,27.33,6.56,11.79,38.94,103.87,,,,,13.88,61.34,0.3,169.42,,0.0,12.54,740.0,
2016-12-17 23:00:00,334.67,748.0,93.8,110.52,226.55,102.54,18.53,4.07,10.09,35.92,93.78,,,,,13.79,59.75,0.3,154.75,,0.0,12.33,740.0,
2016-12-18 00:00:00,272.67,478.0,157.16,105.42,308.54,125.21,21.84,4.27,9.22,17.91,46.24,,,,,12.72,61.92,0.3,145.75,,0.0,12.42,740.0,
2016-12-18 01:00:00,306.67,463.67,90.87,110.15,222.23,151.48,22.11,2.93,8.93,10.87,23.18,,,,,12.38,65.0,0.3,127.5,,0.0,12.5,740.0,
2016-12-18 02:00:00,233.5,374.67,19.56,94.49,102.13,151.26,20.88,1.96,9.71,9.39,19.89,,,,,12.47,64.25,0.3,142.42,,0.0,12.66,740.0,
2016-12-18 03:00:00,222.62,292.12,88.04,100.26,209.58,146.88,21.71,2.52,9.92,8.15,19.18,,,,,12.03,64.33,0.3,155.71,,0.0,12.25,740.0,
2016-12-18 04:00:00,191.83,328.33,127.58,94.21,258.15,91.48,20.75,3.55,12.47,8.52,18.34,,,,,11.98,64.5,0.3,256.75,,0.0,12.5,740.0,
2016-12-18 05:00:00,163.5,389.33,277.69,103.93,432.45,87.72,22.58,3.27,12.25,7.96,19.05,,,,,11.27,66.42,0.3,227.5,,0.0,12.25,740.0,
2016-12-18 06:00:00,214.67,555.0,380.76,90.84,,92.82,23.87,4.55,11.48,10.13,20.9,,,,,10.47,69.59,0.3,216.83,,0.0,15.0,740.0,
2016-12-18 07:00:00,291.33,787.67,452.41,102.94,,102.88,25.33,4.95,10.76,20.23,32.18,,,,,10.82,71.25,0.3,232.92,,0.0,120.5,740.0,
2016-12-18 08:00:00,332.67,822.5,272.18,109.48,380.27,132.78,22.61,4.07,9.17,19.19,27.97,,,,,14.97,63.75,0.3,253.08,,0.0,377.92,740.0,
2016-12-18 09:00:00,328.33,664.67,160.17,129.7,334.26,144.02,21.53,4.54,8.38,10.74,14.3,,,,,18.43,51.67,0.32,281.42,,0.0,407.08,740.0,
2016-12-18 10:00:00,311.0,587.83,173.05,148.01,366.72,90.68,20.25,3.49,11.32,10.02,14.12,,,,,20.65,45.67,0.3,281.5,,0.0,415.25,740.0,
2016-12-18 11:00:00,282.0,569.17,100.88,151.96,273.15,82.02,20.57,3.18,9.28,12.98,19.18,,,,,22.48,39.17,0.39,276.92,,0.0,416.42,740.0,
2016-12-18 12:00:00,228.5,462.33,61.16,147.54,214.96,75.38,23.1,2.38,10.65,11.18,18.7,,,,,23.62,34.92,0.47,263.58,,0.0,413.58,740.0,
2016-12-18 13:00:00,185.83,387.17,65.74,147.84,221.48,71.78,23.38,2.6,10.07,14.62,26.0,,,,,23.8,33.16,0.48,285.5,,0.0,401.75,740.0,
2016-12-18 14:00:00,181.17,440.5,99.82,152.4,272.08,75.42,23.35,2.59,9.48,13.44,28.51,,,,,23.74,32.0,0.46,267.5,,0.0,380.58,740.0,
2016-12-18 15:00:00,159.67,384.67,73.56,138.3,223.7,73.58,22.32,2.35,8.85,11.62,26.67,,,,,22.65,32.16,0.35,285.96,,0.0,316.42,740.0,
2016-12-18 16:00:00,147.33,421.67,98.01,139.94,258.52,87.57,22.22,2.17,7.48,9.49,19.49,,,,,21.09,33.5,0.4,297.83,,0.0,190.08,740.0,
2016-12-18 17:00:00,156.0,522.33,190.71,148.52,392.75,106.22,24.77,2.51,8.44,5.8,13.5,,,,,18.53,40.67,0.3,233.08,,0.0,27.5,740.0,
2016-12-18 18:00:00,232.0,934.0,339.62,142.54,,123.49,26.51,4.13,9.24,9.82,21.86,,,,,16.1,49.92,0.3,172.58,,0.0,12.75,740.0,
2016-12-18 19:00:00,313.5,965.0,312.07,160.76,,129.72,27.05,5.03,10.17,13.99,31.35,,,,,16.4,51.75,0.3,235.0,,0.0,12.42,740.0,
2016-12-18 20:00:00,324.33,860.0,312.47,137.1,454.63,90.39,26.3,5.68,11.82,14.9,32.86,,,,,15.34,55.34,0.3,214.42,,0.0,12.67,740.0,
2016-12-18 21:00:00,358.83,,,147.56,,94.94,31.28,6.96,10.15,22.96,50.78,,,,,13.96,59.25,0.3,210.08,,0.0,12.42,740.0,
2016-12-18 22:00:00,446.33,,,144.3,,101.42,30.48,6.98,11.16,35.76,78.26,,,,,13.54,62.17,0.3,210.08,,0.0,12.58,740.0,
2016-12-18 23:00:00,444.67,,,139.38,,98.7,30.45,6.86,19.15,33.74,81.72,,,,,12.79,64.5,0.3,220.08,,0.0,12.16,740.0,
2016-12-19 00:00:00,479.33,,,144.35,,133.23,25.53,6.25,16.48,24.35,56.92,,,,,11.69,67.42,0.3,211.0,,0.0,12.42,740.0,
2016-12-19 01:00:00,491.33,,449.4,120.82,,157.31,23.47,6.52,12.92,16.58,38.03,,,,,10.92,70.0,0.3,211.33,,0.0,12.58,740.0,
2016-12-19 02:00:00,489.5,922.0,261.92,114.37,362.13,163.24,18.2,4.42,10.96,15.8,33.8,,,,,11.72,71.92,0.32,257.42,,0.0,12.5,740.0,
2016-12-19 03:00:00,346.83,870.17,157.31,120.28,321.98,168.49,15.9,3.18,10.46,12.58,23.76,,,,,11.65,71.5,0.3,235.92,,0.0,12.17,740.0,
2016-12-19 04:00:00,334.12,600.5,171.99,98.86,322.96,109.73,14.75,3.5,12.84,12.05,19.32,,,,,11.36,72.92,0.3,223.17,,0.0,12.08,740.0,
2016-12-19 05:00:00,254.83,537.67,238.24,94.83,409.85,103.06,15.48,3.08,10.27,12.18,20.46,,,,,11.47,73.58,0.34,279.17,,0.0,12.58,740.0,
2016-12-19 06:00:00,267.83,502.17,332.41,103.55,,101.22,20.89,2.81,9.18,17.75,27.6,,,,,11.41,73.58,0.32,286.92,,0.0,13.33,740.0,
2016-12-19 07:00:00,239.67,588.0,346.22,105.71,,101.47,22.88,2.95,9.65,18.45,24.98,,,,,11.9,73.5,0.32,275.09,,0.0,113.92,740.0,
2016-12-19 08:00:00,241.0,618.5,279.58,129.24,482.49,139.92,22.16,3.24,7.62,16.25,21.44,,,,,15.6,66.33,0.42,281.5,,0.0,368.92,740.0,
2016-12-19 09:00:00,200.33,629.17,166.4,130.57,343.59,147.24,21.74,3.36,8.49,10.84,15.08,,,,,18.78,53.67,0.43,286.92,,0.0,405.5,740.0,
2016-12-19 10:00:00,288.67,528.17,110.6,126.22,262.41,82.04,18.91,2.53,9.78,10.44,15.46,,,,,20.99,44.67,0.67,288.83,,0.0,413.58,740.0,
2016-12-19 11:00:00,241.83,439.33,92.79,145.03,255.94,83.6,20.69,2.48,10.41,17.14,28.28,,,,,22.88,37.08,0.82,284.0,,0.0,414.5,740.0,
2016-12-19 12:00:00,218.17,416.67,71.58,150.78,232.09,82.62,20.46,2.28,10.86,19.36,32.67,,,,,23.42,36.34,1.0,286.16,,0.0,413.58,740.0,
2016-12-19 13:00:00,225.67,433.5,44.12,143.85,188.43,81.93,19.09,1.94,9.81,19.24,40.22,,,,,24.02,33.42,1.26,289.67,,0.0,400.0,740.0,
2016-12-19 14:00:00,196.17,492.17,44.56,122.0,169.58,74.2,17.76,1.58,9.34,13.26,28.64,,,,,24.02,29.17,1.53,286.83,,0.0,373.25,740.0,
2016-12-19 15:00:00,131.5,436.83,59.86,127.69,195.5,75.72,17.8,1.58,9.43,6.84,16.15,,,,,23.21,31.17,1.58,280.09,,0.0,302.34,740.0,
2016-12-19 16:00:00,131.83,397.0,142.03,140.68,319.29,87.58,18.99,1.75,7.8,5.56,12.48,,,,,21.75,35.5,1.06,284.5,,0.0,153.83,740.0,
2016-12-19 17:00:00,162.33,562.83,243.03,155.41,460.11,109.61,21.57,2.54,8.3,6.83,13.55,,,,,19.46,42.25,0.32,273.0,,0.0,24.5,740.0,
2016-12-19 18:00:00,252.0,974.83,295.77,164.17,,120.48,24.52,3.58,9.06,11.49,24.96,,,,,17.62,49.83,0.3,260.58,,0.0,12.5,740.0,
2016-12-19 19:00:00,293.0,848.83,236.86,157.6,442.14,130.51,24.28,3.82,9.72,18.54,35.58,,,,,16.79,54.33,0.41,268.0,,0.0,12.42,740.0,
2016-12-19 20:00:00,291.67,638.5,203.08,142.82,404.59,94.79,22.38,3.65,10.72,15.3,29.38,,,,,17.05,54.83,0.74,281.08,,0.0,12.42,740.0,
2016-12-19 21:00:00,271.17,589.33,195.62,140.76,392.56,99.06,22.19,3.84,9.8,16.37,35.74,,,,,16.23,57.0,0.54,270.25,,0.0,12.5,740.0,
2016-12-19 22:00:00,323.33,590.33,205.2,139.36,404.4,101.54,22.31,3.74,8.67,14.81,37.15,,,,,15.63,58.67,0.62,283.0,,0.0,12.5,740.0,
2016-12-19 23:00:00,290.33,589.0,81.67,119.08,217.61,99.11,18.47,2.47,8.49,10.1,22.11,,,,,15.93,56.42,1.25,285.25,,0.0,12.5,740.0,
2016-12-20 00:00:00,214.5,339.0,41.63,106.39,151.64,111.9,21.52,1.77,7.09,6.88,10.41,,,,,15.42,56.0,1.12,287.17,,0.0,12.17,740.0,
2016-12-20 01:00:00,202.33,287.0,24.15,89.29,112.54,126.53,21.73,1.66,8.1,5.59,7.1,,,,,14.96,58.42,0.97,284.79,,0.0,12.33,740.0,
2016-12-20 02:00:00,201.83,272.67,25.13,87.34,112.1,123.29,21.81,1.72,9.06,5.69,6.8,,,,,14.33,61.58,0.89,284.0,,0.0,12.33,740.0,
2016-12-20 03:00:00,189.67,250.0,22.65,86.86,108.34,119.29,21.79,1.68,8.97,5.75,6.66,,,,,13.63,63.75,1.0,286.25,,0.0,12.08,740.0,
2016-12-20 04:00:00,179.12,246.67,21.85,79.13,100.34,83.62,21.02,1.8,11.14,6.44,6.81,,,,,13.33,65.25,1.09,287.25,,0.0,12.42,740.0,
2016-12-20 05:00:00,156.83,257.67,71.54,79.62,168.62,83.68,21.34,1.94,9.06,6.09,5.82,,,,,13.06,66.42,0.97,285.09,,0.0,12.33,740.0,
2016-12-20 06:00:00,184.33,283.5,140.78,87.51,270.24,85.2,21.31,2.6,8.74,6.22,5.53,,,,,12.78,68.17,0.68,280.08,,0.0,13.5,740.0,
2016-12-20 07:00:00,202.0,351.0,155.39,90.05,292.41,86.98,21.62,2.41,9.33,6.72,6.75,,,,,13.38,67.83,1.21,284.0,,0.0,132.25,740.0,
2016-12-20 08:00:00,206.0,384.33,152.76,101.92,299.41,102.95,23.05,2.19,7.37,6.39,7.3,,,,,16.22,61.0,1.4,287.58,,0.0,379.66,740.0,
2016-12-20 09:00:00,202.17,422.33,112.16,98.29,240.78,101.91,22.77,2.04,9.1,6.02,7.3,,,,,18.58,54.5,1.52,281.42,,0.0,412.5,740.0,
2016-12-20 10:00:00,203.0,407.0,67.92,93.96,175.84,68.4,19.77,1.54,10.17,6.41,8.39,,,,,20.86,48.75,1.57,291.91,,0.0,419.25,740.0,
2016-12-20 11:00:00,171.83,435.0,78.79,100.67,197.28,58.41,21.4,1.57,8.42,7.82,13.43,,,,,22.69,40.42,1.96,288.75,,0.0,422.0,740.0,
2016-12-20 12:00:00,141.0,500.0,164.65,119.15,331.04,72.87,23.4,1.76,8.28,8.16,15.48,,,,,24.06,35.0,1.82,281.5,,0.0,419.16,740.0,
2016-12-20 13:00:00,136.0,572.0,51.9,116.55,174.75,69.15,21.95,1.55,10.15,11.1,26.6,,,,,25.35,30.5,1.75,274.5,,0.0,362.5,740.0,
2016-12-20 14:00:00,135.33,567.17,46.98,117.66,169.0,65.22,21.57,1.62,8.71,5.67,12.52,,,,,24.88,30.5,2.02,277.25,,0.0,379.66,740.0,
2016-12-20 15:00:00,128.83,524.67,47.03,108.75,161.14,68.13,21.65,1.6,9.54,4.6,9.09,,,,,23.8,32.16,2.1,279.84,,0.0,318.0,740.0,
2016-12-20 16:00:00,113.83,426.67,121.48,128.1,280.02,74.07,22.62,1.78,8.48,4.76,9.17,,,,,22.45,35.58,1.58,255.58,,0.0,172.58,740.0,
2016-12-20 17:00:00,121.67,408.33,180.58,133.22,365.32,78.87,24.28,1.99,8.22,6.45,14.39,,,,,20.53,40.16,0.65,280.16,,0.0,27.08,740.0,
2016-12-20 18:00:00,146.83,486.5,278.96,125.62,451.65,78.32,25.2,3.04,9.06,9.57,21.42,,,,,19.33,45.75,0.3,274.58,,0.0,12.25,740.0,
2016-12-20 19:00:00,185.83,551.83,198.0,126.86,383.42,83.9,23.14,2.48,8.7,12.95,33.93,,,,,18.48,47.42,0.56,277.79,,0.0,12.63,740.0,
2016-12-20 20:00:00,209.17,569.33,156.73,124.33,324.82,81.51,23.12,2.62,8.83,13.67,33.35,,,,,18.29,48.25,1.21,279.67,,0.0,12.5,740.0,
2016-12-20 21:00:00,199.33,451.67,143.18,121.05,303.4,79.89,21.43,2.52,8.95,13.98,33.35,,,,,17.97,48.75,1.32,276.84,,0.0,12.33,740.0,
2016-12-20 22:00:00,169.0,396.67,117.43,117.92,265.44,79.97,20.3,2.06,8.35,9.04,22.12,,,,,17.58,50.33,1.24,277.0,,0.0,12.58,740.0,
2016-12-20 23:00:00,156.0,345.17,85.89,110.64,215.85,76.1,19.71,1.82,8.47,6.58,11.69,,,,,17.25,50.5,1.27,278.42,,0.0,12.25,740.0,
2016-12-21 00:00:00,137.75,296.0,45.42,100.98,152.01,89.84,19.78,1.69,7.28,5.88,9.8,,,,,16.61,52.16,1.54,280.33,,0.0,12.5,740.0,
2016-12-21 01:00:00,129.67,282.17,19.46,85.88,102.09,102.7,19.51,2.09,8.65,4.85,7.72,,,,,16.35,53.5,1.61,282.42,,0.0,12.5,740.0,
2016-12-21 02:00:00,141.83,214.83,18.77,82.45,95.29,97.66,19.61,2.09,9.34,4.75,5.6,,,,,15.95,54.92,1.74,287.92,,0.0,12.25,740.0,
2016-12-21 03:00:00,156.33,221.17,18.84,73.08,87.57,96.07,19.84,1.83,9.61,5.14,4.76,,,,,14.93,58.25,1.54,283.0,,0.0,12.25,740.0,
2016-12-21 04:00:00,125.67,206.83,32.65,71.04,107.88,72.59,19.62,1.87,10.52,7.02,5.62,,,,,14.15,59.66,1.49,283.58,,0.0,12.42,740.0,
2016-12-21 05:00:00,95.33,206.67,75.72,77.24,172.2,69.66,20.18,1.86,8.77,6.48,5.14,,,,,13.76,60.59,1.38,280.25,,0.0,12.58,740.0,
2016-12-21 06:00:00,129.5,226.67,112.78,73.14,219.16,67.61,21.76,2.22,9.35,5.31,4.89,,,,,13.19,63.58,1.26,280.25,,0.0,13.58,740.0,
2016-12-21 07:00:00,144.33,321.83,197.86,85.61,346.45,73.91,24.42,2.19,8.2,5.95,6.16,,,,,13.46,64.5,1.02,278.75,,0.0,153.17,740.0,
2016-12-21 08:00:00,161.17,394.17,226.75,98.76,397.66,92.5,25.72,2.38,6.95,7.13,8.78,,,,,17.42,53.75,1.06,268.75,,0.0,394.0,740.0,
2016-12-21 09:00:00,185.67,447.33,180.94,104.03,339.79,89.48,25.04,2.55,7.82,7.0,9.35,,,,,20.05,43.0,1.47,286.34,,0.0,415.0,740.0,
2016-12-21 10:00:00,174.33,386.33,120.76,82.54,236.86,47.11,23.75,2.2,9.13,6.42,8.85,,,,,22.31,36.5,1.16,289.08,,0.0,418.92,740.0,
2016-12-21 11:00:00,148.83,395.33,121.55,119.15,272.12,54.92,23.4,1.92,8.61,7.22,11.73,,,,,23.61,33.25,1.28,284.58,,0.0,421.42,740.0,
2016-12-21 12:00:00,133.83,366.33,84.05,115.08,217.34,46.19,23.65,1.59,10.04,7.76,14.14,,,,,24.66,29.42,1.67,280.91,,0.0,415.08,740.0,
2016-12-21 13:00:00,110.5,313.0,46.64,109.75,161.48,46.24,23.88,1.38,9.28,6.34,12.74,,,,,25.36,26.33,1.9,288.0,,0.0,398.42,740.0,
2016-12-21 14:00:00,97.67,449.83,68.08,108.95,190.02,45.28,23.53,1.29,9.42,4.84,10.69,,,,,25.39,24.83,2.06,172.58,,0.0,373.5,740.0,
2016-12-21 15:00:00,95.0,475.17,93.18,118.55,232.88,49.6,23.15,1.61,8.94,4.48,10.95,,,,,24.48,26.84,1.72,28.25,,0.0,306.0,740.0,
2016-12-21 16:00:00,91.83,313.33,88.36,135.93,241.76,65.34,22.32,1.79,7.88,4.77,13.51,,,,,23.03,29.92,1.26,24.42,,0.0,168.33,740.0,
2016-12-21 17:00:00,110.67,408.5,195.29,141.48,392.72,77.3,24.43,3.18,7.58,6.78,20.51,,,,,20.46,36.58,0.39,20.67,,0.0,27.17,740.0,
2016-12-21 18:00:00,159.0,701.0,376.91,141.78,,90.4,28.68,4.65,8.89,12.08,30.33,,,,,17.46,44.88,0.3,19.58,,0.0,12.54,740.0,
2016-12-21 19:00:00,159.0,,437.54,144.22,,99.61,30.68,5.52,9.66,14.57,33.26,,,,,16.24,50.08,0.3,19.16,,0.0,12.42,740.0,
2016-12-21 20:00:00,177.67,,,139.6,,81.83,33.44,6.75,11.06,15.88,32.61,,,,,16.02,52.0,0.3,19.08,,0.0,12.67,740.0,
2016-12-21 21:00:00,290.0,,,136.06,,77.04,34.42,7.04,9.5,19.09,39.92,,,,,15.38,52.42,0.3,20.84,,0.0,12.42,740.0,
2016-12-21 22:00:00,371.83,,470.43,130.66,,78.86,32.36,6.12,9.88,19.13,39.98,,,,,14.92,53.08,0.3,21.17,,0.0,12.33,740.0,
2016-12-21 23:00:00,367.0,,426.23,136.77,,82.75,33.55,7.15,10.88,17.88,39.21,,,,,13.8,56.58,0.3,20.67,,0.0,12.58,740.0,
2016-12-22 00:00:00,672.0,,346.14,115.73,,103.18,28.62,5.78,8.79,18.22,38.61,,,,,12.94,59.5,0.3,20.33,,0.0,12.67,740.0,
2016-12-22 01:00:00,672.0,,412.72,124.28,,125.79,30.12,6.21,10.5,17.88,32.71,,,,,12.0,62.83,0.3,20.58,,0.0,12.33,740.0,
2016-12-22 02:00:00,590.83,824.33,184.09,103.71,343.8,124.07,24.77,3.38,9.71,16.57,30.68,,,,,12.24,63.17,0.3,20.58,,0.0,12.5,740.0,
2016-12-22 03:00:00,185.17,375.0,164.05,93.82,307.64,121.06,23.8,2.78,10.78,14.66,31.69,,,,,12.55,61.75,0.41,21.58,,0.0,12.42,740.0,
2016-12-22 04:00:00,176.67,349.17,61.65,86.16,160.98,74.17,21.25,1.28,12.74,13.47,23.08,,,,,13.38,58.17,0.3,21.25,,0.0,12.5,740.0,
2016-12-22 05:00:00,131.17,245.0,61.89,81.03,156.72,74.21,20.92,2.06,8.99,9.06,15.15,,,,,12.82,59.66,0.32,28.33,,0.0,12.5,740.0,
2016-12-22 06:00:00,146.17,351.5,220.41,79.97,287.19,74.4,23.52,1.52,9.67,6.5,11.19,,,,,11.58,63.33,0.3,37.25,,0.0,13.58,740.0,
2016-12-22 07:00:00,200.67,895.88,399.85,88.59,,78.91,27.95,2.01,9.86,8.27,13.92,,,,,11.94,66.17,0.3,37.66,,0.0,126.5,740.0,
2016-12-22 08:00:00,246.17,964.5,354.74,111.21,488.0,100.3,27.99,2.72,8.01,10.16,14.55,,,,,17.21,55.84,0.39,41.42,,0.0,379.66,740.0,
2016-12-22 09:00:00,254.83,837.67,206.94,118.43,388.14,110.62,26.77,2.71,8.4,9.44,13.82,,,,,20.07,45.75,0.36,25.58,,0.0,406.66,740.0,
2016-12-22 10:00:00,243.0,560.0,133.69,134.55,300.98,73.38,23.8,2.89,10.64,9.79,14.24,,,,,22.12,40.42,0.3,24.67,,0.0,412.58,740.0,
2016-12-22 11:00:00,236.17,524.5,82.55,165.11,259.83,72.4,26.19,2.92,8.41,9.46,16.06,,,,,23.8,34.75,0.6,25.08,,0.0,415.12,740.0,
2016-12-22 12:00:00,214.67,478.0,66.52,148.65,223.26,62.03,23.24,2.08,10.58,9.32,17.58,,,,,25.11,29.5,0.8,136.25,,0.0,414.33,740.0,
2016-12-22 13:00:00,151.0,380.83,36.34,136.25,171.04,61.82,21.99,1.71,9.67,10.23,21.17,,,,,25.38,28.25,1.04,228.92,,0.0,401.92,740.0,
2016-12-22 14:00:00,139.5,369.67,57.14,136.11,199.29,64.38,21.48,1.78,9.45,6.97,16.88,,,,,25.28,28.08,0.67,245.17,,0.0,372.17,740.0,
2016-12-22 15:00:00,133.17,368.5,129.12,151.98,311.71,68.53,22.96,2.04,9.35,6.59,16.05,,,,,23.99,29.66,1.0,282.08,,0.0,316.5,740.0,
2016-12-22 16:00:00,139.38,378.12,138.42,157.52,329.39,86.64,21.69,2.59,7.31,6.16,14.62,,,,,22.32,32.83,0.82,282.92,,0.0,165.58,740.0,
2016-12-22 17:00:00,152.83,511.5,203.58,163.0,423.27,101.9,23.73,2.85,7.52,6.49,15.92,,,,,19.77,39.33,0.3,270.92,,0.0,25.84,740.0,
2016-12-22 18:00:00,198.67,907.17,170.57,154.61,370.69,106.57,24.26,3.89,8.73,9.72,25.94,,,,,17.78,47.25,0.3,229.92,,0.0,12.58,740.0,
2016-12-22 19:00:00,157.0,843.83,343.65,147.38,465.87,117.57,31.01,5.52,9.54,15.38,41.78,,,,,17.18,50.75,0.3,225.25,,0.0,12.25,740.0,
2016-12-22 20:00:00,199.17,,477.76,134.35,,91.45,34.82,6.98,13.5,19.04,69.28,,,,,16.3,53.92,0.3,202.58,,0.0,12.5,740.0,
2016-12-22 21:00:00,410.0,,,135.59,,93.38,36.53,7.92,11.2,21.8,64.12,,,,,15.14,59.08,0.3,202.75,,0.0,12.75,740.0,
2016-12-22 22:00:00,423.83,,,132.98,,100.46,37.11,7.22,21.61,23.09,57.76,,,,,14.27,62.75,0.3,203.17,,0.0,12.38,740.0,
2016-12-22 23:00:00,498.83,,,127.91,,106.65,35.91,7.29,71.88,23.0,54.19,,,,,13.78,66.25,0.3,203.0,,0.0,12.58,740.0,
2016-12-23 00:00:00,517.83,,384.01,125.52,,146.65,21.6,7.42,33.3,25.89,59.48,,,,,13.42,68.83,0.3,203.25,,0.0,12.25,740.0,
2016-12-23 01:00:00,518.83,,358.23,119.27,415.37,183.95,21.74,7.41,26.37,21.56,39.85,,,,,12.73,71.75,0.3,204.17,,0.0,12.25,740.0,
2016-12-23 02:00:00,748.83,828.33,116.38,119.21,265.15,185.55,16.07,4.71,11.66,21.24,33.62,,,,,12.21,73.59,0.3,204.5,,0.0,12.25,740.0,
2016-12-23 03:00:00,592.67,739.33,169.94,110.62,330.62,176.5,15.1,4.09,12.3,21.42,30.82,,,,,11.53,75.42,0.3,204.92,,0.0,12.33,740.0,
2016-12-23 04:00:00,530.17,714.17,251.71,92.66,426.33,109.07,15.91,4.93,16.59,20.1,81.35,,,,,11.65,76.08,0.3,203.83,,0.0,12.21,740.0,
2016-12-23 05:00:00,473.83,655.0,348.05,86.64,,107.82,34.64,4.36,13.83,16.78,127.91,,,,,11.36,76.58,0.3,204.58,,0.0,12.5,740.0,
2016-12-23 06:00:00,463.0,692.33,467.52,89.82,,108.52,24.17,4.65,12.2,14.44,58.73,,,,,11.15,77.08,0.3,205.67,,0.0,13.0,740.0,
2016-12-23 07:00:00,472.83,902.33,479.03,100.61,,116.18,25.99,4.66,11.12,14.93,31.82,,,,,11.57,77.5,0.3,206.92,,0.0,101.0,740.0,
2016-12-23 08:00:00,524.25,,460.85,119.18,,146.89,25.47,4.28,9.42,14.78,24.04,,,,,14.69,75.0,0.3,209.25,,0.0,347.25,740.0,
2016-12-23 09:00:00,527.67,897.67,334.9,161.16,471.1,157.25,25.09,3.37,11.09,15.38,27.08,,,,,18.43,62.84,0.3,180.17,,0.0,403.33,740.0,
2016-12-23 10:00:00,466.33,853.33,103.26,178.18,299.77,131.65,23.32,3.28,10.45,14.06,26.54,,,,,21.49,49.92,0.43,179.67,,0.0,411.0,740.0,
2016-12-23 11:00:00,444.33,841.83,50.91,150.25,188.08,100.27,19.21,3.83,11.18,12.45,31.3,,,,,23.65,42.75,0.64,185.08,,0.0,412.42,740.0,
2016-12-23 12:00:00,306.33,454.33,40.9,118.26,124.31,92.45,21.04,2.7,11.0,11.27,32.72,,,,,24.98,37.92,0.66,211.92,,0.0,408.25,740.0,
2016-12-23 13:00:00,219.5,379.17,53.68,178.23,232.12,97.78,21.58,3.41,9.8,9.26,19.27,,,,,25.48,34.92,0.31,273.17,,0.0,395.83,740.0,
2016-12-23 14:00:00,273.83,547.17,43.92,191.23,230.34,100.29,21.18,3.66,8.5,9.76,18.89,,,,,25.55,34.92,0.32,257.42,,0.0,376.58,740.0,
2016-12-23 15:00:00,308.38,628.12,75.61,250.47,326.4,135.4,22.78,5.48,9.88,20.67,40.57,,,,,23.69,43.75,0.35,298.17,,0.0,334.92,740.0,
2016-12-23 16:00:00,636.5,,84.91,225.01,316.4,149.65,23.97,3.93,8.8,19.52,41.23,,,,,21.9,44.41,0.31,292.92,,0.0,174.5,740.0,
2016-12-23 17:00:00,511.33,,160.28,188.55,333.99,155.28,24.88,5.52,15.7,19.73,46.81,,,,,18.62,51.25,0.3,239.33,,0.0,26.0,740.0,
2016-12-23 18:00:00,516.17,,387.37,203.91,,164.24,30.18,7.02,15.48,23.12,55.72,,,,,16.87,59.08,0.3,243.83,,0.0,12.33,740.0,
2016-12-23 19:00:00,617.5,,,198.2,,170.38,35.17,8.22,14.01,27.17,68.94,,,,,16.02,64.83,0.3,331.34,,0.0,12.58,740.0,
2016-12-23 20:00:00,680.67,,,159.43,,135.88,35.68,10.46,14.92,30.44,84.53,,,,,15.78,68.33,0.3,234.83,,0.0,12.25,740.0,
2016-12-23 21:00:00,756.33,,,152.69,,133.38,40.06,11.93,11.89,30.31,104.11,,,,,14.93,70.58,0.3,231.67,,0.0,12.42,740.0,
2016-12-23 22:00:00,868.0,,,150.81,,134.76,39.84,11.74,11.22,28.75,96.06,,,,,14.23,72.5,0.3,186.08,,0.0,12.33,740.0,
2016-12-23 23:00:00,868.0,,,142.92,,141.98,38.99,12.16,11.67,28.44,89.71,,,,,13.8,74.33,0.3,226.42,,0.0,12.33,740.0,
2016-12-24 00:00:00,868.0,,,141.46,,176.93,23.65,11.66,9.95,26.56,91.27,,,,,12.75,75.5,0.3,241.0,,0.0,12.42,740.0,
2016-12-24 01:00:00,868.0,,,125.36,,192.19,20.15,11.65,13.0,30.03,120.31,,,,,12.35,77.42,0.3,171.92,,0.0,12.33,740.0,
2016-12-24 02:00:00,854.67,,,106.66,,195.12,15.53,10.74,26.22,34.69,142.54,,,,,12.18,78.84,0.3,88.08,,0.0,12.5,740.0,
2016-12-24 03:00:00,776.5,,,99.29,,183.88,15.57,9.73,33.82,33.62,131.61,,,,,11.43,79.0,0.3,79.0,,0.0,12.37,740.0,
2016-12-24 04:00:00,706.83,,484.83,85.0,,106.42,12.34,8.58,30.02,31.85,136.65,,,,,11.57,79.42,0.3,187.84,,0.0,12.42,740.0,
2016-12-24 05:00:00,646.67,849.0,,89.05,,106.22,14.71,8.0,23.33,30.91,150.53,,,,,11.46,79.16,0.3,193.75,,0.0,12.42,740.0,
2016-12-24 06:00:00,648.33,871.67,,95.86,,115.94,24.37,8.14,20.49,31.14,161.05,,,,,11.41,79.33,0.3,96.66,,0.0,13.34,740.0,
2016-12-24 07:00:00,634.62,963.17,494.53,91.82,,119.6,21.93,6.56,21.8,28.28,182.23,,,,,12.06,80.0,0.3,142.75,,0.0,104.75,740.0,
2016-12-24 08:00:00,610.5,854.0,367.78,130.02,436.0,165.63,28.65,5.94,21.55,18.27,131.06,,,,,14.31,78.34,0.82,78.91,,0.0,352.08,740.0,
2016-12-24 09:00:00,651.5,820.5,97.39,147.32,264.24,157.72,20.98,4.0,11.3,15.23,77.4,,,,,16.95,69.38,1.48,114.29,,0.0,398.92,740.0,
2016-12-24 10:00:00,519.5,658.67,21.87,141.62,150.35,133.08,13.55,3.02,14.48,12.02,38.07,,,,,18.75,60.5,1.77,129.08,,0.0,410.83,740.0,
2016-12-24 11:00:00,511.5,676.17,,122.82,119.4,113.56,10.41,2.7,13.42,10.93,30.78,,,,,20.11,56.33,1.94,126.25,,0.0,417.67,740.0,
2016-12-24 12:00:00,442.0,606.0,,100.42,95.73,98.51,20.87,1.88,14.2,9.61,24.98,,,,,21.58,50.34,2.35,114.5,,0.0,416.42,740.0,
2016-12-24 13:00:00,354.0,523.67,,96.2,91.05,87.91,21.22,1.79,12.67,11.46,28.92,,,,,22.01,47.92,2.62,108.75,,0.0,407.33,740.0,
2016-12-24 14:00:00,342.5,518.67,,104.84,98.29,97.31,20.33,1.78,12.79,11.49,31.31,,,,,22.34,48.08,2.42,115.75,,0.0,387.84,740.0,
2016-12-24 15:00:00,367.83,567.0,,112.63,105.83,98.85,19.85,2.08,12.02,11.98,32.65,,,,,21.93,50.17,2.42,108.75,,0.0,342.66,740.0,
2016-12-24 16:00:00,398.0,632.5,,140.58,135.33,143.86,20.56,2.01,9.28,12.02,32.57,,,,,20.92,52.75,2.06,104.33,,0.0,170.42,740.0,
2016-12-24 17:00:00,338.25,579.17,19.98,139.32,151.02,158.19,20.53,2.5,10.45,11.52,25.52,,,,,19.69,56.0,1.45,98.38,,0.0,26.04,740.0,
2016-12-24 18:00:00,299.0,538.0,38.67,147.41,184.14,148.13,20.9,3.04,10.51,12.63,26.53,,,,,18.8,58.58,1.4,97.42,,0.0,12.16,740.0,
2016-12-24 19:00:00,321.33,474.83,55.28,134.68,195.48,148.45,21.49,3.58,10.42,13.8,28.69,,,,,18.21,59.42,1.21,84.75,,0.0,12.5,740.0,
2016-12-24 20:00:00,300.5,451.67,63.64,117.14,191.25,94.73,20.58,3.62,12.08,15.46,30.24,,,,,17.93,59.67,1.51,90.16,,0.0,12.16,740.0,
2016-12-24 21:00:00,262.5,402.33,31.05,114.19,144.15,90.86,19.39,2.86,11.63,14.57,42.14,,,,,17.58,62.33,1.48,108.66,,0.0,12.16,740.0,
2016-12-24 22:00:00,262.25,344.75,33.7,107.76,142.04,94.48,19.3,2.74,11.45,11.94,35.94,,,,,17.31,63.12,1.5,111.29,,0.0,12.29,740.0,
2016-12-24 23:00:00,273.75,377.0,22.56,101.82,121.55,94.33,19.11,2.5,10.48,11.9,36.74,,,,,17.01,63.75,1.82,88.16,,0.0,12.25,740.0,
2016-12-25 00:00:00,238.83,334.17,15.98,102.32,110.64,134.73,21.47,1.77,8.94,9.39,29.57,,,,,16.43,64.75,1.23,110.0,,0.0,12.42,740.0,
2016-12-25 01:00:00,214.83,310.0,16.69,99.06,108.86,144.98,22.79,1.92,9.58,8.98,33.21,,,,,15.75,66.33,1.28,120.92,,0.0,12.33,740.0,
2016-12-25 02:00:00,218.83,259.0,14.25,91.3,97.52,133.82,22.0,1.61,10.96,8.16,30.02,,,,,15.44,66.92,1.0,107.08,,0.0,12.33,740.0,
2016-12-25 03:00:00,191.33,254.0,14.8,92.65,99.78,123.01,21.9,1.96,10.36,7.59,23.89,,,,,15.28,67.0,1.43,105.92,,0.0,12.17,740.0,
2016-12-25 04:00:00,182.5,253.17,29.34,79.0,97.58,75.65,21.31,2.28,13.25,7.47,22.64,,,,,14.7,67.83,0.77,151.0,,0.0,12.33,740.0,
2016-12-25 05:00:00,184.17,256.83,42.45,82.12,131.11,73.68,21.22,1.72,11.49,8.85,21.68,,,,,14.3,70.25,1.05,78.08,,0.0,12.08,740.0,
2016-12-25 06:00:00,206.5,292.83,22.75,78.46,100.96,76.38,20.88,1.67,11.08,9.28,19.52,,,,,13.98,71.33,1.4,98.58,,0.0,13.0,740.0,
2016-12-25 07:00:00,220.67,287.17,23.78,78.06,101.99,81.54,20.9,1.92,11.18,7.68,16.38,,,,,14.0,72.58,1.37,109.17,,0.0,84.0,740.0,
2016-12-25 08:00:00,257.17,345.17,25.71,93.32,118.24,102.56,21.81,1.92,10.32,7.87,15.77,,,,,15.12,70.25,1.89,114.92,,0.0,312.91,740.0,
2016-12-25 09:00:00,270.17,377.0,43.69,92.16,141.52,109.86,22.15,2.31,10.85,8.51,12.12,,,,,17.12,66.09,1.19,186.92,,0.0,393.92,740.0,
2016-12-25 10:00:00,264.17,395.67,178.82,100.41,333.68,108.7,24.66,2.28,11.3,7.5,14.0,,,,,17.23,64.0,1.0,277.42,,0.0,390.92,740.0,
2016-12-25 11:00:00,303.17,565.83,124.62,94.52,254.38,111.81,23.36,2.12,10.76,7.54,11.21,,,,,15.36,71.16,1.05,291.0,,0.0,330.25,740.0,
2016-12-25 12:00:00,299.5,473.0,146.32,88.32,278.51,86.72,23.98,2.7,12.74,8.6,13.26,,,,,15.39,73.08,0.88,283.58,,0.0,218.0,740.0,
2016-12-25 13:00:00,336.0,575.67,122.55,87.15,245.02,77.01,23.48,2.86,11.46,13.48,22.7,,,,,15.4,73.5,1.27,283.5,,0.0,212.92,740.0,
2016-12-25 14:00:00,377.5,511.5,131.39,89.4,259.09,84.72,22.9,2.92,10.89,11.01,19.0,,,,,15.58,72.33,1.36,285.0,,0.0,145.17,740.0,
2016-12-25 15:00:00,356.5,500.5,120.55,87.18,242.29,90.31,22.91,2.48,10.73,9.72,17.25,,,,,15.32,72.5,1.25,283.25,,0.0,84.17,740.0,
2016-12-25 16:00:00,335.17,508.33,97.43,94.74,217.46,124.01,22.6,2.3,9.19,8.79,15.08,,,,,15.15,72.0,1.38,290.5,,0.0,42.75,740.0,
2016-12-25 17:00:00,322.17,506.17,84.63,90.28,196.03,139.58,22.18,2.59,9.32,8.01,13.4,,,,,14.79,72.67,1.51,285.33,,0.0,14.08,740.0,
2016-12-25 18:00:00,345.33,476.67,82.04,87.81,190.26,125.37,22.63,2.36,9.87,7.68,11.06,,,,,14.72,72.0,1.42,287.08,,0.0,12.33,740.0,
2016-12-25 19:00:00,300.17,427.17,111.13,93.26,234.88,123.34,23.08,2.28,9.85,7.43,11.82,,,,,14.13,71.84,1.0,288.84,,0.0,12.16,740.0,
2016-12-25 20:00:00,263.5,436.17,110.03,80.39,221.89,75.38,23.41,2.41,12.82,7.33,11.89,,,,,13.9,73.59,1.18,283.08,,0.0,12.25,740.0,
2016-12-25 21:00:00,256.0,418.67,72.76,70.71,162.36,72.2,22.28,2.26,11.09,13.27,20.88,,,,,13.85,73.92,1.06,285.92,,0.0,12.16,740.0,
2016-12-25 22:00:00,286.83,387.33,104.12,67.59,202.38,77.88,22.61,2.47,10.92,13.57,20.02,,,,,13.23,76.16,0.65,293.09,,0.0,12.5,740.0,
2016-12-25 23:00:00,317.83,442.33,108.09,67.0,207.3,83.48,23.07,2.52,11.24,11.82,16.48,,,,,12.85,77.83,0.42,286.0,,0.0,12.5,740.0,
2016-12-26 00:00:00,325.83,449.0,82.64,67.66,173.1,109.53,21.05,2.17,18.92,10.11,12.74,,,,,12.6,79.25,0.48,278.17,,0.0,12.5,740.0,
2016-12-26 01:00:00,303.33,394.83,56.8,65.1,135.59,129.35,20.38,2.46,11.27,9.27,12.51,,,,,11.88,80.0,0.38,289.16,,0.0,12.42,740.0,
2016-12-26 02:00:00,220.0,357.0,56.1,65.63,135.07,127.36,19.95,2.07,9.62,8.73,10.67,,,,,11.21,80.92,0.31,288.16,,0.0,12.25,740.0,
2016-12-26 03:00:00,192.0,267.5,79.92,63.03,165.27,121.88,20.4,2.2,10.0,8.15,9.62,,,,,10.83,81.5,0.3,284.58,,0.0,12.25,740.0,
2016-12-26 04:00:00,44.67,246.5,88.52,57.22,171.86,69.62,20.64,2.28,12.31,7.41,9.61,,,,,10.87,82.0,0.42,290.75,,0.0,12.33,740.0,
2016-12-26 05:00:00,8.0,246.33,132.92,55.09,230.62,67.13,22.04,1.98,10.86,9.62,13.63,,,,,10.79,82.0,0.3,287.08,,0.0,12.33,740.0,
2016-12-26 06:00:00,8.0,212.0,148.77,61.1,257.63,63.78,23.0,1.92,10.32,8.42,10.56,,,,,10.85,81.58,0.3,286.67,,0.0,13.08,740.0,
2016-12-26 07:00:00,8.0,242.17,261.42,68.39,417.96,63.38,24.64,1.87,10.47,12.23,15.61,,,,,11.32,80.34,0.3,283.75,,0.0,126.84,740.0,
2016-12-26 08:00:00,8.0,299.67,278.38,87.02,457.7,91.12,25.66,2.33,9.19,15.17,19.71,,,,,14.92,74.25,0.44,279.75,,0.0,374.17,740.0,
2016-12-26 09:00:00,8.0,353.17,215.84,95.51,379.89,97.69,26.32,1.98,9.35,9.09,13.85,,,,,18.0,61.08,0.99,287.25,,0.0,407.58,740.0,
2016-12-26 10:00:00,31.5,446.0,161.5,111.4,319.79,76.42,25.82,2.42,10.08,9.52,16.17,,,,,20.94,48.83,1.03,291.84,,0.0,413.33,740.0,
2016-12-26 11:00:00,149.17,416.83,100.25,104.57,230.08,65.51,24.38,2.09,8.66,12.26,25.48,,,,,22.92,42.08,1.16,286.5,,0.0,414.16,740.0,
2016-12-26 12:00:00,143.0,459.17,78.11,106.81,201.8,62.17,22.2,1.99,11.67,14.97,36.21,,,,,23.42,39.92,1.39,275.08,,0.0,413.5,740.0,
2016-12-26 13:00:00,111.17,403.0,56.88,104.88,171.13,59.67,20.47,1.78,10.36,14.18,35.28,,,,,23.45,40.34,1.34,274.92,,0.0,404.5,740.0,
2016-12-26 14:00:00,122.67,401.17,86.4,108.88,215.02,58.72,20.49,1.82,9.04,11.74,33.31,,,,,23.71,38.67,1.32,282.58,,0.0,383.08,740.0,
2016-12-26 15:00:00,103.83,335.5,107.28,111.07,245.47,62.23,21.48,1.96,9.97,9.82,28.02,,,,,22.57,40.25,1.16,281.71,,0.0,327.29,740.0,
2016-12-26 16:00:00,119.17,430.0,123.7,126.38,281.54,79.74,21.16,1.72,9.41,8.16,26.12,,,,,20.86,44.67,1.16,287.42,,0.0,178.25,740.0,
2016-12-26 17:00:00,126.67,448.83,151.85,121.14,315.29,98.81,21.83,2.06,8.54,5.45,15.52,,,,,18.85,49.25,0.91,282.58,,0.0,27.83,740.0,
2016-12-26 18:00:00,144.83,523.5,254.24,128.27,384.2,106.92,23.94,3.19,9.84,7.71,18.89,,,,,17.38,55.92,0.52,279.67,,0.0,12.58,740.0,
2016-12-26 19:00:00,197.33,644.67,194.48,125.15,377.1,108.16,24.32,3.14,9.85,11.28,24.37,,,,,16.92,60.33,0.96,282.0,,0.0,12.0,740.0,
2016-12-26 20:00:00,212.33,498.17,192.9,109.99,361.46,76.72,23.33,3.19,11.6,9.53,23.74,,,,,16.13,63.5,0.5,281.21,,0.0,12.46,740.0,
2016-12-26 21:00:00,212.33,545.0,253.72,107.1,441.92,69.82,24.29,3.48,11.24,16.3,37.48,,,,,15.09,66.59,0.31,271.5,,0.0,12.33,740.0,
2016-12-26 22:00:00,255.5,513.33,242.52,109.63,428.86,69.04,23.98,3.28,10.62,21.69,42.78,,,,,14.52,69.17,0.32,258.58,,0.0,12.42,740.0,
2016-12-26 23:00:00,261.0,448.33,182.17,106.32,343.52,75.44,22.45,2.99,10.28,20.27,41.52,,,,,14.05,70.75,0.43,280.17,,0.0,12.08,740.0,
2016-12-27 00:00:00,247.0,397.67,135.34,108.22,281.26,103.38,20.96,2.42,8.73,11.49,24.26,,,,,13.72,71.92,0.68,288.0,,0.0,12.33,740.0,
2016-12-27 01:00:00,222.67,306.5,45.29,93.53,145.18,120.04,19.12,1.94,8.35,6.72,12.52,,,,,13.51,72.92,0.99,288.17,,0.0,12.33,740.0,
2016-12-27 02:00:00,211.33,288.33,39.51,90.5,134.61,122.56,19.16,2.31,8.97,7.79,9.22,,,,,12.83,72.41,0.58,282.25,,0.0,12.33,740.0,
2016-12-27 03:00:00,254.67,303.17,52.41,90.02,151.78,113.22,18.89,1.52,9.35,8.07,8.38,,,,,12.56,70.91,0.52,282.0,,0.0,12.25,740.0,
2016-12-27 04:00:00,205.17,273.33,86.98,86.96,196.26,63.1,18.87,1.88,12.95,6.83,7.38,,,,,12.12,71.33,0.36,269.5,,0.0,12.25,740.0,
2016-12-27 05:00:00,171.5,303.17,170.58,88.74,312.02,61.49,20.46,2.57,10.64,7.32,9.69,,,,,11.89,73.33,0.43,278.67,,0.0,12.25,740.0,
2016-12-27 06:00:00,203.0,354.0,280.59,87.39,410.5,60.04,21.44,2.76,10.39,9.19,11.3,,,,,11.27,75.16,0.3,239.75,,0.0,13.0,740.0,
2016-12-27 07:00:00,228.0,411.67,378.27,91.15,482.5,66.26,23.61,3.06,9.78,18.07,23.34,,,,,11.08,76.67,0.41,258.58,,0.0,106.67,740.0,
2016-12-27 08:00:00,261.33,451.5,240.44,95.01,413.01,93.82,20.95,2.88,8.74,18.56,22.82,,,,,14.16,73.0,0.42,260.67,,0.0,361.5,740.0,
2016-12-27 09:00:00,303.83,481.33,190.96,111.72,360.31,96.65,20.66,3.51,9.19,16.58,17.79,,,,,18.54,57.67,0.43,274.75,,0.0,405.42,740.0,
2016-12-27 10:00:00,299.17,583.0,141.39,129.62,308.59,73.7,21.88,2.47,10.17,18.83,24.05,,,,,20.88,44.83,0.69,286.33,,0.0,413.42,740.0,
2016-12-27 11:00:00,253.0,537.5,81.33,135.52,231.79,66.94,23.79,2.41,10.16,17.96,29.08,,,,,22.42,37.83,1.12,289.0,,0.0,415.42,740.0,
2016-12-27 12:00:00,227.17,551.0,68.58,123.3,203.5,51.88,25.49,1.75,10.78,16.96,32.32,,,,,23.27,31.75,1.5,286.58,,0.0,416.92,740.0,
2016-12-27 13:00:00,145.75,495.5,38.88,108.14,149.44,41.81,20.88,1.42,10.49,14.81,34.38,,,,,23.65,28.58,1.56,287.59,,0.0,407.42,740.0,
2016-12-27 14:00:00,126.5,422.5,51.2,109.0,167.02,41.65,20.26,1.66,9.63,13.36,32.26,,,,,24.12,26.66,1.27,279.0,,0.0,377.25,740.0,
2016-12-27 15:00:00,111.0,431.5,76.88,106.52,199.86,42.24,20.3,1.12,9.12,10.52,25.14,,,,,23.12,27.92,1.08,291.58,,0.0,306.67,740.0,
2016-12-27 16:00:00,122.5,483.67,131.89,109.86,278.02,49.42,20.71,1.44,8.18,7.24,18.34,,,,,21.62,29.16,0.81,286.66,,0.0,172.08,740.0,
2016-12-27 17:00:00,143.0,645.83,166.48,117.32,331.89,63.95,22.59,2.36,9.09,6.98,19.08,,,,,18.81,36.0,0.3,248.75,,0.0,28.08,740.0,
2016-12-27 18:00:00,225.17,965.0,263.42,115.65,306.24,74.21,26.4,3.76,10.07,10.62,49.14,,,,,16.32,44.42,0.3,215.5,,0.0,12.33,740.0,
2016-12-27 19:00:00,320.17,,477.7,113.55,,85.97,32.76,6.2,10.54,14.87,47.19,,,,,14.94,50.5,0.3,198.42,,0.0,12.54,740.0,
2016-12-27 20:00:00,358.67,,,99.9,,62.12,34.17,7.72,13.48,19.88,38.97,,,,,15.02,53.83,0.3,217.17,,0.0,12.58,740.0,
2016-12-27 21:00:00,331.67,949.67,345.64,104.46,,55.7,32.37,7.24,11.55,24.16,56.02,,,,,14.57,56.0,0.3,245.83,,0.0,12.42,740.0,
2016-12-27 22:00:00,390.33,808.0,363.54,100.26,,61.29,28.72,6.76,12.18,32.49,84.12,,,,,14.21,59.58,0.3,184.5,,0.0,12.25,740.0,
2016-12-27 23:00:00,438.67,971.33,273.99,89.8,454.2,63.69,26.7,6.31,12.9,38.2,96.42,,,,,13.67,62.58,0.3,188.58,,0.0,12.5,740.0,
2016-12-28 00:00:00,429.83,895.0,349.11,100.63,401.0,86.19,22.88,6.27,11.76,26.33,71.37,,,,,12.51,66.83,0.3,135.75,,0.0,12.34,740.0,
2016-12-28 01:00:00,468.17,882.5,,,,,24.52,6.38,13.49,18.75,47.97,,,,,11.97,70.25,0.3,77.83,,0.0,12.54,740.0,
2016-12-28 02:00:00,445.17,787.33,,,,,22.59,5.62,16.34,18.04,45.16,,,,,11.6,72.08,0.3,67.0,,0.0,12.42,740.0,
2016-12-28 03:00:00,346.83,604.0,,,,,22.33,4.53,15.08,16.85,40.54,,,,,11.02,73.66,0.3,172.67,,0.0,12.5,740.0,
2016-12-28 04:00:00,322.83,513.0,,,,,20.13,4.58,25.88,15.02,35.21,,,,,11.36,74.5,0.3,206.67,,0.0,12.58,740.0,
2016-12-28 05:00:00,319.5,566.83,,,,,23.08,4.97,26.01,16.58,37.92,,,,,11.04,75.08,0.3,217.08,,0.0,12.5,740.0,
2016-12-28 06:00:00,381.83,611.0,,,,,19.19,4.04,16.54,20.09,42.0,,,,,10.45,76.0,0.3,251.25,,0.0,12.92,740.0,
2016-12-28 07:00:00,389.17,627.33,,,,,19.84,4.0,11.59,18.51,29.73,,,,,10.9,75.92,0.3,237.58,,0.0,125.17,740.0,
2016-12-28 08:00:00,423.67,706.17,,,,,20.24,3.89,10.32,19.12,22.81,,,,,14.93,68.75,0.3,244.83,,0.0,354.92,740.0,
2016-12-28 09:00:00,395.67,693.83,124.34,189.88,339.04,98.38,19.11,3.36,11.29,14.57,17.79,,,,,19.61,53.42,0.34,266.5,,0.0,391.25,740.0,
2016-12-28 10:00:00,400.0,699.67,120.18,156.37,303.44,102.22,17.07,3.18,10.78,12.36,17.39,,,,,22.42,43.25,0.55,281.75,,0.0,403.84,740.0,
2016-12-28 11:00:00,294.33,673.33,71.93,155.59,236.86,91.32,15.33,2.66,9.65,10.44,17.85,,,,,24.72,36.0,0.36,263.17,,0.0,404.08,740.0,
2016-12-28 12:00:00,254.5,620.38,65.36,177.28,247.18,90.41,21.85,2.0,10.87,10.95,18.19,,,,,25.4,31.5,0.68,269.67,,0.0,401.42,740.0,
2016-12-28 13:00:00,232.5,569.5,64.64,170.1,239.82,70.55,22.88,2.07,10.15,10.53,19.28,,,,,25.55,25.75,0.94,279.5,,0.0,394.42,740.0,
2016-12-28 14:00:00,170.67,488.17,93.38,174.6,283.07,66.84,24.85,1.98,9.78,10.06,20.14,,,,,25.08,24.17,1.03,271.91,,0.0,371.25,740.0,
2016-12-28 15:00:00,150.17,539.0,73.09,162.28,244.38,66.2,23.41,2.08,10.33,10.32,22.78,,,,,24.41,27.33,0.7,270.66,,0.0,315.84,740.0,
2016-12-28 16:00:00,153.17,516.67,99.16,142.58,262.43,73.93,23.42,1.93,9.25,11.5,24.55,,,,,22.67,29.34,0.32,275.33,,0.0,186.08,740.0,
2016-12-28 17:00:00,147.67,589.5,162.96,124.38,267.76,74.69,25.02,2.57,10.72,13.72,28.3,,,,,19.46,36.25,0.3,205.08,,0.0,33.5,740.0,
2016-12-28 18:00:00,220.5,887.0,,160.59,,93.9,32.31,5.07,10.92,14.48,31.39,,,,,17.09,44.66,0.3,248.42,,0.0,12.42,740.0,
2016-12-28 19:00:00,389.25,887.0,,159.06,,112.57,38.88,8.22,11.03,18.54,41.98,,,,,16.21,50.25,0.3,238.5,,0.0,12.58,740.0,
2016-12-28 20:00:00,453.0,887.0,,164.2,,130.15,44.79,12.35,12.01,25.97,78.12,,,,,15.81,53.0,0.3,158.92,,0.0,12.33,740.0,
2016-12-28 21:00:00,453.0,887.0,,143.41,,140.12,39.02,11.94,69.46,26.33,174.9,,,,,15.4,54.09,0.32,105.92,,0.0,12.42,740.0,
2016-12-28 22:00:00,453.0,887.0,,149.98,,148.26,40.54,11.64,219.63,24.89,163.89,,,,,14.19,59.08,0.3,193.75,,0.0,12.58,740.0,
2016-12-28 23:00:00,453.0,887.0,,151.4,,151.86,42.01,11.65,154.91,25.81,139.22,,,,,13.45,63.08,0.3,200.75,,0.0,12.42,740.0,
2016-12-29 00:00:00,453.0,887.0,,137.11,,172.69,23.11,10.76,94.98,25.85,109.82,,,,,12.62,65.5,0.3,204.0,,0.0,12.42,740.0,
2016-12-29 01:00:00,453.0,887.0,,134.3,,193.85,21.15,10.06,94.31,24.14,87.98,,,,,12.28,68.41,0.3,185.08,,0.0,12.33,740.0,
2016-12-29 02:00:00,481.0,887.0,,115.34,,195.23,18.6,8.52,134.24,22.91,103.43,,,,,11.98,69.84,0.3,90.84,,0.0,12.42,740.0,
2016-12-29 03:00:00,605.17,887.0,404.98,101.13,,195.06,17.62,6.12,108.82,19.63,133.6,,,,,11.64,71.34,0.3,98.25,,0.0,12.5,740.0,
2016-12-29 04:00:00,523.5,887.0,416.85,87.28,,122.78,12.28,5.89,56.03,19.07,104.77,,,,,11.53,72.92,0.3,216.5,,0.0,12.42,740.0,
2016-12-29 05:00:00,506.17,857.33,418.34,94.98,,115.52,13.45,5.08,26.41,16.44,85.39,,,,,12.04,72.75,0.58,100.25,,0.0,12.25,740.0,
2016-12-29 06:00:00,455.62,709.0,109.12,95.86,234.44,120.02,16.13,2.26,13.29,11.96,53.41,,,,,12.87,67.83,1.72,86.62,,0.0,12.71,740.0,
2016-12-29 07:00:00,277.5,661.33,49.97,87.95,146.59,121.34,14.36,1.96,13.95,14.99,41.4,,,,,12.58,70.17,1.73,95.25,,0.0,83.5,740.0,
2016-12-29 08:00:00,316.0,426.5,50.15,98.4,156.16,161.32,17.11,2.24,11.42,9.43,20.44,,,,,13.82,71.33,1.88,99.33,,0.0,315.92,740.0,
2016-12-29 09:00:00,352.0,452.0,37.26,96.52,136.88,155.96,15.27,2.11,11.15,9.07,19.52,,,,,14.08,70.41,2.72,94.84,,0.0,403.92,740.0,
2016-12-29 10:00:00,372.67,481.0,26.79,86.2,113.38,138.0,14.72,2.0,11.12,8.86,16.94,,,,,14.73,70.08,3.01,96.67,,0.0,418.58,740.0,
2016-12-29 11:00:00,327.67,427.83,18.93,79.35,96.36,128.98,15.33,1.96,12.08,8.67,16.24,,,,,15.99,67.17,2.9,104.67,,0.0,424.33,740.0,
2016-12-29 12:00:00,332.17,436.88,,74.18,77.82,115.69,15.27,1.8,12.61,15.25,32.09,,,,,17.52,62.42,2.86,93.83,,0.0,421.84,740.0,
2016-12-29 13:00:00,305.33,433.67,,75.88,77.37,111.18,13.83,1.66,11.79,14.32,37.85,,,,,18.47,58.84,2.72,111.16,,0.0,408.33,740.0,
2016-12-29 14:00:00,274.17,427.33,,77.51,79.08,118.01,13.73,1.6,10.78,11.96,32.27,,,,,18.4,59.42,2.92,105.67,,0.0,390.58,740.0,
2016-12-29 15:00:00,303.67,451.67,,77.96,80.41,118.78,13.53,1.69,11.22,7.95,21.63,,,,,17.88,61.17,2.91,94.33,,0.0,341.58,740.0,
2016-12-29 16:00:00,276.17,445.33,15.43,89.1,98.42,130.35,13.93,2.04,9.21,8.13,21.26,,,,,17.02,64.5,2.29,99.67,,0.0,173.5,740.0,
2016-12-29 17:00:00,303.0,478.17,35.79,92.28,131.09,153.22,44.11,2.07,9.63,7.89,22.7,,,,,15.68,69.38,1.96,88.16,,0.0,22.71,740.0,
2016-12-29 18:00:00,330.83,496.17,41.05,88.64,135.07,148.02,22.98,2.22,9.91,9.05,22.86,,,,,14.68,72.83,1.97,97.84,,0.0,12.33,740.0,
2016-12-29 19:00:00,321.33,430.0,49.7,76.22,135.78,140.52,23.84,2.71,10.24,9.7,20.93,,,,,13.75,76.0,2.16,111.67,,0.0,12.33,740.0,
2016-12-29 20:00:00,324.0,412.33,47.4,74.2,130.87,100.68,21.83,2.28,11.59,9.67,23.02,,,,,12.89,77.75,2.28,102.92,,0.0,12.58,740.0,
2016-12-29 21:00:00,301.5,373.0,31.55,69.25,104.82,93.05,20.75,2.37,10.34,19.57,37.61,,,,,12.21,79.42,2.02,87.25,,0.0,12.33,740.0,
2016-12-29 22:00:00,296.5,380.5,53.61,67.33,133.19,97.98,21.48,2.19,10.01,17.46,30.96,,,,,11.9,80.0,1.85,84.75,,0.0,12.33,740.0,
2016-12-29 23:00:00,334.83,442.83,40.12,66.78,114.3,94.62,21.4,2.26,10.15,19.55,36.62,,,,,11.6,80.75,1.47,96.67,,0.0,12.46,740.0,
2016-12-30 00:00:00,327.33,442.0,22.22,70.44,93.09,117.65,21.28,2.34,9.13,16.14,44.78,,,,,11.52,81.0,1.08,120.83,,0.0,12.5,740.0,
2016-12-30 01:00:00,265.17,429.0,18.58,72.67,90.12,136.55,21.75,2.18,8.81,7.7,23.52,,,,,11.42,81.0,2.02,86.5,,0.0,12.25,740.0,
2016-12-30 02:00:00,247.67,330.5,19.82,71.42,90.71,127.66,21.42,2.26,9.43,6.82,20.58,,,,,11.18,81.0,2.22,93.92,,0.0,12.25,740.0,
2016-12-30 03:00:00,251.67,290.83,14.8,66.1,79.1,116.67,20.53,2.12,9.99,6.2,12.93,,,,,10.99,81.0,2.43,90.83,,0.0,12.25,740.0,
2016-12-30 04:00:00,224.33,280.83,15.35,61.3,75.6,79.95,20.08,2.09,11.77,5.48,7.98,,,,,10.73,81.0,2.42,94.5,,0.0,12.25,740.0,
2016-12-30 05:00:00,203.17,291.5,23.54,59.24,84.94,78.07,20.4,1.94,10.51,6.26,7.08,,,,,10.86,81.0,1.46,111.08,,0.0,12.25,740.0,
2016-12-30 06:00:00,240.5,328.0,31.05,59.44,95.36,79.59,21.84,2.12,9.89,9.82,14.54,,,,,10.77,80.5,1.42,115.5,,0.0,12.58,740.0,
2016-12-30 07:00:00,246.5,341.75,37.85,62.12,107.02,79.15,21.92,2.17,9.52,13.5,25.53,,,,,10.63,80.0,1.78,104.25,,0.0,46.42,740.0,
2016-12-30 08:00:00,239.83,326.5,37.78,66.22,110.58,103.75,21.89,2.18,9.16,13.16,26.7,,,,,10.95,79.75,2.07,90.58,,0.0,187.83,740.0,
2016-12-30 09:00:00,239.83,340.33,37.53,71.07,114.56,110.38,21.97,2.38,9.55,6.72,19.26,,,,,11.44,78.33,2.62,105.42,,0.0,328.83,740.0,
2016-12-30 10:00:00,213.5,312.5,31.17,61.16,97.04,88.96,22.15,2.74,9.88,6.84,13.34,,,,,11.96,77.17,2.8,90.42,,0.0,399.5,740.0,
2016-12-30 11:00:00,196.5,285.5,30.44,69.38,103.38,94.75,22.08,2.37,9.72,8.51,14.58,,,,,13.74,72.58,2.71,88.67,,0.0,425.58,740.0,
2016-12-30 12:00:00,200.0,294.5,30.59,79.3,112.44,79.22,21.95,2.5,11.29,9.66,20.44,,,,,15.74,65.17,2.66,108.08,,0.0,427.42,740.0,
2016-12-30 13:00:00,230.17,310.17,21.77,84.81,105.3,74.53,21.48,2.48,10.17,16.43,37.18,,,,,16.75,61.59,2.71,102.75,,0.0,416.75,740.0,
2016-12-30 14:00:00,226.5,345.17,21.33,85.61,95.69,73.46,21.38,2.44,10.29,16.06,38.88,,,,,17.27,59.5,2.66,107.17,,0.0,400.5,740.0,
2016-12-30 15:00:00,200.33,319.17,22.08,91.46,111.62,75.33,20.95,2.48,10.22,15.1,35.88,,,,,17.22,58.0,2.54,110.17,,0.0,335.75,740.0,
2016-12-30 16:00:00,180.67,331.17,17.85,91.44,100.11,92.07,21.14,2.34,8.91,9.19,20.4,,,,,16.77,58.71,2.2,113.04,,0.0,171.04,740.0,
2016-12-30 17:00:00,180.0,328.17,44.28,102.34,151.64,109.03,21.21,2.63,8.79,7.35,14.38,,,,,15.82,64.17,1.77,100.83,,0.0,29.08,740.0,
2016-12-30 18:00:00,214.17,403.0,80.99,102.58,201.98,115.39,22.13,3.12,9.55,10.39,17.69,,,,,15.02,68.75,1.32,95.25,,0.0,12.08,740.0,
2016-12-30 19:00:00,239.17,366.83,68.1,100.38,182.43,119.96,22.96,3.53,9.13,9.98,20.4,,,,,14.57,70.17,1.11,90.75,,0.0,12.08,740.0,
2016-12-30 20:00:00,258.88,401.5,84.52,90.34,195.89,83.34,22.95,4.18,12.31,11.34,30.08,,,,,14.24,71.33,0.91,125.08,,0.0,12.5,740.0,
2016-12-30 21:00:00,261.0,428.33,84.48,84.56,190.71,75.18,22.74,3.61,10.32,26.5,77.03,,,,,13.93,73.0,1.27,109.75,,0.0,12.25,740.0,
2016-12-30 22:00:00,310.0,423.17,,,,,22.1,3.38,9.82,24.31,63.38,,,,,13.46,74.58,1.19,83.92,,0.0,12.42,740.0,
2016-12-30 23:00:00,299.5,407.12,70.27,74.98,162.76,78.99,21.76,3.02,9.92,21.52,54.2,,,,,12.93,75.41,1.08,80.17,,0.0,12.42,740.0,
2016-12-31 00:00:00,274.5,359.0,,,,,21.84,2.72,8.59,14.34,60.92,,,,,12.37,76.58,0.5,102.58,,0.0,12.33,740.0,
2016-12-31 01:00:00,285.67,357.33,50.81,77.77,138.66,126.02,21.92,2.71,9.11,8.94,44.16,,,,,12.08,77.84,0.82,94.66,,0.0,12.16,740.0,
2016-12-31 02:00:00,276.5,345.67,47.54,73.75,130.61,126.5,22.38,2.84,8.99,8.39,36.51,,,,,11.54,79.16,0.36,82.83,,0.0,12.34,740.0,
2016-12-31 03:00:00,261.5,327.5,57.24,72.25,142.56,126.06,22.72,2.8,10.38,9.3,26.56,,,,,11.37,80.0,0.7,75.25,,0.0,12.08,740.0,
2016-12-31 04:00:00,243.83,319.5,60.46,59.18,135.28,75.98,22.01,2.74,13.18,8.81,32.39,,,,,11.08,80.58,0.52,135.42,,0.0,12.25,740.0,
2016-12-31 05:00:00,219.33,310.5,102.48,60.0,193.38,68.2,21.95,2.54,11.45,10.22,30.73,,,,,10.52,80.75,0.32,189.92,,0.0,12.67,740.0,
2016-12-31 06:00:00,222.33,272.67,85.56,57.38,168.0,68.76,21.37,2.6,11.88,19.49,38.79,,,,,10.12,81.0,0.64,129.25,,0.0,13.0,740.0,
2016-12-31 07:00:00,203.17,248.17,53.52,57.58,124.4,73.33,20.21,2.3,11.37,18.19,27.71,,,,,10.05,81.33,1.23,82.16,,0.0,71.83,740.0,
2016-12-31 08:00:00,210.5,275.67,73.29,66.65,159.49,93.18,20.5,2.68,10.43,14.82,30.93,,,,,10.38,82.0,1.57,74.91,,0.0,316.75,740.0,
2016-12-31 09:00:00,263.0,355.0,58.69,79.37,150.86,108.55,21.68,3.0,10.55,9.86,19.96,,,,,11.89,80.92,2.15,101.66,,0.0,401.62,740.0,
2016-12-31 10:00:00,247.17,347.83,50.88,88.65,148.46,99.59,21.94,2.92,11.57,9.14,24.22,,,,,14.23,75.59,2.17,124.5,,0.0,414.5,740.0,
2016-12-31 11:00:00,293.0,411.17,29.82,102.9,132.41,92.45,21.87,3.08,11.25,9.64,22.82,,,,,15.76,69.0,2.54,107.5,,0.0,427.16,740.0,
2016-12-31 12:00:00,297.33,419.83,22.82,102.39,117.74,77.53,21.15,3.24,12.79,11.02,27.3,,,,,18.08,59.67,2.81,112.34,,0.0,427.34,740.0,
2016-12-31 13:00:00,299.33,458.83,,89.77,90.98,66.08,20.38,2.94,11.52,15.74,39.48,,,,,19.25,52.91,2.8,115.92,,0.0,409.34,740.0,
2016-12-31 14:00:00,185.67,313.5,,77.08,77.49,61.0,20.09,2.48,11.04,11.81,31.02,,,,,19.44,51.33,3.04,115.25,,0.0,394.25,740.0,
2016-12-31 15:00:00,111.17,221.0,,79.1,79.59,67.32,19.81,2.49,10.4,8.71,28.4,,,,,18.93,54.46,2.52,118.0,,0.0,339.88,740.0,
2016-12-31 16:00:00,126.33,253.17,,94.65,100.22,85.09,20.15,2.73,9.4,7.5,23.64,,,,,18.39,57.08,2.07,112.66,,0.0,167.33,740.0,
2016-12-31 17:00:00,152.33,306.17,25.31,104.55,127.58,108.95,20.08,3.07,8.95,6.21,16.57,,,,,17.34,61.42,1.04,99.0,,0.0,27.84,740.0,
2016-12-31 18:00:00,190.83,399.83,66.65,111.49,190.33,117.99,23.12,3.52,9.78,8.63,18.51,,,,,16.63,65.25,0.98,93.66,,0.0,12.42,740.0,
2016-12-31 19:00:00,274.17,436.17,87.91,116.05,223.41,116.52,24.55,4.19,9.51,11.27,23.44,,,,,16.28,67.67,1.42,100.0,,0.0,12.25,740.0,
2016-12-31 20:00:00,259.17,412.5,75.36,89.39,182.56,77.61,23.36,3.54,12.41,11.14,25.88,,,,,15.97,69.0,0.97,100.66,,0.0,12.16,740.0,
2016-12-31 21:00:00,213.67,360.33,68.6,88.17,172.18,74.06,23.35,3.42,10.32,15.08,36.86,,,,,15.65,69.83,1.31,103.58,,0.0,12.25,740.0,
2016-12-31 22:00:00,244.67,324.17,42.2,86.51,134.68,76.57,22.06,2.96,9.82,19.62,40.68,,,,,15.4,70.08,1.61,93.83,,0.0,12.25,740.0,
2016-12-31 23:00:00,179.5,254.5,40.77,81.53,128.33,75.72,21.77,2.68,9.73,13.09,24.82,,,,,14.98,71.0,1.52,108.0,,0.0,12.34,740.0,
